truy_van,pid_that,pid_du_doan,anh_uav_chon,diem_co_mat,diem_vang_mat,nguong,quyet_dinh,ket_qua,giong_ao,so_ung_vien
query/P0049T04060A2/P0049T04060A2C3F00511.jpg,49040602,49040602,gallery/P0049T04060A2/P0049T04060A2C0F01261.jpg,0.74167,0.70821,0.75009,tu_choi,tu_choi,0,5615
query/P0895T04060A1/P0895T04060A1C3F04321.jpg,895040601,1040040600,gallery/P1040T04060A0/P1040T04060A0C0F12871.jpg,0.75655,0.75655,0.75009,ban_giao,sai,0,5615
query/P1500T04060A0/P1500T04060A0C3F10411.jpg,1500040600,1500040600,gallery/P1500T04060A0/P1500T04060A0C0F22021.jpg,0.68125,0.67296,0.75009,tu_choi,tu_choi,1,5615
query/P1048T04071A1/P1048T04071A1C3F07231.jpg,1048040711,127040510,gallery/P0127T04051A0/P0127T04051A0C0F21541.jpg,0.76263,0.76263,0.75009,ban_giao,sai,1,5615
query/P1015T04071A1/P1015T04071A1C3F07561.jpg,1015040711,41040510,gallery/P0041T04051A0/P0041T04051A0C0F6721.jpg,0.62314,0.62314,0.75009,tu_choi,tu_choi,0,5615
query/P0271T04051A2/P0271T04051A2C3F2311.jpg,271040512,271040512,gallery/P0271T04051A2/P0271T04051A2C0F31.jpg,0.70704,0.67677,0.75009,tu_choi,tu_choi,1,5615
query/P0039T04071A2/P0039T04071A2C3F00091.jpg,39040712,441040700,gallery/P0441T04070A0/P0441T04070A0C0F07981.jpg,0.66159,0.66159,0.75009,tu_choi,tu_choi,1,5615
query/P0416T04070A1/P0416T04070A1C3F01801.jpg,416040701,416040701,gallery/P0416T04070A1/P0416T04070A1C0F03811.jpg,0.76684,0.68575,0.75009,ban_giao,dung,1,5615
query/P1566T04071A1/P1566T04071A1C3F11131.jpg,1566040711,1566040711,gallery/P1566T04071A1/P1566T04071A1C0F18361.jpg,0.75106,0.65522,0.75009,ban_giao,dung,0,5615
query/P0847T04071A0/P0847T04071A0C3F05941.jpg,847040710,586040712,gallery/P0586T04071A2/P0586T04071A2C0F08491.jpg,0.73329,0.73329,0.75009,tu_choi,tu_choi,1,5615
query/P0135T04051A0/P0135T04051A0C3F4651.jpg,135040510,135040510,gallery/P0135T04051A0/P0135T04051A0C0F25021.jpg,0.71949,0.70173,0.75009,tu_choi,tu_choi,1,5615
query/P1012T04070A0/P1012T04070A0C3F09391.jpg,1012040700,113040510,gallery/P0113T04051A0/P0113T04051A0C0F18811.jpg,0.67417,0.67417,0.75009,tu_choi,tu_choi,0,5615
query/P0597T04060A1/P0597T04060A1C3F04921.jpg,597040601,597040601,gallery/P0597T04060A1/P0597T04060A1C0F05461.jpg,0.71949,0.71754,0.75009,tu_choi,tu_choi,1,5615
query/P0837T04071A0/P0837T04071A0C3F04501.jpg,837040710,837040710,gallery/P0837T04071A0/P0837T04071A0C0F09301.jpg,0.76292,0.72166,0.75009,ban_giao,dung,1,5615
query/P1551T04060A0/P1551T04060A0C3F10831.jpg,1551040600,1551040600,gallery/P1551T04060A0/P1551T04060A0C0F21331.jpg,0.71788,0.66212,0.75009,tu_choi,tu_choi,1,5615
query/P1255T04071A0/P1255T04071A0C3F05551.jpg,1255040710,1182040600,gallery/P1182T04060A0/P1182T04060A0C0F15991.jpg,0.65759,0.65759,0.75009,tu_choi,tu_choi,1,5615
query/P0069T04051A0/P0069T04051A0C3F5371.jpg,69040510,691040712,gallery/P0691T04071A2/P0691T04071A2C0F10621.jpg,0.73681,0.73681,0.75009,tu_choi,tu_choi,1,5615
query/P0499T04060A0/P0499T04060A0C3F04621.jpg,499040600,1700040711,gallery/P1700T04071A1/P1700T04071A1C0F19471.jpg,0.68354,0.68354,0.75009,tu_choi,tu_choi,1,5615
query/P1697T04070A2/P1697T04070A2C3F05791.jpg,1697040702,191040511,gallery/P0191T04051A1/P0191T04051A1C0F8791.jpg,0.64832,0.64832,0.75009,tu_choi,tu_choi,1,5615
query/P1825T04060A1/P1825T04060A1C3F10051.jpg,1825040601,1825040601,gallery/P1825T04060A1/P1825T04060A1C0F20971.jpg,0.73511,0.71357,0.75009,tu_choi,tu_choi,1,5615
query/P1488T04060A0/P1488T04060A0C3F10381.jpg,1488040600,348040600,gallery/P0348T04060A0/P0348T04060A0C0F07891.jpg,0.71387,0.71387,0.75009,tu_choi,tu_choi,1,5615
query/P0371T04060A1/P0371T04060A1C3F01021.jpg,371040601,368040700,gallery/P0368T04070A0/P0368T04070A0C0F06001.jpg,0.68847,0.68847,0.75009,tu_choi,tu_choi,1,5615
query/P0895T04060A1/P0895T04060A1C3F04621.jpg,895040601,1895040600,gallery/P1895T04060A0/P1895T04060A0C0F25051.jpg,0.71212,0.71212,0.75009,tu_choi,tu_choi,0,5615
query/P0916T04060A1/P0916T04060A1C3F04861.jpg,916040601,916040601,gallery/P0916T04060A1/P0916T04060A1C0F09961.jpg,0.74857,0.66723,0.75009,tu_choi,tu_choi,1,5615
query/P0703T04070A0/P0703T04070A0C3F05971.jpg,703040700,703040700,gallery/P0703T04070A0/P0703T04070A0C0F13681.jpg,0.74655,0.68826,0.75009,tu_choi,tu_choi,1,5615
query/P0281T04060A1/P0281T04060A1C3F01231.jpg,281040601,2271040710,gallery/P2271T04071A0/P2271T04071A0C0F20761.jpg,0.67743,0.67743,0.75009,tu_choi,tu_choi,0,5615
query/P0588T04060A0/P0588T04060A0C3F03931.jpg,588040600,588040600,gallery/P0588T04060A0/P0588T04060A0C0F09481.jpg,0.66914,0.65401,0.75009,tu_choi,tu_choi,1,5615
query/P1838T04071A2/P1838T04071A2C3F13891.jpg,1838040712,1596040601,gallery/P1596T04060A1/P1596T04060A1C0F20041.jpg,0.70803,0.70803,0.75009,tu_choi,tu_choi,0,5615
query/P0782T04060A1/P0782T04060A1C3F03991.jpg,782040601,782040601,gallery/P0782T04060A1/P0782T04060A1C0F08311.jpg,0.79841,0.67347,0.75009,ban_giao,dung,1,5615
query/P1173T04070A2/P1173T04070A2C3F03811.jpg,1173040702,1149040712,gallery/P1149T04071A2/P1149T04071A2C0F14881.jpg,0.6592,0.6592,0.75009,tu_choi,tu_choi,1,5615
query/P0150T04071A1/P0150T04071A1C3F00361.jpg,150040711,150040711,gallery/P0150T04071A1/P0150T04071A1C0F04711.jpg,0.75472,0.64103,0.75009,ban_giao,dung,0,5615
query/P2040T04070A2/P2040T04070A2C3F05671.jpg,2040040702,161040511,gallery/P0161T04051A1/P0161T04051A1C0F1891.jpg,0.73303,0.73303,0.75009,tu_choi,tu_choi,0,5615
query/P1012T04070A0/P1012T04070A0C3F09121.jpg,1012040700,632040700,gallery/P0632T04070A0/P0632T04070A0C0F11191.jpg,0.67735,0.67735,0.75009,tu_choi,tu_choi,0,5615
query/P0150T04071A1/P0150T04071A1C3F00301.jpg,150040711,150040711,gallery/P0150T04071A1/P0150T04071A1C0F04231.jpg,0.75419,0.67725,0.75009,ban_giao,dung,0,5615
query/P1179T04060A0/P1179T04060A0C3F08461.jpg,1179040600,1148040602,gallery/P1148T04060A2/P1148T04060A2C0F13291.jpg,0.66218,0.66218,0.75009,tu_choi,tu_choi,0,5615
query/P1378T04071A1/P1378T04071A1C3F07771.jpg,1378040711,1378040711,gallery/P1378T04071A1/P1378T04071A1C0F16411.jpg,0.68381,0.64026,0.75009,tu_choi,tu_choi,1,5615
query/P1785T04071A2/P1785T04071A2C3F11881.jpg,1785040712,1944040602,gallery/P1944T04060A2/P1944T04060A2C0F12151.jpg,0.69871,0.69871,0.75009,tu_choi,tu_choi,0,5615
query/P2641T04060A2/P2641T04060A2C3F14371.jpg,2641040602,1573040711,gallery/P1573T04071A1/P1573T04071A1C0F18901.jpg,0.6695,0.6695,0.75009,tu_choi,tu_choi,1,5615
query/P1768T04060A0/P1768T04060A0C3F11641.jpg,1768040600,1768040600,gallery/P1768T04060A0/P1768T04060A0C0F23911.jpg,0.70613,0.70448,0.75009,tu_choi,tu_choi,1,5615
query/P1053T04071A0/P1053T04071A0C3F05461.jpg,1053040710,161040511,gallery/P0161T04051A1/P0161T04051A1C0F1951.jpg,0.63793,0.63793,0.75009,tu_choi,tu_choi,0,5615
query/P0769T04060A2/P0769T04060A2C3F03001.jpg,769040602,2414040710,gallery/P2414T04071A0/P2414T04071A0C0F21211.jpg,0.6659,0.6659,0.75009,tu_choi,tu_choi,0,5615
query/P0439T04051A2/P0439T04051A2C3F11401.jpg,439040512,439040512,gallery/P0439T04051A2/P0439T04051A2C0F16681.jpg,0.8294,0.73833,0.75009,ban_giao,dung,1,5615
query/P0348T04060A0/P0348T04060A0C3F03151.jpg,348040600,348040600,gallery/P0348T04060A0/P0348T04060A0C0F07381.jpg,0.76911,0.71502,0.75009,ban_giao,dung,1,5615
query/P2601T04071A0/P2601T04071A0C3F12361.jpg,2601040710,691040712,gallery/P0691T04071A2/P0691T04071A2C0F09931.jpg,0.6786,0.6786,0.75009,tu_choi,tu_choi,0,5615
query/P1500T04060A0/P1500T04060A0C3F10081.jpg,1500040600,1500040600,gallery/P1500T04060A0/P1500T04060A0C0F20881.jpg,0.7213,0.64539,0.75009,tu_choi,tu_choi,1,5615
query/P0383T04071A2/P0383T04071A2C3F04351.jpg,383040712,275040512,gallery/P0275T04051A2/P0275T04051A2C0F691.jpg,0.72169,0.72169,0.75009,tu_choi,tu_choi,1,5615
query/P0107T04051A0/P0107T04051A0C3F10591.jpg,107040510,107040510,gallery/P0107T04051A0/P0107T04051A0C0F18541.jpg,0.70233,0.68955,0.75009,tu_choi,tu_choi,1,5615
query/P1785T04071A2/P1785T04071A2C3F11971.jpg,1785040712,1785040712,gallery/P1785T04071A2/P1785T04071A2C0F24121.jpg,0.80656,0.74385,0.75009,ban_giao,dung,0,5615
query/P0769T04060A2/P0769T04060A2C3F03031.jpg,769040602,2414040710,gallery/P2414T04071A0/P2414T04071A0C0F21211.jpg,0.70736,0.70736,0.75009,tu_choi,tu_choi,0,5615
query/P0724T04071A1/P0724T04071A1C3F06271.jpg,724040711,632040700,gallery/P0632T04070A0/P0632T04070A0C0F11731.jpg,0.65094,0.65094,0.75009,tu_choi,tu_choi,1,5615
query/P0664T04060A1/P0664T04060A1C3F02731.jpg,664040601,685040601,gallery/P0685T04060A1/P0685T04060A1C0F06961.jpg,0.74056,0.74056,0.75009,tu_choi,tu_choi,1,5615
query/P2057T04060A1/P2057T04060A1C3F12241.jpg,2057040601,959040601,gallery/P0959T04060A1/P0959T04060A1C0F12421.jpg,0.68141,0.68141,0.75009,tu_choi,tu_choi,1,5615
query/P0594T04060A1/P0594T04060A1C3F04951.jpg,594040601,1615040602,gallery/P1615T04060A2/P1615T04060A2C0F11911.jpg,0.65745,0.65745,0.75009,tu_choi,tu_choi,0,5615
query/P1048T04071A1/P1048T04071A1C3F07051.jpg,1048040711,847040710,gallery/P0847T04071A0/P0847T04071A0C0F09931.jpg,0.73384,0.73384,0.75009,tu_choi,tu_choi,1,5615
query/P0368T04071A2/P0368T04071A2C3F02761.jpg,368040712,1697040702,gallery/P1697T04070A2/P1697T04070A2C0F11521.jpg,0.7053,0.7053,0.75009,tu_choi,tu_choi,1,5615
query/P0123T04060A2/P0123T04060A2C3F01201.jpg,123040602,123040602,gallery/P0123T04060A2/P0123T04060A2C0F03181.jpg,0.66554,0.61396,0.75009,tu_choi,tu_choi,0,5615
query/P1550T04060A0/P1550T04060A0C3F10981.jpg,1550040600,1791040710,gallery/P1791T04071A0/P1791T04071A0C0F15871.jpg,0.73601,0.73601,0.75009,tu_choi,tu_choi,1,5615
query/P0361T04070A0/P0361T04070A0C3F04081.jpg,361040700,1370040600,gallery/P1370T04060A0/P1370T04060A0C0F20671.jpg,0.7417,0.7417,0.75009,tu_choi,tu_choi,1,5615
query/P1626T04070A0/P1626T04070A0C3F12931.jpg,1626040700,1944040602,gallery/P1944T04060A2/P1944T04060A2C0F12271.jpg,0.66004,0.66004,0.75009,tu_choi,tu_choi,0,5615
query/P0769T04071A1/P0769T04071A1C3F06271.jpg,769040711,769040711,gallery/P0769T04071A1/P0769T04071A1C0F08911.jpg,0.73373,0.69754,0.75009,tu_choi,tu_choi,1,5615
query/P1559T04060A1/P1559T04060A1C3F09001.jpg,1559040601,786040711,gallery/P0786T04071A1/P0786T04071A1C0F08521.jpg,0.74762,0.74762,0.75009,tu_choi,tu_choi,1,5615
query/P1048T04071A1/P1048T04071A1C3F07021.jpg,1048040711,1706040712,gallery/P1706T04071A2/P1706T04071A2C0F22951.jpg,0.73278,0.73278,0.75009,tu_choi,tu_choi,1,5615
query/P1285T04060A1/P1285T04060A1C3F00481.jpg,1285040601,1791040710,gallery/P1791T04071A0/P1791T04071A0C0F15871.jpg,0.70346,0.70346,0.75009,tu_choi,tu_choi,1,5615
query/P0474T04060A2/P0474T04060A2C3F02941.jpg,474040602,1012040700,gallery/P1012T04070A0/P1012T04070A0C0F16621.jpg,0.66162,0.66162,0.75009,tu_choi,tu_choi,1,5615
query/P1703T04071A2/P1703T04071A2C3F11071.jpg,1703040712,1703040712,gallery/P1703T04071A2/P1703T04071A2C0F23221.jpg,0.75798,0.66736,0.75009,ban_giao,dung,1,5615
query/P1031T04070A0/P1031T04070A0C3F11431.jpg,1031040700,1031040700,gallery/P1031T04070A0/P1031T04070A0C0F16861.jpg,0.69091,0.64922,0.75009,tu_choi,tu_choi,1,5615
query/P1500T04060A0/P1500T04060A0C3F10231.jpg,1500040600,1500040600,gallery/P1500T04060A0/P1500T04060A0C0F20971.jpg,0.66117,0.65931,0.75009,tu_choi,tu_choi,1,5615
query/P0610T04070A0/P0610T04070A0C3F05521.jpg,610040700,127040510,gallery/P0127T04051A0/P0127T04051A0C0F21121.jpg,0.71595,0.71595,0.75009,tu_choi,tu_choi,1,5615
query/P0389T04051A2/P0389T04051A2C3F8941.jpg,389040512,389040512,gallery/P0389T04051A2/P0389T04051A2C0F11431.jpg,0.78158,0.71294,0.75009,ban_giao,dung,1,5615
query/P2467T04060A1/P2467T04060A1C3F14041.jpg,2467040601,1761040711,gallery/P1761T04071A1/P1761T04071A1C0F20101.jpg,0.67276,0.67276,0.75009,tu_choi,tu_choi,1,5615
query/P1550T04060A0/P1550T04060A0C3F10441.jpg,1550040600,1550040600,gallery/P1550T04060A0/P1550T04060A0C0F21661.jpg,0.77405,0.72313,0.75009,ban_giao,dung,1,5615
query/P1048T04071A1/P1048T04071A1C3F06931.jpg,1048040711,132040510,gallery/P0132T04051A0/P0132T04051A0C0F23611.jpg,0.69911,0.69911,0.75009,tu_choi,tu_choi,1,5615
query/P1084T04070A0/P1084T04070A0C3F11491.jpg,1084040700,1084040700,gallery/P1084T04070A0/P1084T04070A0C0F17971.jpg,0.71019,0.6851,0.75009,tu_choi,tu_choi,0,5615
query/P0597T04060A1/P0597T04060A1C3F03421.jpg,597040601,1566040601,gallery/P1566T04060A1/P1566T04060A1C0F18991.jpg,0.71856,0.71856,0.75009,tu_choi,tu_choi,1,5615
query/P0161T04051A1/P0161T04051A1C3F691.jpg,161040511,161040511,gallery/P0161T04051A1/P0161T04051A1C0F1561.jpg,0.72462,0.72205,0.75009,tu_choi,tu_choi,1,5615
query/P2298T04070A1/P2298T04070A1C3F14401.jpg,2298040701,4040510,gallery/P0004T04051A0/P0004T04051A0C0F601.jpg,0.67067,0.67067,0.75009,tu_choi,tu_choi,1,5615
query/P0416T04070A1/P0416T04070A1C3F01891.jpg,416040701,1149040712,gallery/P1149T04071A2/P1149T04071A2C0F14821.jpg,0.67501,0.67501,0.75009,tu_choi,tu_choi,1,5615
query/P1697T04070A2/P1697T04070A2C3F05851.jpg,1697040702,113040510,gallery/P0113T04051A0/P0113T04051A0C0F18901.jpg,0.68241,0.68241,0.75009,tu_choi,tu_choi,1,5615
query/P0586T04071A2/P0586T04071A2C3F05521.jpg,586040712,692040601,gallery/P0692T04060A1/P0692T04060A1C0F06391.jpg,0.74185,0.74185,0.75009,tu_choi,tu_choi,1,5615
query/P2601T04071A0/P2601T04071A0C3F12811.jpg,2601040710,2601040710,gallery/P2601T04071A0/P2601T04071A0C0F22711.jpg,0.72708,0.645,0.75009,tu_choi,tu_choi,0,5615
query/P0721T04070A1/P0721T04070A1C3F03361.jpg,721040701,721040701,gallery/P0721T04070A1/P0721T04070A1C0F06931.jpg,0.67356,0.65161,0.75009,tu_choi,tu_choi,1,5615
query/P1182T04060A1/P1182T04060A1C3F06541.jpg,1182040601,1182040601,gallery/P1182T04060A1/P1182T04060A1C0F13681.jpg,0.7848,0.66666,0.75009,ban_giao,dung,0,5615
query/P1031T04070A0/P1031T04070A0C3F11311.jpg,1031040700,1031040700,gallery/P1031T04070A0/P1031T04070A0C0F17401.jpg,0.77243,0.70512,0.75009,ban_giao,dung,1,5615
query/P2584T04071A0/P2584T04071A0C3F11551.jpg,2584040710,2584040710,gallery/P2584T04071A0/P2584T04071A0C0F22561.jpg,0.74808,0.72234,0.75009,tu_choi,tu_choi,1,5615
query/P0775T04070A0/P0775T04070A0C3F07171.jpg,775040700,775040700,gallery/P0775T04070A0/P0775T04070A0C0F12931.jpg,0.69096,0.67799,0.75009,tu_choi,tu_choi,1,5615
query/P0345T04070A2/P0345T04070A2C3F00631.jpg,345040702,345040702,gallery/P0345T04070A2/P0345T04070A2C0F01951.jpg,0.71308,0.67996,0.75009,tu_choi,tu_choi,1,5615
query/P2584T04071A0/P2584T04071A0C3F11641.jpg,2584040710,2328040601,gallery/P2328T04060A1/P2328T04060A1C0F25831.jpg,0.70631,0.70631,0.75009,tu_choi,tu_choi,1,5615
query/P2375T04071A0/P2375T04071A0C3F11941.jpg,2375040710,4040510,gallery/P0004T04051A0/P0004T04051A0C0F1261.jpg,0.68139,0.68139,0.75009,tu_choi,tu_choi,0,5615
query/P1076T04070A0/P1076T04070A0C3F09091.jpg,1076040700,2271040710,gallery/P2271T04071A0/P2271T04071A0C0F20761.jpg,0.68131,0.68131,0.75009,tu_choi,tu_choi,1,5615
query/P0977T04060A1/P0977T04060A1C3F05431.jpg,977040601,977040601,gallery/P0977T04060A1/P0977T04060A1C0F10891.jpg,0.70631,0.70582,0.75009,tu_choi,tu_choi,1,5615
query/P1436T04070A1/P1436T04070A1C3F09541.jpg,1436040701,1436040701,gallery/P1436T04070A1/P1436T04070A1C0F15841.jpg,0.78021,0.6966,0.75009,ban_giao,dung,1,5615
query/P0769T04060A2/P0769T04060A2C3F02701.jpg,769040602,1370040600,gallery/P1370T04060A0/P1370T04060A0C0F20671.jpg,0.67324,0.67324,0.75009,tu_choi,tu_choi,0,5615
query/P3125T04060A2/P3125T04060A2C3F09571.jpg,3125040602,348040600,gallery/P0348T04060A0/P0348T04060A0C0F06631.jpg,0.71555,0.71555,0.75009,tu_choi,tu_choi,0,5615
query/P2298T04070A1/P2298T04070A1C3F14461.jpg,2298040701,594040601,gallery/P0594T04060A1/P0594T04060A1C0F05611.jpg,0.68836,0.68836,0.75009,tu_choi,tu_choi,1,5615
query/P0281T04060A1/P0281T04060A1C3F01201.jpg,281040601,2271040710,gallery/P2271T04071A0/P2271T04071A0C0F20761.jpg,0.68034,0.68034,0.75009,tu_choi,tu_choi,0,5615
query/P0345T04070A0/P0345T04070A0C3F04471.jpg,345040700,191040511,gallery/P0191T04051A1/P0191T04051A1C0F9181.jpg,0.77103,0.77103,0.75009,ban_giao,sai,1,5615
query/P0775T04070A0/P0775T04070A0C3F07351.jpg,775040700,1530040600,gallery/P1530T04060A0/P1530T04060A0C0F23071.jpg,0.69716,0.69716,0.75009,tu_choi,tu_choi,1,5615
query/P0395T04060A0/P0395T04060A0C3F00541.jpg,395040600,1370040600,gallery/P1370T04060A0/P1370T04060A0C0F18751.jpg,0.67515,0.67515,0.75009,tu_choi,tu_choi,1,5615
query/P1370T04060A0/P1370T04060A0C3F10111.jpg,1370040600,1370040600,gallery/P1370T04060A0/P1370T04060A0C0F19111.jpg,0.83602,0.70099,0.75009,ban_giao,dung,1,5615
query/P1285T04060A1/P1285T04060A1C3F00301.jpg,1285040601,2271040710,gallery/P2271T04071A0/P2271T04071A0C0F20761.jpg,0.67405,0.67405,0.75009,tu_choi,tu_choi,1,5615
query/P1626T04070A0/P1626T04070A0C3F12631.jpg,1626040700,1053040710,gallery/P1053T04071A0/P1053T04071A0C0F10771.jpg,0.65097,0.65097,0.75009,tu_choi,tu_choi,0,5615
query/P1730T04060A0/P1730T04060A0C3F11461.jpg,1730040600,1730040600,gallery/P1730T04060A0/P1730T04060A0C0F22831.jpg,0.69218,0.68921,0.75009,tu_choi,tu_choi,1,5615
query/P1556T04071A1/P1556T04071A1C3F10411.jpg,1556040711,1556040711,gallery/P1556T04071A1/P1556T04071A1C0F17941.jpg,0.68402,0.67283,0.75009,tu_choi,tu_choi,1,5615
query/P0123T04070A0/P0123T04070A0C3F03001.jpg,123040700,1573040711,gallery/P1573T04071A1/P1573T04071A1C0F18901.jpg,0.64882,0.64882,0.75009,tu_choi,tu_choi,1,5615
query/P0691T04071A2/P0691T04071A2C3F06541.jpg,691040712,691040712,gallery/P0691T04071A2/P0691T04071A2C0F09931.jpg,0.83739,0.69667,0.75009,ban_giao,dung,0,5615
query/P0769T04060A2/P0769T04060A2C3F02371.jpg,769040602,2414040710,gallery/P2414T04071A0/P2414T04071A0C0F21211.jpg,0.73726,0.73726,0.75009,tu_choi,tu_choi,0,5615
query/P1040T04060A0/P1040T04060A0C3F06931.jpg,1040040600,1500040600,gallery/P1500T04060A0/P1500T04060A0C0F22051.jpg,0.67682,0.67682,0.75009,tu_choi,tu_choi,1,5615
query/P1012T04070A0/P1012T04070A0C3F09181.jpg,1012040700,157040511,gallery/P0157T04051A1/P0157T04051A1C0F751.jpg,0.71426,0.71426,0.75009,tu_choi,tu_choi,0,5615
query/P0692T04060A1/P0692T04060A1C3F02791.jpg,692040601,1530040600,gallery/P1530T04060A0/P1530T04060A0C0F22261.jpg,0.69607,0.69607,0.75009,tu_choi,tu_choi,0,5615
query/P1162T04071A1/P1162T04071A1C3F11881.jpg,1162040711,1530040600,gallery/P1530T04060A0/P1530T04060A0C0F20971.jpg,0.64446,0.64446,0.75009,tu_choi,tu_choi,0,5615
query/P1040T04060A0/P1040T04060A0C3F06511.jpg,1040040600,1370040600,gallery/P1370T04060A0/P1370T04060A0C0F18901.jpg,0.72927,0.72927,0.75009,tu_choi,tu_choi,1,5615
query/P1838T04071A2/P1838T04071A2C3F14491.jpg,1838040712,632040700,gallery/P0632T04070A0/P0632T04070A0C0F11731.jpg,0.7165,0.7165,0.75009,tu_choi,tu_choi,0,5615
query/P0368T04070A0/P0368T04070A0C3F03361.jpg,368040700,368040700,gallery/P0368T04070A0/P0368T04070A0C0F06001.jpg,0.68245,0.65668,0.75009,tu_choi,tu_choi,1,5615
query/P1285T04071A0/P1285T04071A0C3F09991.jpg,1285040710,1530040600,gallery/P1530T04060A0/P1530T04060A0C0F21751.jpg,0.6482,0.6482,0.75009,tu_choi,tu_choi,1,5615
query/P0610T04070A0/P0610T04070A0C3F05701.jpg,610040700,127040510,gallery/P0127T04051A0/P0127T04051A0C0F21061.jpg,0.72906,0.72906,0.75009,tu_choi,tu_choi,1,5615
query/P0632T04070A0/P0632T04070A0C3F06091.jpg,632040700,1596040601,gallery/P1596T04060A1/P1596T04060A1C0F20221.jpg,0.74347,0.74347,0.75009,tu_choi,tu_choi,1,5615
query/P1826T04060A1/P1826T04060A1C3F11701.jpg,1826040601,1826040601,gallery/P1826T04060A1/P1826T04060A1C0F20911.jpg,0.77772,0.74233,0.75009,ban_giao,dung,1,5615
query/P0269T04071A2/P0269T04071A2C3F01411.jpg,269040712,269040712,gallery/P0269T04071A2/P0269T04071A2C0F04321.jpg,0.69885,0.68839,0.75009,tu_choi,tu_choi,0,5615
query/P1285T04060A1/P1285T04060A1C3F00091.jpg,1285040601,1285040601,gallery/P1285T04060A1/P1285T04060A1C0F14641.jpg,0.73357,0.7246,0.75009,tu_choi,tu_choi,1,5615
query/P1939T04071A2/P1939T04071A2C3F13801.jpg,1939040712,871040710,gallery/P0871T04071A0/P0871T04071A0C0F09391.jpg,0.73448,0.73448,0.75009,tu_choi,tu_choi,1,5615
query/P1040T04060A0/P1040T04060A0C3F06751.jpg,1040040600,1040040600,gallery/P1040T04060A0/P1040T04060A0C0F12871.jpg,0.74007,0.73994,0.75009,tu_choi,tu_choi,1,5615
query/P1048T04071A1/P1048T04071A1C3F06841.jpg,1048040711,822040710,gallery/P0822T04071A0/P0822T04071A0C0F08851.jpg,0.70105,0.70105,0.75009,tu_choi,tu_choi,1,5615
query/P1147T04060A1/P1147T04060A1C3F06661.jpg,1147040601,1147040601,gallery/P1147T04060A1/P1147T04060A1C0F13741.jpg,0.75212,0.68265,0.75009,ban_giao,dung,1,5615
query/P3433T04060A2/P3433T04060A2C3F11341.jpg,3433040602,732040710,gallery/P0732T04071A0/P0732T04071A0C0F08281.jpg,0.67902,0.67902,0.75009,tu_choi,tu_choi,1,5615
query/P1076T04070A0/P1076T04070A0C3F08371.jpg,1076040700,1076040700,gallery/P1076T04070A0/P1076T04070A0C0F16981.jpg,0.80798,0.66555,0.75009,ban_giao,dung,1,5615
query/P1180T04060A0/P1180T04060A0C3F07951.jpg,1180040600,1180040600,gallery/P1180T04060A0/P1180T04060A0C0F15871.jpg,0.74349,0.67261,0.75009,tu_choi,tu_choi,0,5615
query/P1500T04060A0/P1500T04060A0C3F10531.jpg,1500040600,2079040702,gallery/P2079T04070A2/P2079T04070A2C0F13651.jpg,0.70578,0.70578,0.75009,tu_choi,tu_choi,1,5615
query/P0346T04060A0/P0346T04060A0C3F02071.jpg,346040600,431040512,gallery/P0431T04051A2/P0431T04051A2C0F15571.jpg,0.68223,0.68223,0.75009,tu_choi,tu_choi,1,5615
query/P1243T04060A2/P1243T04060A2C3F06181.jpg,1243040602,1015040600,gallery/P1015T04060A0/P1015T04060A0C0F13771.jpg,0.71028,0.71028,0.75009,tu_choi,tu_choi,0,5615
query/P1768T04060A0/P1768T04060A0C3F12001.jpg,1768040600,1768040600,gallery/P1768T04060A0/P1768T04060A0C0F23341.jpg,0.75393,0.70342,0.75009,ban_giao,dung,1,5615
query/P0522T04070A0/P0522T04070A0C3F04861.jpg,522040700,1240040602,gallery/P1240T04060A2/P1240T04060A2C0F08521.jpg,0.64667,0.64667,0.75009,tu_choi,tu_choi,1,5615
query/P0362T04051A2/P0362T04051A2C3F6481.jpg,362040512,132040510,gallery/P0132T04051A0/P0132T04051A0C0F22951.jpg,0.73941,0.73941,0.75009,tu_choi,tu_choi,0,5615
query/P2040T04070A2/P2040T04070A2C3F05521.jpg,2040040702,1785040712,gallery/P1785T04071A2/P1785T04071A2C0F24391.jpg,0.68955,0.68955,0.75009,tu_choi,tu_choi,0,5615
query/P1270T04070A1/P1270T04070A1C3F06811.jpg,1270040701,1270040701,gallery/P1270T04070A1/P1270T04070A1C0F13981.jpg,0.7021,0.70045,0.75009,tu_choi,tu_choi,1,5615
query/P1530T04060A0/P1530T04060A0C3F10591.jpg,1530040600,1530040600,gallery/P1530T04060A0/P1530T04060A0C0F22261.jpg,0.80361,0.70594,0.75009,ban_giao,dung,0,5615
query/P0895T04060A1/P0895T04060A1C3F04891.jpg,895040601,895040601,gallery/P0895T04060A1/P0895T04060A1C0F09511.jpg,0.74622,0.6715,0.75009,tu_choi,tu_choi,0,5615
query/P1551T04060A0/P1551T04060A0C3F10951.jpg,1551040600,1551040600,gallery/P1551T04060A0/P1551T04060A0C0F22291.jpg,0.72393,0.68735,0.75009,tu_choi,tu_choi,1,5615
query/P0194T04071A0/P0194T04071A0C3F00601.jpg,194040710,194040710,gallery/P0194T04071A0/P0194T04071A0C0F23712.jpg,0.68488,0.66812,0.75009,tu_choi,tu_choi,1,5615
query/P2508T04071A0/P2508T04071A0C3F12451.jpg,2508040710,2508040710,gallery/P2508T04071A0/P2508T04071A0C0F21811.jpg,0.64182,0.62144,0.75009,tu_choi,tu_choi,0,5615
query/P2414T04071A0/P2414T04071A0C3F12121.jpg,2414040710,2414040710,gallery/P2414T04071A0/P2414T04071A0C0F21421.jpg,0.74482,0.70503,0.75009,tu_choi,tu_choi,1,5615
query/P2584T04071A0/P2584T04071A0C3F11431.jpg,2584040710,132040510,gallery/P0132T04051A0/P0132T04051A0C0F22801.jpg,0.73356,0.73356,0.75009,tu_choi,tu_choi,1,5615
query/P1556T04071A1/P1556T04071A1C3F10441.jpg,1556040711,1933040701,gallery/P1933T04070A1/P1933T04070A1C0F23041.jpg,0.68246,0.68246,0.75009,tu_choi,tu_choi,1,5615
query/P0441T04070A0/P0441T04070A0C3F04081.jpg,441040700,441040700,gallery/P0441T04070A0/P0441T04070A0C0F08461.jpg,0.78903,0.6917,0.75009,ban_giao,dung,1,5615
query/P1550T04060A0/P1550T04060A0C3F10951.jpg,1550040600,127040510,gallery/P0127T04051A0/P0127T04051A0C0F21031.jpg,0.74667,0.74667,0.75009,tu_choi,tu_choi,1,5615
query/P0325T04070A2/P0325T04070A2C3F00601.jpg,325040702,703040700,gallery/P0703T04070A0/P0703T04070A0C0F13861.jpg,0.71333,0.71333,0.75009,tu_choi,tu_choi,1,5615
query/P2051T04071A0/P2051T04071A0C3F11011.jpg,2051040710,2051040710,gallery/P2051T04071A0/P2051T04071A0C0F18991.jpg,0.73716,0.72539,0.75009,tu_choi,tu_choi,0,5615
query/P1895T04060A0/P1895T04060A0C3F12181.jpg,1895040600,1895040600,gallery/P1895T04060A0/P1895T04060A0C0F24721.jpg,0.73247,0.69807,0.75009,tu_choi,tu_choi,1,5615
query/P0303T04070A1/P0303T04070A1C3F01291.jpg,303040701,303040701,gallery/P0303T04070A1/P0303T04070A1C0F02671.jpg,0.77166,0.68512,0.75009,ban_giao,dung,1,5615
query/P1530T04060A0/P1530T04060A0C3F10891.jpg,1530040600,786040711,gallery/P0786T04071A1/P0786T04071A1C0F09001.jpg,0.6864,0.6864,0.75009,tu_choi,tu_choi,0,5615
query/P1240T04060A2/P1240T04060A2C3F05971.jpg,1240040602,127040510,gallery/P0127T04051A0/P0127T04051A0C0F21061.jpg,0.72984,0.72984,0.75009,tu_choi,tu_choi,1,5615
query/P1179T04060A0/P1179T04060A0C3F08221.jpg,1179040600,916040601,gallery/P0916T04060A1/P0916T04060A1C0F11251.jpg,0.64118,0.64118,0.75009,tu_choi,tu_choi,0,5615
query/P1358T04060A0/P1358T04060A0C3F08881.jpg,1358040600,1358040600,gallery/P1358T04060A0/P1358T04060A0C0F19201.jpg,0.76608,0.67093,0.75009,ban_giao,dung,1,5615
query/P0610T04070A0/P0610T04070A0C3F05401.jpg,610040700,691040712,gallery/P0691T04071A2/P0691T04071A2C0F09541.jpg,0.69526,0.69526,0.75009,tu_choi,tu_choi,1,5615
query/P0721T04070A1/P0721T04070A1C3F03661.jpg,721040701,721040701,gallery/P0721T04070A1/P0721T04070A1C0F06781.jpg,0.7309,0.72521,0.75009,tu_choi,tu_choi,1,5615
query/P0001T04070A0/P0001T04070A0C3F00151.jpg,1040700,113040510,gallery/P0113T04051A0/P0113T04051A0C0F18841.jpg,0.68257,0.68257,0.75009,tu_choi,tu_choi,0,5615
query/P1838T04071A2/P1838T04071A2C3F14431.jpg,1838040712,113040510,gallery/P0113T04051A0/P0113T04051A0C0F18901.jpg,0.70659,0.70659,0.75009,tu_choi,tu_choi,0,5615
query/P2527T04070A2/P2527T04070A2C3F07831.jpg,2527040702,271040512,gallery/P0271T04051A2/P0271T04051A2C0F91.jpg,0.69507,0.69507,0.75009,tu_choi,tu_choi,0,5615
query/P1162T04071A1/P1162T04071A1C3F12391.jpg,1162040711,1149040712,gallery/P1149T04071A2/P1149T04071A2C0F15031.jpg,0.68678,0.68678,0.75009,tu_choi,tu_choi,0,5615
query/P0786T04071A1/P0786T04071A1C3F06271.jpg,786040711,786040711,gallery/P0786T04071A1/P0786T04071A1C0F08551.jpg,0.7198,0.69558,0.75009,tu_choi,tu_choi,1,5615
query/P0575T04060A2/P0575T04060A2C3F04171.jpg,575040602,575040602,gallery/P0575T04060A2/P0575T04060A2C0F05281.jpg,0.66022,0.6591,0.75009,tu_choi,tu_choi,0,5615
query/P0346T04070A0/P0346T04070A0C3F02581.jpg,346040700,2719040710,gallery/P2719T04071A0/P2719T04071A0C0F23851.jpg,0.76225,0.76225,0.75009,ban_giao,sai,1,5615
query/P0594T04060A1/P0594T04060A1C3F03361.jpg,594040601,1500040600,gallery/P1500T04060A0/P1500T04060A0C0F22111.jpg,0.72948,0.72948,0.75009,tu_choi,tu_choi,0,5615
query/P0368T04070A0/P0368T04070A0C3F03121.jpg,368040700,1573040711,gallery/P1573T04071A1/P1573T04071A1C0F18331.jpg,0.64758,0.64758,0.75009,tu_choi,tu_choi,1,5615
query/P0430T04070A1/P0430T04070A1C3F04591.jpg,430040701,1826040601,gallery/P1826T04060A1/P1826T04060A1C0F20911.jpg,0.67308,0.67308,0.75009,tu_choi,tu_choi,1,5615
query/P1944T04060A2/P1944T04060A2C3F10171.jpg,1944040602,1944040602,gallery/P1944T04060A2/P1944T04060A2C0F12331.jpg,0.73752,0.65331,0.75009,tu_choi,tu_choi,0,5615
query/P1825T04060A1/P1825T04060A1C3F09691.jpg,1825040601,1825040601,gallery/P1825T04060A1/P1825T04060A1C0F22861.jpg,0.76259,0.64776,0.75009,ban_giao,dung,1,5615
query/P0710T04060A1/P0710T04060A1C3F03391.jpg,710040601,710040601,gallery/P0710T04060A1/P0710T04060A1C0F08011.jpg,0.73927,0.71068,0.75009,tu_choi,tu_choi,1,5615
query/P1838T04071A2/P1838T04071A2C3F14281.jpg,1838040712,1944040602,gallery/P1944T04060A2/P1944T04060A2C0F12271.jpg,0.6612,0.6612,0.75009,tu_choi,tu_choi,0,5615
query/P0002T04071A2/P0002T04071A2C3F02071.jpg,2040712,837040710,gallery/P0837T04071A0/P0837T04071A0C0F10051.jpg,0.72771,0.72771,0.75009,tu_choi,tu_choi,1,5615
query/P1748T04070A1/P1748T04070A1C3F09721.jpg,1748040701,2040040702,gallery/P2040T04070A2/P2040T04070A2C0F13081.jpg,0.61907,0.61907,0.75009,tu_choi,tu_choi,1,5615
query/P2512T04071A0/P2512T04071A0C3F12841.jpg,2512040710,2512040710,gallery/P2512T04071A0/P2512T04071A0C0F21811.jpg,0.69167,0.66744,0.75009,tu_choi,tu_choi,1,5615
query/P0703T04070A0/P0703T04070A0C3F05851.jpg,703040700,2271040710,gallery/P2271T04071A0/P2271T04071A0C0F20701.jpg,0.65667,0.65667,0.75009,tu_choi,tu_choi,1,5615
query/P1768T04060A0/P1768T04060A0C3F12031.jpg,1768040600,2271040710,gallery/P2271T04071A0/P2271T04071A0C0F20521.jpg,0.69643,0.69643,0.75009,tu_choi,tu_choi,1,5615
query/P0248T04071A1/P0248T04071A1C3F03211.jpg,248040711,135040510,gallery/P0135T04051A0/P0135T04051A0C0F25381.jpg,0.71906,0.71906,0.75009,tu_choi,tu_choi,1,5615
query/P0796T04071A2/P0796T04071A2C3F06361.jpg,796040712,691040712,gallery/P0691T04071A2/P0691T04071A2C0F10141.jpg,0.67545,0.67545,0.75009,tu_choi,tu_choi,1,5615
query/P0001T04070A1/P0001T04070A1C3F00901.jpg,1040701,1933040701,gallery/P1933T04070A1/P1933T04070A1C0F23101.jpg,0.65638,0.65638,0.75009,tu_choi,tu_choi,0,5615
query/P1182T04060A0/P1182T04060A0C3F07801.jpg,1182040600,1182040600,gallery/P1182T04060A0/P1182T04060A0C0F15781.jpg,0.71799,0.6802,0.75009,tu_choi,tu_choi,0,5615
query/P1182T04060A1/P1182T04060A1C3F07261.jpg,1182040601,959040601,gallery/P0959T04060A1/P0959T04060A1C0F12421.jpg,0.65768,0.65768,0.75009,tu_choi,tu_choi,0,5615
query/P0782T04060A1/P0782T04060A1C3F04261.jpg,782040601,1895040600,gallery/P1895T04060A0/P1895T04060A0C0F25261.jpg,0.6991,0.6991,0.75009,tu_choi,tu_choi,1,5615
query/P1703T04071A2/P1703T04071A2C3F11041.jpg,1703040712,1703040712,gallery/P1703T04071A2/P1703T04071A2C0F22741.jpg,0.69806,0.60801,0.75009,tu_choi,tu_choi,1,5615
query/P0691T04071A2/P0691T04071A2C3F06661.jpg,691040712,691040712,gallery/P0691T04071A2/P0691T04071A2C0F09961.jpg,0.83297,0.70272,0.75009,ban_giao,dung,0,5615
query/P0041T04051A0/P0041T04051A0C3F10291.jpg,41040510,41040510,gallery/P0041T04051A0/P0041T04051A0C0F6901.jpg,0.741,0.71365,0.75009,tu_choi,tu_choi,0,5615
query/P2197T04071A0/P2197T04071A0C3F10801.jpg,2197040710,132040510,gallery/P0132T04051A0/P0132T04051A0C0F23941.jpg,0.68852,0.68852,0.75009,tu_choi,tu_choi,1,5615
query/P0819T04071A1/P0819T04071A1C3F05401.jpg,819040711,819040711,gallery/P0819T04071A1/P0819T04071A1C0F08971.jpg,0.7733,0.72471,0.75009,ban_giao,dung,1,5615
query/P0594T04060A1/P0594T04060A1C3F03511.jpg,594040601,348040600,gallery/P0348T04060A0/P0348T04060A0C0F07801.jpg,0.68363,0.68363,0.75009,tu_choi,tu_choi,0,5615
query/P1983T04070A2/P1983T04070A2C3F08191.jpg,1983040702,1012040700,gallery/P1012T04070A0/P1012T04070A0C0F16561.jpg,0.6712,0.6712,0.75009,tu_choi,tu_choi,1,5615
query/P0191T04071A0/P0191T04071A0C3F00691.jpg,191040710,191040710,gallery/P0191T04071A0/P0191T04071A0C0F02851.jpg,0.69146,0.68378,0.75009,tu_choi,tu_choi,1,5615
query/P2375T04071A0/P2375T04071A0C3F11881.jpg,2375040710,4040510,gallery/P0004T04051A0/P0004T04051A0C0F511.jpg,0.7019,0.7019,0.75009,tu_choi,tu_choi,0,5615
query/P1851T04060A1/P1851T04060A1C3F03121.jpg,1851040601,1851040601,gallery/P1851T04060A1/P1851T04060A1C0F21901.jpg,0.7241,0.67226,0.75009,tu_choi,tu_choi,1,5615
query/P0175T04071A0/P0175T04071A0C3F02911.jpg,175040710,175040710,gallery/P0175T04071A0/P0175T04071A0C0F02101.jpg,0.81968,0.76174,0.75009,ban_giao,dung,1,5615
query/P1245T04070A1/P1245T04070A1C3F06931.jpg,1245040701,2527040702,gallery/P2527T04070A2/P2527T04070A2C0F15901.jpg,0.66009,0.66009,0.75009,tu_choi,tu_choi,1,5615
query/P1838T04071A2/P1838T04071A2C3F14461.jpg,1838040712,113040510,gallery/P0113T04051A0/P0113T04051A0C0F18901.jpg,0.67564,0.67564,0.75009,tu_choi,tu_choi,0,5615
query/P1703T04071A2/P1703T04071A2C3F11221.jpg,1703040712,819040711,gallery/P0819T04071A1/P0819T04071A1C0F08941.jpg,0.70801,0.70801,0.75009,tu_choi,tu_choi,1,5615
query/P0769T04071A1/P0769T04071A1C3F06481.jpg,769040711,769040711,gallery/P0769T04071A1/P0769T04071A1C0F09241.jpg,0.69256,0.67937,0.75009,tu_choi,tu_choi,1,5615
query/P1146T04060A2/P1146T04060A2C3F06541.jpg,1146040602,191040511,gallery/P0191T04051A1/P0191T04051A1C0F9961.jpg,0.69083,0.69083,0.75009,tu_choi,tu_choi,1,5615
query/P1615T04060A2/P1615T04060A2C3F05311.jpg,1615040602,588040600,gallery/P0588T04060A0/P0588T04060A0C0F09091.jpg,0.74383,0.74383,0.75009,tu_choi,tu_choi,1,5615
query/P2601T04071A0/P2601T04071A0C3F12451.jpg,2601040710,796040712,gallery/P0796T04071A2/P0796T04071A2C0F11101.jpg,0.6368,0.6368,0.75009,tu_choi,tu_choi,0,5615
query/P0664T04060A1/P0664T04060A1C3F02371.jpg,664040601,1530040600,gallery/P1530T04060A0/P1530T04060A0C0F21811.jpg,0.64666,0.64666,0.75009,tu_choi,tu_choi,1,5615
query/P0850T04071A2/P0850T04071A2C3F05401.jpg,850040712,850040712,gallery/P0850T04071A2/P0850T04071A2C0F11761.jpg,0.76752,0.65635,0.75009,ban_giao,dung,1,5615
query/P1785T04071A2/P1785T04071A2C3F11701.jpg,1785040712,1785040712,gallery/P1785T04071A2/P1785T04071A2C0F24181.jpg,0.76745,0.69764,0.75009,ban_giao,dung,0,5615
query/P0345T04070A0/P0345T04070A0C3F03751.jpg,345040700,1573040711,gallery/P1573T04071A1/P1573T04071A1C0F18631.jpg,0.66808,0.66808,0.75009,tu_choi,tu_choi,1,5615
query/P0703T04070A0/P0703T04070A0C3F06421.jpg,703040700,191040710,gallery/P0191T04071A0/P0191T04071A0C0F03151.jpg,0.6989,0.6989,0.75009,tu_choi,tu_choi,1,5615
query/P2197T04071A0/P2197T04071A0C3F11191.jpg,2197040710,692040601,gallery/P0692T04060A1/P0692T04060A1C0F07171.jpg,0.74343,0.74343,0.75009,tu_choi,tu_choi,1,5615
query/P1378T04071A1/P1378T04071A1C3F07471.jpg,1378040711,345040700,gallery/P0345T04070A0/P0345T04070A0C0F05941.jpg,0.72425,0.72425,0.75009,tu_choi,tu_choi,1,5615
query/P0555T04071A1/P0555T04071A1C3F03181.jpg,555040711,1944040602,gallery/P1944T04060A2/P1944T04060A2C0F12121.jpg,0.71939,0.71939,0.75009,tu_choi,tu_choi,1,5615
query/P1358T04060A0/P1358T04060A0C3F09061.jpg,1358040600,632040700,gallery/P0632T04070A0/P0632T04070A0C0F11761.jpg,0.73366,0.73366,0.75009,tu_choi,tu_choi,1,5615
query/P0691T04071A2/P0691T04071A2C3F06211.jpg,691040712,691040712,gallery/P0691T04071A2/P0691T04071A2C0F09751.jpg,0.82029,0.69289,0.75009,ban_giao,dung,0,5615
query/P1933T04070A1/P1933T04070A1C3F09541.jpg,1933040701,53040700,gallery/P0053T04070A0/P0053T04070A0C0F01501.jpg,0.71882,0.71882,0.75009,tu_choi,tu_choi,1,5615
query/P2197T04071A0/P2197T04071A0C3F11011.jpg,2197040710,133040510,gallery/P0133T04051A0/P0133T04051A0C0F22801.jpg,0.7235,0.7235,0.75009,tu_choi,tu_choi,1,5615
query/P2057T04060A1/P2057T04060A1C3F11641.jpg,2057040601,69040510,gallery/P0069T04051A0/P0069T04051A0C0F10261.jpg,0.69214,0.69214,0.75009,tu_choi,tu_choi,1,5615
query/P0895T04060A1/P0895T04060A1C3F05041.jpg,895040601,345040702,gallery/P0345T04070A2/P0345T04070A2C0F02761.jpg,0.641,0.641,0.75009,tu_choi,tu_choi,0,5615
query/P1333T04060A0/P1333T04060A0C3F08461.jpg,1333040600,1333040600,gallery/P1333T04060A0/P1333T04060A0C0F18481.jpg,0.78676,0.63906,0.75009,ban_giao,dung,1,5615
query/P0175T04071A0/P0175T04071A0C3F02941.jpg,175040710,175040710,gallery/P0175T04071A0/P0175T04071A0C0F02101.jpg,0.78934,0.77569,0.75009,ban_giao,dung,1,5615
query/P0867T04070A0/P0867T04070A0C3F08221.jpg,867040700,867040700,gallery/P0867T04070A0/P0867T04070A0C0F13831.jpg,0.74723,0.63084,0.75009,tu_choi,tu_choi,1,5615
query/P1146T04060A2/P1146T04060A2C3F06571.jpg,1146040602,2271040710,gallery/P2271T04071A0/P2271T04071A0C0F20701.jpg,0.66471,0.66471,0.75009,tu_choi,tu_choi,1,5615
query/P2527T04070A2/P2527T04070A2C3F07801.jpg,2527040702,2527040702,gallery/P2527T04070A2/P2527T04070A2C0F16081.jpg,0.73792,0.68841,0.75009,tu_choi,tu_choi,0,5615
query/P0914T04060A1/P0914T04060A1C3F05371.jpg,914040601,4040510,gallery/P0004T04051A0/P0004T04051A0C0F511.jpg,0.66327,0.66327,0.75009,tu_choi,tu_choi,1,5615
query/P1479T04071A2/P1479T04071A2C3F09721.jpg,1479040712,1825040601,gallery/P1825T04060A1/P1825T04060A1C0F21721.jpg,0.63926,0.63926,0.75009,tu_choi,tu_choi,0,5615
query/P0123T04060A2/P0123T04060A2C3F01561.jpg,123040602,1573040711,gallery/P1573T04071A1/P1573T04071A1C0F18631.jpg,0.68409,0.68409,0.75009,tu_choi,tu_choi,0,5615
query/P2276T04070A1/P2276T04070A1C3F13141.jpg,2276040701,2276040701,gallery/P2276T04070A1/P2276T04070A1C0F26821.jpg,0.77735,0.65873,0.75009,ban_giao,dung,0,5615
query/P1031T04070A0/P1031T04070A0C3F11551.jpg,1031040700,1031040700,gallery/P1031T04070A0/P1031T04070A0C0F17971.jpg,0.69499,0.61138,0.75009,tu_choi,tu_choi,1,5615
query/P1182T04060A1/P1182T04060A1C3F07111.jpg,1182040601,1162040711,gallery/P1162T04071A1/P1162T04071A1C0F12541.jpg,0.69652,0.69652,0.75009,tu_choi,tu_choi,0,5615
query/P2375T04071A0/P2375T04071A0C3F11551.jpg,2375040710,303040701,gallery/P0303T04070A1/P0303T04070A1C0F03751.jpg,0.72505,0.72505,0.75009,tu_choi,tu_choi,0,5615
query/P0914T04060A1/P0914T04060A1C3F05461.jpg,914040601,441040700,gallery/P0441T04070A0/P0441T04070A0C0F08551.jpg,0.66537,0.66537,0.75009,tu_choi,tu_choi,1,5615
query/P0395T04060A0/P0395T04060A0C3F00871.jpg,395040600,395040600,gallery/P0395T04060A0/P0395T04060A0C0F07621.jpg,0.70779,0.70079,0.75009,tu_choi,tu_choi,1,5615
query/P1180T04060A0/P1180T04060A0C3F07891.jpg,1180040600,1180040600,gallery/P1180T04060A0/P1180T04060A0C0F15901.jpg,0.73783,0.66777,0.75009,tu_choi,tu_choi,0,5615
query/P1182T04060A0/P1182T04060A0C3F07561.jpg,1182040600,1182040600,gallery/P1182T04060A0/P1182T04060A0C0F15781.jpg,0.7877,0.72371,0.75009,ban_giao,dung,0,5615
query/P0632T04070A0/P0632T04070A0C3F05431.jpg,632040700,157040511,gallery/P0157T04051A1/P0157T04051A1C0F751.jpg,0.70481,0.70481,0.75009,tu_choi,tu_choi,1,5615
query/P0499T04060A0/P0499T04060A0C3F04951.jpg,499040600,499040600,gallery/P0499T04060A0/P0499T04060A0C0F08131.jpg,0.76296,0.70461,0.75009,ban_giao,dung,1,5615
query/P0416T04070A1/P0416T04070A1C3F02071.jpg,416040701,1149040712,gallery/P1149T04071A2/P1149T04071A2C0F15031.jpg,0.66773,0.66773,0.75009,tu_choi,tu_choi,1,5615
query/P0039T04071A2/P0039T04071A2C3F00181.jpg,39040712,1944040602,gallery/P1944T04060A2/P1944T04060A2C0F12151.jpg,0.72768,0.72768,0.75009,tu_choi,tu_choi,1,5615
query/P1255T04071A0/P1255T04071A0C3F05431.jpg,1255040710,132040510,gallery/P0132T04051A0/P0132T04051A0C0F23071.jpg,0.67523,0.67523,0.75009,tu_choi,tu_choi,1,5615
query/P0123T04060A2/P0123T04060A2C3F01441.jpg,123040602,1573040711,gallery/P1573T04071A1/P1573T04071A1C0F18631.jpg,0.65819,0.65819,0.75009,tu_choi,tu_choi,0,5615
query/P2328T04060A1/P2328T04060A1C3F14431.jpg,2328040601,2328040601,gallery/P2328T04060A1/P2328T04060A1C0F25921.jpg,0.76992,0.75122,0.75009,ban_giao,dung,1,5615
query/P1793T04071A1/P1793T04071A1C3F11761.jpg,1793040711,1793040711,gallery/P1793T04071A1/P1793T04071A1C0F19951.jpg,0.65425,0.64868,0.75009,tu_choi,tu_choi,1,5615
query/P2276T04070A1/P2276T04070A1C3F13051.jpg,2276040701,522040700,gallery/P0522T04070A0/P0522T04070A0C0F08611.jpg,0.63839,0.63839,0.75009,tu_choi,tu_choi,0,5615
query/P1084T04070A0/P1084T04070A0C3F11311.jpg,1084040700,1243040602,gallery/P1243T04060A2/P1243T04060A2C0F08731.jpg,0.69655,0.69655,0.75009,tu_choi,tu_choi,0,5615
query/P0346T04060A0/P0346T04060A0C3F02011.jpg,346040600,1530040600,gallery/P1530T04060A0/P1530T04060A0C0F21751.jpg,0.63987,0.63987,0.75009,tu_choi,tu_choi,1,5615
query/P0881T04060A1/P0881T04060A1C3F06721.jpg,881040601,1425040700,gallery/P1425T04070A0/P1425T04070A0C0F22141.jpg,0.67878,0.67878,0.75009,tu_choi,tu_choi,1,5615
query/P0490T04051A2/P0490T04051A2C3F8551.jpg,490040512,41040510,gallery/P0041T04051A0/P0041T04051A0C0F7711.jpg,0.70051,0.70051,0.75009,tu_choi,tu_choi,0,5615
query/P0867T04070A0/P0867T04070A0C3F07831.jpg,867040700,867040700,gallery/P0867T04070A0/P0867T04070A0C0F13741.jpg,0.71918,0.65013,0.75009,tu_choi,tu_choi,1,5615
query/P1149T04071A2/P1149T04071A2C3F09121.jpg,1149040712,1370040600,gallery/P1370T04060A0/P1370T04060A0C0F20131.jpg,0.62015,0.62015,0.75009,tu_choi,tu_choi,0,5615
query/P1551T04060A0/P1551T04060A0C3F10441.jpg,1551040600,3433040602,gallery/P3433T04060A2/P3433T04060A2C0F21631.jpg,0.71951,0.71951,0.75009,tu_choi,tu_choi,1,5615
query/P1285T04060A1/P1285T04060A1C3F00241.jpg,1285040601,346040700,gallery/P0346T04070A0/P0346T04070A0C0F06331.jpg,0.66443,0.66443,0.75009,tu_choi,tu_choi,1,5615
query/P0499T04060A0/P0499T04060A0C3F04921.jpg,499040600,499040600,gallery/P0499T04060A0/P0499T04060A0C0F08011.jpg,0.75046,0.70596,0.75009,ban_giao,dung,1,5615
query/P0701T04060A0/P0701T04060A0C3F04471.jpg,701040600,701040600,gallery/P0701T04060A0/P0701T04060A0C0F09841.jpg,0.82177,0.74103,0.75009,ban_giao,dung,1,5615
query/P1147T04060A1/P1147T04060A1C3F06751.jpg,1147040601,113040510,gallery/P0113T04051A0/P0113T04051A0C0F19051.jpg,0.66877,0.66877,0.75009,tu_choi,tu_choi,1,5615
query/P2040T04070A2/P2040T04070A2C3F05551.jpg,2040040702,782040601,gallery/P0782T04060A1/P0782T04060A1C0F08161.jpg,0.64691,0.64691,0.75009,tu_choi,tu_choi,0,5615
query/P1358T04060A0/P1358T04060A0C3F09001.jpg,1358040600,632040700,gallery/P0632T04070A0/P0632T04070A0C0F11791.jpg,0.67677,0.67677,0.75009,tu_choi,tu_choi,1,5615
query/P1162T04071A1/P1162T04071A1C3F12151.jpg,1162040711,1370040600,gallery/P1370T04060A0/P1370T04060A0C0F19171.jpg,0.66243,0.66243,0.75009,tu_choi,tu_choi,0,5615
query/P0368T04071A2/P0368T04071A2C3F02341.jpg,368040712,1015040600,gallery/P1015T04060A0/P1015T04060A0C0F13291.jpg,0.73225,0.73225,0.75009,tu_choi,tu_choi,1,5615
query/P0586T04071A2/P0586T04071A2C3F06061.jpg,586040712,1566040711,gallery/P1566T04071A1/P1566T04071A1C0F18901.jpg,0.72936,0.72936,0.75009,tu_choi,tu_choi,1,5615
query/P1730T04060A0/P1730T04060A0C3F11641.jpg,1730040600,1791040710,gallery/P1791T04071A0/P1791T04071A0C0F15871.jpg,0.74409,0.74409,0.75009,tu_choi,tu_choi,1,5615
query/P1076T04070A0/P1076T04070A0C3F08281.jpg,1076040700,1933040701,gallery/P1933T04070A1/P1933T04070A1C0F23101.jpg,0.67346,0.67346,0.75009,tu_choi,tu_choi,1,5615
query/P0782T04060A1/P0782T04060A1C3F03841.jpg,782040601,782040601,gallery/P0782T04060A1/P0782T04060A1C0F07921.jpg,0.84462,0.72908,0.75009,ban_giao,dung,1,5615
query/P2230T04070A1/P2230T04070A1C3F13021.jpg,2230040701,127040712,gallery/P0127T04071A2/P0127T04071A2C0F02671.jpg,0.72845,0.72845,0.75009,tu_choi,tu_choi,1,5615
query/P1358T04060A0/P1358T04060A0C3F08851.jpg,1358040600,1358040600,gallery/P1358T04060A0/P1358T04060A0C0F19201.jpg,0.77764,0.68032,0.75009,ban_giao,dung,1,5615
query/P0632T04070A0/P0632T04070A0C3F05911.jpg,632040700,113040510,gallery/P0113T04051A0/P0113T04051A0C0F18811.jpg,0.72096,0.72096,0.75009,tu_choi,tu_choi,1,5615
query/P0053T04070A0/P0053T04070A0C3F00961.jpg,53040700,346040700,gallery/P0346T04070A0/P0346T04070A0C0F06061.jpg,0.65071,0.65071,0.75009,tu_choi,tu_choi,1,5615
query/P0775T04070A0/P0775T04070A0C3F07651.jpg,775040700,837040710,gallery/P0837T04071A0/P0837T04071A0C0F10051.jpg,0.7376,0.7376,0.75009,tu_choi,tu_choi,1,5615
query/P0173T04060A0/P0173T04060A0C3F03811.jpg,173040600,173040600,gallery/P0173T04060A0/P0173T04060A0C0F03961.jpg,0.74237,0.73374,0.75009,tu_choi,tu_choi,0,5615
query/P1084T04070A0/P1084T04070A0C3F11281.jpg,1084040700,41040510,gallery/P0041T04051A0/P0041T04051A0C0F8131.jpg,0.67894,0.67894,0.75009,tu_choi,tu_choi,0,5615
query/P1358T04060A0/P1358T04060A0C3F08941.jpg,1358040600,1358040600,gallery/P1358T04060A0/P1358T04060A0C0F19471.jpg,0.77086,0.69502,0.75009,ban_giao,dung,1,5615
query/P1551T04060A0/P1551T04060A0C3F10531.jpg,1551040600,1551040600,gallery/P1551T04060A0/P1551T04060A0C0F22291.jpg,0.69603,0.68566,0.75009,tu_choi,tu_choi,1,5615
query/P1015T04060A0/P1015T04060A0C3F05791.jpg,1015040600,1015040600,gallery/P1015T04060A0/P1015T04060A0C0F12511.jpg,0.66465,0.60919,0.75009,tu_choi,tu_choi,1,5615
query/P0721T04070A1/P0721T04070A1C3F03301.jpg,721040701,345040700,gallery/P0345T04070A0/P0345T04070A0C0F06031.jpg,0.61456,0.61456,0.75009,tu_choi,tu_choi,1,5615
query/P0130T04060A0/P0130T04060A0C3F02221.jpg,130040600,130040600,gallery/P0130T04060A0/P0130T04060A0C0F02371.jpg,0.70564,0.67553,0.75009,tu_choi,tu_choi,1,5615
query/P2079T04070A2/P2079T04070A2C3F07831.jpg,2079040702,847040710,gallery/P0847T04071A0/P0847T04071A0C0F09421.jpg,0.68835,0.68835,0.75009,tu_choi,tu_choi,1,5615
query/P3433T04060A2/P3433T04060A2C3F10501.jpg,3433040602,132040510,gallery/P0132T04051A0/P0132T04051A0C0F23941.jpg,0.66412,0.66412,0.75009,tu_choi,tu_choi,1,5615
query/P2641T04060A2/P2641T04060A2C3F13681.jpg,2641040602,1791040710,gallery/P1791T04071A0/P1791T04071A0C0F15871.jpg,0.69468,0.69468,0.75009,tu_choi,tu_choi,1,5615
query/P2467T04060A1/P2467T04060A1C3F14071.jpg,2467040601,2467040601,gallery/P2467T04060A1/P2467T04060A1C0F26431.jpg,0.67768,0.66457,0.75009,tu_choi,tu_choi,1,5615
query/P0867T04070A0/P0867T04070A0C3F07531.jpg,867040700,867040700,gallery/P0867T04070A0/P0867T04070A0C0F14191.jpg,0.79651,0.70282,0.75009,ban_giao,dung,1,5615
query/P0361T04070A0/P0361T04070A0C3F04201.jpg,361040700,1370040600,gallery/P1370T04060A0/P1370T04060A0C0F19201.jpg,0.68913,0.68913,0.75009,tu_choi,tu_choi,1,5615
query/P1826T04060A1/P1826T04060A1C3F11671.jpg,1826040601,1826040601,gallery/P1826T04060A1/P1826T04060A1C0F20911.jpg,0.74977,0.73127,0.75009,tu_choi,tu_choi,1,5615
query/P0474T04060A2/P0474T04060A2C3F03241.jpg,474040602,113040510,gallery/P0113T04051A0/P0113T04051A0C0F18781.jpg,0.74422,0.74422,0.75009,tu_choi,tu_choi,1,5615
query/P0189T04070A1/P0189T04070A1C3F01321.jpg,189040701,189040701,gallery/P0189T04070A1/P0189T04070A1C0F02131.jpg,0.67985,0.65963,0.75009,tu_choi,tu_choi,0,5615
query/P0130T04060A0/P0130T04060A0C3F02191.jpg,130040600,130040600,gallery/P0130T04060A0/P0130T04060A0C0F02371.jpg,0.74982,0.73054,0.75009,tu_choi,tu_choi,1,5615
query/P1015T04060A0/P1015T04060A0C3F05851.jpg,1015040600,1015040600,gallery/P1015T04060A0/P1015T04060A0C0F12511.jpg,0.73763,0.67141,0.75009,tu_choi,tu_choi,1,5615
query/P1148T04060A2/P1148T04060A2C3F06481.jpg,1148040602,2271040710,gallery/P2271T04071A0/P2271T04071A0C0F20761.jpg,0.65742,0.65742,0.75009,tu_choi,tu_choi,1,5615
query/P0175T04071A0/P0175T04071A0C3F02761.jpg,175040710,1162040711,gallery/P1162T04071A1/P1162T04071A1C0F12541.jpg,0.69862,0.69862,0.75009,tu_choi,tu_choi,1,5615
query/P3125T04060A2/P3125T04060A2C3F08701.jpg,3125040602,348040600,gallery/P0348T04060A0/P0348T04060A0C0F07381.jpg,0.70792,0.70792,0.75009,tu_choi,tu_choi,0,5615
query/P1257T04071A0/P1257T04071A0C3F06301.jpg,1257040710,796040712,gallery/P0796T04071A2/P0796T04071A2C0F10891.jpg,0.68499,0.68499,0.75009,tu_choi,tu_choi,1,5615
query/P1626T04070A0/P1626T04070A0C3F12661.jpg,1626040700,161040511,gallery/P0161T04051A1/P0161T04051A1C0F2791.jpg,0.6725,0.6725,0.75009,tu_choi,tu_choi,0,5615
query/P1240T04060A2/P1240T04060A2C3F06481.jpg,1240040602,275040512,gallery/P0275T04051A2/P0275T04051A2C0F871.jpg,0.70783,0.70783,0.75009,tu_choi,tu_choi,1,5615
query/P1040T04060A0/P1040T04060A0C3F06631.jpg,1040040600,1040040600,gallery/P1040T04060A0/P1040T04060A0C0F13351.jpg,0.76249,0.73871,0.75009,ban_giao,dung,1,5615
query/P0819T04071A1/P0819T04071A1C3F05371.jpg,819040711,191040511,gallery/P0191T04051A1/P0191T04051A1C0F9241.jpg,0.73265,0.73265,0.75009,tu_choi,tu_choi,1,5615
query/P1550T04060A0/P1550T04060A0C3F10741.jpg,1550040600,191040511,gallery/P0191T04051A1/P0191T04051A1C0F9811.jpg,0.68725,0.68725,0.75009,tu_choi,tu_choi,1,5615
query/P2298T04070A1/P2298T04070A1C3F14371.jpg,2298040701,4040510,gallery/P0004T04051A0/P0004T04051A0C0F631.jpg,0.69001,0.69001,0.75009,tu_choi,tu_choi,1,5615
query/P0959T04060A1/P0959T04060A1C3F05251.jpg,959040601,959040601,gallery/P0959T04060A1/P0959T04060A1C0F12061.jpg,0.73339,0.70348,0.75009,tu_choi,tu_choi,1,5615
query/P0416T04070A1/P0416T04070A1C3F01951.jpg,416040701,189040511,gallery/P0189T04051A1/P0189T04051A1C0F9151.jpg,0.68516,0.68516,0.75009,tu_choi,tu_choi,1,5615
query/P1162T04071A1/P1162T04071A1C3F12121.jpg,1162040711,2527040702,gallery/P2527T04070A2/P2527T04070A2C0F16291.jpg,0.63266,0.63266,0.75009,tu_choi,tu_choi,0,5615
query/P0916T04060A1/P0916T04060A1C3F04921.jpg,916040601,916040601,gallery/P0916T04060A1/P0916T04060A1C0F10351.jpg,0.72411,0.66534,0.75009,tu_choi,tu_choi,1,5615
query/P1053T04071A0/P1053T04071A0C3F05371.jpg,1053040710,275040512,gallery/P0275T04051A2/P0275T04051A2C0F721.jpg,0.65275,0.65275,0.75009,tu_choi,tu_choi,0,5615
query/P0867T04070A0/P0867T04070A0C3F08191.jpg,867040700,867040700,gallery/P0867T04070A0/P0867T04070A0C0F13831.jpg,0.76342,0.6458,0.75009,ban_giao,dung,1,5615
query/P1046T04070A2/P1046T04070A2C3F03241.jpg,1046040702,1046040702,gallery/P1046T04070A2/P1046T04070A2C0F06151.jpg,0.69453,0.68854,0.75009,tu_choi,tu_choi,1,5615
query/P0281T04060A1/P0281T04060A1C3F01141.jpg,281040601,127040510,gallery/P0127T04051A0/P0127T04051A0C0F21061.jpg,0.68233,0.68233,0.75009,tu_choi,tu_choi,0,5615
query/P1530T04060A0/P1530T04060A0C3F10231.jpg,1530040600,1530040600,gallery/P1530T04060A0/P1530T04060A0C0F20971.jpg,0.77445,0.62071,0.75009,ban_giao,dung,0,5615
query/P0782T04060A1/P0782T04060A1C3F04021.jpg,782040601,782040601,gallery/P0782T04060A1/P0782T04060A1C0F08341.jpg,0.83011,0.71271,0.75009,ban_giao,dung,1,5615
query/P1275T04070A1/P1275T04070A1C3F07231.jpg,1275040701,1370040600,gallery/P1370T04060A0/P1370T04060A0C0F20101.jpg,0.71284,0.71284,0.75009,tu_choi,tu_choi,1,5615
query/P1245T04070A1/P1245T04070A1C3F06961.jpg,1245040701,1173040702,gallery/P1173T04070A2/P1173T04070A2C0F07891.jpg,0.63702,0.63702,0.75009,tu_choi,tu_choi,1,5615
query/P2508T04071A0/P2508T04071A0C3F12841.jpg,2508040710,41040510,gallery/P0041T04051A0/P0041T04051A0C0F6571.jpg,0.65505,0.65505,0.75009,tu_choi,tu_choi,0,5615
query/P0416T04070A1/P0416T04070A1C3F02101.jpg,416040701,1791040710,gallery/P1791T04071A0/P1791T04071A0C0F15871.jpg,0.6584,0.6584,0.75009,tu_choi,tu_choi,1,5615
query/P0610T04070A0/P0610T04070A0C3F05671.jpg,610040700,1791040710,gallery/P1791T04071A0/P1791T04071A0C0F15871.jpg,0.68395,0.68395,0.75009,tu_choi,tu_choi,1,5615
query/P0657T04070A2/P0657T04070A2C3F03631.jpg,657040702,657040702,gallery/P0657T04070A2/P0657T04070A2C0F04441.jpg,0.68614,0.63758,0.75009,tu_choi,tu_choi,1,5615
query/P1615T04060A2/P1615T04060A2C3F05131.jpg,1615040602,588040600,gallery/P0588T04060A0/P0588T04060A0C0F09091.jpg,0.7991,0.7991,0.75009,ban_giao,sai,1,5615
query/P1805T04070A0/P1805T04070A0C3F14461.jpg,1805040700,41040510,gallery/P0041T04051A0/P0041T04051A0C0F6601.jpg,0.71325,0.71325,0.75009,tu_choi,tu_choi,0,5615
query/P3125T04060A2/P3125T04060A2C3F10381.jpg,3125040602,2271040710,gallery/P2271T04071A0/P2271T04071A0C0F20761.jpg,0.69301,0.69301,0.75009,tu_choi,tu_choi,0,5615
query/P1500T04060A0/P1500T04060A0C3F10051.jpg,1500040600,1500040600,gallery/P1500T04060A0/P1500T04060A0C0F20791.jpg,0.71827,0.63723,0.75009,tu_choi,tu_choi,1,5615
query/P0703T04070A0/P0703T04070A0C3F06091.jpg,703040700,703040700,gallery/P0703T04070A0/P0703T04070A0C0F13681.jpg,0.69736,0.6895,0.75009,tu_choi,tu_choi,1,5615
query/P0346T04060A0/P0346T04060A0C3F01981.jpg,346040600,1530040600,gallery/P1530T04060A0/P1530T04060A0C0F21751.jpg,0.71275,0.71275,0.75009,tu_choi,tu_choi,1,5615
query/P0116T04051A0/P0116T04051A0C3F11311.jpg,116040510,116040510,gallery/P0116T04051A0/P0116T04051A0C0F19741.jpg,0.71186,0.6729,0.75009,tu_choi,tu_choi,1,5615
query/P0441T04070A0/P0441T04070A0C3F03481.jpg,441040700,441040700,gallery/P0441T04070A0/P0441T04070A0C0F08311.jpg,0.70149,0.64939,0.75009,tu_choi,tu_choi,1,5615
query/P0775T04070A0/P0775T04070A0C3F07441.jpg,775040700,1530040600,gallery/P1530T04060A0/P1530T04060A0C0F23071.jpg,0.72732,0.72732,0.75009,tu_choi,tu_choi,1,5615
query/P1180T04060A0/P1180T04060A0C3F07531.jpg,1180040600,1180040600,gallery/P1180T04060A0/P1180T04060A0C0F15901.jpg,0.77936,0.62518,0.75009,ban_giao,dung,0,5615
query/P1180T04060A0/P1180T04060A0C3F07861.jpg,1180040600,1053040710,gallery/P1053T04071A0/P1053T04071A0C0F10741.jpg,0.6905,0.6905,0.75009,tu_choi,tu_choi,0,5615
query/P0121T04051A0/P0121T04051A0C3F3001.jpg,121040510,1333040600,gallery/P1333T04060A0/P1333T04060A0C0F18061.jpg,0.65605,0.65605,0.75009,tu_choi,tu_choi,0,5615
query/P1805T04070A0/P1805T04070A0C3F14431.jpg,1805040700,1370040600,gallery/P1370T04060A0/P1370T04060A0C0F19621.jpg,0.71133,0.71133,0.75009,tu_choi,tu_choi,0,5615
query/P0474T04060A2/P0474T04060A2C3F02911.jpg,474040602,439040512,gallery/P0439T04051A2/P0439T04051A2C0F16921.jpg,0.68137,0.68137,0.75009,tu_choi,tu_choi,1,5615
query/P1275T04070A1/P1275T04070A1C3F07021.jpg,1275040701,1933040701,gallery/P1933T04070A1/P1933T04070A1C0F22411.jpg,0.70534,0.70534,0.75009,tu_choi,tu_choi,1,5615
query/P0348T04060A0/P0348T04060A0C3F03421.jpg,348040600,348040600,gallery/P0348T04060A0/P0348T04060A0C0F07801.jpg,0.7842,0.748,0.75009,ban_giao,dung,1,5615
query/P1245T04070A1/P1245T04070A1C3F07291.jpg,1245040701,1162040711,gallery/P1162T04071A1/P1162T04071A1C0F12541.jpg,0.6881,0.6881,0.75009,tu_choi,tu_choi,1,5615
query/P1851T04060A1/P1851T04060A1C3F07771.jpg,1851040601,1333040600,gallery/P1333T04060A0/P1333T04060A0C0F18061.jpg,0.66725,0.66725,0.75009,tu_choi,tu_choi,1,5615
query/P0837T04071A0/P0837T04071A0C3F04681.jpg,837040710,837040710,gallery/P0837T04071A0/P0837T04071A0C0F09931.jpg,0.73781,0.72874,0.75009,tu_choi,tu_choi,1,5615
query/P0127T04071A2/P0127T04071A2C3F00661.jpg,127040712,248040711,gallery/P0248T04071A1/P0248T04071A1C0F03211.jpg,0.66434,0.66434,0.75009,tu_choi,tu_choi,0,5615
query/P0211T04051A1/P0211T04051A1C3F7051.jpg,211040511,211040511,gallery/P0211T04051A1/P0211T04051A1C0F12931.jpg,0.72969,0.71155,0.75009,tu_choi,tu_choi,1,5615
query/P1179T04060A0/P1179T04060A0C3F08011.jpg,1179040600,1530040600,gallery/P1530T04060A0/P1530T04060A0C0F23071.jpg,0.62436,0.62436,0.75009,tu_choi,tu_choi,0,5615
query/P1358T04060A0/P1358T04060A0C3F08971.jpg,1358040600,1358040600,gallery/P1358T04060A0/P1358T04060A0C0F19201.jpg,0.70141,0.65248,0.75009,tu_choi,tu_choi,1,5615
query/P1066T04071A2/P1066T04071A2C3F07081.jpg,1066040712,1066040712,gallery/P1066T04071A2/P1066T04071A2C0F13771.jpg,0.72418,0.65468,0.75009,tu_choi,tu_choi,1,5615
query/P1774T04070A0/P1774T04070A0C3F13111.jpg,1774040700,1774040700,gallery/P1774T04070A0/P1774T04070A0C0F26521.jpg,0.7361,0.71444,0.75009,tu_choi,tu_choi,1,5615
query/P2298T04070A1/P2298T04070A1C3F14431.jpg,2298040701,4040510,gallery/P0004T04051A0/P0004T04051A0C0F241.jpg,0.71212,0.71212,0.75009,tu_choi,tu_choi,1,5615
query/P0822T04071A0/P0822T04071A0C3F06451.jpg,822040710,1573040711,gallery/P1573T04071A1/P1573T04071A1C0F18511.jpg,0.62336,0.62336,0.75009,tu_choi,tu_choi,1,5615
query/P1255T04071A0/P1255T04071A0C3F05701.jpg,1255040710,1255040710,gallery/P1255T04071A0/P1255T04071A0C0F12121.jpg,0.718,0.70053,0.75009,tu_choi,tu_choi,1,5615
query/P2051T04071A0/P2051T04071A0C3F10501.jpg,2051040710,2051040710,gallery/P2051T04071A0/P2051T04071A0C0F19051.jpg,0.79183,0.69987,0.75009,ban_giao,dung,0,5615
query/P0522T04070A0/P0522T04070A0C3F04831.jpg,522040700,691040712,gallery/P0691T04071A2/P0691T04071A2C0F09751.jpg,0.63591,0.63591,0.75009,tu_choi,tu_choi,1,5615
query/P2512T04071A0/P2512T04071A0C3F12901.jpg,2512040710,2512040710,gallery/P2512T04071A0/P2512T04071A0C0F21871.jpg,0.68841,0.64845,0.75009,tu_choi,tu_choi,1,5615
query/P0189T04070A1/P0189T04070A1C3F01021.jpg,189040701,1182040600,gallery/P1182T04060A0/P1182T04060A0C0F15991.jpg,0.66033,0.66033,0.75009,tu_choi,tu_choi,0,5615
query/P2414T04071A0/P2414T04071A0C3F12361.jpg,2414040710,822040710,gallery/P0822T04071A0/P0822T04071A0C0F09001.jpg,0.78706,0.78706,0.75009,ban_giao,sai,1,5615
query/P1046T04070A2/P1046T04070A2C3F03031.jpg,1046040702,1046040702,gallery/P1046T04070A2/P1046T04070A2C0F06871.jpg,0.75712,0.74609,0.75009,ban_giao,dung,1,5615
query/P1706T04071A2/P1706T04071A2C3F11071.jpg,1706040712,1706040712,gallery/P1706T04071A2/P1706T04071A2C0F23071.jpg,0.7519,0.73348,0.75009,ban_giao,dung,1,5615
query/P1270T04070A1/P1270T04070A1C3F07081.jpg,1270040701,41040510,gallery/P0041T04051A0/P0041T04051A0C0F6631.jpg,0.70426,0.70426,0.75009,tu_choi,tu_choi,1,5615
query/P1275T04070A1/P1275T04070A1C3F07171.jpg,1275040701,431040512,gallery/P0431T04051A2/P0431T04051A2C0F15691.jpg,0.6681,0.6681,0.75009,tu_choi,tu_choi,1,5615
query/P1179T04060A0/P1179T04060A0C3F08161.jpg,1179040600,692040601,gallery/P0692T04060A1/P0692T04060A1C0F07831.jpg,0.64881,0.64881,0.75009,tu_choi,tu_choi,0,5615
query/P1326T04071A1/P1326T04071A1C3F09001.jpg,1326040711,441040700,gallery/P0441T04070A0/P0441T04070A0C0F08551.jpg,0.65945,0.65945,0.75009,tu_choi,tu_choi,1,5615
query/P0361T04070A0/P0361T04070A0C3F04141.jpg,361040700,1370040600,gallery/P1370T04060A0/P1370T04060A0C0F20671.jpg,0.73311,0.73311,0.75009,tu_choi,tu_choi,1,5615
query/P1066T04071A2/P1066T04071A2C3F07231.jpg,1066040712,189040701,gallery/P0189T04070A1/P0189T04070A1C0F02221.jpg,0.70837,0.70837,0.75009,tu_choi,tu_choi,1,5615
query/P1436T04070A1/P1436T04070A1C3F09451.jpg,1436040701,1436040701,gallery/P1436T04070A1/P1436T04070A1C0F15841.jpg,0.77633,0.71426,0.75009,ban_giao,dung,1,5615
query/P2040T04070A2/P2040T04070A2C3F05791.jpg,2040040702,41040510,gallery/P0041T04051A0/P0041T04051A0C0F6541.jpg,0.65575,0.65575,0.75009,tu_choi,tu_choi,0,5615
query/P1697T04070A2/P1697T04070A2C3F05821.jpg,1697040702,113040510,gallery/P0113T04051A0/P0113T04051A0C0F18901.jpg,0.66333,0.66333,0.75009,tu_choi,tu_choi,1,5615
query/P0867T04070A0/P0867T04070A0C3F07651.jpg,867040700,867040700,gallery/P0867T04070A0/P0867T04070A0C0F13741.jpg,0.73751,0.69493,0.75009,tu_choi,tu_choi,1,5615
query/P0053T04070A0/P0053T04070A0C3F01051.jpg,53040700,2230040701,gallery/P2230T04070A1/P2230T04070A1C0F26851.jpg,0.70459,0.70459,0.75009,tu_choi,tu_choi,1,5615
query/P0123T04060A2/P0123T04060A2C3F01291.jpg,123040602,123040602,gallery/P0123T04060A2/P0123T04060A2C0F03181.jpg,0.71367,0.64682,0.75009,tu_choi,tu_choi,0,5615
query/P1245T04070A1/P1245T04070A1C3F07081.jpg,1245040701,2040040702,gallery/P2040T04070A2/P2040T04070A2C0F13201.jpg,0.68484,0.68484,0.75009,tu_choi,tu_choi,1,5615
query/P0522T04070A0/P0522T04070A0C3F04171.jpg,522040700,1556040711,gallery/P1556T04071A1/P1556T04071A1C0F17881.jpg,0.61562,0.61562,0.75009,tu_choi,tu_choi,1,5615
query/P1624T04071A2/P1624T04071A2C3F12751.jpg,1624040712,1573040711,gallery/P1573T04071A1/P1573T04071A1C0F18871.jpg,0.59605,0.59605,0.75009,tu_choi,tu_choi,1,5615
query/P0819T04071A1/P0819T04071A1C3F05431.jpg,819040711,1076040700,gallery/P1076T04070A0/P1076T04070A0C0F17191.jpg,0.70513,0.70513,0.75009,tu_choi,tu_choi,1,5615
query/P1615T04060A2/P1615T04060A2C3F05551.jpg,1615040602,1615040602,gallery/P1615T04060A2/P1615T04060A2C0F10891.jpg,0.74996,0.73109,0.75009,tu_choi,tu_choi,1,5615
query/P2051T04071A0/P2051T04071A0C3F11131.jpg,2051040710,2051040710,gallery/P2051T04071A0/P2051T04071A0C0F18991.jpg,0.75435,0.74964,0.75009,ban_giao,dung,0,5615
query/P1270T04070A1/P1270T04070A1C3F07471.jpg,1270040701,1275040701,gallery/P1275T04070A1/P1275T04070A1C0F15241.jpg,0.66462,0.66462,0.75009,tu_choi,tu_choi,1,5615
query/P1255T04071A0/P1255T04071A0C3F05761.jpg,1255040710,2719040710,gallery/P2719T04071A0/P2719T04071A0C0F23251.jpg,0.74065,0.74065,0.75009,tu_choi,tu_choi,1,5615
query/P1825T04060A1/P1825T04060A1C3F09871.jpg,1825040601,1825040601,gallery/P1825T04060A1/P1825T04060A1C0F22861.jpg,0.75595,0.62146,0.75009,ban_giao,dung,1,5615
query/P1530T04060A0/P1530T04060A0C3F10381.jpg,1530040600,1530040600,gallery/P1530T04060A0/P1530T04060A0C0F21211.jpg,0.86365,0.69518,0.75009,ban_giao,dung,0,5615
query/P0194T04071A0/P0194T04071A0C3F00751.jpg,194040710,194040710,gallery/P0194T04071A0/P0194T04071A0C0F23712.jpg,0.65558,0.63175,0.75009,tu_choi,tu_choi,1,5615
query/P1939T04071A2/P1939T04071A2C3F14011.jpg,1939040712,1270040701,gallery/P1270T04070A1/P1270T04070A1C0F15301.jpg,0.72232,0.72232,0.75009,tu_choi,tu_choi,1,5615
query/P0275T04051A2/P0275T04051A2C3F4981.jpg,275040512,275040512,gallery/P0275T04051A2/P0275T04051A2C0F871.jpg,0.72099,0.70952,0.75009,tu_choi,tu_choi,0,5615
query/P2057T04060A1/P2057T04060A1C3F12091.jpg,2057040601,161040511,gallery/P0161T04051A1/P0161T04051A1C0F2131.jpg,0.68551,0.68551,0.75009,tu_choi,tu_choi,1,5615
query/P1012T04070A0/P1012T04070A0C3F09661.jpg,1012040700,1012040700,gallery/P1012T04070A0/P1012T04070A0C0F16561.jpg,0.72812,0.71734,0.75009,tu_choi,tu_choi,0,5615
query/P0265T04071A1/P0265T04071A1C3F03241.jpg,265040711,265040711,gallery/P0265T04071A1/P0265T04071A1C0F03211.jpg,0.71784,0.70807,0.75009,tu_choi,tu_choi,1,5615
query/P2959T04070A2/P2959T04070A2C3F09241.jpg,2959040702,1895040600,gallery/P1895T04060A0/P1895T04060A0C0F24721.jpg,0.70541,0.70541,0.75009,tu_choi,tu_choi,0,5615
query/P1550T04060A0/P1550T04060A0C3F10411.jpg,1550040600,1550040600,gallery/P1550T04060A0/P1550T04060A0C0F21631.jpg,0.74491,0.67107,0.75009,tu_choi,tu_choi,1,5615
query/P1257T04071A0/P1257T04071A0C3F05941.jpg,1257040710,1257040710,gallery/P1257T04071A0/P1257T04071A0C0F11851.jpg,0.73956,0.70414,0.75009,tu_choi,tu_choi,1,5615
query/P2414T04071A0/P2414T04071A0C3F12211.jpg,2414040710,1700040711,gallery/P1700T04071A1/P1700T04071A1C0F20221.jpg,0.73985,0.73985,0.75009,tu_choi,tu_choi,1,5615
query/P1684T04070A2/P1684T04070A2C3F05881.jpg,1684040702,1566040711,gallery/P1566T04071A1/P1566T04071A1C0F18841.jpg,0.6949,0.6949,0.75009,tu_choi,tu_choi,0,5615
query/P3492T04070A2/P3492T04070A2C3F11221.jpg,3492040702,1556040711,gallery/P1556T04071A1/P1556T04071A1C0F17821.jpg,0.68627,0.68627,0.75009,tu_choi,tu_choi,0,5615
query/P1944T04060A2/P1944T04060A2C3F09811.jpg,1944040602,850040712,gallery/P0850T04071A2/P0850T04071A2C0F12091.jpg,0.6669,0.6669,0.75009,tu_choi,tu_choi,0,5615
query/P0701T04060A0/P0701T04060A0C3F04381.jpg,701040600,1825040601,gallery/P1825T04060A1/P1825T04060A1C0F21691.jpg,0.61192,0.61192,0.75009,tu_choi,tu_choi,1,5615
query/P0485T04051A2/P0485T04051A2C3F8341.jpg,485040512,710040601,gallery/P0710T04060A1/P0710T04060A1C0F08011.jpg,0.66287,0.66287,0.75009,tu_choi,tu_choi,1,5615
query/P2084T04070A1/P2084T04070A1C3F13711.jpg,2084040701,389040512,gallery/P0389T04051A2/P0389T04051A2C0F11431.jpg,0.63535,0.63535,0.75009,tu_choi,tu_choi,1,5615
query/P1255T04071A0/P1255T04071A0C3F05461.jpg,1255040710,1255040710,gallery/P1255T04071A0/P1255T04071A0C0F12121.jpg,0.72669,0.70912,0.75009,tu_choi,tu_choi,1,5615
query/P3433T04060A2/P3433T04060A2C3F10951.jpg,3433040602,1285040601,gallery/P1285T04060A1/P1285T04060A1C0F14731.jpg,0.667,0.667,0.75009,tu_choi,tu_choi,1,5615
query/P0371T04060A1/P0371T04060A1C3F00991.jpg,371040601,1573040711,gallery/P1573T04071A1/P1573T04071A1C0F18631.jpg,0.61474,0.61474,0.75009,tu_choi,tu_choi,1,5615
query/P1243T04060A2/P1243T04060A2C3F05791.jpg,1243040602,1149040712,gallery/P1149T04071A2/P1149T04071A2C0F15541.jpg,0.65128,0.65128,0.75009,tu_choi,tu_choi,0,5615
query/P1285T04060A1/P1285T04060A1C3F00361.jpg,1285040601,916040601,gallery/P0916T04060A1/P0916T04060A1C0F11311.jpg,0.64639,0.64639,0.75009,tu_choi,tu_choi,1,5615
query/P2089T04071A2/P2089T04071A2C3F12811.jpg,2089040712,1179040600,gallery/P1179T04060A0/P1179T04060A0C0F22261.jpg,0.65508,0.65508,0.75009,tu_choi,tu_choi,0,5615
query/P1768T04060A0/P1768T04060A0C3F11941.jpg,1768040600,1596040601,gallery/P1596T04060A1/P1596T04060A1C0F18871.jpg,0.69538,0.69538,0.75009,tu_choi,tu_choi,1,5615
query/P0634T04060A1/P0634T04060A1C3F02551.jpg,634040601,634040601,gallery/P0634T04060A1/P0634T04060A1C0F06271.jpg,0.76949,0.72236,0.75009,ban_giao,dung,0,5615
query/P0361T04070A0/P0361T04070A0C3F04051.jpg,361040700,1791040710,gallery/P1791T04071A0/P1791T04071A0C0F15871.jpg,0.72324,0.72324,0.75009,tu_choi,tu_choi,1,5615
query/P2375T04071A0/P2375T04071A0C3F11851.jpg,2375040710,4040510,gallery/P0004T04051A0/P0004T04051A0C0F91.jpg,0.69783,0.69783,0.75009,tu_choi,tu_choi,0,5615
query/P1436T04070A1/P1436T04070A1C3F09601.jpg,1436040701,1436040701,gallery/P1436T04070A1/P1436T04070A1C0F15841.jpg,0.72277,0.66877,0.75009,tu_choi,tu_choi,1,5615
query/P0895T04060A1/P0895T04060A1C3F04351.jpg,895040601,1040040600,gallery/P1040T04060A0/P1040T04060A0C0F12871.jpg,0.78191,0.78191,0.75009,ban_giao,sai,0,5615
query/P2601T04071A0/P2601T04071A0C3F12601.jpg,2601040710,2601040710,gallery/P2601T04071A0/P2601T04071A0C0F22711.jpg,0.72801,0.72646,0.75009,tu_choi,tu_choi,0,5615
query/P1805T04070A0/P1805T04070A0C3F14101.jpg,1805040700,4040510,gallery/P0004T04051A0/P0004T04051A0C0F631.jpg,0.67279,0.67279,0.75009,tu_choi,tu_choi,0,5615
query/P0977T04060A1/P0977T04060A1C3F05701.jpg,977040601,150040711,gallery/P0150T04071A1/P0150T04071A1C0F04981.jpg,0.62362,0.62362,0.75009,tu_choi,tu_choi,1,5615
query/P1825T04060A1/P1825T04060A1C3F10021.jpg,1825040601,916040601,gallery/P0916T04060A1/P0916T04060A1C0F10111.jpg,0.69884,0.69884,0.75009,tu_choi,tu_choi,1,5615
query/P0522T04070A0/P0522T04070A0C3F04501.jpg,522040700,167040511,gallery/P0167T04051A1/P0167T04051A1C0F2851.jpg,0.68738,0.68738,0.75009,tu_choi,tu_choi,1,5615
query/P0462T04060A0/P0462T04060A0C3F03421.jpg,462040600,462040600,gallery/P0462T04060A0/P0462T04060A0C0F08221.jpg,0.73109,0.70667,0.75009,tu_choi,tu_choi,1,5615
query/P1243T04060A2/P1243T04060A2C3F06121.jpg,1243040602,1015040600,gallery/P1015T04060A0/P1015T04060A0C0F13771.jpg,0.71417,0.71417,0.75009,tu_choi,tu_choi,0,5615
query/P0721T04070A1/P0721T04070A1C3F03511.jpg,721040701,2049040710,gallery/P2049T04071A0/P2049T04071A0C0F17881.jpg,0.7128,0.7128,0.75009,tu_choi,tu_choi,1,5615
query/P1066T04071A2/P1066T04071A2C3F07141.jpg,1066040712,1066040712,gallery/P1066T04071A2/P1066T04071A2C0F14041.jpg,0.80864,0.7843,0.75009,ban_giao,dung,1,5615
query/P1245T04070A1/P1245T04070A1C3F06751.jpg,1245040701,1084040700,gallery/P1084T04070A0/P1084T04070A0C0F17581.jpg,0.64956,0.64956,0.75009,tu_choi,tu_choi,1,5615
query/P0847T04071A0/P0847T04071A0C3F06001.jpg,847040710,847040710,gallery/P0847T04071A0/P0847T04071A0C0F09451.jpg,0.79006,0.77202,0.75009,ban_giao,dung,1,5615
query/P0123T04070A0/P0123T04070A0C3F03061.jpg,123040700,2271040710,gallery/P2271T04071A0/P2271T04071A0C0F20761.jpg,0.68534,0.68534,0.75009,tu_choi,tu_choi,1,5615
query/P1939T04071A2/P1939T04071A2C3F13771.jpg,1939040712,634040601,gallery/P0634T04060A1/P0634T04060A1C0F06871.jpg,0.66796,0.66796,0.75009,tu_choi,tu_choi,1,5615
query/P1596T04060A1/P1596T04060A1C3F09091.jpg,1596040601,191040710,gallery/P0191T04071A0/P0191T04071A0C0F02251.jpg,0.76808,0.76808,0.75009,ban_giao,sai,1,5615
query/P0130T04060A0/P0130T04060A0C3F02131.jpg,130040600,130040600,gallery/P0130T04060A0/P0130T04060A0C0F02371.jpg,0.79728,0.71354,0.75009,ban_giao,dung,1,5615
query/P2040T04070A2/P2040T04070A2C3F05581.jpg,2040040702,113040510,gallery/P0113T04051A0/P0113T04051A0C0F18931.jpg,0.68856,0.68856,0.75009,tu_choi,tu_choi,0,5615
query/P2057T04060A1/P2057T04060A1C3F11761.jpg,2057040601,161040511,gallery/P0161T04051A1/P0161T04051A1C0F2131.jpg,0.74756,0.74756,0.75009,tu_choi,tu_choi,1,5615
query/P1255T04071A0/P1255T04071A0C3F05731.jpg,1255040710,2719040710,gallery/P2719T04071A0/P2719T04071A0C0F23251.jpg,0.69237,0.69237,0.75009,tu_choi,tu_choi,1,5615
query/P1939T04071A2/P1939T04071A2C3F14371.jpg,1939040712,632040700,gallery/P0632T04070A0/P0632T04070A0C0F11821.jpg,0.72089,0.72089,0.75009,tu_choi,tu_choi,1,5615
query/P0782T04060A1/P0782T04060A1C3F03751.jpg,782040601,782040601,gallery/P0782T04060A1/P0782T04060A1C0F08341.jpg,0.85797,0.73841,0.75009,ban_giao,dung,1,5615
query/P1730T04060A0/P1730T04060A0C3F11821.jpg,1730040600,871040710,gallery/P0871T04071A0/P0871T04071A0C0F09391.jpg,0.70225,0.70225,0.75009,tu_choi,tu_choi,1,5615
query/P0053T04070A0/P0053T04070A0C3F00541.jpg,53040700,53040700,gallery/P0053T04070A0/P0053T04070A0C0F01381.jpg,0.67167,0.65316,0.75009,tu_choi,tu_choi,1,5615
query/P1488T04060A0/P1488T04060A0C3F10291.jpg,1488040600,348040600,gallery/P0348T04060A0/P0348T04060A0C0F07891.jpg,0.76251,0.76251,0.75009,ban_giao,sai,1,5615
query/P0348T04060A0/P0348T04060A0C3F03121.jpg,348040600,348040600,gallery/P0348T04060A0/P0348T04060A0C0F06661.jpg,0.72626,0.69229,0.75009,tu_choi,tu_choi,1,5615
query/P1551T04060A0/P1551T04060A0C3F10501.jpg,1551040600,1551040600,gallery/P1551T04060A0/P1551T04060A0C0F22741.jpg,0.68792,0.66695,0.75009,tu_choi,tu_choi,1,5615
query/P1944T04060A2/P1944T04060A2C3F10081.jpg,1944040602,1944040602,gallery/P1944T04060A2/P1944T04060A2C0F09361.jpg,0.71491,0.6503,0.75009,tu_choi,tu_choi,0,5615
query/P1173T04070A2/P1173T04070A2C3F03601.jpg,1173040702,161040511,gallery/P0161T04051A1/P0161T04051A1C0F2131.jpg,0.65597,0.65597,0.75009,tu_choi,tu_choi,1,5615
query/P2601T04071A0/P2601T04071A0C3F12331.jpg,2601040710,303040701,gallery/P0303T04070A1/P0303T04070A1C0F03391.jpg,0.65739,0.65739,0.75009,tu_choi,tu_choi,0,5615
query/P0130T04060A0/P0130T04060A0C3F03211.jpg,130040600,597040601,gallery/P0597T04060A1/P0597T04060A1C0F06451.jpg,0.76271,0.76271,0.75009,ban_giao,sai,1,5615
query/P2527T04070A2/P2527T04070A2C3F07741.jpg,2527040702,191040511,gallery/P0191T04051A1/P0191T04051A1C0F9811.jpg,0.74799,0.74799,0.75009,tu_choi,tu_choi,0,5615
query/P0002T04071A2/P0002T04071A2C3F01981.jpg,2040712,775040700,gallery/P0775T04070A0/P0775T04070A0C0F12961.jpg,0.67614,0.67614,0.75009,tu_choi,tu_choi,1,5615
query/P1149T04071A2/P1149T04071A2C3F09001.jpg,1149040712,1147040601,gallery/P1147T04060A1/P1147T04060A1C0F13351.jpg,0.63284,0.63284,0.75009,tu_choi,tu_choi,0,5615
query/P1370T04060A0/P1370T04060A0C3F10051.jpg,1370040600,1370040600,gallery/P1370T04060A0/P1370T04060A0C0F19111.jpg,0.78373,0.68099,0.75009,ban_giao,dung,1,5615
query/P1173T04070A2/P1173T04070A2C3F03691.jpg,1173040702,211040511,gallery/P0211T04051A1/P0211T04051A1C0F13171.jpg,0.61067,0.61067,0.75009,tu_choi,tu_choi,1,5615
query/P1685T04070A2/P1685T04070A2C3F05851.jpg,1685040702,1825040601,gallery/P1825T04060A1/P1825T04060A1C0F23671.jpg,0.65117,0.65117,0.75009,tu_choi,tu_choi,1,5615
query/P1626T04070A0/P1626T04070A0C3F12991.jpg,1626040700,161040511,gallery/P0161T04051A1/P0161T04051A1C0F2041.jpg,0.64713,0.64713,0.75009,tu_choi,tu_choi,0,5615
query/P0555T04071A1/P0555T04071A1C3F02641.jpg,555040711,292040512,gallery/P0292T04051A2/P0292T04051A2C0F2191.jpg,0.65103,0.65103,0.75009,tu_choi,tu_choi,1,5615
query/P1425T04070A0/P1425T04070A0C3F12841.jpg,1425040700,191040511,gallery/P0191T04051A1/P0191T04051A1C0F9181.jpg,0.66883,0.66883,0.75009,tu_choi,tu_choi,1,5615
query/P0796T04071A2/P0796T04071A2C3F06961.jpg,796040712,632040700,gallery/P0632T04070A0/P0632T04070A0C0F11221.jpg,0.65433,0.65433,0.75009,tu_choi,tu_choi,1,5615
query/P0632T04070A0/P0632T04070A0C3F05611.jpg,632040700,632040700,gallery/P0632T04070A0/P0632T04070A0C0F11881.jpg,0.73036,0.68457,0.75009,tu_choi,tu_choi,1,5615
query/P0130T04060A0/P0130T04060A0C3F02281.jpg,130040600,130040600,gallery/P0130T04060A0/P0130T04060A0C0F02161.jpg,0.73198,0.65913,0.75009,tu_choi,tu_choi,1,5615
query/P1149T04071A2/P1149T04071A2C3F09031.jpg,1149040712,1162040711,gallery/P1162T04071A1/P1162T04071A1C0F12541.jpg,0.64342,0.64342,0.75009,tu_choi,tu_choi,0,5615
query/P1805T04070A0/P1805T04070A0C3F14611.jpg,1805040700,575040602,gallery/P0575T04060A2/P0575T04060A2C0F05281.jpg,0.69881,0.69881,0.75009,tu_choi,tu_choi,0,5615
query/P1031T04070A0/P1031T04070A0C3F11521.jpg,1031040700,1031040700,gallery/P1031T04070A0/P1031T04070A0C0F17971.jpg,0.72629,0.59678,0.75009,tu_choi,tu_choi,1,5615
query/P2051T04071A0/P2051T04071A0C3F11101.jpg,2051040710,1106040711,gallery/P1106T04071A1/P1106T04071A1C0F12121.jpg,0.74408,0.74408,0.75009,tu_choi,tu_choi,0,5615
query/P1608T04060A2/P1608T04060A2C3F06061.jpg,1608040602,1040040600,gallery/P1040T04060A0/P1040T04060A0C0F13321.jpg,0.68364,0.68364,0.75009,tu_choi,tu_choi,1,5615
query/P1805T04070A0/P1805T04070A0C3F13981.jpg,1805040700,150040711,gallery/P0150T04071A1/P0150T04071A1C0F04981.jpg,0.7261,0.7261,0.75009,tu_choi,tu_choi,0,5615
query/P2049T04071A0/P2049T04071A0C3F10531.jpg,2049040710,2049040710,gallery/P2049T04071A0/P2049T04071A0C0F17881.jpg,0.79639,0.68572,0.75009,ban_giao,dung,1,5615
query/P0414T04051A2/P0414T04051A2C3F9601.jpg,414040512,132040510,gallery/P0132T04051A0/P0132T04051A0C0F22981.jpg,0.66054,0.66054,0.75009,tu_choi,tu_choi,1,5615
query/P1761T04071A1/P1761T04071A1C3F11671.jpg,1761040711,194040710,gallery/P0194T04071A0/P0194T04071A0C0F02251.jpg,0.65434,0.65434,0.75009,tu_choi,tu_choi,1,5615
query/P0837T04071A0/P0837T04071A0C3F04531.jpg,837040710,837040710,gallery/P0837T04071A0/P0837T04071A0C0F09301.jpg,0.75786,0.69483,0.75009,ban_giao,dung,1,5615
query/P1048T04071A1/P1048T04071A1C3F07201.jpg,1048040711,994040711,gallery/P0994T04071A1/P0994T04071A1C0F10981.jpg,0.67994,0.67994,0.75009,tu_choi,tu_choi,1,5615
query/P1933T04070A1/P1933T04070A1C3F09481.jpg,1933040701,1370040600,gallery/P1370T04060A0/P1370T04060A0C0F19171.jpg,0.64399,0.64399,0.75009,tu_choi,tu_choi,1,5615
query/P1944T04060A2/P1944T04060A2C3F10291.jpg,1944040602,1944040602,gallery/P1944T04060A2/P1944T04060A2C0F09361.jpg,0.6213,0.60119,0.75009,tu_choi,tu_choi,0,5615
query/P0189T04070A1/P0189T04070A1C3F01741.jpg,189040701,916040601,gallery/P0916T04060A1/P0916T04060A1C0F11191.jpg,0.7065,0.7065,0.75009,tu_choi,tu_choi,0,5615
query/P0002T04071A2/P0002T04071A2C3F02041.jpg,2040712,775040700,gallery/P0775T04070A0/P0775T04070A0C0F12961.jpg,0.72091,0.72091,0.75009,tu_choi,tu_choi,1,5615
query/P0368T04070A0/P0368T04070A0C3F02851.jpg,368040700,368040700,gallery/P0368T04070A0/P0368T04070A0C0F05821.jpg,0.6957,0.63187,0.75009,tu_choi,tu_choi,1,5615
query/P0189T04070A1/P0189T04070A1C3F01711.jpg,189040701,2271040710,gallery/P2271T04071A0/P2271T04071A0C0F20761.jpg,0.67891,0.67891,0.75009,tu_choi,tu_choi,0,5615
query/P1838T04071A2/P1838T04071A2C3F14131.jpg,1838040712,1838040712,gallery/P1838T04071A2/P1838T04071A2C0F25981.jpg,0.72662,0.72464,0.75009,tu_choi,tu_choi,0,5615
query/P0685T04060A1/P0685T04060A1C3F05011.jpg,685040601,685040601,gallery/P0685T04060A1/P0685T04060A1C0F06841.jpg,0.74291,0.70582,0.75009,tu_choi,tu_choi,1,5615
query/P0590T04070A2/P0590T04070A2C3F01621.jpg,590040702,348040600,gallery/P0348T04060A0/P0348T04060A0C0F07891.jpg,0.70322,0.70322,0.75009,tu_choi,tu_choi,1,5615
query/P2584T04071A0/P2584T04071A0C3F11341.jpg,2584040710,167040511,gallery/P0167T04051A1/P0167T04051A1C0F2881.jpg,0.7153,0.7153,0.75009,tu_choi,tu_choi,1,5615
query/P0049T04060A2/P0049T04060A2C3F00541.jpg,49040602,49040602,gallery/P0049T04060A2/P0049T04060A2C0F01441.jpg,0.74897,0.66547,0.75009,tu_choi,tu_choi,0,5615
query/P0769T04071A1/P0769T04071A1C3F05791.jpg,769040711,769040711,gallery/P0769T04071A1/P0769T04071A1C0F09151.jpg,0.72385,0.66941,0.75009,tu_choi,tu_choi,1,5615
query/P1053T04071A0/P1053T04071A0C3F05401.jpg,1053040710,837040710,gallery/P0837T04071A0/P0837T04071A0C0F09331.jpg,0.68346,0.68346,0.75009,tu_choi,tu_choi,0,5615
query/P2197T04071A0/P2197T04071A0C3F11071.jpg,2197040710,132040510,gallery/P0132T04051A0/P0132T04051A0C0F23911.jpg,0.67588,0.67588,0.75009,tu_choi,tu_choi,1,5615
query/P1053T04071A0/P1053T04071A0C3F05941.jpg,1053040710,1053040710,gallery/P1053T04071A0/P1053T04071A0C0F10741.jpg,0.67359,0.67184,0.75009,tu_choi,tu_choi,0,5615
query/P0927T04071A2/P0927T04071A2C3F08281.jpg,927040712,927040712,gallery/P0927T04071A2/P0927T04071A2C0F12541.jpg,0.6784,0.67578,0.75009,tu_choi,tu_choi,1,5615
query/P0002T04071A2/P0002T04071A2C3F01921.jpg,2040712,2271040710,gallery/P2271T04071A0/P2271T04071A0C0F19681.jpg,0.67917,0.67917,0.75009,tu_choi,tu_choi,1,5615
query/P1046T04070A2/P1046T04070A2C3F03391.jpg,1046040702,130040600,gallery/P0130T04060A0/P0130T04060A0C0F02371.jpg,0.73937,0.73937,0.75009,tu_choi,tu_choi,1,5615
query/P0303T04070A1/P0303T04070A1C3F01681.jpg,303040701,4040510,gallery/P0004T04051A0/P0004T04051A0C0F511.jpg,0.64627,0.64627,0.75009,tu_choi,tu_choi,1,5615
query/P1785T04071A2/P1785T04071A2C3F11911.jpg,1785040712,1785040712,gallery/P1785T04071A2/P1785T04071A2C0F24181.jpg,0.7671,0.73187,0.75009,ban_giao,dung,0,5615
query/P3492T04070A2/P3492T04070A2C3F10981.jpg,3492040702,194040710,gallery/P0194T04071A0/P0194T04071A0C0F03031.jpg,0.69635,0.69635,0.75009,tu_choi,tu_choi,0,5615
query/P1566T04060A1/P1566T04060A1C3F09961.jpg,1566040601,2040040702,gallery/P2040T04070A2/P2040T04070A2C0F13051.jpg,0.74171,0.74171,0.75009,tu_choi,tu_choi,0,5615
query/P1703T04071A2/P1703T04071A2C3F11101.jpg,1703040712,1703040712,gallery/P1703T04071A2/P1703T04071A2C0F23071.jpg,0.79037,0.72952,0.75009,ban_giao,dung,1,5615
query/P1895T04060A0/P1895T04060A0C3F12421.jpg,1895040600,127040510,gallery/P0127T04051A0/P0127T04051A0C0F21061.jpg,0.76137,0.76137,0.75009,ban_giao,sai,1,5615
query/P0586T04071A2/P0586T04071A2C3F06121.jpg,586040712,431040512,gallery/P0431T04051A2/P0431T04051A2C0F15961.jpg,0.64896,0.64896,0.75009,tu_choi,tu_choi,1,5615
query/P0724T04071A1/P0724T04071A1C3F06241.jpg,724040711,724040711,gallery/P0724T04071A1/P0724T04071A1C0F08461.jpg,0.65689,0.62001,0.75009,tu_choi,tu_choi,1,5615
query/P0269T04071A2/P0269T04071A2C3F01291.jpg,269040712,150040711,gallery/P0150T04071A1/P0150T04071A1C0F04681.jpg,0.58745,0.58745,0.75009,tu_choi,tu_choi,0,5615
query/P0555T04071A1/P0555T04071A1C3F03421.jpg,555040711,191040511,gallery/P0191T04051A1/P0191T04051A1C0F10321.jpg,0.69426,0.69426,0.75009,tu_choi,tu_choi,1,5615
query/P3492T04070A2/P3492T04070A2C3F10771.jpg,3492040702,837040710,gallery/P0837T04071A0/P0837T04071A0C0F10051.jpg,0.70712,0.70712,0.75009,tu_choi,tu_choi,0,5615
query/P1895T04060A0/P1895T04060A0C3F12691.jpg,1895040600,1895040600,gallery/P1895T04060A0/P1895T04060A0C0F24391.jpg,0.70694,0.70378,0.75009,tu_choi,tu_choi,1,5615
query/P1149T04071A2/P1149T04071A2C3F09091.jpg,1149040712,2641040602,gallery/P2641T04060A2/P2641T04060A2C0F25021.jpg,0.64798,0.64798,0.75009,tu_choi,tu_choi,0,5615
query/P1270T04070A1/P1270T04070A1C3F07291.jpg,1270040701,167040511,gallery/P0167T04051A1/P0167T04051A1C0F2851.jpg,0.69191,0.69191,0.75009,tu_choi,tu_choi,1,5615
query/P1182T04060A0/P1182T04060A0C3F08221.jpg,1182040600,1182040600,gallery/P1182T04060A0/P1182T04060A0C0F15961.jpg,0.70903,0.64135,0.75009,tu_choi,tu_choi,0,5615
query/P0916T04060A1/P0916T04060A1C3F05101.jpg,916040601,916040601,gallery/P0916T04060A1/P0916T04060A1C0F10771.jpg,0.77329,0.66212,0.75009,ban_giao,dung,1,5615
query/P1180T04060A0/P1180T04060A0C3F07771.jpg,1180040600,1370040600,gallery/P1370T04060A0/P1370T04060A0C0F20131.jpg,0.73803,0.73803,0.75009,tu_choi,tu_choi,0,5615
query/P0574T04070A1/P0574T04070A1C3F04471.jpg,574040701,574040701,gallery/P0574T04070A1/P0574T04070A1C0F05371.jpg,0.726,0.71218,0.75009,tu_choi,tu_choi,1,5615
query/P0123T04060A2/P0123T04060A2C3F01111.jpg,123040602,191040511,gallery/P0191T04051A1/P0191T04051A1C0F9961.jpg,0.65691,0.65691,0.75009,tu_choi,tu_choi,0,5615
query/P0871T04071A0/P0871T04071A0C3F06781.jpg,871040710,871040710,gallery/P0871T04071A0/P0871T04071A0C0F09871.jpg,0.68966,0.68782,0.75009,tu_choi,tu_choi,1,5615
query/P2057T04060A1/P2057T04060A1C3F12181.jpg,2057040601,113040510,gallery/P0113T04051A0/P0113T04051A0C0F18841.jpg,0.66185,0.66185,0.75009,tu_choi,tu_choi,1,5615
query/P1162T04071A1/P1162T04071A1C3F12271.jpg,1162040711,1053040710,gallery/P1053T04071A0/P1053T04071A0C0F10741.jpg,0.73565,0.73565,0.75009,tu_choi,tu_choi,0,5615
query/P2414T04071A0/P2414T04071A0C3F12691.jpg,2414040710,2414040710,gallery/P2414T04071A0/P2414T04071A0C0F21751.jpg,0.74612,0.69483,0.75009,tu_choi,tu_choi,1,5615
query/P0474T04060A2/P0474T04060A2C3F02791.jpg,474040602,871040710,gallery/P0871T04071A0/P0871T04071A0C0F09391.jpg,0.66895,0.66895,0.75009,tu_choi,tu_choi,1,5615
query/P0710T04060A1/P0710T04060A1C3F03511.jpg,710040601,710040601,gallery/P0710T04060A1/P0710T04060A1C0F08011.jpg,0.72698,0.67331,0.75009,tu_choi,tu_choi,1,5615
query/P0732T04071A0/P0732T04071A0C3F06121.jpg,732040710,732040710,gallery/P0732T04071A0/P0732T04071A0C0F08371.jpg,0.69481,0.69281,0.75009,tu_choi,tu_choi,1,5615
query/P1791T04071A0/P1791T04071A0C3F09661.jpg,1791040710,116040510,gallery/P0116T04051A0/P0116T04051A0C0F20551.jpg,0.65018,0.65018,0.75009,tu_choi,tu_choi,0,5615
query/P0959T04060A1/P0959T04060A1C3F05221.jpg,959040601,959040601,gallery/P0959T04060A1/P0959T04060A1C0F12061.jpg,0.69901,0.69709,0.75009,tu_choi,tu_choi,1,5615
query/P0959T04060A1/P0959T04060A1C3F05401.jpg,959040601,4040510,gallery/P0004T04051A0/P0004T04051A0C0F601.jpg,0.69431,0.69431,0.75009,tu_choi,tu_choi,1,5615
query/P1148T04060A2/P1148T04060A2C3F06631.jpg,1148040602,1148040602,gallery/P1148T04060A2/P1148T04060A2C0F13291.jpg,0.75472,0.69991,0.75009,ban_giao,dung,1,5615
query/P0499T04060A0/P0499T04060A0C3F04831.jpg,499040600,499040600,gallery/P0499T04060A0/P0499T04060A0C0F07981.jpg,0.74126,0.72592,0.75009,tu_choi,tu_choi,1,5615
query/P2079T04070A2/P2079T04070A2C3F07861.jpg,2079040702,2079040702,gallery/P2079T04070A2/P2079T04070A2C0F13471.jpg,0.66609,0.65009,0.75009,tu_choi,tu_choi,1,5615
query/P0049T04060A2/P0049T04060A2C3F00631.jpg,49040602,1254040710,gallery/P1254T04071A0/P1254T04071A0C0F12091.jpg,0.67331,0.67331,0.75009,tu_choi,tu_choi,0,5615
query/P0441T04070A0/P0441T04070A0C3F04141.jpg,441040700,1596040601,gallery/P1596T04060A1/P1596T04060A1C0F20221.jpg,0.63721,0.63721,0.75009,tu_choi,tu_choi,1,5615
query/P0699T04071A0/P0699T04071A0C3F06181.jpg,699040710,732040710,gallery/P0732T04071A0/P0732T04071A0C0F08431.jpg,0.79518,0.79518,0.75009,ban_giao,sai,0,5615
query/P0721T04070A1/P0721T04070A1C3F03391.jpg,721040701,721040701,gallery/P0721T04070A1/P0721T04070A1C0F06931.jpg,0.72451,0.71067,0.75009,tu_choi,tu_choi,1,5615
query/P1768T04060A0/P1768T04060A0C3F11701.jpg,1768040600,1768040600,gallery/P1768T04060A0/P1768T04060A0C0F23911.jpg,0.74573,0.67553,0.75009,tu_choi,tu_choi,1,5615
query/P1479T04071A2/P1479T04071A2C3F09781.jpg,1479040712,1479040712,gallery/P1479T04071A2/P1479T04071A2C0F20491.jpg,0.73151,0.65367,0.75009,tu_choi,tu_choi,0,5615
query/P0732T04071A0/P0732T04071A0C3F06181.jpg,732040710,732040710,gallery/P0732T04071A0/P0732T04071A0C0F08491.jpg,0.79105,0.64325,0.75009,ban_giao,dung,1,5615
query/P0292T04051A2/P0292T04051A2C3F6091.jpg,292040512,685040601,gallery/P0685T04060A1/P0685T04060A1C0F07081.jpg,0.71029,0.71029,0.75009,tu_choi,tu_choi,1,5615
query/P2271T04071A0/P2271T04071A0C3F09601.jpg,2271040710,2271040710,gallery/P2271T04071A0/P2271T04071A0C0F20461.jpg,0.8406,0.78218,0.75009,ban_giao,dung,1,5615
query/P1396T04071A1/P1396T04071A1C3F08341.jpg,1396040711,1573040711,gallery/P1573T04071A1/P1573T04071A1C0F18391.jpg,0.65845,0.65845,0.75009,tu_choi,tu_choi,1,5615
query/P1243T04060A2/P1243T04060A2C3F06451.jpg,1243040602,1243040602,gallery/P1243T04060A2/P1243T04060A2C0F10081.jpg,0.72138,0.68788,0.75009,tu_choi,tu_choi,0,5615
query/P0769T04060A2/P0769T04060A2C3F02311.jpg,769040602,2414040710,gallery/P2414T04071A0/P2414T04071A0C0F21211.jpg,0.71164,0.71164,0.75009,tu_choi,tu_choi,0,5615
query/P1275T04070A1/P1275T04070A1C3F06991.jpg,1275040701,597040601,gallery/P0597T04060A1/P0597T04060A1C0F06181.jpg,0.7447,0.7447,0.75009,tu_choi,tu_choi,1,5615
query/P1257T04071A0/P1257T04071A0C3F05761.jpg,1257040710,691040712,gallery/P0691T04071A2/P0691T04071A2C0F10621.jpg,0.65845,0.65845,0.75009,tu_choi,tu_choi,1,5615
query/P2719T04071A0/P2719T04071A0C3F13501.jpg,2719040710,2719040710,gallery/P2719T04071A0/P2719T04071A0C0F23491.jpg,0.71787,0.69736,0.75009,tu_choi,tu_choi,1,5615
query/P0586T04071A2/P0586T04071A2C3F05851.jpg,586040712,586040712,gallery/P0586T04071A2/P0586T04071A2C0F08971.jpg,0.76214,0.71257,0.75009,ban_giao,dung,1,5615
query/P1826T04060A1/P1826T04060A1C3F11521.jpg,1826040601,2467040601,gallery/P2467T04060A1/P2467T04060A1C0F26641.jpg,0.7393,0.7393,0.75009,tu_choi,tu_choi,1,5615
query/P0916T04060A1/P0916T04060A1C3F05041.jpg,916040601,916040601,gallery/P0916T04060A1/P0916T04060A1C0F10351.jpg,0.75136,0.68469,0.75009,ban_giao,dung,1,5615
query/P1488T04060A0/P1488T04060A0C3F10411.jpg,1488040600,348040600,gallery/P0348T04060A0/P0348T04060A0C0F07891.jpg,0.79315,0.79315,0.75009,ban_giao,sai,1,5615
query/P0822T04071A0/P0822T04071A0C3F06421.jpg,822040710,822040710,gallery/P0822T04071A0/P0822T04071A0C0F08881.jpg,0.68123,0.65031,0.75009,tu_choi,tu_choi,1,5615
query/P0049T04060A2/P0049T04060A2C3F00331.jpg,49040602,49040602,gallery/P0049T04060A2/P0049T04060A2C0F01261.jpg,0.78566,0.68669,0.75009,ban_giao,dung,0,5615
query/P1012T04070A0/P1012T04070A0C3F08941.jpg,1012040700,113040510,gallery/P0113T04051A0/P0113T04051A0C0F18931.jpg,0.7724,0.7724,0.75009,ban_giao,sai,0,5615
query/P1488T04060A0/P1488T04060A0C3F10261.jpg,1488040600,348040600,gallery/P0348T04060A0/P0348T04060A0C0F07891.jpg,0.75076,0.75076,0.75009,ban_giao,sai,1,5615
query/P1275T04070A1/P1275T04070A1C3F07351.jpg,1275040701,167040511,gallery/P0167T04051A1/P0167T04051A1C0F2851.jpg,0.6945,0.6945,0.75009,tu_choi,tu_choi,1,5615
query/P1933T04070A1/P1933T04070A1C3F09391.jpg,1933040701,1933040701,gallery/P1933T04070A1/P1933T04070A1C0F22651.jpg,0.70337,0.64662,0.75009,tu_choi,tu_choi,1,5615
query/P0691T04071A2/P0691T04071A2C3F06451.jpg,691040712,691040712,gallery/P0691T04071A2/P0691T04071A2C0F09751.jpg,0.81415,0.69336,0.75009,ban_giao,dung,0,5615
query/P0346T04070A0/P0346T04070A0C3F02611.jpg,346040700,664040601,gallery/P0664T04060A1/P0664T04060A1C0F07261.jpg,0.68335,0.68335,0.75009,tu_choi,tu_choi,1,5615
query/P0395T04060A0/P0395T04060A0C3F00391.jpg,395040600,1530040600,gallery/P1530T04060A0/P1530T04060A0C0F22081.jpg,0.76973,0.76973,0.75009,ban_giao,sai,1,5615
query/P0634T04060A1/P0634T04060A1C3F02521.jpg,634040601,634040601,gallery/P0634T04060A1/P0634T04060A1C0F06061.jpg,0.82038,0.66158,0.75009,ban_giao,dung,0,5615
query/P0796T04071A2/P0796T04071A2C3F06931.jpg,796040712,2467040601,gallery/P2467T04060A1/P2467T04060A1C0F26641.jpg,0.72178,0.72178,0.75009,tu_choi,tu_choi,1,5615
query/P0368T04071A2/P0368T04071A2C3F02311.jpg,368040712,368040712,gallery/P0368T04071A2/P0368T04071A2C0F05041.jpg,0.75545,0.72615,0.75009,ban_giao,dung,1,5615
query/P1180T04060A0/P1180T04060A0C3F07711.jpg,1180040600,1180040600,gallery/P1180T04060A0/P1180T04060A0C0F15631.jpg,0.75569,0.67043,0.75009,ban_giao,dung,0,5615
query/P0441T04070A0/P0441T04070A0C3F03421.jpg,441040700,69040510,gallery/P0069T04051A0/P0069T04051A0C0F10501.jpg,0.63734,0.63734,0.75009,tu_choi,tu_choi,1,5615
query/P2230T04070A1/P2230T04070A1C3F13081.jpg,2230040701,775040700,gallery/P0775T04070A0/P0775T04070A0C0F13021.jpg,0.65471,0.65471,0.75009,tu_choi,tu_choi,1,5615
query/P1983T04070A2/P1983T04070A2C3F08221.jpg,1983040702,1147040601,gallery/P1147T04060A1/P1147T04060A1C0F13441.jpg,0.66354,0.66354,0.75009,tu_choi,tu_choi,1,5615
query/P0977T04060A1/P0977T04060A1C3F05461.jpg,977040601,1162040711,gallery/P1162T04071A1/P1162T04071A1C0F12541.jpg,0.65408,0.65408,0.75009,tu_choi,tu_choi,1,5615
query/P1785T04071A2/P1785T04071A2C3F11671.jpg,1785040712,1785040712,gallery/P1785T04071A2/P1785T04071A2C0F24181.jpg,0.741,0.72355,0.75009,tu_choi,tu_choi,0,5615
query/P1147T04060A1/P1147T04060A1C3F06631.jpg,1147040601,1147040601,gallery/P1147T04060A1/P1147T04060A1C0F13231.jpg,0.70041,0.62965,0.75009,tu_choi,tu_choi,1,5615
query/P2079T04070A2/P2079T04070A2C3F07921.jpg,2079040702,2079040702,gallery/P2079T04070A2/P2079T04070A2C0F13381.jpg,0.69368,0.69104,0.75009,tu_choi,tu_choi,1,5615
query/P0586T04071A2/P0586T04071A2C3F05881.jpg,586040712,586040712,gallery/P0586T04071A2/P0586T04071A2C0F08971.jpg,0.77488,0.76213,0.75009,ban_giao,dung,1,5615
query/P1933T04070A1/P1933T04070A1C3F09691.jpg,1933040701,1556040711,gallery/P1556T04071A1/P1556T04071A1C0F17881.jpg,0.68617,0.68617,0.75009,tu_choi,tu_choi,1,5615
query/P0847T04071A0/P0847T04071A0C3F06301.jpg,847040710,847040710,gallery/P0847T04071A0/P0847T04071A0C0F09901.jpg,0.7344,0.72476,0.75009,tu_choi,tu_choi,1,5615
query/P1370T04060A0/P1370T04060A0C3F09931.jpg,1370040600,1370040600,gallery/P1370T04060A0/P1370T04060A0C0F19441.jpg,0.79867,0.70625,0.75009,ban_giao,dung,1,5615
query/P2508T04071A0/P2508T04071A0C3F12481.jpg,2508040710,1370040600,gallery/P1370T04060A0/P1370T04060A0C0F20431.jpg,0.68549,0.68549,0.75009,tu_choi,tu_choi,0,5615
query/P2271T04071A0/P2271T04071A0C3F09511.jpg,2271040710,2271040710,gallery/P2271T04071A0/P2271T04071A0C0F20551.jpg,0.81584,0.77588,0.75009,ban_giao,dung,1,5615
query/P0049T04060A2/P0049T04060A2C3F00811.jpg,49040602,49040602,gallery/P0049T04060A2/P0049T04060A2C0F02101.jpg,0.72609,0.71531,0.75009,tu_choi,tu_choi,0,5615
query/P0167T04051A1/P0167T04051A1C3F3031.jpg,167040511,1162040711,gallery/P1162T04071A1/P1162T04071A1C0F12541.jpg,0.6367,0.6367,0.75009,tu_choi,tu_choi,1,5615
query/P1851T04060A1/P1851T04060A1C3F09661.jpg,1851040601,2271040710,gallery/P2271T04071A0/P2271T04071A0C0F20521.jpg,0.67187,0.67187,0.75009,tu_choi,tu_choi,1,5615
query/P2584T04071A0/P2584T04071A0C3F11521.jpg,2584040710,2584040710,gallery/P2584T04071A0/P2584T04071A0C0F22501.jpg,0.71085,0.69162,0.75009,tu_choi,tu_choi,1,5615
query/P0355T04051A2/P0355T04051A2C3F6391.jpg,355040512,847040710,gallery/P0847T04071A0/P0847T04071A0C0F09451.jpg,0.70592,0.70592,0.75009,tu_choi,tu_choi,1,5615
query/P2051T04071A0/P2051T04071A0C3F10681.jpg,2051040710,2051040710,gallery/P2051T04071A0/P2051T04071A0C0F18991.jpg,0.80495,0.69844,0.75009,ban_giao,dung,0,5615
query/P0977T04060A1/P0977T04060A1C3F05221.jpg,977040601,977040601,gallery/P0977T04060A1/P0977T04060A1C0F10891.jpg,0.69877,0.69375,0.75009,tu_choi,tu_choi,1,5615
query/P1012T04070A0/P1012T04070A0C3F09571.jpg,1012040700,1012040700,gallery/P1012T04070A0/P1012T04070A0C0F16411.jpg,0.7742,0.72101,0.75009,ban_giao,dung,0,5615
query/P1106T04071A1/P1106T04071A1C3F07741.jpg,1106040711,1106040711,gallery/P1106T04071A1/P1106T04071A1C0F12301.jpg,0.69412,0.66071,0.75009,tu_choi,tu_choi,1,5615
query/P0850T04071A2/P0850T04071A2C3F05371.jpg,850040712,850040712,gallery/P0850T04071A2/P0850T04071A2C0F12241.jpg,0.71263,0.67238,0.75009,tu_choi,tu_choi,1,5615
query/P0133T04051A0/P0133T04051A0C3F11641.jpg,133040510,133040510,gallery/P0133T04051A0/P0133T04051A0C0F23851.jpg,0.79584,0.74437,0.75009,ban_giao,dung,0,5615
query/P2197T04071A0/P2197T04071A0C3F10981.jpg,2197040710,133040510,gallery/P0133T04051A0/P0133T04051A0C0F23521.jpg,0.69945,0.69945,0.75009,tu_choi,tu_choi,1,5615
query/P1566T04071A1/P1566T04071A1C3F11101.jpg,1566040711,1566040711,gallery/P1566T04071A1/P1566T04071A1C0F18361.jpg,0.70226,0.66016,0.75009,tu_choi,tu_choi,0,5615
query/P1761T04071A1/P1761T04071A1C3F11701.jpg,1761040711,1761040711,gallery/P1761T04071A1/P1761T04071A1C0F20611.jpg,0.78149,0.72278,0.75009,ban_giao,dung,1,5615
query/P0959T04060A1/P0959T04060A1C3F05071.jpg,959040601,959040601,gallery/P0959T04060A1/P0959T04060A1C0F11191.jpg,0.75667,0.70976,0.75009,ban_giao,dung,1,5615
query/P1084T04070A0/P1084T04070A0C3F11551.jpg,1084040700,1084040700,gallery/P1084T04070A0/P1084T04070A0C0F17791.jpg,0.74013,0.63917,0.75009,tu_choi,tu_choi,0,5615
query/P1179T04060A0/P1179T04060A0C3F07681.jpg,1179040600,1179040600,gallery/P1179T04060A0/P1179T04060A0C0F22141.jpg,0.68875,0.66192,0.75009,tu_choi,tu_choi,0,5615
query/P1826T04060A1/P1826T04060A1C3F11191.jpg,1826040601,847040710,gallery/P0847T04071A0/P0847T04071A0C0F09421.jpg,0.7172,0.7172,0.75009,tu_choi,tu_choi,1,5615
query/P1378T04071A1/P1378T04071A1C3F07831.jpg,1378040711,191040511,gallery/P0191T04051A1/P0191T04051A1C0F9841.jpg,0.62207,0.62207,0.75009,tu_choi,tu_choi,1,5615
query/P0916T04060A1/P0916T04060A1C3F05371.jpg,916040601,1053040710,gallery/P1053T04071A0/P1053T04071A0C0F10741.jpg,0.70648,0.70648,0.75009,tu_choi,tu_choi,1,5615
query/P0002T04071A2/P0002T04071A2C3F01891.jpg,2040712,2271040710,gallery/P2271T04071A0/P2271T04071A0C0F19681.jpg,0.66661,0.66661,0.75009,tu_choi,tu_choi,1,5615
query/P2020T04071A2/P2020T04071A2C3F12691.jpg,2020040712,610040700,gallery/P0610T04070A0/P0610T04070A0C0F11131.jpg,0.67928,0.67928,0.75009,tu_choi,tu_choi,1,5615
query/P1488T04060A0/P1488T04060A0C3F10171.jpg,1488040600,1488040600,gallery/P1488T04060A0/P1488T04060A0C0F20971.jpg,0.77495,0.75902,0.75009,ban_giao,dung,1,5615
query/P0522T04070A0/P0522T04070A0C3F04321.jpg,522040700,1053040710,gallery/P1053T04071A0/P1053T04071A0C0F10771.jpg,0.68236,0.68236,0.75009,tu_choi,tu_choi,1,5615
query/P1791T04071A0/P1791T04071A0C3F09451.jpg,1791040710,837040710,gallery/P0837T04071A0/P0837T04071A0C0F10051.jpg,0.67576,0.67576,0.75009,tu_choi,tu_choi,0,5615
query/P0194T04071A0/P0194T04071A0C3F00721.jpg,194040710,194040710,gallery/P0194T04071A0/P0194T04071A0C0F02461.jpg,0.70703,0.61651,0.75009,tu_choi,tu_choi,1,5615
query/P0867T04070A0/P0867T04070A0C3F08701.jpg,867040700,867040700,gallery/P0867T04070A0/P0867T04070A0C0F14131.jpg,0.73719,0.64175,0.75009,tu_choi,tu_choi,1,5615
query/P0123T04070A0/P0123T04070A0C3F02911.jpg,123040700,113040510,gallery/P0113T04051A0/P0113T04051A0C0F18841.jpg,0.65677,0.65677,0.75009,tu_choi,tu_choi,1,5615
query/P2641T04060A2/P2641T04060A2C3F10561.jpg,2641040602,271040512,gallery/P0271T04051A2/P0271T04051A2C0F91.jpg,0.68691,0.68691,0.75009,tu_choi,tu_choi,1,5615
query/P1608T04060A2/P1608T04060A2C3F05191.jpg,1608040602,1608040602,gallery/P1608T04060A2/P1608T04060A2C0F10771.jpg,0.75655,0.73076,0.75009,ban_giao,dung,1,5615
query/P1791T04071A0/P1791T04071A0C3F09361.jpg,1791040710,113040510,gallery/P0113T04051A0/P0113T04051A0C0F18841.jpg,0.73301,0.73301,0.75009,tu_choi,tu_choi,0,5615
query/P2271T04071A0/P2271T04071A0C3F09481.jpg,2271040710,2271040710,gallery/P2271T04071A0/P2271T04071A0C0F20551.jpg,0.7632,0.7261,0.75009,ban_giao,dung,1,5615
query/P0039T04071A2/P0039T04071A2C3F00211.jpg,39040712,1944040602,gallery/P1944T04060A2/P1944T04060A2C0F12241.jpg,0.71228,0.71228,0.75009,tu_choi,tu_choi,1,5615
query/P1182T04060A1/P1182T04060A1C3F07171.jpg,1182040601,113040510,gallery/P0113T04051A0/P0113T04051A0C0F18841.jpg,0.65166,0.65166,0.75009,tu_choi,tu_choi,0,5615
query/P0495T04051A2/P0495T04051A2C3F14131.jpg,495040512,1793040711,gallery/P1793T04071A1/P1793T04071A1C0F19861.jpg,0.65488,0.65488,0.75009,tu_choi,tu_choi,1,5615
query/P1684T04070A2/P1684T04070A2C3F06001.jpg,1684040702,113040510,gallery/P0113T04051A0/P0113T04051A0C0F18751.jpg,0.71,0.71,0.75009,tu_choi,tu_choi,0,5615
query/P0701T04060A0/P0701T04060A0C3F04441.jpg,701040600,701040600,gallery/P0701T04060A0/P0701T04060A0C0F09961.jpg,0.78949,0.74206,0.75009,ban_giao,dung,1,5615
query/P0053T04070A0/P0053T04070A0C3F00631.jpg,53040700,53040700,gallery/P0053T04070A0/P0053T04070A0C0F01231.jpg,0.7553,0.71195,0.75009,ban_giao,dung,1,5615
query/P1615T04060A2/P1615T04060A2C3F05401.jpg,1615040602,390040512,gallery/P0390T04051A2/P0390T04051A2C0F11761.jpg,0.70875,0.70875,0.75009,tu_choi,tu_choi,1,5615
query/P0634T04060A1/P0634T04060A1C3F02461.jpg,634040601,634040601,gallery/P0634T04060A1/P0634T04060A1C0F06121.jpg,0.83522,0.73091,0.75009,ban_giao,dung,0,5615
query/P2230T04070A1/P2230T04070A1C3F12931.jpg,2230040701,281040601,gallery/P0281T04060A1/P0281T04060A1C0F04681.jpg,0.60441,0.60441,0.75009,tu_choi,tu_choi,1,5615
query/P0189T04070A1/P0189T04070A1C3F01651.jpg,189040701,123040700,gallery/P0123T04070A0/P0123T04070A0C0F05161.jpg,0.70791,0.70791,0.75009,tu_choi,tu_choi,0,5615
query/P3492T04070A2/P3492T04070A2C3F10831.jpg,3492040702,1162040711,gallery/P1162T04071A1/P1162T04071A1C0F13201.jpg,0.71414,0.71414,0.75009,tu_choi,tu_choi,0,5615
query/P1500T04060A0/P1500T04060A0C3F10471.jpg,1500040600,2079040702,gallery/P2079T04070A2/P2079T04070A2C0F13651.jpg,0.68228,0.68228,0.75009,tu_choi,tu_choi,1,5615
query/P1933T04070A1/P1933T04070A1C3F09991.jpg,1933040701,1933040701,gallery/P1933T04070A1/P1933T04070A1C0F22621.jpg,0.75042,0.74738,0.75009,ban_giao,dung,1,5615
query/P0555T04071A1/P0555T04071A1C3F03211.jpg,555040711,1944040602,gallery/P1944T04060A2/P1944T04060A2C0F12121.jpg,0.71602,0.71602,0.75009,tu_choi,tu_choi,1,5615
query/P1270T04070A1/P1270T04070A1C3F06901.jpg,1270040701,1270040701,gallery/P1270T04070A1/P1270T04070A1C0F14821.jpg,0.68829,0.6475,0.75009,tu_choi,tu_choi,1,5615
query/P0474T04060A2/P0474T04060A2C3F02821.jpg,474040602,837040710,gallery/P0837T04071A0/P0837T04071A0C0F10171.jpg,0.69201,0.69201,0.75009,tu_choi,tu_choi,1,5615
query/P2414T04071A0/P2414T04071A0C3F12391.jpg,2414040710,2414040710,gallery/P2414T04071A0/P2414T04071A0C0F21391.jpg,0.77763,0.77552,0.75009,ban_giao,dung,1,5615
query/P0361T04070A0/P0361T04070A0C3F04471.jpg,361040700,361040700,gallery/P0361T04070A0/P0361T04070A0C0F06121.jpg,0.73464,0.68544,0.75009,tu_choi,tu_choi,1,5615
query/P1031T04070A0/P1031T04070A0C3F11251.jpg,1031040700,1031040700,gallery/P1031T04070A0/P1031T04070A0C0F17491.jpg,0.71319,0.64138,0.75009,tu_choi,tu_choi,1,5615
query/P1550T04060A0/P1550T04060A0C3F10381.jpg,1550040600,1550040600,gallery/P1550T04060A0/P1550T04060A0C0F21751.jpg,0.69851,0.66892,0.75009,tu_choi,tu_choi,1,5615
query/P1254T04071A0/P1254T04071A0C3F07531.jpg,1254040710,1530040600,gallery/P1530T04060A0/P1530T04060A0C0F21931.jpg,0.73516,0.73516,0.75009,tu_choi,tu_choi,1,5615
query/P2020T04071A2/P2020T04071A2C3F12661.jpg,2020040712,2020040712,gallery/P2020T04071A2/P2020T04071A2C0F26071.jpg,0.7171,0.716,0.75009,tu_choi,tu_choi,1,5615
query/P1257T04071A0/P1257T04071A0C3F06151.jpg,1257040710,1257040710,gallery/P1257T04071A0/P1257T04071A0C0F11881.jpg,0.73475,0.7155,0.75009,tu_choi,tu_choi,1,5615
query/P1685T04070A2/P1685T04070A2C3F05761.jpg,1685040702,2271040710,gallery/P2271T04071A0/P2271T04071A0C0F20491.jpg,0.62593,0.62593,0.75009,tu_choi,tu_choi,1,5615
query/P1706T04071A2/P1706T04071A2C3F11221.jpg,1706040712,1254040710,gallery/P1254T04071A0/P1254T04071A0C0F12121.jpg,0.73605,0.73605,0.75009,tu_choi,tu_choi,1,5615
query/P1730T04060A0/P1730T04060A0C3F11101.jpg,1730040600,1730040600,gallery/P1730T04060A0/P1730T04060A0C0F22861.jpg,0.81028,0.67202,0.75009,ban_giao,dung,1,5615
query/P1791T04071A0/P1791T04071A0C3F09541.jpg,1791040710,191040511,gallery/P0191T04051A1/P0191T04051A1C0F9811.jpg,0.74806,0.74806,0.75009,tu_choi,tu_choi,0,5615
query/P1608T04060A2/P1608T04060A2C3F05851.jpg,1608040602,1608040602,gallery/P1608T04060A2/P1608T04060A2C0F10801.jpg,0.70381,0.69035,0.75009,tu_choi,tu_choi,1,5615
query/P0269T04071A2/P0269T04071A2C3F01321.jpg,269040712,269040712,gallery/P0269T04071A2/P0269T04071A2C0F04171.jpg,0.71948,0.63836,0.75009,tu_choi,tu_choi,0,5615
query/P1240T04060A2/P1240T04060A2C3F05851.jpg,1240040602,1530040600,gallery/P1530T04060A0/P1530T04060A0C0F23011.jpg,0.6865,0.6865,0.75009,tu_choi,tu_choi,1,5615
query/P0664T04060A1/P0664T04060A1C3F02281.jpg,664040601,664040601,gallery/P0664T04060A1/P0664T04060A1C0F06181.jpg,0.66529,0.66414,0.75009,tu_choi,tu_choi,1,5615
query/P0522T04071A2/P0522T04071A2C3F05581.jpg,522040712,132040510,gallery/P0132T04051A0/P0132T04051A0C0F22951.jpg,0.7232,0.7232,0.75009,tu_choi,tu_choi,1,5615
query/P0710T04060A1/P0710T04060A1C3F03541.jpg,710040601,710040601,gallery/P0710T04060A1/P0710T04060A1C0F08011.jpg,0.66587,0.64473,0.75009,tu_choi,tu_choi,1,5615
query/P1826T04060A1/P1826T04060A1C3F11731.jpg,1826040601,1826040601,gallery/P1826T04060A1/P1826T04060A1C0F20911.jpg,0.76197,0.73013,0.75009,ban_giao,dung,1,5615
query/P1730T04060A0/P1730T04060A0C3F11431.jpg,1730040600,1895040600,gallery/P1895T04060A0/P1895T04060A0C0F24391.jpg,0.75258,0.75258,0.75009,ban_giao,sai,1,5615
query/P1378T04071A1/P1378T04071A1C3F07861.jpg,1378040711,1378040711,gallery/P1378T04071A1/P1378T04071A1C0F16351.jpg,0.68892,0.62502,0.75009,tu_choi,tu_choi,1,5615
query/P1608T04060A2/P1608T04060A2C3F06031.jpg,1608040602,1040040600,gallery/P1040T04060A0/P1040T04060A0C0F13351.jpg,0.75197,0.75197,0.75009,ban_giao,sai,1,5615
query/P0994T04071A1/P0994T04071A1C3F07591.jpg,994040711,994040711,gallery/P0994T04071A1/P0994T04071A1C0F10981.jpg,0.71768,0.68546,0.75009,tu_choi,tu_choi,0,5615
query/P1182T04060A1/P1182T04060A1C3F06691.jpg,1182040601,1182040601,gallery/P1182T04060A1/P1182T04060A1C0F13681.jpg,0.71428,0.68276,0.75009,tu_choi,tu_choi,0,5615
query/P2271T04071A0/P2271T04071A0C3F09451.jpg,2271040710,2271040710,gallery/P2271T04071A0/P2271T04071A0C0F20641.jpg,0.7055,0.67589,0.75009,tu_choi,tu_choi,1,5615
query/P2079T04070A2/P2079T04070A2C3F07711.jpg,2079040702,2601040710,gallery/P2601T04071A0/P2601T04071A0C0F22591.jpg,0.72611,0.72611,0.75009,tu_choi,tu_choi,1,5615
query/P0303T04070A1/P0303T04070A1C3F01771.jpg,303040701,4040510,gallery/P0004T04051A0/P0004T04051A0C0F631.jpg,0.65936,0.65936,0.75009,tu_choi,tu_choi,1,5615
query/P0130T04060A0/P0130T04060A0C3F02341.jpg,130040600,847040710,gallery/P0847T04071A0/P0847T04071A0C0F09901.jpg,0.7534,0.7534,0.75009,ban_giao,sai,1,5615
query/P1700T04071A1/P1700T04071A1C3F12001.jpg,1700040711,1700040711,gallery/P1700T04071A1/P1700T04071A1C0F20221.jpg,0.81864,0.67668,0.75009,ban_giao,dung,1,5615
query/P2197T04071A0/P2197T04071A0C3F11041.jpg,2197040710,1148040602,gallery/P1148T04060A2/P1148T04060A2C0F12541.jpg,0.73103,0.73103,0.75009,tu_choi,tu_choi,1,5615
query/P0586T04071A2/P0586T04071A2C3F06091.jpg,586040712,586040712,gallery/P0586T04071A2/P0586T04071A2C0F09061.jpg,0.74939,0.72274,0.75009,tu_choi,tu_choi,1,5615
query/P0769T04071A1/P0769T04071A1C3F05851.jpg,769040711,769040711,gallery/P0769T04071A1/P0769T04071A1C0F08851.jpg,0.65395,0.60682,0.75009,tu_choi,tu_choi,1,5615
query/P0692T04060A1/P0692T04060A1C3F02671.jpg,692040601,692040601,gallery/P0692T04060A1/P0692T04060A1C0F06631.jpg,0.72983,0.68762,0.75009,tu_choi,tu_choi,0,5615
query/P1275T04070A1/P1275T04070A1C3F06961.jpg,1275040701,597040601,gallery/P0597T04060A1/P0597T04060A1C0F05941.jpg,0.69589,0.69589,0.75009,tu_choi,tu_choi,1,5615
query/P1053T04071A0/P1053T04071A0C3F05791.jpg,1053040710,786040711,gallery/P0786T04071A1/P0786T04071A1C0F09091.jpg,0.65382,0.65382,0.75009,tu_choi,tu_choi,0,5615
query/P1895T04060A0/P1895T04060A0C3F12451.jpg,1895040600,127040510,gallery/P0127T04051A0/P0127T04051A0C0F21061.jpg,0.79971,0.79971,0.75009,ban_giao,sai,1,5615
query/P1245T04070A1/P1245T04070A1C3F07381.jpg,1245040701,4040510,gallery/P0004T04051A0/P0004T04051A0C0F661.jpg,0.63257,0.63257,0.75009,tu_choi,tu_choi,1,5615
query/P0123T04070A0/P0123T04070A0C3F02941.jpg,123040700,113040510,gallery/P0113T04051A0/P0113T04051A0C0F18901.jpg,0.66774,0.66774,0.75009,tu_choi,tu_choi,1,5615
query/P1684T04070A2/P1684T04070A2C3F05851.jpg,1684040702,2271040710,gallery/P2271T04071A0/P2271T04071A0C0F20611.jpg,0.69014,0.69014,0.75009,tu_choi,tu_choi,0,5615
query/P0191T04051A1/P0191T04051A1C3F4441.jpg,191040511,191040511,gallery/P0191T04051A1/P0191T04051A1C0F9181.jpg,0.78779,0.71388,0.75009,ban_giao,dung,0,5615
query/P2719T04071A0/P2719T04071A0C3F13591.jpg,2719040710,769040602,gallery/P0769T04060A2/P0769T04060A2C0F05641.jpg,0.60305,0.60305,0.75009,tu_choi,tu_choi,1,5615
query/P0769T04071A1/P0769T04071A1C3F06091.jpg,769040711,769040711,gallery/P0769T04071A1/P0769T04071A1C0F08881.jpg,0.72427,0.64219,0.75009,tu_choi,tu_choi,1,5615
query/P0775T04070A0/P0775T04070A0C3F07771.jpg,775040700,775040700,gallery/P0775T04070A0/P0775T04070A0C0F12961.jpg,0.70438,0.69489,0.75009,tu_choi,tu_choi,1,5615
query/P0703T04070A0/P0703T04070A0C3F06001.jpg,703040700,113040510,gallery/P0113T04051A0/P0113T04051A0C0F19501.jpg,0.69586,0.69586,0.75009,tu_choi,tu_choi,1,5615
query/P1370T04060A0/P1370T04060A0C3F10141.jpg,1370040600,1370040600,gallery/P1370T04060A0/P1370T04060A0C0F19171.jpg,0.84601,0.73611,0.75009,ban_giao,dung,1,5615
query/P1530T04060A0/P1530T04060A0C3F10471.jpg,1530040600,1530040600,gallery/P1530T04060A0/P1530T04060A0C0F21211.jpg,0.81002,0.69947,0.75009,ban_giao,dung,0,5615
query/P1730T04060A0/P1730T04060A0C3F11611.jpg,1730040600,1730040600,gallery/P1730T04060A0/P1730T04060A0C0F22831.jpg,0.78106,0.67707,0.75009,ban_giao,dung,1,5615
query/P3125T04060A2/P3125T04060A2C3F09661.jpg,3125040602,275040512,gallery/P0275T04051A2/P0275T04051A2C0F871.jpg,0.7459,0.7459,0.75009,tu_choi,tu_choi,0,5615
query/P0594T04060A1/P0594T04060A1C3F03271.jpg,594040601,135040510,gallery/P0135T04051A0/P0135T04051A0C0F24361.jpg,0.67679,0.67679,0.75009,tu_choi,tu_choi,0,5615
query/P1240T04060A2/P1240T04060A2C3F06181.jpg,1240040602,275040512,gallery/P0275T04051A2/P0275T04051A2C0F871.jpg,0.73873,0.73873,0.75009,tu_choi,tu_choi,1,5615
query/P0248T04071A1/P0248T04071A1C3F03301.jpg,248040711,248040711,gallery/P0248T04071A1/P0248T04071A1C0F03211.jpg,0.6659,0.66437,0.75009,tu_choi,tu_choi,1,5615
query/P1257T04071A0/P1257T04071A0C3F06211.jpg,1257040710,1257040710,gallery/P1257T04071A0/P1257T04071A0C0F11851.jpg,0.71284,0.67712,0.75009,tu_choi,tu_choi,1,5615
query/P2040T04070A2/P2040T04070A2C3F06061.jpg,2040040702,837040710,gallery/P0837T04071A0/P0837T04071A0C0F09391.jpg,0.65296,0.65296,0.75009,tu_choi,tu_choi,0,5615
query/P1832T04071A1/P1832T04071A1C3F11671.jpg,1832040711,1573040711,gallery/P1573T04071A1/P1573T04071A1C0F18061.jpg,0.64086,0.64086,0.75009,tu_choi,tu_choi,1,5615
query/P0977T04060A1/P0977T04060A1C3F05791.jpg,977040601,1162040711,gallery/P1162T04071A1/P1162T04071A1C0F12541.jpg,0.6598,0.6598,0.75009,tu_choi,tu_choi,1,5615
query/P1076T04070A0/P1076T04070A0C3F09121.jpg,1076040700,1530040600,gallery/P1530T04060A0/P1530T04060A0C0F22471.jpg,0.65777,0.65777,0.75009,tu_choi,tu_choi,1,5615
query/P3492T04070A2/P3492T04070A2C3F11011.jpg,3492040702,1944040602,gallery/P1944T04060A2/P1944T04060A2C0F12301.jpg,0.70318,0.70318,0.75009,tu_choi,tu_choi,0,5615
query/P1378T04071A1/P1378T04071A1C3F07891.jpg,1378040711,1378040711,gallery/P1378T04071A1/P1378T04071A1C0F16051.jpg,0.65959,0.64149,0.75009,tu_choi,tu_choi,1,5615
query/P0345T04070A0/P0345T04070A0C3F04351.jpg,345040700,345040700,gallery/P0345T04070A0/P0345T04070A0C0F05941.jpg,0.82059,0.71122,0.75009,ban_giao,dung,1,5615
query/P2051T04071A0/P2051T04071A0C3F11161.jpg,2051040710,2051040710,gallery/P2051T04071A0/P2051T04071A0C0F18991.jpg,0.79616,0.73221,0.75009,ban_giao,dung,0,5615
query/P0348T04060A0/P0348T04060A0C3F03061.jpg,348040600,348040600,gallery/P0348T04060A0/P0348T04060A0C0F07081.jpg,0.83906,0.72038,0.75009,ban_giao,dung,1,5615
query/P2003T04060A0/P2003T04060A0C3F12961.jpg,2003040600,389040512,gallery/P0389T04051A2/P0389T04051A2C0F11881.jpg,0.70219,0.70219,0.75009,tu_choi,tu_choi,1,5615
query/P1488T04060A0/P1488T04060A0C3F10231.jpg,1488040600,348040600,gallery/P0348T04060A0/P0348T04060A0C0F07891.jpg,0.70399,0.70399,0.75009,tu_choi,tu_choi,1,5615
query/P1243T04060A2/P1243T04060A2C3F05641.jpg,1243040602,959040601,gallery/P0959T04060A1/P0959T04060A1C0F12421.jpg,0.661,0.661,0.75009,tu_choi,tu_choi,0,5615
query/P1768T04060A0/P1768T04060A0C3F11881.jpg,1768040600,1768040600,gallery/P1768T04060A0/P1768T04060A0C0F23911.jpg,0.74404,0.6969,0.75009,tu_choi,tu_choi,1,5615
query/P1791T04071A0/P1791T04071A0C3F09481.jpg,1791040710,1566040711,gallery/P1566T04071A1/P1566T04071A1C0F18841.jpg,0.72062,0.72062,0.75009,tu_choi,tu_choi,0,5615
query/P1182T04060A1/P1182T04060A1C3F07021.jpg,1182040601,41040510,gallery/P0041T04051A0/P0041T04051A0C0F8311.jpg,0.64335,0.64335,0.75009,tu_choi,tu_choi,0,5615
query/P2079T04070A2/P2079T04070A2C3F07981.jpg,2079040702,2079040702,gallery/P2079T04070A2/P2079T04070A2C0F13381.jpg,0.7074,0.70553,0.75009,tu_choi,tu_choi,1,5615
query/P0441T04070A0/P0441T04070A0C3F04201.jpg,441040700,441040700,gallery/P0441T04070A0/P0441T04070A0C0F08461.jpg,0.68,0.64518,0.75009,tu_choi,tu_choi,1,5615
query/P0175T04071A0/P0175T04071A0C3F02881.jpg,175040710,175040710,gallery/P0175T04071A0/P0175T04071A0C0F02221.jpg,0.79913,0.71622,0.75009,ban_giao,dung,1,5615
query/P0383T04071A2/P0383T04071A2C3F04411.jpg,383040712,133040510,gallery/P0133T04051A0/P0133T04051A0C0F23521.jpg,0.7359,0.7359,0.75009,tu_choi,tu_choi,1,5615
query/P1774T04070A0/P1774T04070A0C3F13021.jpg,1774040700,1053040710,gallery/P1053T04071A0/P1053T04071A0C0F10291.jpg,0.66634,0.66634,0.75009,tu_choi,tu_choi,1,5615
query/P0303T04070A1/P0303T04070A1C3F01531.jpg,303040701,69040510,gallery/P0069T04051A0/P0069T04051A0C0F10501.jpg,0.63195,0.63195,0.75009,tu_choi,tu_choi,1,5615
query/P1615T04060A2/P1615T04060A2C3F05371.jpg,1615040602,588040600,gallery/P0588T04060A0/P0588T04060A0C0F10051.jpg,0.72143,0.72143,0.75009,tu_choi,tu_choi,1,5615
query/P0610T04070A0/P0610T04070A0C3F05611.jpg,610040700,1285040601,gallery/P1285T04060A1/P1285T04060A1C0F14731.jpg,0.65938,0.65938,0.75009,tu_choi,tu_choi,1,5615
query/P1761T04071A1/P1761T04071A1C3F11761.jpg,1761040711,1761040711,gallery/P1761T04071A1/P1761T04071A1C0F20731.jpg,0.64206,0.64111,0.75009,tu_choi,tu_choi,1,5615
query/P0053T04070A0/P0053T04070A0C3F00241.jpg,53040700,53040700,gallery/P0053T04070A0/P0053T04070A0C0F01141.jpg,0.71169,0.67768,0.75009,tu_choi,tu_choi,1,5615
query/P0691T04071A2/P0691T04071A2C3F06241.jpg,691040712,691040712,gallery/P0691T04071A2/P0691T04071A2C0F09751.jpg,0.83956,0.75934,0.75009,ban_giao,dung,0,5615
query/P0348T04060A0/P0348T04060A0C3F03241.jpg,348040600,348040600,gallery/P0348T04060A0/P0348T04060A0C0F06871.jpg,0.73455,0.65866,0.75009,tu_choi,tu_choi,1,5615
query/P1270T04070A1/P1270T04070A1C3F06841.jpg,1270040701,1270040701,gallery/P1270T04070A1/P1270T04070A1C0F14821.jpg,0.70758,0.66624,0.75009,tu_choi,tu_choi,1,5615
query/P0692T04060A1/P0692T04060A1C3F02701.jpg,692040601,692040601,gallery/P0692T04060A1/P0692T04060A1C0F06481.jpg,0.73009,0.68053,0.75009,tu_choi,tu_choi,0,5615
query/P1851T04060A1/P1851T04060A1C3F09151.jpg,1851040601,2271040710,gallery/P2271T04071A0/P2271T04071A0C0F20521.jpg,0.68884,0.68884,0.75009,tu_choi,tu_choi,1,5615
query/P0837T04071A0/P0837T04071A0C3F04651.jpg,837040710,837040710,gallery/P0837T04071A0/P0837T04071A0C0F09961.jpg,0.78679,0.6845,0.75009,ban_giao,dung,1,5615
query/P0395T04060A0/P0395T04060A0C3F00751.jpg,395040600,837040710,gallery/P0837T04071A0/P0837T04071A0C0F09331.jpg,0.67943,0.67943,0.75009,tu_choi,tu_choi,1,5615
query/P0175T04071A0/P0175T04071A0C3F02791.jpg,175040710,1162040711,gallery/P1162T04071A1/P1162T04071A1C0F12541.jpg,0.67344,0.67344,0.75009,tu_choi,tu_choi,1,5615
query/P1805T04070A0/P1805T04070A0C3F14491.jpg,1805040700,150040711,gallery/P0150T04071A1/P0150T04071A1C0F04981.jpg,0.69628,0.69628,0.75009,tu_choi,tu_choi,0,5615
query/P2089T04071A2/P2089T04071A2C3F12871.jpg,2089040712,173040600,gallery/P0173T04060A0/P0173T04060A0C0F03841.jpg,0.767,0.767,0.75009,ban_giao,sai,0,5615
query/P0441T04070A0/P0441T04070A0C3F03751.jpg,441040700,441040700,gallery/P0441T04070A0/P0441T04070A0C0F08581.jpg,0.65465,0.65303,0.75009,tu_choi,tu_choi,1,5615
query/P1396T04071A1/P1396T04071A1C3F08401.jpg,1396040711,167040511,gallery/P0167T04051A1/P0167T04051A1C0F2881.jpg,0.66473,0.66473,0.75009,tu_choi,tu_choi,1,5615
query/P0775T04070A0/P0775T04070A0C3F05161.jpg,775040700,1825040601,gallery/P1825T04060A1/P1825T04060A1C0F23581.jpg,0.68458,0.68458,0.75009,tu_choi,tu_choi,1,5615
query/P0837T04071A0/P0837T04071A0C3F04381.jpg,837040710,837040710,gallery/P0837T04071A0/P0837T04071A0C0F09391.jpg,0.60277,0.59876,0.75009,tu_choi,tu_choi,1,5615
query/P0796T04071A2/P0796T04071A2C3F06511.jpg,796040712,692040601,gallery/P0692T04060A1/P0692T04060A1C0F06391.jpg,0.70188,0.70188,0.75009,tu_choi,tu_choi,1,5615
query/P0782T04060A1/P0782T04060A1C3F03961.jpg,782040601,782040601,gallery/P0782T04060A1/P0782T04060A1C0F07921.jpg,0.85165,0.74122,0.75009,ban_giao,dung,1,5615
query/P1243T04060A2/P1243T04060A2C3F05761.jpg,1243040602,2271040710,gallery/P2271T04071A0/P2271T04071A0C0F20761.jpg,0.68071,0.68071,0.75009,tu_choi,tu_choi,0,5615
query/P1573T04071A1/P1573T04071A1C3F11101.jpg,1573040711,1573040711,gallery/P1573T04071A1/P1573T04071A1C0F18811.jpg,0.69491,0.66673,0.75009,tu_choi,tu_choi,1,5615
query/P0053T04070A0/P0053T04070A0C3F00331.jpg,53040700,53040700,gallery/P0053T04070A0/P0053T04070A0C0F01111.jpg,0.77707,0.70608,0.75009,ban_giao,dung,1,5615
query/P0847T04071A0/P0847T04071A0C3F05731.jpg,847040710,113040510,gallery/P0113T04051A0/P0113T04051A0C0F18841.jpg,0.68716,0.68716,0.75009,tu_choi,tu_choi,1,5615
query/P0847T04071A0/P0847T04071A0C3F06151.jpg,847040710,685040601,gallery/P0685T04060A1/P0685T04060A1C0F06961.jpg,0.70496,0.70496,0.75009,tu_choi,tu_choi,1,5615
query/P0123T04060A2/P0123T04060A2C3F01231.jpg,123040602,1573040711,gallery/P1573T04071A1/P1573T04071A1C0F18781.jpg,0.61837,0.61837,0.75009,tu_choi,tu_choi,0,5615
query/P1556T04071A1/P1556T04071A1C3F10321.jpg,1556040711,1076040700,gallery/P1076T04070A0/P1076T04070A0C0F16981.jpg,0.744,0.744,0.75009,tu_choi,tu_choi,1,5615
query/P1785T04071A2/P1785T04071A2C3F11611.jpg,1785040712,1785040712,gallery/P1785T04071A2/P1785T04071A2C0F24181.jpg,0.74904,0.70395,0.75009,tu_choi,tu_choi,0,5615
query/P2193T04060A1/P2193T04060A1C3F13201.jpg,2193040601,959040601,gallery/P0959T04060A1/P0959T04060A1C0F12451.jpg,0.657,0.657,0.75009,tu_choi,tu_choi,0,5615
query/P1015T04071A1/P1015T04071A1C3F07591.jpg,1015040711,994040711,gallery/P0994T04071A1/P0994T04071A1C0F10921.jpg,0.64245,0.64245,0.75009,tu_choi,tu_choi,0,5615
query/P0710T04060A1/P0710T04060A1C3F03481.jpg,710040601,710040601,gallery/P0710T04060A1/P0710T04060A1C0F08011.jpg,0.68595,0.64975,0.75009,tu_choi,tu_choi,1,5615
query/P0303T04070A1/P0303T04070A1C3F01321.jpg,303040701,303040701,gallery/P0303T04070A1/P0303T04070A1C0F02671.jpg,0.75198,0.71703,0.75009,ban_giao,dung,1,5615
query/P1626T04070A0/P1626T04070A0C3F12751.jpg,1626040700,1149040712,gallery/P1149T04071A2/P1149T04071A2C0F14731.jpg,0.68786,0.68786,0.75009,tu_choi,tu_choi,0,5615
query/P0664T04060A1/P0664T04060A1C3F02311.jpg,664040601,664040601,gallery/P0664T04060A1/P0664T04060A1C0F06181.jpg,0.73181,0.7139,0.75009,tu_choi,tu_choi,1,5615
query/P1046T04070A2/P1046T04070A2C3F02971.jpg,1046040702,130040600,gallery/P0130T04060A0/P0130T04060A0C0F02371.jpg,0.74151,0.74151,0.75009,tu_choi,tu_choi,1,5615
query/P0325T04070A2/P0325T04070A2C3F00541.jpg,325040702,724040711,gallery/P0724T04071A1/P0724T04071A1C0F08521.jpg,0.64365,0.64365,0.75009,tu_choi,tu_choi,1,5615
query/P1182T04060A0/P1182T04060A0C3F07621.jpg,1182040600,1182040600,gallery/P1182T04060A0/P1182T04060A0C0F15811.jpg,0.82451,0.696,0.75009,ban_giao,dung,0,5615
query/P0721T04070A1/P0721T04070A1C3F03421.jpg,721040701,847040710,gallery/P0847T04071A0/P0847T04071A0C0F09451.jpg,0.71333,0.71333,0.75009,tu_choi,tu_choi,1,5615
query/P1626T04070A0/P1626T04070A0C3F12601.jpg,1626040700,959040601,gallery/P0959T04060A1/P0959T04060A1C0F12421.jpg,0.65025,0.65025,0.75009,tu_choi,tu_choi,0,5615
query/P1149T04071A2/P1149T04071A2C3F09061.jpg,1149040712,53040700,gallery/P0053T04070A0/P0053T04070A0C0F01501.jpg,0.65192,0.65192,0.75009,tu_choi,tu_choi,0,5615
query/P0847T04071A0/P0847T04071A0C3F05911.jpg,847040710,685040601,gallery/P0685T04060A1/P0685T04060A1C0F06841.jpg,0.76882,0.76882,0.75009,ban_giao,sai,1,5615
query/P1826T04060A1/P1826T04060A1C3F11371.jpg,1826040601,1040040600,gallery/P1040T04060A0/P1040T04060A0C0F13351.jpg,0.74768,0.74768,0.75009,tu_choi,tu_choi,1,5615
query/P0632T04070A0/P0632T04070A0C3F05461.jpg,632040700,632040700,gallery/P0632T04070A0/P0632T04070A0C0F11161.jpg,0.7177,0.68753,0.75009,tu_choi,tu_choi,1,5615
query/P1148T04060A2/P1148T04060A2C3F06511.jpg,1148040602,1697040702,gallery/P1697T04070A2/P1697T04070A2C0F11251.jpg,0.65659,0.65659,0.75009,tu_choi,tu_choi,1,5615
query/P0959T04060A1/P0959T04060A1C3F05341.jpg,959040601,1255040710,gallery/P1255T04071A0/P1255T04071A0C0F12421.jpg,0.64774,0.64774,0.75009,tu_choi,tu_choi,1,5615
query/P1053T04071A0/P1053T04071A0C3F05911.jpg,1053040710,1053040710,gallery/P1053T04071A0/P1053T04071A0C0F10741.jpg,0.67775,0.67702,0.75009,tu_choi,tu_choi,0,5615
query/P2298T04070A1/P2298T04070A1C3F14611.jpg,2298040701,1015040711,gallery/P1015T04071A1/P1015T04071A1C0F11071.jpg,0.69139,0.69139,0.75009,tu_choi,tu_choi,1,5615
query/P0435T04071A1/P0435T04071A1C3F04411.jpg,435040711,837040710,gallery/P0837T04071A0/P0837T04071A0C0F09391.jpg,0.69209,0.69209,0.75009,tu_choi,tu_choi,1,5615
query/P1182T04060A0/P1182T04060A0C3F08311.jpg,1182040600,4040510,gallery/P0004T04051A0/P0004T04051A0C0F601.jpg,0.68186,0.68186,0.75009,tu_choi,tu_choi,0,5615
query/P1829T04060A1/P1829T04060A1C3F09991.jpg,1829040601,1829040601,gallery/P1829T04060A1/P1829T04060A1C0F21121.jpg,0.7571,0.72342,0.75009,ban_giao,dung,0,5615
query/P1562T04071A2/P1562T04071A2C3F11941.jpg,1562040712,994040711,gallery/P0994T04071A1/P0994T04071A1C0F10981.jpg,0.74121,0.74121,0.75009,tu_choi,tu_choi,0,5615
query/P0368T04071A2/P0368T04071A2C3F02641.jpg,368040712,1333040600,gallery/P1333T04060A0/P1333T04060A0C0F18241.jpg,0.64419,0.64419,0.75009,tu_choi,tu_choi,1,5615
query/P0004T04051A0/P0004T04051A0C3F2431.jpg,4040510,703040700,gallery/P0703T04070A0/P0703T04070A0C0F13861.jpg,0.72648,0.72648,0.75009,tu_choi,tu_choi,0,5615
query/P0001T04070A0/P0001T04070A0C3F00121.jpg,1040700,916040601,gallery/P0916T04060A1/P0916T04060A1C0F11251.jpg,0.67149,0.67149,0.75009,tu_choi,tu_choi,0,5615
query/P0395T04060A0/P0395T04060A0C3F00481.jpg,395040600,1530040600,gallery/P1530T04060A0/P1530T04060A0C0F22261.jpg,0.73349,0.73349,0.75009,tu_choi,tu_choi,1,5615
query/P1076T04070A0/P1076T04070A0C3F08971.jpg,1076040700,847040710,gallery/P0847T04071A0/P0847T04071A0C0F09421.jpg,0.69688,0.69688,0.75009,tu_choi,tu_choi,1,5615
query/P3492T04070A2/P3492T04070A2C3F10951.jpg,3492040702,161040511,gallery/P0161T04051A1/P0161T04051A1C0F2131.jpg,0.74963,0.74963,0.75009,tu_choi,tu_choi,0,5615
query/P1596T04060A1/P1596T04060A1C3F09031.jpg,1596040601,522040700,gallery/P0522T04070A0/P0522T04070A0C0F08671.jpg,0.65781,0.65781,0.75009,tu_choi,tu_choi,1,5615
query/P0594T04060A1/P0594T04060A1C3F03301.jpg,594040601,135040510,gallery/P0135T04051A0/P0135T04051A0C0F24271.jpg,0.75047,0.75047,0.75009,ban_giao,sai,0,5615
query/P2641T04060A2/P2641T04060A2C3F09841.jpg,2641040602,1370040600,gallery/P1370T04060A0/P1370T04060A0C0F20101.jpg,0.7047,0.7047,0.75009,tu_choi,tu_choi,1,5615
query/P3433T04060A2/P3433T04060A2C3F10981.jpg,3433040602,2197040710,gallery/P2197T04071A0/P2197T04071A0C0F18991.jpg,0.61994,0.61994,0.75009,tu_choi,tu_choi,1,5615
query/P0597T04060A1/P0597T04060A1C3F03331.jpg,597040601,2719040710,gallery/P2719T04071A0/P2719T04071A0C0F23251.jpg,0.72547,0.72547,0.75009,tu_choi,tu_choi,1,5615
query/P0632T04070A0/P0632T04070A0C3F05941.jpg,632040700,632040700,gallery/P0632T04070A0/P0632T04070A0C0F11791.jpg,0.68069,0.67688,0.75009,tu_choi,tu_choi,1,5615
query/P0189T04070A1/P0189T04070A1C3F01561.jpg,189040701,123040700,gallery/P0123T04070A0/P0123T04070A0C0F04531.jpg,0.69601,0.69601,0.75009,tu_choi,tu_choi,0,5615
query/P2057T04060A1/P2057T04060A1C3F11851.jpg,2057040601,1370040600,gallery/P1370T04060A0/P1370T04060A0C0F20671.jpg,0.68692,0.68692,0.75009,tu_choi,tu_choi,1,5615
query/P3125T04060A2/P3125T04060A2C3F08671.jpg,3125040602,1566040601,gallery/P1566T04060A1/P1566T04060A1C0F19021.jpg,0.67803,0.67803,0.75009,tu_choi,tu_choi,0,5615
query/P0597T04060A1/P0597T04060A1C3F03361.jpg,597040601,588040600,gallery/P0588T04060A0/P0588T04060A0C0F10051.jpg,0.74255,0.74255,0.75009,tu_choi,tu_choi,1,5615
query/P1046T04070A2/P1046T04070A2C3F03091.jpg,1046040702,1046040702,gallery/P1046T04070A2/P1046T04070A2C0F06151.jpg,0.6882,0.68577,0.75009,tu_choi,tu_choi,1,5615
query/P0634T04060A1/P0634T04060A1C3F02371.jpg,634040601,271040512,gallery/P0271T04051A2/P0271T04051A2C0F181.jpg,0.61975,0.61975,0.75009,tu_choi,tu_choi,0,5615
query/P0348T04060A0/P0348T04060A0C3F03331.jpg,348040600,127040510,gallery/P0127T04051A0/P0127T04051A0C0F21061.jpg,0.71697,0.71697,0.75009,tu_choi,tu_choi,1,5615
query/P0368T04070A0/P0368T04070A0C3F03391.jpg,368040700,368040700,gallery/P0368T04070A0/P0368T04070A0C0F06001.jpg,0.67564,0.6545,0.75009,tu_choi,tu_choi,1,5615
query/P2414T04071A0/P2414T04071A0C3F12301.jpg,2414040710,822040710,gallery/P0822T04071A0/P0822T04071A0C0F09001.jpg,0.75819,0.75819,0.75009,ban_giao,sai,1,5615
query/P1851T04060A1/P1851T04060A1C3F05881.jpg,1851040601,1851040601,gallery/P1851T04060A1/P1851T04060A1C0F21451.jpg,0.77956,0.69993,0.75009,ban_giao,dung,1,5615
query/P0522T04070A0/P0522T04070A0C3F04231.jpg,522040700,522040700,gallery/P0522T04070A0/P0522T04070A0C0F08701.jpg,0.67981,0.66577,0.75009,tu_choi,tu_choi,1,5615
query/P1066T04071A2/P1066T04071A2C3F07291.jpg,1066040712,786040711,gallery/P0786T04071A1/P0786T04071A1C0F09001.jpg,0.73659,0.73659,0.75009,tu_choi,tu_choi,1,5615
query/P2398T04070A2/P2398T04070A2C3F08851.jpg,2398040702,345040700,gallery/P0345T04070A0/P0345T04070A0C0F06181.jpg,0.65048,0.65048,0.75009,tu_choi,tu_choi,1,5615
query/P3433T04060A2/P3433T04060A2C3F10621.jpg,3433040602,1791040710,gallery/P1791T04071A0/P1791T04071A0C0F15871.jpg,0.72245,0.72245,0.75009,tu_choi,tu_choi,1,5615
query/P0049T04060A2/P0049T04060A2C3F00361.jpg,49040602,49040602,gallery/P0049T04060A2/P0049T04060A2C0F01141.jpg,0.78246,0.67949,0.75009,ban_giao,dung,0,5615
query/P1939T04071A2/P1939T04071A2C3F14221.jpg,1939040712,113040510,gallery/P0113T04051A0/P0113T04051A0C0F19501.jpg,0.67628,0.67628,0.75009,tu_choi,tu_choi,1,5615
query/P2193T04060A1/P2193T04060A1C3F13231.jpg,2193040601,2193040601,gallery/P2193T04060A1/P2193T04060A1C0F25051.jpg,0.69253,0.68878,0.75009,tu_choi,tu_choi,0,5615
query/P1748T04070A1/P1748T04070A1C3F09841.jpg,1748040701,69040510,gallery/P0069T04051A0/P0069T04051A0C0F10411.jpg,0.65403,0.65403,0.75009,tu_choi,tu_choi,1,5615
query/P1040T04060A0/P1040T04060A0C3F06241.jpg,1040040600,1040040600,gallery/P1040T04060A0/P1040T04060A0C0F13201.jpg,0.74056,0.71472,0.75009,tu_choi,tu_choi,1,5615
query/P2079T04070A2/P2079T04070A2C3F07741.jpg,2079040702,847040710,gallery/P0847T04071A0/P0847T04071A0C0F10021.jpg,0.67569,0.67569,0.75009,tu_choi,tu_choi,1,5615
query/P0368T04071A2/P0368T04071A2C3F02431.jpg,368040712,368040712,gallery/P0368T04071A2/P0368T04071A2C0F05521.jpg,0.75779,0.72828,0.75009,ban_giao,dung,1,5615
query/P2375T04071A0/P2375T04071A0C3F11281.jpg,2375040710,586040712,gallery/P0586T04071A2/P0586T04071A2C0F08761.jpg,0.76516,0.76516,0.75009,ban_giao,sai,0,5615
query/P1326T04071A1/P1326T04071A1C3F09061.jpg,1326040711,441040700,gallery/P0441T04070A0/P0441T04070A0C0F07351.jpg,0.69696,0.69696,0.75009,tu_choi,tu_choi,1,5615
query/P1173T04070A2/P1173T04070A2C3F03931.jpg,1173040702,167040511,gallery/P0167T04051A1/P0167T04051A1C0F2851.jpg,0.61189,0.61189,0.75009,tu_choi,tu_choi,1,5615
query/P1084T04070A0/P1084T04070A0C3F11131.jpg,1084040700,1084040700,gallery/P1084T04070A0/P1084T04070A0C0F17911.jpg,0.74462,0.64215,0.75009,tu_choi,tu_choi,0,5615
query/P0368T04070A0/P0368T04070A0C3F03031.jpg,368040700,368040700,gallery/P0368T04070A0/P0368T04070A0C0F05941.jpg,0.72657,0.69009,0.75009,tu_choi,tu_choi,1,5615
query/P0189T04051A1/P0189T04051A1C3F4081.jpg,189040511,189040511,gallery/P0189T04051A1/P0189T04051A1C0F8881.jpg,0.73639,0.72455,0.75009,tu_choi,tu_choi,1,5615
query/P0710T04060A1/P0710T04060A1C3F03271.jpg,710040601,710040601,gallery/P0710T04060A1/P0710T04060A1C0F08011.jpg,0.75433,0.71197,0.75009,ban_giao,dung,1,5615
query/P1793T04071A1/P1793T04071A1C3F11671.jpg,1793040711,1793040711,gallery/P1793T04071A1/P1793T04071A1C0F19501.jpg,0.69473,0.64106,0.75009,tu_choi,tu_choi,1,5615
query/P2508T04071A0/P2508T04071A0C3F12361.jpg,2508040710,2508040710,gallery/P2508T04071A0/P2508T04071A0C0F21811.jpg,0.65965,0.63339,0.75009,tu_choi,tu_choi,0,5615
query/P1530T04060A0/P1530T04060A0C3F10711.jpg,1530040600,1530040600,gallery/P1530T04060A0/P1530T04060A0C0F22951.jpg,0.71632,0.65803,0.75009,tu_choi,tu_choi,0,5615
query/P0916T04060A1/P0916T04060A1C3F04801.jpg,916040601,916040601,gallery/P0916T04060A1/P0916T04060A1C0F09961.jpg,0.79059,0.69154,0.75009,ban_giao,dung,1,5615
query/P1257T04071A0/P1257T04071A0C3F06001.jpg,1257040710,1257040710,gallery/P1257T04071A0/P1257T04071A0C0F11881.jpg,0.75913,0.70881,0.75009,ban_giao,dung,1,5615
query/P2508T04071A0/P2508T04071A0C3F12931.jpg,2508040710,191040511,gallery/P0191T04051A1/P0191T04051A1C0F9811.jpg,0.65312,0.65312,0.75009,tu_choi,tu_choi,0,5615
query/P0390T04051A2/P0390T04051A2C3F6661.jpg,390040512,348040600,gallery/P0348T04060A0/P0348T04060A0C0F06511.jpg,0.6624,0.6624,0.75009,tu_choi,tu_choi,1,5615
query/P1825T04060A1/P1825T04060A1C3F09901.jpg,1825040601,1825040601,gallery/P1825T04060A1/P1825T04060A1C0F22891.jpg,0.77516,0.63956,0.75009,ban_giao,dung,1,5615
query/P0002T04071A2/P0002T04071A2C3F02011.jpg,2040712,775040700,gallery/P0775T04070A0/P0775T04070A0C0F12961.jpg,0.72786,0.72786,0.75009,tu_choi,tu_choi,1,5615
query/P1066T04071A2/P1066T04071A2C3F07111.jpg,1066040712,1066040712,gallery/P1066T04071A2/P1066T04071A2C0F13921.jpg,0.74817,0.73344,0.75009,tu_choi,tu_choi,1,5615
query/P1285T04060A1/P1285T04060A1C3F00121.jpg,1285040601,191040511,gallery/P0191T04051A1/P0191T04051A1C0F9991.jpg,0.69999,0.69999,0.75009,tu_choi,tu_choi,1,5615
query/P2512T04071A0/P2512T04071A0C3F12781.jpg,2512040710,2512040710,gallery/P2512T04071A0/P2512T04071A0C0F21871.jpg,0.75421,0.67999,0.75009,ban_giao,dung,1,5615
query/P0431T04051A2/P0431T04051A2C3F12061.jpg,431040512,2467040601,gallery/P2467T04060A1/P2467T04060A1C0F26671.jpg,0.69981,0.69981,0.75009,tu_choi,tu_choi,1,5615
query/P0430T04070A1/P0430T04070A1C3F04561.jpg,430040701,588040600,gallery/P0588T04060A0/P0588T04060A0C0F08911.jpg,0.75683,0.75683,0.75009,ban_giao,sai,1,5615
query/P0555T04071A1/P0555T04071A1C3F02971.jpg,555040711,1333040600,gallery/P1333T04060A0/P1333T04060A0C0F18151.jpg,0.65195,0.65195,0.75009,tu_choi,tu_choi,1,5615
query/P1615T04060A2/P1615T04060A2C3F05731.jpg,1615040602,1615040602,gallery/P1615T04060A2/P1615T04060A2C0F11881.jpg,0.71447,0.6751,0.75009,tu_choi,tu_choi,1,5615
query/P3125T04060A2/P3125T04060A2C3F10291.jpg,3125040602,2271040710,gallery/P2271T04071A0/P2271T04071A0C0F20761.jpg,0.70218,0.70218,0.75009,tu_choi,tu_choi,0,5615
query/P1425T04070A0/P1425T04070A0C3F12751.jpg,1425040700,1425040700,gallery/P1425T04070A0/P1425T04070A0C0F21781.jpg,0.76135,0.74813,0.75009,ban_giao,dung,1,5615
query/P0345T04070A0/P0345T04070A0C3F03721.jpg,345040700,191040511,gallery/P0191T04051A1/P0191T04051A1C0F9871.jpg,0.63824,0.63824,0.75009,tu_choi,tu_choi,1,5615
query/P1436T04070A1/P1436T04070A1C3F08911.jpg,1436040701,871040710,gallery/P0871T04071A0/P0871T04071A0C0F09481.jpg,0.65346,0.65346,0.75009,tu_choi,tu_choi,1,5615
query/P0499T04060A0/P0499T04060A0C3F04801.jpg,499040600,1700040711,gallery/P1700T04071A1/P1700T04071A1C0F19471.jpg,0.69978,0.69978,0.75009,tu_choi,tu_choi,1,5615
query/P1046T04070A2/P1046T04070A2C3F03271.jpg,1046040702,1162040711,gallery/P1162T04071A1/P1162T04071A1C0F13261.jpg,0.68221,0.68221,0.75009,tu_choi,tu_choi,1,5615
query/P2508T04071A0/P2508T04071A0C3F12421.jpg,2508040710,1162040711,gallery/P1162T04071A1/P1162T04071A1C0F12901.jpg,0.65044,0.65044,0.75009,tu_choi,tu_choi,0,5615
query/P3433T04060A2/P3433T04060A2C3F10591.jpg,3433040602,1791040710,gallery/P1791T04071A0/P1791T04071A0C0F15871.jpg,0.71784,0.71784,0.75009,tu_choi,tu_choi,1,5615
query/P0588T04060A0/P0588T04060A0C3F03961.jpg,588040600,588040600,gallery/P0588T04060A0/P0588T04060A0C0F09181.jpg,0.76504,0.65057,0.75009,ban_giao,dung,1,5615
query/P0977T04060A1/P0977T04060A1C3F05761.jpg,977040601,977040601,gallery/P0977T04060A1/P0977T04060A1C0F10891.jpg,0.64503,0.6381,0.75009,tu_choi,tu_choi,1,5615
query/P0895T04060A1/P0895T04060A1C3F04501.jpg,895040601,1040040600,gallery/P1040T04060A0/P1040T04060A0C0F12871.jpg,0.74865,0.74865,0.75009,tu_choi,tu_choi,0,5615
query/P0157T04051A1/P0157T04051A1C3F421.jpg,157040511,157040511,gallery/P0157T04051A1/P0157T04051A1C0F751.jpg,0.88349,0.78014,0.75009,ban_giao,dung,1,5615
query/P1031T04070A0/P1031T04070A0C3F11221.jpg,1031040700,1084040700,gallery/P1084T04070A0/P1084T04070A0C0F17341.jpg,0.72491,0.72491,0.75009,tu_choi,tu_choi,1,5615
query/P0395T04060A0/P0395T04060A0C3F00451.jpg,395040600,1530040600,gallery/P1530T04060A0/P1530T04060A0C0F22261.jpg,0.72057,0.72057,0.75009,tu_choi,tu_choi,1,5615
query/P0796T04071A2/P0796T04071A2C3F06421.jpg,796040712,133040510,gallery/P0133T04051A0/P0133T04051A0C0F23251.jpg,0.74068,0.74068,0.75009,tu_choi,tu_choi,1,5615
query/P1173T04070A2/P1173T04070A2C3F03331.jpg,1173040702,1333040600,gallery/P1333T04060A0/P1333T04060A0C0F18541.jpg,0.61226,0.61226,0.75009,tu_choi,tu_choi,1,5615
query/P2641T04060A2/P2641T04060A2C3F14221.jpg,2641040602,847040710,gallery/P0847T04071A0/P0847T04071A0C0F09451.jpg,0.73638,0.73638,0.75009,tu_choi,tu_choi,1,5615
query/P1608T04060A2/P1608T04060A2C3F06091.jpg,1608040602,4040510,gallery/P0004T04051A0/P0004T04051A0C0F511.jpg,0.67908,0.67908,0.75009,tu_choi,tu_choi,1,5615
query/P1895T04060A0/P1895T04060A0C3F12721.jpg,1895040600,1040040600,gallery/P1040T04060A0/P1040T04060A0C0F13351.jpg,0.72044,0.72044,0.75009,tu_choi,tu_choi,1,5615
query/P0265T04071A2/P0265T04071A2C3F03931.jpg,265040712,113040510,gallery/P0113T04051A0/P0113T04051A0C0F19231.jpg,0.6544,0.6544,0.75009,tu_choi,tu_choi,1,5615
query/P1333T04060A0/P1333T04060A0C3F08491.jpg,1333040600,1333040600,gallery/P1333T04060A0/P1333T04060A0C0F18241.jpg,0.79559,0.60878,0.75009,ban_giao,dung,1,5615
query/P1566T04060A1/P1566T04060A1C3F09871.jpg,1566040601,2271040710,gallery/P2271T04071A0/P2271T04071A0C0F20761.jpg,0.69324,0.69324,0.75009,tu_choi,tu_choi,0,5615
query/P2527T04070A2/P2527T04070A2C3F07771.jpg,2527040702,2040040702,gallery/P2040T04070A2/P2040T04070A2C0F13081.jpg,0.69581,0.69581,0.75009,tu_choi,tu_choi,0,5615
query/P0691T04071A2/P0691T04071A2C3F06571.jpg,691040712,691040712,gallery/P0691T04071A2/P0691T04071A2C0F09931.jpg,0.77215,0.70088,0.75009,ban_giao,dung,0,5615
query/P1851T04060A1/P1851T04060A1C3F11371.jpg,1851040601,1162040711,gallery/P1162T04071A1/P1162T04071A1C0F12541.jpg,0.66367,0.66367,0.75009,tu_choi,tu_choi,1,5615
query/P0796T04071A2/P0796T04071A2C3F06811.jpg,796040712,796040712,gallery/P0796T04071A2/P0796T04071A2C0F10981.jpg,0.77047,0.73931,0.75009,ban_giao,dung,1,5615
query/P0132T04051A0/P0132T04051A0C3F11641.jpg,132040510,132040510,gallery/P0132T04051A0/P0132T04051A0C0F23941.jpg,0.81494,0.73883,0.75009,ban_giao,dung,1,5615
query/P0259T04071A2/P0259T04071A2C3F01441.jpg,259040712,1573040711,gallery/P1573T04071A1/P1573T04071A1C0F18211.jpg,0.64531,0.64531,0.75009,tu_choi,tu_choi,1,5615
query/P0664T04060A1/P0664T04060A1C3F02461.jpg,664040601,664040601,gallery/P0664T04060A1/P0664T04060A1C0F06121.jpg,0.72598,0.72189,0.75009,tu_choi,tu_choi,1,5615
query/P1173T04070A2/P1173T04070A2C3F03541.jpg,1173040702,1333040600,gallery/P1333T04060A0/P1333T04060A0C0F18151.jpg,0.67666,0.67666,0.75009,tu_choi,tu_choi,1,5615
query/P0368T04071A2/P0368T04071A2C3F02611.jpg,368040712,189040511,gallery/P0189T04051A1/P0189T04051A1C0F8761.jpg,0.6372,0.6372,0.75009,tu_choi,tu_choi,1,5615
query/P1551T04060A0/P1551T04060A0C3F10471.jpg,1551040600,1573040711,gallery/P1573T04071A1/P1573T04071A1C0F18901.jpg,0.69766,0.69766,0.75009,tu_choi,tu_choi,1,5615
query/P0345T04070A0/P0345T04070A0C3F03571.jpg,345040700,191040511,gallery/P0191T04051A1/P0191T04051A1C0F10651.jpg,0.69471,0.69471,0.75009,tu_choi,tu_choi,1,5615
query/P0345T04070A0/P0345T04070A0C3F04141.jpg,345040700,1425040700,gallery/P1425T04070A0/P1425T04070A0C0F21361.jpg,0.63969,0.63969,0.75009,tu_choi,tu_choi,1,5615
query/P0610T04070A0/P0610T04070A0C3F05641.jpg,610040700,1370040600,gallery/P1370T04060A0/P1370T04060A0C0F20341.jpg,0.66499,0.66499,0.75009,tu_choi,tu_choi,1,5615
query/P1944T04060A2/P1944T04060A2C3F10441.jpg,1944040602,1944040602,gallery/P1944T04060A2/P1944T04060A2C0F09361.jpg,0.66453,0.6352,0.75009,tu_choi,tu_choi,0,5615
query/P0346T04070A0/P0346T04070A0C3F02551.jpg,346040700,2719040710,gallery/P2719T04071A0/P2719T04071A0C0F23851.jpg,0.74201,0.74201,0.75009,tu_choi,tu_choi,1,5615
query/P0371T04060A1/P0371T04060A1C3F01111.jpg,371040601,368040700,gallery/P0368T04070A0/P0368T04070A0C0F06001.jpg,0.67574,0.67574,0.75009,tu_choi,tu_choi,1,5615
query/P1378T04071A1/P1378T04071A1C3F07681.jpg,1378040711,1378040711,gallery/P1378T04071A1/P1378T04071A1C0F16291.jpg,0.73996,0.71446,0.75009,tu_choi,tu_choi,1,5615
query/P1084T04070A0/P1084T04070A0C3F11521.jpg,1084040700,1084040700,gallery/P1084T04070A0/P1084T04070A0C0F17731.jpg,0.69709,0.66198,0.75009,tu_choi,tu_choi,0,5615
query/P0664T04060A1/P0664T04060A1C3F02671.jpg,664040601,685040601,gallery/P0685T04060A1/P0685T04060A1C0F06961.jpg,0.73669,0.73669,0.75009,tu_choi,tu_choi,1,5615
query/P0597T04060A1/P0597T04060A1C3F04891.jpg,597040601,348040600,gallery/P0348T04060A0/P0348T04060A0C0F07891.jpg,0.67133,0.67133,0.75009,tu_choi,tu_choi,1,5615
query/P0150T04071A1/P0150T04071A1C3F00271.jpg,150040711,150040711,gallery/P0150T04071A1/P0150T04071A1C0F04741.jpg,0.65231,0.62853,0.75009,tu_choi,tu_choi,0,5615
query/P0959T04060A1/P0959T04060A1C3F05821.jpg,959040601,959040601,gallery/P0959T04060A1/P0959T04060A1C0F12421.jpg,0.69534,0.65619,0.75009,tu_choi,tu_choi,1,5615
query/P1240T04060A2/P1240T04060A2C3F05521.jpg,1240040602,871040710,gallery/P0871T04071A0/P0871T04071A0C0F09391.jpg,0.69612,0.69612,0.75009,tu_choi,tu_choi,1,5615
query/P1825T04060A1/P1825T04060A1C3F09931.jpg,1825040601,1825040601,gallery/P1825T04060A1/P1825T04060A1C0F22861.jpg,0.7347,0.64146,0.75009,tu_choi,tu_choi,1,5615
query/P2601T04071A0/P2601T04071A0C3F12391.jpg,2601040710,191040710,gallery/P0191T04071A0/P0191T04071A0C0F03211.jpg,0.65671,0.65671,0.75009,tu_choi,tu_choi,0,5615
query/P2641T04060A2/P2641T04060A2C3F14551.jpg,2641040602,1255040710,gallery/P1255T04071A0/P1255T04071A0C0F12421.jpg,0.66338,0.66338,0.75009,tu_choi,tu_choi,1,5615
query/P0361T04070A0/P0361T04070A0C3F04621.jpg,361040700,127040510,gallery/P0127T04051A0/P0127T04051A0C0F21541.jpg,0.68285,0.68285,0.75009,tu_choi,tu_choi,1,5615
query/P0113T04051A0/P0113T04051A0C3F11011.jpg,113040510,1596040601,gallery/P1596T04060A1/P1596T04060A1C0F19771.jpg,0.73085,0.73085,0.75009,tu_choi,tu_choi,1,5615
query/P0127T04051A0/P0127T04051A0C3F11971.jpg,127040510,127040510,gallery/P0127T04051A0/P0127T04051A0C0F21901.jpg,0.79439,0.73875,0.75009,ban_giao,dung,1,5615
query/P0474T04060A2/P0474T04060A2C3F02731.jpg,474040602,1370040600,gallery/P1370T04060A0/P1370T04060A0C0F20671.jpg,0.65851,0.65851,0.75009,tu_choi,tu_choi,1,5615
query/P0334T04051A2/P0334T04051A2C3F6091.jpg,334040512,334040512,gallery/P0334T04051A2/P0334T04051A2C0F7531.jpg,0.78194,0.65387,0.75009,ban_giao,dung,1,5615
query/P0837T04071A0/P0837T04071A0C3F04561.jpg,837040710,837040710,gallery/P0837T04071A0/P0837T04071A0C0F09301.jpg,0.78958,0.67097,0.75009,ban_giao,dung,1,5615
query/P0703T04070A0/P0703T04070A0C3F05761.jpg,703040700,703040700,gallery/P0703T04070A0/P0703T04070A0C0F13471.jpg,0.72491,0.62767,0.75009,tu_choi,tu_choi,1,5615
query/P0555T04071A1/P0555T04071A1C3F03121.jpg,555040711,1944040602,gallery/P1944T04060A2/P1944T04060A2C0F12151.jpg,0.663,0.663,0.75009,tu_choi,tu_choi,1,5615
query/P1162T04071A1/P1162T04071A1C3F12301.jpg,1162040711,41040510,gallery/P0041T04051A0/P0041T04051A0C0F8311.jpg,0.67571,0.67571,0.75009,tu_choi,tu_choi,0,5615
query/P1040T04060A0/P1040T04060A0C3F06721.jpg,1040040600,1040040600,gallery/P1040T04060A0/P1040T04060A0C0F13321.jpg,0.74812,0.71817,0.75009,tu_choi,tu_choi,1,5615
query/P0819T04071A1/P0819T04071A1C3F05461.jpg,819040711,819040711,gallery/P0819T04071A1/P0819T04071A1C0F08971.jpg,0.74677,0.71227,0.75009,tu_choi,tu_choi,1,5615
query/P1608T04060A2/P1608T04060A2C3F05041.jpg,1608040602,574040701,gallery/P0574T04070A1/P0574T04070A1C0F05371.jpg,0.75262,0.75262,0.75009,ban_giao,sai,1,5615
query/P2584T04071A0/P2584T04071A0C3F11611.jpg,2584040710,2584040710,gallery/P2584T04071A0/P2584T04071A0C0F22501.jpg,0.7159,0.70678,0.75009,tu_choi,tu_choi,1,5615
query/P1685T04070A2/P1685T04070A2C3F05791.jpg,1685040702,2271040710,gallery/P2271T04071A0/P2271T04071A0C0F19681.jpg,0.65389,0.65389,0.75009,tu_choi,tu_choi,1,5615
query/P0499T04060A0/P0499T04060A0C3F04981.jpg,499040600,499040600,gallery/P0499T04060A0/P0499T04060A0C0F08101.jpg,0.77806,0.71611,0.75009,ban_giao,dung,1,5615
query/P1436T04070A1/P1436T04070A1C3F08971.jpg,1436040701,191040710,gallery/P0191T04071A0/P0191T04071A0C0F03151.jpg,0.65222,0.65222,0.75009,tu_choi,tu_choi,1,5615
query/P0303T04070A1/P0303T04070A1C3F01711.jpg,303040701,113040510,gallery/P0113T04051A0/P0113T04051A0C0F18691.jpg,0.65931,0.65931,0.75009,tu_choi,tu_choi,1,5615
query/P1556T04071A1/P1556T04071A1C3F10261.jpg,1556040711,2079040702,gallery/P2079T04070A2/P2079T04070A2C0F13651.jpg,0.64395,0.64395,0.75009,tu_choi,tu_choi,1,5615
query/P1944T04060A2/P1944T04060A2C3F10051.jpg,1944040602,1944040602,gallery/P1944T04060A2/P1944T04060A2C0F12151.jpg,0.71288,0.65615,0.75009,tu_choi,tu_choi,0,5615
query/P1148T04060A2/P1148T04060A2C3F06571.jpg,1148040602,1148040602,gallery/P1148T04060A2/P1148T04060A2C0F13471.jpg,0.67989,0.67585,0.75009,tu_choi,tu_choi,1,5615
query/P0769T04071A1/P0769T04071A1C3F06001.jpg,769040711,769040711,gallery/P0769T04071A1/P0769T04071A1C0F08881.jpg,0.72303,0.6253,0.75009,tu_choi,tu_choi,1,5615
query/P1436T04070A1/P1436T04070A1C3F08791.jpg,1436040701,1370040600,gallery/P1370T04060A0/P1370T04060A0C0F20431.jpg,0.67795,0.67795,0.75009,tu_choi,tu_choi,1,5615
query/P0368T04070A0/P0368T04070A0C3F03511.jpg,368040700,113040510,gallery/P0113T04051A0/P0113T04051A0C0F18901.jpg,0.66326,0.66326,0.75009,tu_choi,tu_choi,1,5615
query/P1895T04060A0/P1895T04060A0C3F12391.jpg,1895040600,127040510,gallery/P0127T04051A0/P0127T04051A0C0F21061.jpg,0.75464,0.75464,0.75009,ban_giao,sai,1,5615
query/P1182T04060A0/P1182T04060A0C3F07981.jpg,1182040600,1182040600,gallery/P1182T04060A0/P1182T04060A0C0F15991.jpg,0.69008,0.67282,0.75009,tu_choi,tu_choi,0,5615
query/P1179T04060A0/P1179T04060A0C3F07771.jpg,1179040600,837040710,gallery/P0837T04071A0/P0837T04071A0C0F09931.jpg,0.6241,0.6241,0.75009,tu_choi,tu_choi,0,5615
query/P0281T04060A1/P0281T04060A1C3F00991.jpg,281040601,281040601,gallery/P0281T04060A1/P0281T04060A1C0F02551.jpg,0.71369,0.68878,0.75009,tu_choi,tu_choi,0,5615
query/P1939T04071A2/P1939T04071A2C3F14101.jpg,1939040712,1939040712,gallery/P1939T04071A2/P1939T04071A2C0F25711.jpg,0.71751,0.69711,0.75009,tu_choi,tu_choi,1,5615
query/P1076T04070A0/P1076T04070A0C3F09151.jpg,1076040700,664040601,gallery/P0664T04060A1/P0664T04060A1C0F07231.jpg,0.70903,0.70903,0.75009,tu_choi,tu_choi,1,5615
query/P1240T04060A2/P1240T04060A2C3F06451.jpg,1240040602,275040512,gallery/P0275T04051A2/P0275T04051A2C0F841.jpg,0.72531,0.72531,0.75009,tu_choi,tu_choi,1,5615
query/P0769T04060A2/P0769T04060A2C3F02761.jpg,769040602,132040510,gallery/P0132T04051A0/P0132T04051A0C0F23821.jpg,0.71529,0.71529,0.75009,tu_choi,tu_choi,0,5615
query/P2375T04071A0/P2375T04071A0C3F11431.jpg,2375040710,2079040702,gallery/P2079T04070A2/P2079T04070A2C0F12721.jpg,0.78724,0.78724,0.75009,ban_giao,sai,0,5615
query/P0440T04051A2/P0440T04051A2C3F7741.jpg,440040512,871040710,gallery/P0871T04071A0/P0871T04071A0C0F10051.jpg,0.69422,0.69422,0.75009,tu_choi,tu_choi,0,5615
query/P0191T04071A0/P0191T04071A0C3F00601.jpg,191040710,191040710,gallery/P0191T04071A0/P0191T04071A0C0F02461.jpg,0.68243,0.65843,0.75009,tu_choi,tu_choi,1,5615
query/P0416T04070A1/P0416T04070A1C3F01771.jpg,416040701,416040701,gallery/P0416T04070A1/P0416T04070A1C0F03601.jpg,0.78395,0.74884,0.75009,ban_giao,dung,1,5615
query/P1748T04070A1/P1748T04070A1C3F09871.jpg,1748040701,1748040701,gallery/P1748T04070A1/P1748T04070A1C0F20311.jpg,0.65725,0.64802,0.75009,tu_choi,tu_choi,1,5615
query/P1933T04070A1/P1933T04070A1C3F09841.jpg,1933040701,1933040701,gallery/P1933T04070A1/P1933T04070A1C0F22621.jpg,0.726,0.68521,0.75009,tu_choi,tu_choi,1,5615
query/P0710T04060A1/P0710T04060A1C3F03931.jpg,710040601,53040700,gallery/P0053T04070A0/P0053T04070A0C0F01501.jpg,0.66737,0.66737,0.75009,tu_choi,tu_choi,1,5615
