truy_van,pid_that,pid_du_doan,anh_uav_chon,diem_co_mat,diem_vang_mat,nguong,quyet_dinh,ket_qua,giong_ao,so_ung_vien
query/P1596T03241A1/P1596T03241A1C2F16561.jpg,1596032411,2244032411,gallery/P2244T03241A1/P2244T03241A1C0F18061.jpg,0.6144,0.6144,0.71685,tu_choi,tu_choi,0,1807
query/P0873T03220A1/P0873T03220A1C2F12361.jpg,873032201,1632032200,gallery/P1632T03220A0/P1632T03220A0C0F27361.jpg,0.72454,0.72454,0.71685,ban_giao,sai,1,1156
query/P0556T03220A1/P0556T03220A1C2F12841.jpg,556032201,267032200,gallery/P0267T03220A0/P0267T03220A0C0F04591.jpg,0.66746,0.66746,0.71685,tu_choi,tu_choi,1,1156
query/P0098T02210A1/P0098T02210A1C2F4531.jpg,98022101,42022100,gallery/P0042T02210A0/P0042T02210A0C0F13321.jpg,0.57069,0.57069,0.71685,tu_choi,tu_choi,0,761
query/P0559T03241A1/P0559T03241A1C2F03091.jpg,559032411,559032411,gallery/P0559T03241A1/P0559T03241A1C0F03691.jpg,0.69198,0.65419,0.71685,tu_choi,tu_choi,0,1807
query/P0664T03241A1/P0664T03241A1C2F02131.jpg,664032411,1474032411,gallery/P1474T03241A1/P1474T03241A1C0F11761.jpg,0.71026,0.71026,0.71685,tu_choi,tu_choi,0,1807
query/P0469T03241A0/P0469T03241A0C2F06151.jpg,469032410,1496032411,gallery/P1496T03241A1/P1496T03241A1C0F13861.jpg,0.58229,0.58229,0.71685,tu_choi,tu_choi,1,1807
query/P0431T03241A2/P0431T03241A2C2F10321.jpg,431032412,431032412,gallery/P0431T03241A2/P0431T03241A2C0F05881.jpg,0.77322,0.61675,0.71685,ban_giao,dung,1,1807
query/P0559T02220A2/P0559T02220A2C2F23581.jpg,559022202,832022201,gallery/P0832T02220A1/P0832T02220A1C0F26431.jpg,0.67951,0.67951,0.71685,tu_choi,tu_choi,1,1348
query/P0724T03241A0/P0724T03241A0C2F10681.jpg,724032410,460032410,gallery/P0460T03241A0/P0460T03241A0C0F06271.jpg,0.70113,0.70113,0.71685,tu_choi,tu_choi,1,1807
query/P0110T02220A1/P0110T02220A1C2F02971.jpg,110022201,254022202,gallery/P0254T02220A2/P0254T02220A2C0F07801.jpg,0.76618,0.76618,0.71685,ban_giao,sai,0,1348
query/P0748T02220A2/P0748T02220A2C2F28111.jpg,748022202,182022200,gallery/P0182T02220A0/P0182T02220A0C0F04381.jpg,0.66239,0.66239,0.71685,tu_choi,tu_choi,1,1348
query/P0877T03220A0/P0877T03220A0C2F22231.jpg,877032200,877032200,gallery/P0877T03220A0/P0877T03220A0C0F16111.jpg,0.74808,0.63533,0.71685,ban_giao,dung,0,1156
query/P0710T02220A2/P0710T02220A2C2F21121.jpg,710022202,710022202,gallery/P0710T02220A2/P0710T02220A2C0F19891.jpg,0.65189,0.64755,0.71685,tu_choi,tu_choi,0,1348
query/P0742T03220A2/P0742T03220A2C2F07591.jpg,742032202,1447032200,gallery/P1447T03220A0/P1447T03220A0C0F22111.jpg,0.62363,0.62363,0.71685,tu_choi,tu_choi,0,1156
query/P2256T03241A1/P2256T03241A1C2F15721.jpg,2256032411,183032411,gallery/P0183T03241A1/P0183T03241A1C0F01771.jpg,0.61664,0.61664,0.71685,tu_choi,tu_choi,0,1807
query/P0910T03241A0/P0910T03241A0C2F08011.jpg,910032410,910032410,gallery/P0910T03241A0/P0910T03241A0C0F11341.jpg,0.67098,0.63966,0.71685,tu_choi,tu_choi,1,1807
query/P1661T03220A2/P1661T03220A2C2F20281.jpg,1661032202,171032202,gallery/P0171T03220A2/P0171T03220A2C0F01741.jpg,0.62385,0.62385,0.71685,tu_choi,tu_choi,1,1156
query/P0873T03220A1/P0873T03220A1C2F12871.jpg,873032201,470032200,gallery/P0470T03220A0/P0470T03220A0C0F05371.jpg,0.6641,0.6641,0.71685,tu_choi,tu_choi,1,1156
query/P0122T02220A2/P0122T02220A2C2F05251.jpg,122022202,122022202,gallery/P0122T02220A2/P0122T02220A2C0F04951.jpg,0.69534,0.65702,0.71685,tu_choi,tu_choi,1,1348
query/P2578T03241A1/P2578T03241A1C2F23761.jpg,2578032411,2578032411,gallery/P2578T03241A1/P2578T03241A1C0F19801.jpg,0.76764,0.65225,0.71685,ban_giao,dung,1,1807
query/P0107T02220A1/P0107T02220A1C2F07891.jpg,107022201,789022201,gallery/P0789T02220A1/P0789T02220A1C0F24661.jpg,0.68881,0.68881,0.71685,tu_choi,tu_choi,0,1348
query/P1267T03241A0/P1267T03241A0C2F11401.jpg,1267032410,1267032410,gallery/P1267T03241A0/P1267T03241A0C0F15001.jpg,0.62195,0.6078,0.71685,tu_choi,tu_choi,1,1807
query/P2579T03241A1/P2579T03241A1C2F23731.jpg,2579032411,2579032411,gallery/P2579T03241A1/P2579T03241A1C0F19771.jpg,0.70637,0.65801,0.71685,tu_choi,tu_choi,1,1807
query/P1150T03241A2/P1150T03241A2C2F23731.jpg,1150032412,1150032412,gallery/P1150T03241A2/P1150T03241A2C0F15631.jpg,0.70712,0.66812,0.71685,tu_choi,tu_choi,1,1807
query/P2207T03241A0/P2207T03241A0C2F24271.jpg,2207032410,974032411,gallery/P0974T03241A1/P0974T03241A1C0F05701.jpg,0.65929,0.65929,0.71685,tu_choi,tu_choi,0,1807
query/P0300T02210A2/P0300T02210A2C2F25771.jpg,300022102,300022102,gallery/P0300T02210A2/P0300T02210A2C0F26821.jpg,0.72408,0.54603,0.71685,ban_giao,dung,0,761
query/P0266T03241A0/P0266T03241A0C2F00601.jpg,266032410,839032411,gallery/P0839T03241A1/P0839T03241A1C0F05161.jpg,0.63822,0.63822,0.71685,tu_choi,tu_choi,1,1807
query/P1604T03220A1/P1604T03220A1C2F28141.jpg,1604032201,274032201,gallery/P0274T03220A1/P0274T03220A1C0F02401.jpg,0.65265,0.65265,0.71685,tu_choi,tu_choi,1,1156
query/P1815T03220A1/P1815T03220A1C2F26521.jpg,1815032201,406032201,gallery/P0406T03220A1/P0406T03220A1C0F04681.jpg,0.67431,0.67431,0.71685,tu_choi,tu_choi,0,1156
query/P0956T02220A2/P0956T02220A2C2F15661.jpg,956022202,956022202,gallery/P0956T02220A2/P0956T02220A2C0F24061.jpg,0.68252,0.59055,0.71685,tu_choi,tu_choi,0,1348
query/P0559T03241A2/P0559T03241A2C2F15211.jpg,559032412,559032412,gallery/P0559T03241A2/P0559T03241A2C0F07291.jpg,0.6942,0.6169,0.71685,tu_choi,tu_choi,0,1807
query/P0699T02220A1/P0699T02220A1C2F19861.jpg,699022201,699022201,gallery/P0699T02220A1/P0699T02220A1C0F18601.jpg,0.67036,0.64762,0.71685,tu_choi,tu_choi,0,1348
query/P0863T03241A2/P0863T03241A2C2F19411.jpg,863032412,863032412,gallery/P0863T03241A2/P0863T03241A2C0F11761.jpg,0.6396,0.61935,0.71685,tu_choi,tu_choi,0,1807
query/P1046T03241A0/P1046T03241A0C2F09751.jpg,1046032410,1046032410,gallery/P1046T03241A0/P1046T03241A0C0F13501.jpg,0.82255,0.6916,0.71685,ban_giao,dung,1,1807
query/P1632T03220A0/P1632T03220A0C2F28261.jpg,1632032200,1632032200,gallery/P1632T03220A0/P1632T03220A0C0F27541.jpg,0.71856,0.65915,0.71685,ban_giao,dung,0,1156
query/P0313T02220A0/P0313T02220A0C2F16201.jpg,313022200,457022202,gallery/P0457T02220A2/P0457T02220A2C0F14791.jpg,0.7697,0.7697,0.71685,ban_giao,sai,0,1348
query/P1632T03220A0/P1632T03220A0C2F27961.jpg,1632032200,1632032200,gallery/P1632T03220A0/P1632T03220A0C0F27541.jpg,0.68907,0.65215,0.71685,tu_choi,tu_choi,0,1156
query/P0047T03241A2/P0047T03241A2C2F07711.jpg,47032412,1150032412,gallery/P1150T03241A2/P1150T03241A2C0F16051.jpg,0.62453,0.62453,0.71685,tu_choi,tu_choi,0,1807
query/P0938T03220A0/P0938T03220A0C2F20971.jpg,938032200,938032200,gallery/P0938T03220A0/P0938T03220A0C0F16501.jpg,0.74137,0.66447,0.71685,ban_giao,dung,0,1156
query/P1679T03241A0/P1679T03241A0C2F19231.jpg,1679032410,1679032410,gallery/P1679T03241A0/P1679T03241A0C0F19711.jpg,0.78319,0.62828,0.71685,ban_giao,dung,0,1807
query/P0544T02220A0/P0544T02220A0C2F20221.jpg,544022200,671022200,gallery/P0671T02220A0/P0671T02220A0C0F24781.jpg,0.71964,0.71964,0.71685,ban_giao,sai,0,1348
query/P2078T03241A0/P2078T03241A0C2F25921.jpg,2078032410,2078032410,gallery/P2078T03241A0/P2078T03241A0C0F24991.jpg,0.68849,0.65731,0.71685,tu_choi,tu_choi,1,1807
query/P0326T02220A1/P0326T02220A1C2F05521.jpg,326022201,326022201,gallery/P0326T02220A1/P0326T02220A1C0F06121.jpg,0.63694,0.59181,0.71685,tu_choi,tu_choi,0,1348
query/P0183T03241A1/P0183T03241A1C2F03811.jpg,183032411,57032411,gallery/P0057T03241A1/P0057T03241A1C0F01261.jpg,0.684,0.684,0.71685,tu_choi,tu_choi,0,1807
query/P0343T02220A0/P0343T02220A0C2F27901.jpg,343022200,343022200,gallery/P0343T02220A0/P0343T02220A0C0F23401.jpg,0.7603,0.60361,0.71685,ban_giao,dung,0,1348
query/P0559T02220A2/P0559T02220A2C2F22951.jpg,559022202,832022201,gallery/P0832T02220A1/P0832T02220A1C0F26071.jpg,0.71397,0.71397,0.71685,tu_choi,tu_choi,1,1348
query/P0397T02220A1/P0397T02220A1C2F09211.jpg,397022201,139022201,gallery/P0139T02220A1/P0139T02220A1C0F02611.jpg,0.61578,0.61578,0.71685,tu_choi,tu_choi,0,1348
query/P0182T02220A0/P0182T02220A0C2F03811.jpg,182022200,671022200,gallery/P0671T02220A0/P0671T02220A0C0F23821.jpg,0.6941,0.6941,0.71685,tu_choi,tu_choi,1,1348
query/P0470T03220A0/P0470T03220A0C2F05701.jpg,470032200,470032200,gallery/P0470T03220A0/P0470T03220A0C0F05791.jpg,0.67794,0.66446,0.71685,tu_choi,tu_choi,1,1156
query/P0416T02220A2/P0416T02220A2C2F15151.jpg,416022202,416022202,gallery/P0416T02220A2/P0416T02220A2C0F14491.jpg,0.67693,0.5838,0.71685,tu_choi,tu_choi,1,1348
query/P0693T03241A2/P0693T03241A2C2F13291.jpg,693032412,412032411,gallery/P0412T03241A1/P0412T03241A1C0F03571.jpg,0.74132,0.74132,0.71685,ban_giao,sai,1,1807
query/P0431T03241A1/P0431T03241A1C2F04561.jpg,431032411,565032411,gallery/P0565T03241A1/P0565T03241A1C0F04021.jpg,0.61202,0.61202,0.71685,tu_choi,tu_choi,0,1807
query/P0863T03241A2/P0863T03241A2C2F19471.jpg,863032412,863032412,gallery/P0863T03241A2/P0863T03241A2C0F12031.jpg,0.65699,0.62003,0.71685,tu_choi,tu_choi,0,1807
query/P0198T02220A0/P0198T02220A0C2F10261.jpg,198022200,448022200,gallery/P0448T02220A0/P0448T02220A0C0F16111.jpg,0.69144,0.69144,0.71685,tu_choi,tu_choi,1,1348
query/P0642T02220A2/P0642T02220A2C2F19801.jpg,642022202,122022202,gallery/P0122T02220A2/P0122T02220A2C0F04951.jpg,0.68148,0.68148,0.71685,tu_choi,tu_choi,0,1348
query/P0780T03241A1/P0780T03241A1C2F06481.jpg,780032411,511032410,gallery/P0511T03241A0/P0511T03241A0C0F07591.jpg,0.74587,0.74587,0.71685,ban_giao,sai,1,1807
query/P0631T03220A2/P0631T03220A2C2F10081.jpg,631032202,1085032201,gallery/P1085T03220A1/P1085T03220A1C0F15901.jpg,0.65098,0.65098,0.71685,tu_choi,tu_choi,1,1156
query/P1635T03220A1/P1635T03220A1C2F23761.jpg,1635032201,877032200,gallery/P0877T03220A0/P0877T03220A0C0F14281.jpg,0.69162,0.69162,0.71685,tu_choi,tu_choi,1,1156
query/P0480T03220A1/P0480T03220A1C2F05401.jpg,480032201,587032200,gallery/P0587T03220A0/P0587T03220A0C0F06721.jpg,0.64334,0.64334,0.71685,tu_choi,tu_choi,1,1156
query/P0255T02220A2/P0255T02220A2C2F09421.jpg,255022202,255022202,gallery/P0255T02220A2/P0255T02220A2C0F08131.jpg,0.79646,0.7963,0.71685,ban_giao,dung,0,1348
query/P1635T03220A1/P1635T03220A1C2F23641.jpg,1635032201,1635032201,gallery/P1635T03220A1/P1635T03220A1C0F23731.jpg,0.66257,0.65245,0.71685,tu_choi,tu_choi,1,1156
query/P0255T02220A2/P0255T02220A2C2F09331.jpg,255022202,255022202,gallery/P0255T02220A2/P0255T02220A2C0F08251.jpg,0.78426,0.77946,0.71685,ban_giao,dung,0,1348
query/P0057T03241A1/P0057T03241A1C2F03781.jpg,57032411,57032411,gallery/P0057T03241A1/P0057T03241A1C0F01411.jpg,0.74268,0.65919,0.71685,ban_giao,dung,1,1807
query/P2386T03241A1/P2386T03241A1C2F18211.jpg,2386032411,802032411,gallery/P0802T03241A1/P0802T03241A1C0F05311.jpg,0.64822,0.64822,0.71685,tu_choi,tu_choi,1,1807
query/P0057T03241A1/P0057T03241A1C2F04261.jpg,57032411,57032411,gallery/P0057T03241A1/P0057T03241A1C0F01261.jpg,0.7044,0.66983,0.71685,tu_choi,tu_choi,1,1807
query/P2207T03241A0/P2207T03241A0C2F24451.jpg,2207032410,974032411,gallery/P0974T03241A1/P0974T03241A1C0F05761.jpg,0.64097,0.64097,0.71685,tu_choi,tu_choi,0,1807
query/P0699T02220A1/P0699T02220A1C2F19201.jpg,699022201,699022201,gallery/P0699T02220A1/P0699T02220A1C0F19531.jpg,0.63768,0.62578,0.71685,tu_choi,tu_choi,0,1348
query/P2106T03241A0/P2106T03241A0C2F22951.jpg,2106032410,2106032410,gallery/P2106T03241A0/P2106T03241A0C0F25891.jpg,0.73404,0.67661,0.71685,ban_giao,dung,0,1807
query/P0171T03220A2/P0171T03220A2C2F00811.jpg,171032202,171032202,gallery/P0171T03220A2/P0171T03220A2C0F01741.jpg,0.61839,0.58534,0.71685,tu_choi,tu_choi,0,1156
query/P0642T02220A2/P0642T02220A2C2F20281.jpg,642022202,642022202,gallery/P0642T02220A2/P0642T02220A2C0F18661.jpg,0.64015,0.63075,0.71685,tu_choi,tu_choi,0,1348
query/P1590T03241A1/P1590T03241A1C2F16351.jpg,1590032411,48032410,gallery/P0048T03241A0/P0048T03241A0C0F01171.jpg,0.66475,0.66475,0.71685,tu_choi,tu_choi,0,1807
query/P2030T03241A1/P2030T03241A1C2F19651.jpg,2030032411,2030032411,gallery/P2030T03241A1/P2030T03241A1C0F15961.jpg,0.63761,0.62751,0.71685,tu_choi,tu_choi,0,1807
query/P0639T03220A2/P0639T03220A2C2F06601.jpg,639032202,171032202,gallery/P0171T03220A2/P0171T03220A2C0F01741.jpg,0.66064,0.66064,0.71685,tu_choi,tu_choi,1,1156
query/P0844T03241A1/P0844T03241A1C2F08161.jpg,844032411,844032411,gallery/P0844T03241A1/P0844T03241A1C0F05701.jpg,0.64693,0.64011,0.71685,tu_choi,tu_choi,1,1807
query/P0182T02220A0/P0182T02220A0C2F04471.jpg,182022200,710022202,gallery/P0710T02220A2/P0710T02220A2C0F19501.jpg,0.67609,0.67609,0.71685,tu_choi,tu_choi,1,1348
query/P1252T03220A2/P1252T03220A2C2F19351.jpg,1252032202,581032202,gallery/P0581T03220A2/P0581T03220A2C0F05971.jpg,0.64581,0.64581,0.71685,tu_choi,tu_choi,1,1156
query/P0873T03220A1/P0873T03220A1C2F12781.jpg,873032201,653032200,gallery/P0653T03220A0/P0653T03220A0C0F08311.jpg,0.74367,0.74367,0.71685,ban_giao,sai,1,1156
query/P0406T03220A1/P0406T03220A1C2F03631.jpg,406032201,429032200,gallery/P0429T03220A0/P0429T03220A0C0F05161.jpg,0.62874,0.62874,0.71685,tu_choi,tu_choi,0,1156
query/P0938T03220A0/P0938T03220A0C2F21271.jpg,938032200,783032200,gallery/P0783T03220A0/P0783T03220A0C0F11911.jpg,0.68245,0.68245,0.71685,tu_choi,tu_choi,0,1156
query/P0198T02220A0/P0198T02220A0C2F10591.jpg,198022200,671022200,gallery/P0671T02220A0/P0671T02220A0C0F24781.jpg,0.69109,0.69109,0.71685,tu_choi,tu_choi,1,1348
query/P1036T03220A0/P1036T03220A0C2F16891.jpg,1036032200,1036032200,gallery/P1036T03220A0/P1036T03220A0C0F17431.jpg,0.69873,0.67348,0.71685,tu_choi,tu_choi,1,1156
query/P0001T03241A0/P0001T03241A0C2F00301.jpg,1032410,1032410,gallery/P0001T03241A0/P0001T03241A0C0F00061.jpg,0.72531,0.64298,0.71685,ban_giao,dung,0,1807
query/P1150T03241A2/P1150T03241A2C2F24151.jpg,1150032412,460032410,gallery/P0460T03241A0/P0460T03241A0C0F06271.jpg,0.75312,0.75312,0.71685,ban_giao,sai,1,1807
query/P0416T02220A2/P0416T02220A2C2F15301.jpg,416022202,416022202,gallery/P0416T02220A2/P0416T02220A2C0F14581.jpg,0.64355,0.60157,0.71685,tu_choi,tu_choi,1,1348
query/P0309T02220A0/P0309T02220A0C2F10201.jpg,309022200,699022201,gallery/P0699T02220A1/P0699T02220A1C0F19291.jpg,0.68435,0.68435,0.71685,tu_choi,tu_choi,0,1348
query/P0118T02220A1/P0118T02220A1C2F03121.jpg,118022201,320022200,gallery/P0320T02220A0/P0320T02220A0C0F10621.jpg,0.72216,0.72216,0.71685,ban_giao,sai,0,1348
query/P0302T03241A2/P0302T03241A2C2F08821.jpg,302032412,863032412,gallery/P0863T03241A2/P0863T03241A2C0F10621.jpg,0.63061,0.63061,0.71685,tu_choi,tu_choi,1,1807
query/P0288T03241A2/P0288T03241A2C2F10591.jpg,288032412,288032412,gallery/P0288T03241A2/P0288T03241A2C0F03511.jpg,0.77577,0.67474,0.71685,ban_giao,dung,0,1807
query/P0266T03241A0/P0266T03241A0C2F00181.jpg,266032410,266032410,gallery/P0266T03241A0/P0266T03241A0C0F04501.jpg,0.65748,0.64046,0.71685,tu_choi,tu_choi,1,1807
query/P0455T03241A2/P0455T03241A2C2F10351.jpg,455032412,2578032411,gallery/P2578T03241A1/P2578T03241A1C0F19501.jpg,0.68164,0.68164,0.71685,tu_choi,tu_choi,1,1807
query/P1095T03241A2/P1095T03241A2C2F21391.jpg,1095032412,1046032410,gallery/P1046T03241A0/P1046T03241A0C0F12571.jpg,0.64474,0.64474,0.71685,tu_choi,tu_choi,1,1807
query/P1907T03241A0/P1907T03241A0C2F24511.jpg,1907032410,1907032410,gallery/P1907T03241A0/P1907T03241A0C0F23431.jpg,0.70435,0.63932,0.71685,tu_choi,tu_choi,1,1807
query/P1376T03220A1/P1376T03220A1C2F19471.jpg,1376032201,267032200,gallery/P0267T03220A0/P0267T03220A0C0F04591.jpg,0.58491,0.58491,0.71685,tu_choi,tu_choi,1,1156
query/P0343T02220A0/P0343T02220A0C2F28381.jpg,343022200,343022200,gallery/P0343T02220A0/P0343T02220A0C0F12571.jpg,0.65215,0.61125,0.71685,tu_choi,tu_choi,0,1348
query/P0538T03241A1/P0538T03241A1C2F03601.jpg,538032411,1130032411,gallery/P1130T03241A1/P1130T03241A1C0F08461.jpg,0.72213,0.72213,0.71685,ban_giao,sai,0,1807
query/P0469T03241A0/P0469T03241A0C2F06751.jpg,469032410,460032410,gallery/P0460T03241A0/P0460T03241A0C0F06271.jpg,0.70044,0.70044,0.71685,tu_choi,tu_choi,1,1807
query/P0656T02220A2/P0656T02220A2C2F19921.jpg,656022202,671022200,gallery/P0671T02220A0/P0671T02220A0C0F24781.jpg,0.69006,0.69006,0.71685,tu_choi,tu_choi,1,1348
query/P0728T02220A1/P0728T02220A1C2F25831.jpg,728022201,320022200,gallery/P0320T02220A0/P0320T02220A0C0F10621.jpg,0.71679,0.71679,0.71685,tu_choi,tu_choi,1,1348
query/P1248T03241A0/P1248T03241A0C2F17371.jpg,1248032410,48032410,gallery/P0048T03241A0/P0048T03241A0C0F01441.jpg,0.68713,0.68713,0.71685,tu_choi,tu_choi,1,1807
query/P0574T03220A1/P0574T03220A1C2F12781.jpg,574032201,1632032200,gallery/P1632T03220A0/P1632T03220A0C0F27361.jpg,0.63151,0.63151,0.71685,tu_choi,tu_choi,1,1156
query/P1435T03241A0/P1435T03241A0C2F19141.jpg,1435032410,1435032410,gallery/P1435T03241A0/P1435T03241A0C0F16741.jpg,0.69785,0.68095,0.71685,tu_choi,tu_choi,1,1807
query/P0359T03241A0/P0359T03241A0C2F00031.jpg,359032410,359032410,gallery/P0359T03241A0/P0359T03241A0C0F03781.jpg,0.70922,0.65669,0.71685,tu_choi,tu_choi,1,1807
query/P0178T03220A1/P0178T03220A1C2F01111.jpg,178032201,178032201,gallery/P0178T03220A1/P0178T03220A1C0F02371.jpg,0.67336,0.64125,0.71685,tu_choi,tu_choi,0,1156
query/P1360T03241A0/P1360T03241A0C2F13711.jpg,1360032410,1360032410,gallery/P1360T03241A0/P1360T03241A0C0F16411.jpg,0.74943,0.63483,0.71685,ban_giao,dung,1,1807
query/P1604T03220A1/P1604T03220A1C2F27991.jpg,1604032201,274032201,gallery/P0274T03220A1/P0274T03220A1C0F02251.jpg,0.63011,0.63011,0.71685,tu_choi,tu_choi,1,1156
query/P0029T02210A0/P0029T02210A0C2F8881.jpg,29022100,29022100,gallery/P0029T02210A0/P0029T02210A0C0F11641.jpg,0.71037,0.61625,0.71685,tu_choi,tu_choi,0,761
query/P1085T03220A1/P1085T03220A1C2F15301.jpg,1085032201,1085032201,gallery/P1085T03220A1/P1085T03220A1C0F15931.jpg,0.67632,0.66466,0.71685,tu_choi,tu_choi,0,1156
query/P1474T03241A1/P1474T03241A1C2F11401.jpg,1474032411,469032410,gallery/P0469T03241A0/P0469T03241A0C0F06301.jpg,0.73524,0.73524,0.71685,ban_giao,sai,1,1807
query/P0687T02220A1/P0687T02220A1C2F18631.jpg,687022201,313022200,gallery/P0313T02220A0/P0313T02220A0C0F10351.jpg,0.63923,0.63923,0.71685,tu_choi,tu_choi,0,1348
query/P2244T03241A1/P2244T03241A1C2F20341.jpg,2244032411,2244032411,gallery/P2244T03241A1/P2244T03241A1C0F17581.jpg,0.65822,0.62944,0.71685,tu_choi,tu_choi,1,1807
query/P2200T03241A1/P2200T03241A1C2F21331.jpg,2200032411,693032412,gallery/P0693T03241A2/P0693T03241A2C0F09451.jpg,0.71682,0.71682,0.71685,tu_choi,tu_choi,0,1807
query/P0469T03241A0/P0469T03241A0C2F06361.jpg,469032410,460032410,gallery/P0460T03241A0/P0460T03241A0C0F06271.jpg,0.67972,0.67972,0.71685,tu_choi,tu_choi,1,1807
query/P0972T03241A0/P0972T03241A0C2F14521.jpg,972032410,1046032410,gallery/P1046T03241A0/P1046T03241A0C0F12481.jpg,0.6774,0.6774,0.71685,tu_choi,tu_choi,1,1807
query/P0562T03241A1/P0562T03241A1C2F02821.jpg,562032411,562032411,gallery/P0562T03241A1/P0562T03241A1C0F03631.jpg,0.73422,0.68522,0.71685,ban_giao,dung,1,1807
query/P0632T03241A1/P0632T03241A1C2F02461.jpg,632032411,632032411,gallery/P0632T03241A1/P0632T03241A1C0F03841.jpg,0.71362,0.68502,0.71685,tu_choi,tu_choi,1,1807
query/P0511T03241A0/P0511T03241A0C2F02731.jpg,511032410,511032410,gallery/P0511T03241A0/P0511T03241A0C0F05071.jpg,0.72657,0.62163,0.71685,ban_giao,dung,0,1807
query/P1230T03220A1/P1230T03220A1C2F17221.jpg,1230032201,216032200,gallery/P0216T03220A0/P0216T03220A0C0F02731.jpg,0.65191,0.65191,0.71685,tu_choi,tu_choi,1,1156
query/P0544T02220A0/P0544T02220A0C2F27241.jpg,544022200,544022200,gallery/P0544T02220A0/P0544T02220A0C0F19981.jpg,0.68008,0.66712,0.71685,tu_choi,tu_choi,0,1348
query/P0581T03220A2/P0581T03220A2C2F06031.jpg,581032202,653032200,gallery/P0653T03220A0/P0653T03220A0C0F08311.jpg,0.67149,0.67149,0.71685,tu_choi,tu_choi,0,1156
query/P1248T03241A0/P1248T03241A0C2F17311.jpg,1248032410,48032410,gallery/P0048T03241A0/P0048T03241A0C0F01441.jpg,0.63648,0.63648,0.71685,tu_choi,tu_choi,1,1807
query/P1236T03220A2/P1236T03220A2C2F14101.jpg,1236032202,587032200,gallery/P0587T03220A0/P0587T03220A0C0F06811.jpg,0.64478,0.64478,0.71685,tu_choi,tu_choi,0,1156
query/P0110T02220A1/P0110T02220A1C2F02221.jpg,110022201,110022201,gallery/P0110T02220A1/P0110T02220A1C0F04981.jpg,0.73529,0.67561,0.71685,ban_giao,dung,0,1348
query/P0255T02220A1/P0255T02220A1C2F04291.jpg,255022201,242022201,gallery/P0242T02220A1/P0242T02220A1C0F20761.jpg,0.59411,0.59411,0.71685,tu_choi,tu_choi,1,1348
query/P0796T03220A1/P0796T03220A1C2F17161.jpg,796032201,796032201,gallery/P0796T03220A1/P0796T03220A1C0F13351.jpg,0.71047,0.61893,0.71685,tu_choi,tu_choi,1,1156
query/P0171T03220A2/P0171T03220A2C2F00901.jpg,171032202,581032202,gallery/P0581T03220A2/P0581T03220A2C0F06181.jpg,0.63825,0.63825,0.71685,tu_choi,tu_choi,0,1156
query/P0556T03220A1/P0556T03220A1C2F12691.jpg,556032201,556032201,gallery/P0556T03220A1/P0556T03220A1C0F08191.jpg,0.618,0.61514,0.71685,tu_choi,tu_choi,1,1156
query/P0830T02220A1/P0830T02220A1C2F25591.jpg,830022201,830022201,gallery/P0830T02220A1/P0830T02220A1C0F25321.jpg,0.71734,0.65908,0.71685,ban_giao,dung,0,1348
query/P0742T02220A1/P0742T02220A1C2F16741.jpg,742022201,309022200,gallery/P0309T02220A0/P0309T02220A0C0F09961.jpg,0.65339,0.65339,0.71685,tu_choi,tu_choi,1,1348
query/P0431T03241A1/P0431T03241A1C2F05131.jpg,431032411,1860032410,gallery/P1860T03241A0/P1860T03241A0C0F23491.jpg,0.66805,0.66805,0.71685,tu_choi,tu_choi,0,1807
query/P2207T03241A0/P2207T03241A0C2F24691.jpg,2207032410,2207032410,gallery/P2207T03241A0/P2207T03241A0C0F26941.jpg,0.64793,0.61549,0.71685,tu_choi,tu_choi,0,1807
query/P0581T03220A2/P0581T03220A2C2F05911.jpg,581032202,653032200,gallery/P0653T03220A0/P0653T03220A0C0F08311.jpg,0.71242,0.71242,0.71685,tu_choi,tu_choi,0,1156
query/P2106T03241A0/P2106T03241A0C2F22231.jpg,2106032410,460032410,gallery/P0460T03241A0/P0460T03241A0C0F06271.jpg,0.69353,0.69353,0.71685,tu_choi,tu_choi,0,1807
query/P1005T03220A0/P1005T03220A0C2F20821.jpg,1005032200,1005032200,gallery/P1005T03220A0/P1005T03220A0C0F16981.jpg,0.65779,0.63622,0.71685,tu_choi,tu_choi,0,1156
query/P0198T02220A0/P0198T02220A0C2F11131.jpg,198022200,448022200,gallery/P0448T02220A0/P0448T02220A0C0F16321.jpg,0.70487,0.70487,0.71685,tu_choi,tu_choi,1,1348
query/P0692T02220A0/P0692T02220A0C2F24751.jpg,692022200,692022200,gallery/P0692T02220A0/P0692T02220A0C0F25231.jpg,0.68741,0.65086,0.71685,tu_choi,tu_choi,1,1348
query/P1248T03241A0/P1248T03241A0C2F16621.jpg,1248032410,1248032410,gallery/P1248T03241A0/P1248T03241A0C0F14971.jpg,0.68839,0.63487,0.71685,tu_choi,tu_choi,1,1807
query/P0699T02220A1/P0699T02220A1C2F19381.jpg,699022201,699022201,gallery/P0699T02220A1/P0699T02220A1C0F19531.jpg,0.68977,0.61847,0.71685,tu_choi,tu_choi,0,1348
query/P1604T03220A1/P1604T03220A1C2F28111.jpg,1604032201,877032200,gallery/P0877T03220A0/P0877T03220A0C0F14341.jpg,0.66252,0.66252,0.71685,tu_choi,tu_choi,1,1156
query/P0178T03220A1/P0178T03220A1C2F01261.jpg,178032201,178032201,gallery/P0178T03220A1/P0178T03220A1C0F02371.jpg,0.61312,0.60384,0.71685,tu_choi,tu_choi,0,1156
query/P1236T03220A2/P1236T03220A2C2F14191.jpg,1236032202,587032200,gallery/P0587T03220A0/P0587T03220A0C0F07141.jpg,0.65195,0.65195,0.71685,tu_choi,tu_choi,0,1156
query/P0836T02220A1/P0836T02220A1C2F26761.jpg,836022201,139022201,gallery/P0139T02220A1/P0139T02220A1C0F02821.jpg,0.64792,0.64792,0.71685,tu_choi,tu_choi,0,1348
query/P0216T03220A0/P0216T03220A0C2F02911.jpg,216032200,216032200,gallery/P0216T03220A0/P0216T03220A0C0F02731.jpg,0.70594,0.58789,0.71685,tu_choi,tu_choi,1,1156
query/P1935T03241A0/P1935T03241A0C2F24091.jpg,1935032410,1935032410,gallery/P1935T03241A0/P1935T03241A0C0F23161.jpg,0.72104,0.71484,0.71685,ban_giao,dung,1,1807
query/P0183T03241A1/P0183T03241A1C2F03361.jpg,183032411,412032411,gallery/P0412T03241A1/P0412T03241A1C0F03811.jpg,0.65588,0.65588,0.71685,tu_choi,tu_choi,0,1807
query/P0226T03241A1/P0226T03241A1C2F05581.jpg,226032411,226032411,gallery/P0226T03241A1/P0226T03241A1C0F02011.jpg,0.66626,0.64294,0.71685,tu_choi,tu_choi,1,1807
query/P0171T03220A2/P0171T03220A2C2F00781.jpg,171032202,171032202,gallery/P0171T03220A2/P0171T03220A2C0F01741.jpg,0.60551,0.59589,0.71685,tu_choi,tu_choi,0,1156
query/P1935T03241A0/P1935T03241A0C2F23971.jpg,1935032410,1496032411,gallery/P1496T03241A1/P1496T03241A1C0F13861.jpg,0.66249,0.66249,0.71685,tu_choi,tu_choi,1,1807
query/P0242T02220A1/P0242T02220A1C2F28921.jpg,242022201,242022201,gallery/P0242T02220A1/P0242T02220A1C0F18691.jpg,0.70508,0.60734,0.71685,tu_choi,tu_choi,0,1348
query/P1474T03241A1/P1474T03241A1C2F11611.jpg,1474032411,469032410,gallery/P0469T03241A0/P0469T03241A0C0F06301.jpg,0.72082,0.72082,0.71685,ban_giao,sai,1,1807
query/P0581T03220A2/P0581T03220A2C2F06001.jpg,581032202,581032202,gallery/P0581T03220A2/P0581T03220A2C0F05971.jpg,0.70936,0.70087,0.71685,tu_choi,tu_choi,0,1156
query/P0877T03220A0/P0877T03220A0C2F22171.jpg,877032200,877032200,gallery/P0877T03220A0/P0877T03220A0C0F15751.jpg,0.75142,0.6723,0.71685,ban_giao,dung,0,1156
query/P0808T03220A2/P0808T03220A2C2F09031.jpg,808032202,470032200,gallery/P0470T03220A0/P0470T03220A0C0F05821.jpg,0.61653,0.61653,0.71685,tu_choi,tu_choi,1,1156
query/P0808T03220A2/P0808T03220A2C2F08941.jpg,808032202,808032202,gallery/P0808T03220A2/P0808T03220A2C0F09691.jpg,0.60148,0.58966,0.71685,tu_choi,tu_choi,1,1156
query/P0460T03241A0/P0460T03241A0C2F06211.jpg,460032410,559032412,gallery/P0559T03241A2/P0559T03241A2C0F07501.jpg,0.65123,0.65123,0.71685,tu_choi,tu_choi,0,1807
query/P0938T03220A1/P0938T03220A1C2F13681.jpg,938032201,653032200,gallery/P0653T03220A0/P0653T03220A0C0F08041.jpg,0.65022,0.65022,0.71685,tu_choi,tu_choi,0,1156
query/P0411T03241A0/P0411T03241A0C2F06841.jpg,411032410,1907032410,gallery/P1907T03241A0/P1907T03241A0C0F23611.jpg,0.62089,0.62089,0.71685,tu_choi,tu_choi,0,1807
query/P0615T03220A1/P0615T03220A1C2F08191.jpg,615032201,274032201,gallery/P0274T03220A1/P0274T03220A1C0F02251.jpg,0.66309,0.66309,0.71685,tu_choi,tu_choi,0,1156
query/P0320T02220A0/P0320T02220A0C2F14191.jpg,320022200,320022200,gallery/P0320T02220A0/P0320T02220A0C0F10621.jpg,0.72488,0.70054,0.71685,ban_giao,dung,1,1348
query/P2207T03241A0/P2207T03241A0C2F24481.jpg,2207032410,2207032410,gallery/P2207T03241A0/P2207T03241A0C0F26881.jpg,0.64457,0.64419,0.71685,tu_choi,tu_choi,0,1807
query/P0956T02220A2/P0956T02220A2C2F15571.jpg,956022202,956022202,gallery/P0956T02220A2/P0956T02220A2C0F24061.jpg,0.65742,0.63951,0.71685,tu_choi,tu_choi,0,1348
query/P1366T03241A1/P1366T03241A1C2F10801.jpg,1366032411,1860032410,gallery/P1860T03241A0/P1860T03241A0C0F23611.jpg,0.67158,0.67158,0.71685,tu_choi,tu_choi,1,1807
query/P0406T03220A1/P0406T03220A1C2F03211.jpg,406032201,216032200,gallery/P0216T03220A0/P0216T03220A0C0F03541.jpg,0.69207,0.69207,0.71685,tu_choi,tu_choi,0,1156
query/P0278T02210A2/P0278T02210A2C2F18421.jpg,278022102,278022102,gallery/P0278T02210A2/P0278T02210A2C0F20581.jpg,0.61029,0.60209,0.71685,tu_choi,tu_choi,0,761
query/P0226T03241A1/P0226T03241A1C2F05791.jpg,226032411,48032410,gallery/P0048T03241A0/P0048T03241A0C0F01441.jpg,0.73652,0.73652,0.71685,ban_giao,sai,1,1807
query/P0228T03241A0/P0228T03241A0C2F02671.jpg,228032410,1130032411,gallery/P1130T03241A1/P1130T03241A1C0F08461.jpg,0.61315,0.61315,0.71685,tu_choi,tu_choi,1,1807
query/P0581T03220A0/P0581T03220A0C2F06721.jpg,581032200,653032200,gallery/P0653T03220A0/P0653T03220A0C0F08041.jpg,0.61762,0.61762,0.71685,tu_choi,tu_choi,0,1156
query/P0873T03220A1/P0873T03220A1C2F12751.jpg,873032201,653032200,gallery/P0653T03220A0/P0653T03220A0C0F08311.jpg,0.7026,0.7026,0.71685,tu_choi,tu_choi,1,1156
query/P1024T03241A0/P1024T03241A0C2F13651.jpg,1024032410,1024032410,gallery/P1024T03241A0/P1024T03241A0C0F12121.jpg,0.68044,0.65568,0.71685,tu_choi,tu_choi,0,1807
query/P1815T03220A1/P1815T03220A1C2F26701.jpg,1815032201,406032201,gallery/P0406T03220A1/P0406T03220A1C0F04381.jpg,0.60201,0.60201,0.71685,tu_choi,tu_choi,0,1156
query/P0388T03220A2/P0388T03220A2C2F02641.jpg,388032202,1236032202,gallery/P1236T03220A2/P1236T03220A2C0F14401.jpg,0.59042,0.59042,0.71685,tu_choi,tu_choi,0,1156
query/P0255T02220A2/P0255T02220A2C2F09631.jpg,255022202,254022202,gallery/P0254T02220A2/P0254T02220A2C0F08371.jpg,0.77593,0.77593,0.71685,ban_giao,sai,0,1348
query/P0266T03241A0/P0266T03241A0C2F00241.jpg,266032410,266032410,gallery/P0266T03241A0/P0266T03241A0C0F04501.jpg,0.65063,0.63423,0.71685,tu_choi,tu_choi,1,1807
query/P0054T02220A1/P0054T02220A1C2F06151.jpg,54022201,54022201,gallery/P0054T02220A1/P0054T02220A1C0F01051.jpg,0.73462,0.72269,0.71685,ban_giao,dung,0,1348
query/P0216T03220A0/P0216T03220A0C2F02611.jpg,216032200,216032200,gallery/P0216T03220A0/P0216T03220A0C0F02761.jpg,0.64005,0.62848,0.71685,tu_choi,tu_choi,1,1156
query/P0988T03241A1/P0988T03241A1C2F06781.jpg,988032411,988032411,gallery/P0988T03241A1/P0988T03241A1C0F07681.jpg,0.79528,0.69456,0.71685,ban_giao,dung,0,1807
query/P0469T03241A0/P0469T03241A0C2F06691.jpg,469032410,460032410,gallery/P0460T03241A0/P0460T03241A0C0F06271.jpg,0.6825,0.6825,0.71685,tu_choi,tu_choi,1,1807
query/P1376T03220A1/P1376T03220A1C2F19141.jpg,1376032201,267032200,gallery/P0267T03220A0/P0267T03220A0C0F04591.jpg,0.66874,0.66874,0.71685,tu_choi,tu_choi,1,1156
query/P0830T02220A1/P0830T02220A1C2F25111.jpg,830022201,830022201,gallery/P0830T02220A1/P0830T02220A1C0F26341.jpg,0.67799,0.65942,0.71685,tu_choi,tu_choi,0,1348
query/P0661T02220A2/P0661T02220A2C2F19651.jpg,661022202,836022201,gallery/P0836T02220A1/P0836T02220A1C0F25831.jpg,0.66158,0.66158,0.71685,tu_choi,tu_choi,0,1348
query/P0429T03220A0/P0429T03220A0C2F05311.jpg,429032200,429032200,gallery/P0429T03220A0/P0429T03220A0C0F04951.jpg,0.66567,0.61111,0.71685,tu_choi,tu_choi,0,1156
query/P0455T03241A0/P0455T03241A0C2F07591.jpg,455032410,288032412,gallery/P0288T03241A2/P0288T03241A2C0F03511.jpg,0.74729,0.74729,0.71685,ban_giao,sai,0,1807
query/P0187T02210A1/P0187T02210A1C2F22831.jpg,187022101,178022101,gallery/P0178T02210A1/P0178T02210A1C0F21631.jpg,0.65893,0.65893,0.71685,tu_choi,tu_choi,0,761
query/P1275T03241A2/P1275T03241A2C2F21601.jpg,1275032412,1474032411,gallery/P1474T03241A1/P1474T03241A1C0F12061.jpg,0.64465,0.64465,0.71685,tu_choi,tu_choi,1,1807
query/P0388T03220A2/P0388T03220A2C2F02611.jpg,388032202,587032200,gallery/P0587T03220A0/P0587T03220A0C0F06751.jpg,0.57701,0.57701,0.71685,tu_choi,tu_choi,0,1156
query/P0832T02220A1/P0832T02220A1C2F27091.jpg,832022201,320022200,gallery/P0320T02220A0/P0320T02220A0C0F10621.jpg,0.72213,0.72213,0.71685,ban_giao,sai,1,1348
query/P1187T03241A2/P1187T03241A2C2F20221.jpg,1187032412,48032410,gallery/P0048T03241A0/P0048T03241A0C0F01441.jpg,0.64101,0.64101,0.71685,tu_choi,tu_choi,0,1807
query/P2256T03241A1/P2256T03241A1C2F15451.jpg,2256032411,469032410,gallery/P0469T03241A0/P0469T03241A0C0F06301.jpg,0.65958,0.65958,0.71685,tu_choi,tu_choi,0,1807
query/P0780T03241A1/P0780T03241A1C2F06601.jpg,780032411,1046032410,gallery/P1046T03241A0/P1046T03241A0C0F13081.jpg,0.70192,0.70192,0.71685,tu_choi,tu_choi,1,1807
query/P1230T03220A1/P1230T03220A1C2F17041.jpg,1230032201,216032200,gallery/P0216T03220A0/P0216T03220A0C0F02731.jpg,0.65408,0.65408,0.71685,tu_choi,tu_choi,1,1156
query/P0830T02220A1/P0830T02220A1C2F24841.jpg,830022201,830022201,gallery/P0830T02220A1/P0830T02220A1C0F26011.jpg,0.69005,0.63548,0.71685,tu_choi,tu_choi,0,1348
query/P0653T03220A0/P0653T03220A0C2F08341.jpg,653032200,470032200,gallery/P0470T03220A0/P0470T03220A0C0F06601.jpg,0.68001,0.68001,0.71685,tu_choi,tu_choi,1,1156
query/P0780T03241A0/P0780T03241A0C2F10471.jpg,780032410,559032411,gallery/P0559T03241A1/P0559T03241A1C0F03661.jpg,0.74818,0.74818,0.71685,ban_giao,sai,1,1807
query/P0988T03241A1/P0988T03241A1C2F06601.jpg,988032411,988032411,gallery/P0988T03241A1/P0988T03241A1C0F07261.jpg,0.75057,0.69949,0.71685,ban_giao,dung,0,1807
query/P0001T03241A2/P0001T03241A2C2F07921.jpg,1032412,1151032412,gallery/P1151T03241A2/P1151T03241A2C0F16051.jpg,0.68533,0.68533,0.71685,tu_choi,tu_choi,1,1807
query/P0142T02210A1/P0142T02210A1C2F10021.jpg,142022101,178022101,gallery/P0178T02210A1/P0178T02210A1C0F21631.jpg,0.65733,0.65733,0.71685,tu_choi,tu_choi,0,761
query/P0457T02220A2/P0457T02220A2C2F15601.jpg,457022202,313022200,gallery/P0313T02220A0/P0313T02220A0C0F12091.jpg,0.6875,0.6875,0.71685,tu_choi,tu_choi,0,1348
query/P1907T03241A0/P1907T03241A0C2F24361.jpg,1907032410,1907032410,gallery/P1907T03241A0/P1907T03241A0C0F22711.jpg,0.6855,0.58472,0.71685,tu_choi,tu_choi,1,1807
query/P0622T03241A1/P0622T03241A1C2F02221.jpg,622032411,622032411,gallery/P0622T03241A1/P0622T03241A1C0F03661.jpg,0.71862,0.59833,0.71685,ban_giao,dung,0,1807
query/P0565T03241A1/P0565T03241A1C2F03601.jpg,565032411,565032411,gallery/P0565T03241A1/P0565T03241A1C0F04261.jpg,0.67834,0.61903,0.71685,tu_choi,tu_choi,1,1807
query/P0319T02220A0/P0319T02220A0C2F15031.jpg,319022200,671022200,gallery/P0671T02220A0/P0671T02220A0C0F24781.jpg,0.64006,0.64006,0.71685,tu_choi,tu_choi,1,1348
query/P0419T02220A1/P0419T02220A1C2F09751.jpg,419022201,710022202,gallery/P0710T02220A2/P0710T02220A2C0F19921.jpg,0.6806,0.6806,0.71685,tu_choi,tu_choi,1,1348
query/P1366T03241A1/P1366T03241A1C2F10831.jpg,1366032411,48032410,gallery/P0048T03241A0/P0048T03241A0C0F00961.jpg,0.68555,0.68555,0.71685,tu_choi,tu_choi,1,1807
query/P0836T02220A1/P0836T02220A1C2F26581.jpg,836022201,139022201,gallery/P0139T02220A1/P0139T02220A1C0F02821.jpg,0.61737,0.61737,0.71685,tu_choi,tu_choi,0,1348
query/P0503T02220A2/P0503T02220A2C2F17161.jpg,503022202,139022201,gallery/P0139T02220A1/P0139T02220A1C0F02911.jpg,0.72278,0.72278,0.71685,ban_giao,sai,1,1348
query/P0193T02220A0/P0193T02220A0C2F04591.jpg,193022200,193022200,gallery/P0193T02220A0/P0193T02220A0C0F06331.jpg,0.76089,0.63245,0.71685,ban_giao,dung,1,1348
query/P0742T03220A2/P0742T03220A2C2F07621.jpg,742032202,653032200,gallery/P0653T03220A0/P0653T03220A0C0F08041.jpg,0.67093,0.67093,0.71685,tu_choi,tu_choi,0,1156
query/P0544T02220A0/P0544T02220A0C2F27211.jpg,544022200,544022200,gallery/P0544T02220A0/P0544T02220A0C0F19981.jpg,0.7209,0.66348,0.71685,ban_giao,dung,0,1348
query/P1137T03241A2/P1137T03241A2C2F19801.jpg,1137032412,1360032410,gallery/P1360T03241A0/P1360T03241A0C0F16081.jpg,0.5953,0.5953,0.71685,tu_choi,tu_choi,0,1807
query/P2579T03241A1/P2579T03241A1C2F23701.jpg,2579032411,2579032411,gallery/P2579T03241A1/P2579T03241A1C0F19741.jpg,0.69784,0.67775,0.71685,tu_choi,tu_choi,1,1807
query/P0198T02220A0/P0198T02220A0C2F10441.jpg,198022200,671022200,gallery/P0671T02220A0/P0671T02220A0C0F24781.jpg,0.66479,0.66479,0.71685,tu_choi,tu_choi,1,1348
query/P0763T03241A2/P0763T03241A2C2F18151.jpg,763032412,802032411,gallery/P0802T03241A1/P0802T03241A1C0F04951.jpg,0.69777,0.69777,0.71685,tu_choi,tu_choi,1,1807
query/P0664T03241A1/P0664T03241A1C2F02101.jpg,664032411,48032410,gallery/P0048T03241A0/P0048T03241A0C0F01441.jpg,0.69654,0.69654,0.71685,tu_choi,tu_choi,0,1807
query/P0559T03241A1/P0559T03241A1C2F03361.jpg,559032411,559032411,gallery/P0559T03241A1/P0559T03241A1C0F03631.jpg,0.72578,0.67515,0.71685,ban_giao,dung,0,1807
query/P1135T03241A1/P1135T03241A1C2F10351.jpg,1135032411,2078032410,gallery/P2078T03241A0/P2078T03241A0C0F24781.jpg,0.72464,0.72464,0.71685,ban_giao,sai,1,1807
query/P0910T03241A0/P0910T03241A0C2F07921.jpg,910032410,910032410,gallery/P0910T03241A0/P0910T03241A0C0F11341.jpg,0.66956,0.64572,0.71685,tu_choi,tu_choi,1,1807
query/P2106T03241A0/P2106T03241A0C2F22621.jpg,2106032410,460032410,gallery/P0460T03241A0/P0460T03241A0C0F06301.jpg,0.71165,0.71165,0.71685,tu_choi,tu_choi,0,1807
query/P0288T03241A2/P0288T03241A2C2F10951.jpg,288032412,288032412,gallery/P0288T03241A2/P0288T03241A2C0F03511.jpg,0.7308,0.66298,0.71685,ban_giao,dung,0,1807
query/P0460T03241A0/P0460T03241A0C2F06481.jpg,460032410,460032410,gallery/P0460T03241A0/P0460T03241A0C0F06241.jpg,0.69453,0.64247,0.71685,tu_choi,tu_choi,0,1807
query/P0487T03220A1/P0487T03220A1C2F09181.jpg,487032201,388032202,gallery/P0388T03220A2/P0388T03220A2C0F04501.jpg,0.65544,0.65544,0.71685,tu_choi,tu_choi,1,1156
query/P0742T03220A2/P0742T03220A2C2F07201.jpg,742032202,406032201,gallery/P0406T03220A1/P0406T03220A1C0F04681.jpg,0.67074,0.67074,0.71685,tu_choi,tu_choi,0,1156
query/P1095T03241A2/P1095T03241A2C2F21211.jpg,1095032412,460032410,gallery/P0460T03241A0/P0460T03241A0C0F06271.jpg,0.71903,0.71903,0.71685,ban_giao,sai,1,1807
query/P0375T03220A1/P0375T03220A1C2F02941.jpg,375032201,375032201,gallery/P0375T03220A1/P0375T03220A1C0F04411.jpg,0.65712,0.62956,0.71685,tu_choi,tu_choi,0,1156
query/P0774T03220A1/P0774T03220A1C2F11101.jpg,774032201,655032202,gallery/P0655T03220A2/P0655T03220A2C0F07171.jpg,0.67483,0.67483,0.71685,tu_choi,tu_choi,1,1156
query/P0118T02220A1/P0118T02220A1C2F03211.jpg,118022201,62022200,gallery/P0062T02220A0/P0062T02220A0C0F00901.jpg,0.76802,0.76802,0.71685,ban_giao,sai,0,1348
query/P0863T03241A2/P0863T03241A2C2F19951.jpg,863032412,863032412,gallery/P0863T03241A2/P0863T03241A2C0F11131.jpg,0.6682,0.65021,0.71685,tu_choi,tu_choi,0,1807
query/P0538T03241A1/P0538T03241A1C2F03781.jpg,538032411,538032411,gallery/P0538T03241A1/P0538T03241A1C0F03451.jpg,0.74099,0.70819,0.71685,ban_giao,dung,0,1807
query/P0517T02220A1/P0517T02220A1C2F22861.jpg,517022201,309022200,gallery/P0309T02220A0/P0309T02220A0C0F10531.jpg,0.70881,0.70881,0.71685,tu_choi,tu_choi,1,1348
query/P0851T03241A2/P0851T03241A2C2F15181.jpg,851032412,565032411,gallery/P0565T03241A1/P0565T03241A1C0F03991.jpg,0.63343,0.63343,0.71685,tu_choi,tu_choi,1,1807
query/P1005T03220A0/P1005T03220A0C2F21001.jpg,1005032200,1005032200,gallery/P1005T03220A0/P1005T03220A0C0F17041.jpg,0.625,0.60386,0.71685,tu_choi,tu_choi,0,1156
query/P1722T03220A2/P1722T03220A2C2F20641.jpg,1722032202,1085032201,gallery/P1085T03220A1/P1085T03220A1C0F15901.jpg,0.66467,0.66467,0.71685,tu_choi,tu_choi,1,1156
query/P0938T03220A0/P0938T03220A0C2F21421.jpg,938032200,274032201,gallery/P0274T03220A1/P0274T03220A1C0F02251.jpg,0.68659,0.68659,0.71685,tu_choi,tu_choi,0,1156
query/P0517T02220A1/P0517T02220A1C2F23101.jpg,517022201,517022201,gallery/P0517T02220A1/P0517T02220A1C0F11341.jpg,0.74815,0.66107,0.71685,ban_giao,dung,1,1348
query/P0600T03241A2/P0600T03241A2C2F14881.jpg,600032412,1187032412,gallery/P1187T03241A2/P1187T03241A2C0F16321.jpg,0.62771,0.62771,0.71685,tu_choi,tu_choi,0,1807
query/P0350T02220A1/P0350T02220A1C2F07261.jpg,350022201,350022201,gallery/P0350T02220A1/P0350T02220A1C0F07681.jpg,0.75358,0.62143,0.71685,ban_giao,dung,0,1348
query/P0178T02210A1/P0178T02210A1C2F21091.jpg,178022101,178022101,gallery/P0178T02210A1/P0178T02210A1C0F21481.jpg,0.6491,0.59875,0.71685,tu_choi,tu_choi,0,761
query/P1679T03241A0/P1679T03241A0C2F19081.jpg,1679032410,1679032410,gallery/P1679T03241A0/P1679T03241A0C0F19711.jpg,0.81693,0.62058,0.71685,ban_giao,dung,0,1807
query/P0122T02220A2/P0122T02220A2C2F05551.jpg,122022202,62022200,gallery/P0062T02220A0/P0062T02220A0C0F00991.jpg,0.67797,0.67797,0.71685,tu_choi,tu_choi,1,1348
query/P0226T02220A2/P0226T02220A2C2F08281.jpg,226022202,671022200,gallery/P0671T02220A0/P0671T02220A0C0F24781.jpg,0.66658,0.66658,0.71685,tu_choi,tu_choi,0,1348
query/P0226T03241A1/P0226T03241A1C2F05701.jpg,226032411,48032410,gallery/P0048T03241A0/P0048T03241A0C0F01441.jpg,0.65643,0.65643,0.71685,tu_choi,tu_choi,1,1807
query/P2200T03241A1/P2200T03241A1C2F20791.jpg,2200032411,1860032410,gallery/P1860T03241A0/P1860T03241A0C0F23491.jpg,0.6564,0.6564,0.71685,tu_choi,tu_choi,0,1807
query/P1287T03241A0/P1287T03241A0C2F22921.jpg,1287032410,1287032410,gallery/P1287T03241A0/P1287T03241A0C0F15331.jpg,0.76045,0.58344,0.71685,ban_giao,dung,0,1807
query/P0139T02220A1/P0139T02220A1C2F03181.jpg,139022201,139022201,gallery/P0139T02220A1/P0139T02220A1C0F03091.jpg,0.65276,0.61202,0.71685,tu_choi,tu_choi,1,1348
query/P0457T02220A2/P0457T02220A2C2F15991.jpg,457022202,313022200,gallery/P0313T02220A0/P0313T02220A0C0F10981.jpg,0.66628,0.66628,0.71685,tu_choi,tu_choi,0,1348
query/P0454T03241A2/P0454T03241A2C2F09871.jpg,454032412,454032412,gallery/P0454T03241A2/P0454T03241A2C0F05611.jpg,0.68207,0.65521,0.71685,tu_choi,tu_choi,1,1807
query/P0122T02220A2/P0122T02220A2C2F18391.jpg,122022202,122022202,gallery/P0122T02220A2/P0122T02220A2C0F04441.jpg,0.6877,0.64022,0.71685,tu_choi,tu_choi,1,1348
query/P0138T02220A1/P0138T02220A1C2F02341.jpg,138022201,832022201,gallery/P0832T02220A1/P0832T02220A1C0F26071.jpg,0.69628,0.69628,0.71685,tu_choi,tu_choi,1,1348
query/P0206T03241A1/P0206T03241A1C2F05401.jpg,206032411,206032411,gallery/P0206T03241A1/P0206T03241A1C0F01981.jpg,0.74152,0.67481,0.71685,ban_giao,dung,1,1807
query/P2578T03241A1/P2578T03241A1C2F23791.jpg,2578032411,2578032411,gallery/P2578T03241A1/P2578T03241A1C0F19501.jpg,0.80516,0.6818,0.71685,ban_giao,dung,1,1807
query/P0122T02220A2/P0122T02220A2C2F05821.jpg,122022202,122022202,gallery/P0122T02220A2/P0122T02220A2C0F04921.jpg,0.63673,0.61836,0.71685,tu_choi,tu_choi,1,1348
query/P0806T03241A2/P0806T03241A2C2F12451.jpg,806032412,1360032410,gallery/P1360T03241A0/P1360T03241A0C0F15841.jpg,0.65571,0.65571,0.71685,tu_choi,tu_choi,0,1807
query/P1590T03241A1/P1590T03241A1C2F15931.jpg,1590032411,411032410,gallery/P0411T03241A0/P0411T03241A0C0F05551.jpg,0.64335,0.64335,0.71685,tu_choi,tu_choi,0,1807
query/P0631T03220A2/P0631T03220A2C2F10171.jpg,631032202,653032200,gallery/P0653T03220A0/P0653T03220A0C0F08251.jpg,0.67846,0.67846,0.71685,tu_choi,tu_choi,1,1156
query/P1287T03241A0/P1287T03241A0C2F22891.jpg,1287032410,1287032410,gallery/P1287T03241A0/P1287T03241A0C0F15331.jpg,0.77924,0.59244,0.71685,ban_giao,dung,0,1807
query/P0216T03220A0/P0216T03220A0C2F02761.jpg,216032200,216032200,gallery/P0216T03220A0/P0216T03220A0C0F02731.jpg,0.69932,0.62103,0.71685,tu_choi,tu_choi,1,1156
query/P0723T03220A2/P0723T03220A2C2F07501.jpg,723032202,216032200,gallery/P0216T03220A0/P0216T03220A0C0F02731.jpg,0.64603,0.64603,0.71685,tu_choi,tu_choi,1,1156
query/P1187T03241A2/P1187T03241A2C2F20821.jpg,1187032412,1187032412,gallery/P1187T03241A2/P1187T03241A2C0F16501.jpg,0.68652,0.66237,0.71685,tu_choi,tu_choi,0,1807
query/P1187T03241A2/P1187T03241A2C2F20251.jpg,1187032412,48032410,gallery/P0048T03241A0/P0048T03241A0C0F01441.jpg,0.64633,0.64633,0.71685,tu_choi,tu_choi,0,1807
query/P0844T03241A1/P0844T03241A1C2F07891.jpg,844032411,2078032410,gallery/P2078T03241A0/P2078T03241A0C0F24991.jpg,0.64912,0.64912,0.71685,tu_choi,tu_choi,1,1807
query/P1679T03241A0/P1679T03241A0C2F19141.jpg,1679032410,1679032410,gallery/P1679T03241A0/P1679T03241A0C0F19711.jpg,0.78049,0.61557,0.71685,ban_giao,dung,0,1807
query/P0724T03241A0/P0724T03241A0C2F10231.jpg,724032410,724032410,gallery/P0724T03241A0/P0724T03241A0C0F08371.jpg,0.73331,0.72195,0.71685,ban_giao,dung,1,1807
query/P0411T03241A0/P0411T03241A0C2F06541.jpg,411032410,411032410,gallery/P0411T03241A0/P0411T03241A0C0F05221.jpg,0.67244,0.57435,0.71685,tu_choi,tu_choi,0,1807
query/P1135T03241A1/P1135T03241A1C2F10921.jpg,1135032411,460032410,gallery/P0460T03241A0/P0460T03241A0C0F05941.jpg,0.68506,0.68506,0.71685,tu_choi,tu_choi,1,1807
query/P0642T02220A2/P0642T02220A2C2F19771.jpg,642022202,122022202,gallery/P0122T02220A2/P0122T02220A2C0F04951.jpg,0.69239,0.69239,0.71685,tu_choi,tu_choi,0,1348
query/P0448T02220A0/P0448T02220A0C2F15361.jpg,448022200,448022200,gallery/P0448T02220A0/P0448T02220A0C0F16171.jpg,0.69508,0.60688,0.71685,tu_choi,tu_choi,0,1348
query/P2030T03241A1/P2030T03241A1C2F20251.jpg,2030032411,1860032410,gallery/P1860T03241A0/P1860T03241A0C0F23611.jpg,0.72008,0.72008,0.71685,ban_giao,sai,0,1807
query/P0789T02220A1/P0789T02220A1C2F24961.jpg,789022201,789022201,gallery/P0789T02220A1/P0789T02220A1C0F24661.jpg,0.71532,0.67084,0.71685,tu_choi,tu_choi,0,1348
query/P0760T03220A0/P0760T03220A0C2F10351.jpg,760032200,1085032201,gallery/P1085T03220A1/P1085T03220A1C0F15901.jpg,0.6614,0.6614,0.71685,tu_choi,tu_choi,0,1156
query/P0692T02220A0/P0692T02220A0C2F24781.jpg,692022200,692022200,gallery/P0692T02220A0/P0692T02220A0C0F25231.jpg,0.74118,0.68718,0.71685,ban_giao,dung,1,1348
query/P1036T03220A0/P1036T03220A0C2F16711.jpg,1036032200,1036032200,gallery/P1036T03220A0/P1036T03220A0C0F17431.jpg,0.69306,0.65518,0.71685,tu_choi,tu_choi,1,1156
query/P1130T03241A1/P1130T03241A1C2F10291.jpg,1130032411,1046032410,gallery/P1046T03241A0/P1046T03241A0C0F13651.jpg,0.70286,0.70286,0.71685,tu_choi,tu_choi,1,1807
query/P0503T02220A2/P0503T02220A2C2F16891.jpg,503022202,139022201,gallery/P0139T02220A1/P0139T02220A1C0F02821.jpg,0.72872,0.72872,0.71685,ban_giao,sai,1,1348
query/P1137T03241A2/P1137T03241A2C2F03001.jpg,1137032412,288032412,gallery/P0288T03241A2/P0288T03241A2C0F03511.jpg,0.65521,0.65521,0.71685,tu_choi,tu_choi,0,1807
query/P1187T03241A2/P1187T03241A2C2F20611.jpg,1187032412,1187032412,gallery/P1187T03241A2/P1187T03241A2C0F16891.jpg,0.66651,0.62335,0.71685,tu_choi,tu_choi,0,1807
query/P0323T03220A1/P0323T03220A1C2F15931.jpg,323032201,1261032202,gallery/P1261T03220A2/P1261T03220A2C0F15451.jpg,0.67718,0.67718,0.71685,tu_choi,tu_choi,1,1156
query/P0760T03220A0/P0760T03220A0C2F10291.jpg,760032200,1085032201,gallery/P1085T03220A1/P1085T03220A1C0F15901.jpg,0.7089,0.7089,0.71685,tu_choi,tu_choi,0,1156
query/P1447T03220A0/P1447T03220A0C2F26311.jpg,1447032200,178032201,gallery/P0178T03220A1/P0178T03220A1C0F02371.jpg,0.62957,0.62957,0.71685,tu_choi,tu_choi,1,1156
query/P0559T03241A1/P0559T03241A1C2F03031.jpg,559032411,559032411,gallery/P0559T03241A1/P0559T03241A1C0F03691.jpg,0.66745,0.6283,0.71685,tu_choi,tu_choi,0,1807
query/P0693T03241A2/P0693T03241A2C2F13441.jpg,693032412,460032410,gallery/P0460T03241A0/P0460T03241A0C0F06271.jpg,0.69123,0.69123,0.71685,tu_choi,tu_choi,1,1807
query/P0581T03220A0/P0581T03220A0C2F06601.jpg,581032200,581032200,gallery/P0581T03220A0/P0581T03220A0C0F07681.jpg,0.62304,0.57406,0.71685,tu_choi,tu_choi,0,1156
query/P0265T02220A0/P0265T02220A0C2F12901.jpg,265022200,265022200,gallery/P0265T02220A0/P0265T02220A0C0F08131.jpg,0.71757,0.66376,0.71685,ban_giao,dung,1,1348
query/P0655T03220A2/P0655T03220A2C2F06781.jpg,655032202,655032202,gallery/P0655T03220A2/P0655T03220A2C0F07021.jpg,0.66941,0.6373,0.71685,tu_choi,tu_choi,1,1156
query/P0615T03220A1/P0615T03220A1C2F08341.jpg,615032201,274032201,gallery/P0274T03220A1/P0274T03220A1C0F02251.jpg,0.67535,0.67535,0.71685,tu_choi,tu_choi,0,1156
query/P0844T03241A1/P0844T03241A1C2F08551.jpg,844032411,359032410,gallery/P0359T03241A0/P0359T03241A0C0F03541.jpg,0.64531,0.64531,0.71685,tu_choi,tu_choi,1,1807
query/P0001T03241A0/P0001T03241A0C2F00361.jpg,1032410,1032410,gallery/P0001T03241A0/P0001T03241A0C0F00061.jpg,0.67707,0.6099,0.71685,tu_choi,tu_choi,0,1807
query/P0398T03220A1/P0398T03220A1C2F09391.jpg,398032201,470032200,gallery/P0470T03220A0/P0470T03220A0C0F06601.jpg,0.67776,0.67776,0.71685,tu_choi,tu_choi,1,1156
query/P1036T03220A0/P1036T03220A0C2F16981.jpg,1036032200,1036032200,gallery/P1036T03220A0/P1036T03220A0C0F17431.jpg,0.73539,0.66956,0.71685,ban_giao,dung,1,1156
query/P1661T03220A2/P1661T03220A2C2F20431.jpg,1661032202,171032202,gallery/P0171T03220A2/P0171T03220A2C0F01741.jpg,0.59794,0.59794,0.71685,tu_choi,tu_choi,1,1156
query/P0642T02220A2/P0642T02220A2C2F20071.jpg,642022202,242022201,gallery/P0242T02220A1/P0242T02220A1C0F03451.jpg,0.67021,0.67021,0.71685,tu_choi,tu_choi,0,1348
query/P0783T03220A0/P0783T03220A0C2F11401.jpg,783032200,783032200,gallery/P0783T03220A0/P0783T03220A0C0F11581.jpg,0.63802,0.6211,0.71685,tu_choi,tu_choi,1,1156
query/P0741T02220A1/P0741T02220A1C2F28171.jpg,741022201,265022200,gallery/P0265T02220A0/P0265T02220A0C0F08101.jpg,0.7008,0.7008,0.71685,tu_choi,tu_choi,1,1348
query/P0266T03241A0/P0266T03241A0C2F00361.jpg,266032410,266032410,gallery/P0266T03241A0/P0266T03241A0C0F04471.jpg,0.69903,0.63838,0.71685,tu_choi,tu_choi,1,1807
query/P0228T03241A0/P0228T03241A0C2F02251.jpg,228032410,1287032410,gallery/P1287T03241A0/P1287T03241A0C0F15181.jpg,0.65044,0.65044,0.71685,tu_choi,tu_choi,1,1807
query/P0047T03241A2/P0047T03241A2C2F08011.jpg,47032412,1366032411,gallery/P1366T03241A1/P1366T03241A1C0F11461.jpg,0.66422,0.66422,0.71685,tu_choi,tu_choi,0,1807
query/P0460T03241A0/P0460T03241A0C2F06601.jpg,460032410,460032410,gallery/P0460T03241A0/P0460T03241A0C0F05941.jpg,0.72541,0.59648,0.71685,ban_giao,dung,0,1807
query/P0463T02220A0/P0463T02220A0C2F16771.jpg,463022200,463022200,gallery/P0463T02220A0/P0463T02220A0C0F16441.jpg,0.80817,0.69714,0.71685,ban_giao,dung,1,1348
query/P0429T03220A0/P0429T03220A0C2F05251.jpg,429032200,429032200,gallery/P0429T03220A0/P0429T03220A0C0F04951.jpg,0.68094,0.60204,0.71685,tu_choi,tu_choi,0,1156
query/P0193T02220A0/P0193T02220A0C2F05401.jpg,193022200,193022200,gallery/P0193T02220A0/P0193T02220A0C0F05431.jpg,0.78944,0.70699,0.71685,ban_giao,dung,1,1348
query/P0397T02220A1/P0397T02220A1C2F09751.jpg,397022201,397022201,gallery/P0397T02220A1/P0397T02220A1C0F26521.jpg,0.65784,0.60057,0.71685,tu_choi,tu_choi,0,1348
query/P0642T02220A2/P0642T02220A2C2F20131.jpg,642022202,642022202,gallery/P0642T02220A2/P0642T02220A2C0F17971.jpg,0.61033,0.60781,0.71685,tu_choi,tu_choi,0,1348
query/P0877T03220A0/P0877T03220A0C2F22141.jpg,877032200,877032200,gallery/P0877T03220A0/P0877T03220A0C0F15031.jpg,0.7383,0.6572,0.71685,ban_giao,dung,0,1156
query/P0760T03220A0/P0760T03220A0C2F10321.jpg,760032200,406032201,gallery/P0406T03220A1/P0406T03220A1C0F04681.jpg,0.69504,0.69504,0.71685,tu_choi,tu_choi,0,1156
query/P0574T03220A1/P0574T03220A1C2F12661.jpg,574032201,171032202,gallery/P0171T03220A2/P0171T03220A2C0F01741.jpg,0.61064,0.61064,0.71685,tu_choi,tu_choi,1,1156
query/P0001T03241A0/P0001T03241A0C2F00541.jpg,1032410,1032410,gallery/P0001T03241A0/P0001T03241A0C0F00511.jpg,0.66591,0.61851,0.71685,tu_choi,tu_choi,0,1807
query/P1151T03241A2/P1151T03241A2C2F23761.jpg,1151032412,1151032412,gallery/P1151T03241A2/P1151T03241A2C0F15691.jpg,0.64543,0.6312,0.71685,tu_choi,tu_choi,0,1807
query/P0587T03220A0/P0587T03220A0C2F07141.jpg,587032200,587032200,gallery/P0587T03220A0/P0587T03220A0C0F06811.jpg,0.73301,0.62858,0.71685,ban_giao,dung,1,1156
query/P0693T03241A2/P0693T03241A2C2F12841.jpg,693032412,412032411,gallery/P0412T03241A1/P0412T03241A1C0F03511.jpg,0.67981,0.67981,0.71685,tu_choi,tu_choi,1,1807
query/P0487T03220A1/P0487T03220A1C2F08911.jpg,487032201,796032201,gallery/P0796T03220A1/P0796T03220A1C0F13291.jpg,0.61906,0.61906,0.71685,tu_choi,tu_choi,1,1156
query/P1860T03241A0/P1860T03241A0C2F24211.jpg,1860032410,1860032410,gallery/P1860T03241A0/P1860T03241A0C0F23611.jpg,0.72745,0.65659,0.71685,ban_giao,dung,1,1807
query/P0140T03241A1/P0140T03241A1C2F04141.jpg,140032411,839032411,gallery/P0839T03241A1/P0839T03241A1C0F05101.jpg,0.63201,0.63201,0.71685,tu_choi,tu_choi,1,1807
query/P0655T03220A2/P0655T03220A2C2F06871.jpg,655032202,655032202,gallery/P0655T03220A2/P0655T03220A2C0F07171.jpg,0.62239,0.57516,0.71685,tu_choi,tu_choi,1,1156
query/P0110T02220A2/P0110T02220A2C2F10711.jpg,110022202,242022201,gallery/P0242T02220A1/P0242T02220A1C0F18691.jpg,0.65266,0.65266,0.71685,tu_choi,tu_choi,0,1348
query/P1815T03220A1/P1815T03220A1C2F26581.jpg,1815032201,938032200,gallery/P0938T03220A0/P0938T03220A0C0F16561.jpg,0.66303,0.66303,0.71685,tu_choi,tu_choi,0,1156
query/P0320T02220A0/P0320T02220A0C2F14071.jpg,320022200,320022200,gallery/P0320T02220A0/P0320T02220A0C0F10621.jpg,0.74139,0.71337,0.71685,ban_giao,dung,1,1348
query/P0760T03220A0/P0760T03220A0C2F10441.jpg,760032200,1085032201,gallery/P1085T03220A1/P1085T03220A1C0F15901.jpg,0.69665,0.69665,0.71685,tu_choi,tu_choi,0,1156
query/P0728T02220A1/P0728T02220A1C2F25861.jpg,728022201,320022200,gallery/P0320T02220A0/P0320T02220A0C0F10621.jpg,0.77297,0.77297,0.71685,ban_giao,sai,1,1348
query/P0375T03220A1/P0375T03220A1C2F03151.jpg,375032201,877032200,gallery/P0877T03220A0/P0877T03220A0C0F15751.jpg,0.64752,0.64752,0.71685,tu_choi,tu_choi,0,1156
query/P0577T02220A0/P0577T02220A0C2F21001.jpg,577022200,193022200,gallery/P0193T02220A0/P0193T02220A0C0F06331.jpg,0.65986,0.65986,0.71685,tu_choi,tu_choi,1,1348
query/P0687T02220A1/P0687T02220A1C2F18781.jpg,687022201,687022201,gallery/P0687T02220A1/P0687T02220A1C0F17611.jpg,0.5977,0.5901,0.71685,tu_choi,tu_choi,0,1348
query/P0557T02220A2/P0557T02220A2C2F18541.jpg,557022202,671022200,gallery/P0671T02220A0/P0671T02220A0C0F24781.jpg,0.65461,0.65461,0.71685,tu_choi,tu_choi,0,1348
query/P0206T03241A1/P0206T03241A1C2F05281.jpg,206032411,206032411,gallery/P0206T03241A1/P0206T03241A1C0F01861.jpg,0.70872,0.61519,0.71685,tu_choi,tu_choi,1,1807
query/P0511T03241A0/P0511T03241A0C2F02761.jpg,511032410,511032410,gallery/P0511T03241A0/P0511T03241A0C0F07651.jpg,0.66417,0.62764,0.71685,tu_choi,tu_choi,0,1807
query/P0266T03241A0/P0266T03241A0C2F00571.jpg,266032410,1860032410,gallery/P1860T03241A0/P1860T03241A0C0F22501.jpg,0.65253,0.65253,0.71685,tu_choi,tu_choi,1,1807
query/P0375T03220A1/P0375T03220A1C2F03001.jpg,375032201,877032200,gallery/P0877T03220A0/P0877T03220A0C0F16021.jpg,0.64441,0.64441,0.71685,tu_choi,tu_choi,0,1156
query/P0417T02220A1/P0417T02220A1C2F09691.jpg,417022201,642022202,gallery/P0642T02220A2/P0642T02220A2C0F18811.jpg,0.6247,0.6247,0.71685,tu_choi,tu_choi,0,1348
query/P0254T02220A2/P0254T02220A2C2F09571.jpg,254022202,110022201,gallery/P0110T02220A1/P0110T02220A1C0F02821.jpg,0.8101,0.8101,0.71685,ban_giao,sai,1,1348
query/P0741T02220A1/P0741T02220A1C2F27241.jpg,741022201,265022200,gallery/P0265T02220A0/P0265T02220A0C0F08371.jpg,0.7423,0.7423,0.71685,ban_giao,sai,1,1348
query/P0062T02220A0/P0062T02220A0C2F05641.jpg,62022200,62022200,gallery/P0062T02220A0/P0062T02220A0C0F00751.jpg,0.75462,0.71599,0.71685,ban_giao,dung,1,1348
query/P1202T03241A1/P1202T03241A1C2F09001.jpg,1202032411,469032410,gallery/P0469T03241A0/P0469T03241A0C0F06301.jpg,0.74587,0.74587,0.71685,ban_giao,sai,1,1807
query/P1151T03241A2/P1151T03241A2C2F23821.jpg,1151032412,1151032412,gallery/P1151T03241A2/P1151T03241A2C0F15661.jpg,0.72487,0.69207,0.71685,ban_giao,dung,0,1807
query/P0755T03220A2/P0755T03220A2C2F07861.jpg,755032202,178032201,gallery/P0178T03220A1/P0178T03220A1C0F01861.jpg,0.6726,0.6726,0.71685,tu_choi,tu_choi,1,1156
query/P0285T02210A2/P0285T02210A2C2F20701.jpg,285022102,285022102,gallery/P0285T02210A2/P0285T02210A2C0F22501.jpg,0.72761,0.67654,0.71685,ban_giao,dung,0,761
query/P0938T03220A0/P0938T03220A0C2F21211.jpg,938032200,783032200,gallery/P0783T03220A0/P0783T03220A0C0F11911.jpg,0.66433,0.66433,0.71685,tu_choi,tu_choi,0,1156
query/P0022T03241A2/P0022T03241A2C2F07531.jpg,22032412,1860032410,gallery/P1860T03241A0/P1860T03241A0C0F23611.jpg,0.64638,0.64638,0.71685,tu_choi,tu_choi,1,1807
query/P0228T03241A0/P0228T03241A0C2F02161.jpg,228032410,288032412,gallery/P0288T03241A2/P0288T03241A2C0F03391.jpg,0.62408,0.62408,0.71685,tu_choi,tu_choi,1,1807
query/P0692T02220A0/P0692T02220A0C2F25441.jpg,692022200,692022200,gallery/P0692T02220A0/P0692T02220A0C0F25291.jpg,0.77958,0.71685,0.71685,ban_giao,dung,1,1348
query/P1935T03241A0/P1935T03241A0C2F24301.jpg,1935032410,1046032410,gallery/P1046T03241A0/P1046T03241A0C0F13291.jpg,0.74573,0.74573,0.71685,ban_giao,sai,1,1807
query/P2256T03241A1/P2256T03241A1C2F15361.jpg,2256032411,469032410,gallery/P0469T03241A0/P0469T03241A0C0F06301.jpg,0.65225,0.65225,0.71685,tu_choi,tu_choi,0,1807
query/P0182T02220A0/P0182T02220A0C2F03721.jpg,182022200,671022200,gallery/P0671T02220A0/P0671T02220A0C0F24781.jpg,0.72596,0.72596,0.71685,ban_giao,sai,1,1348
query/P0183T03241A1/P0183T03241A1C2F03511.jpg,183032411,183032411,gallery/P0183T03241A1/P0183T03241A1C0F01771.jpg,0.65853,0.62386,0.71685,tu_choi,tu_choi,0,1807
query/P0780T03241A0/P0780T03241A0C2F10531.jpg,780032410,460032410,gallery/P0460T03241A0/P0460T03241A0C0F06271.jpg,0.67498,0.67498,0.71685,tu_choi,tu_choi,1,1807
query/P0632T03241A1/P0632T03241A1C2F02191.jpg,632032411,460032410,gallery/P0460T03241A0/P0460T03241A0C0F06271.jpg,0.70202,0.70202,0.71685,tu_choi,tu_choi,1,1807
query/P1095T03241A2/P1095T03241A2C2F21571.jpg,1095032412,47032412,gallery/P0047T03241A2/P0047T03241A2C0F00631.jpg,0.67263,0.67263,0.71685,tu_choi,tu_choi,1,1807
query/P0830T02220A1/P0830T02220A1C2F25231.jpg,830022201,830022201,gallery/P0830T02220A1/P0830T02220A1C0F26341.jpg,0.65565,0.63713,0.71685,tu_choi,tu_choi,0,1348
query/P0656T02220A2/P0656T02220A2C2F19861.jpg,656022202,139022201,gallery/P0139T02220A1/P0139T02220A1C0F04831.jpg,0.64037,0.64037,0.71685,tu_choi,tu_choi,1,1348
query/P0057T03241A1/P0057T03241A1C2F03841.jpg,57032411,57032411,gallery/P0057T03241A1/P0057T03241A1C0F01321.jpg,0.74444,0.67606,0.71685,ban_giao,dung,1,1807
query/P0228T03241A0/P0228T03241A0C2F02191.jpg,228032410,1287032410,gallery/P1287T03241A0/P1287T03241A0C0F15181.jpg,0.62089,0.62089,0.71685,tu_choi,tu_choi,1,1807
query/P1008T03241A2/P1008T03241A2C2F17101.jpg,1008032412,1008032412,gallery/P1008T03241A2/P1008T03241A2C0F12361.jpg,0.70298,0.66672,0.71685,tu_choi,tu_choi,1,1807
query/P1604T03220A1/P1604T03220A1C2F28081.jpg,1604032201,1230032201,gallery/P1230T03220A1/P1230T03220A1C0F17881.jpg,0.65489,0.65489,0.71685,tu_choi,tu_choi,1,1156
query/P0429T03220A0/P0429T03220A0C2F05371.jpg,429032200,429032200,gallery/P0429T03220A0/P0429T03220A0C0F04951.jpg,0.66634,0.64176,0.71685,tu_choi,tu_choi,0,1156
query/P1252T03220A2/P1252T03220A2C2F19111.jpg,1252032202,783032200,gallery/P0783T03220A0/P0783T03220A0C0F11611.jpg,0.67078,0.67078,0.71685,tu_choi,tu_choi,1,1156
query/P0760T03220A0/P0760T03220A0C2F10381.jpg,760032200,406032201,gallery/P0406T03220A1/P0406T03220A1C0F04231.jpg,0.7108,0.7108,0.71685,tu_choi,tu_choi,0,1156
query/P2078T03241A0/P2078T03241A0C2F25831.jpg,2078032410,2078032410,gallery/P2078T03241A0/P2078T03241A0C0F24991.jpg,0.71745,0.63385,0.71685,ban_giao,dung,1,1807
query/P0411T03241A0/P0411T03241A0C2F06631.jpg,411032410,411032410,gallery/P0411T03241A0/P0411T03241A0C0F05491.jpg,0.74771,0.58107,0.71685,ban_giao,dung,0,1807
query/P0299T02210A2/P0299T02210A2C2F26161.jpg,299022102,299022102,gallery/P0299T02210A2/P0299T02210A2C0F26641.jpg,0.79606,0.75001,0.71685,ban_giao,dung,0,761
query/P0763T03241A2/P0763T03241A2C2F18211.jpg,763032412,802032411,gallery/P0802T03241A1/P0802T03241A1C0F05071.jpg,0.68166,0.68166,0.71685,tu_choi,tu_choi,1,1807
query/P1199T03241A0/P1199T03241A0C2F15661.jpg,1199032410,1199032410,gallery/P1199T03241A0/P1199T03241A0C0F14521.jpg,0.84501,0.60038,0.71685,ban_giao,dung,0,1807
query/P0069T02140A2/P0069T02140A2C2F17791.jpg,69021402,33021400,gallery/P0033T02140A0/P0033T02140A0C0F24241.jpg,0.54736,0.54736,0.71685,tu_choi,tu_choi,1,33
query/P1907T03241A0/P1907T03241A0C2F24331.jpg,1907032410,1907032410,gallery/P1907T03241A0/P1907T03241A0C0F23521.jpg,0.70629,0.61202,0.71685,tu_choi,tu_choi,1,1807
query/P2207T03241A0/P2207T03241A0C2F24781.jpg,2207032410,2207032410,gallery/P2207T03241A0/P2207T03241A0C0F26941.jpg,0.66708,0.63852,0.71685,tu_choi,tu_choi,0,1807
query/P0664T03241A1/P0664T03241A1C2F02611.jpg,664032411,664032411,gallery/P0664T03241A1/P0664T03241A1C0F04291.jpg,0.64878,0.6207,0.71685,tu_choi,tu_choi,0,1807
query/P0693T03241A2/P0693T03241A2C2F13021.jpg,693032412,460032410,gallery/P0460T03241A0/P0460T03241A0C0F06271.jpg,0.6992,0.6992,0.71685,tu_choi,tu_choi,1,1807
query/P0666T03241A2/P0666T03241A2C2F16951.jpg,666032412,1860032410,gallery/P1860T03241A0/P1860T03241A0C0F23491.jpg,0.66796,0.66796,0.71685,tu_choi,tu_choi,1,1807
query/P0836T02220A1/P0836T02220A1C2F26911.jpg,836022201,139022201,gallery/P0139T02220A1/P0139T02220A1C0F04741.jpg,0.60348,0.60348,0.71685,tu_choi,tu_choi,0,1348
query/P0559T03241A1/P0559T03241A1C2F02941.jpg,559032411,559032411,gallery/P0559T03241A1/P0559T03241A1C0F03691.jpg,0.69062,0.67811,0.71685,tu_choi,tu_choi,0,1807
query/P0839T03241A1/P0839T03241A1C2F08491.jpg,839032411,460032410,gallery/P0460T03241A0/P0460T03241A0C0F06271.jpg,0.73326,0.73326,0.71685,ban_giao,sai,1,1807
query/P1935T03241A0/P1935T03241A0C2F24361.jpg,1935032410,460032410,gallery/P0460T03241A0/P0460T03241A0C0F06271.jpg,0.70835,0.70835,0.71685,tu_choi,tu_choi,1,1807
query/P0255T02220A1/P0255T02220A1C2F04861.jpg,255022201,242022201,gallery/P0242T02220A1/P0242T02220A1C0F23281.jpg,0.6864,0.6864,0.71685,tu_choi,tu_choi,1,1348
query/P0279T02210A2/P0279T02210A2C2F18931.jpg,279022102,279022102,gallery/P0279T02210A2/P0279T02210A2C0F21571.jpg,0.70713,0.59806,0.71685,tu_choi,tu_choi,0,761
query/P1261T03220A2/P1261T03220A2C2F19831.jpg,1261032202,1261032202,gallery/P1261T03220A2/P1261T03220A2C0F15181.jpg,0.66919,0.62613,0.71685,tu_choi,tu_choi,0,1156
query/P0783T03220A0/P0783T03220A0C2F11521.jpg,783032200,783032200,gallery/P0783T03220A0/P0783T03220A0C0F11611.jpg,0.66989,0.59319,0.71685,tu_choi,tu_choi,1,1156
query/P1024T03241A0/P1024T03241A0C2F14191.jpg,1024032410,802032411,gallery/P0802T03241A1/P0802T03241A1C0F05071.jpg,0.67391,0.67391,0.71685,tu_choi,tu_choi,0,1807
query/P0974T03241A1/P0974T03241A1C2F06541.jpg,974032411,288032412,gallery/P0288T03241A2/P0288T03241A2C0F03601.jpg,0.67994,0.67994,0.71685,tu_choi,tu_choi,1,1807
query/P1635T03220A1/P1635T03220A1C2F23731.jpg,1635032201,1036032200,gallery/P1036T03220A0/P1036T03220A0C0F17431.jpg,0.68602,0.68602,0.71685,tu_choi,tu_choi,1,1156
query/P0480T03220A1/P0480T03220A1C2F05221.jpg,480032201,587032200,gallery/P0587T03220A0/P0587T03220A0C0F06751.jpg,0.63964,0.63964,0.71685,tu_choi,tu_choi,1,1156
query/P0288T03241A2/P0288T03241A2C2F10801.jpg,288032412,288032412,gallery/P0288T03241A2/P0288T03241A2C0F03511.jpg,0.76678,0.68206,0.71685,ban_giao,dung,0,1807
query/P0632T03241A1/P0632T03241A1C2F02101.jpg,632032411,460032410,gallery/P0460T03241A0/P0460T03241A0C0F06181.jpg,0.67772,0.67772,0.71685,tu_choi,tu_choi,1,1807
query/P0460T03241A0/P0460T03241A0C2F06421.jpg,460032410,460032410,gallery/P0460T03241A0/P0460T03241A0C0F06271.jpg,0.7246,0.65384,0.71685,ban_giao,dung,0,1807
query/P0110T02220A2/P0110T02220A2C2F10741.jpg,110022202,62022200,gallery/P0062T02220A0/P0062T02220A0C0F01261.jpg,0.59844,0.59844,0.71685,tu_choi,tu_choi,0,1348
query/P0242T02220A1/P0242T02220A1C2F28981.jpg,242022201,242022201,gallery/P0242T02220A1/P0242T02220A1C0F18661.jpg,0.71818,0.59913,0.71685,ban_giao,dung,0,1348
query/P0429T03220A0/P0429T03220A0C2F05131.jpg,429032200,216032200,gallery/P0216T03220A0/P0216T03220A0C0F03541.jpg,0.6598,0.6598,0.71685,tu_choi,tu_choi,0,1156
query/P0048T03241A0/P0048T03241A0C2F01471.jpg,48032410,48032410,gallery/P0048T03241A0/P0048T03241A0C0F00961.jpg,0.70694,0.61703,0.71685,tu_choi,tu_choi,1,1807
query/P1436T03241A1/P1436T03241A1C2F15331.jpg,1436032411,460032410,gallery/P0460T03241A0/P0460T03241A0C0F06241.jpg,0.71094,0.71094,0.71685,tu_choi,tu_choi,1,1807
query/P0577T02220A0/P0577T02220A0C2F20881.jpg,577022200,62022200,gallery/P0062T02220A0/P0062T02220A0C0F00751.jpg,0.71226,0.71226,0.71685,tu_choi,tu_choi,1,1348
query/P1436T03241A1/P1436T03241A1C2F15691.jpg,1436032411,460032410,gallery/P0460T03241A0/P0460T03241A0C0F06301.jpg,0.76395,0.76395,0.71685,ban_giao,sai,1,1807
query/P0693T03241A2/P0693T03241A2C2F12781.jpg,693032412,565032411,gallery/P0565T03241A1/P0565T03241A1C0F04681.jpg,0.71028,0.71028,0.71685,tu_choi,tu_choi,1,1807
query/P0001T03241A0/P0001T03241A0C2F00331.jpg,1032410,1032410,gallery/P0001T03241A0/P0001T03241A0C0F00511.jpg,0.71354,0.60698,0.71685,tu_choi,tu_choi,0,1807
query/P0193T02220A0/P0193T02220A0C2F05071.jpg,193022200,193022200,gallery/P0193T02220A0/P0193T02220A0C0F06181.jpg,0.7859,0.68395,0.71685,ban_giao,dung,1,1348
query/P0140T03241A1/P0140T03241A1C2F04351.jpg,140032411,140032411,gallery/P0140T03241A1/P0140T03241A1C0F01501.jpg,0.65949,0.64624,0.71685,tu_choi,tu_choi,1,1807
query/P1008T03241A2/P1008T03241A2C2F16951.jpg,1008032412,1008032412,gallery/P1008T03241A2/P1008T03241A2C0F12361.jpg,0.71112,0.70113,0.71685,tu_choi,tu_choi,1,1807
query/P0326T02220A1/P0326T02220A1C2F05581.jpg,326022201,326022201,gallery/P0326T02220A1/P0326T02220A1C0F06121.jpg,0.73491,0.60621,0.71685,ban_giao,dung,0,1348
query/P1366T03241A1/P1366T03241A1C2F10921.jpg,1366032411,1596032411,gallery/P1596T03241A1/P1596T03241A1C0F14131.jpg,0.67847,0.67847,0.71685,tu_choi,tu_choi,1,1807
query/P0728T02220A1/P0728T02220A1C2F25801.jpg,728022201,320022200,gallery/P0320T02220A0/P0320T02220A0C0F10621.jpg,0.74742,0.74742,0.71685,ban_giao,sai,1,1348
query/P1150T03241A2/P1150T03241A2C2F24061.jpg,1150032412,972032410,gallery/P0972T03241A0/P0972T03241A0C0F11881.jpg,0.73528,0.73528,0.71685,ban_giao,sai,1,1807
query/P0009T02220A1/P0009T02220A1C2F00151.jpg,9022201,326022201,gallery/P0326T02220A1/P0326T02220A1C0F06241.jpg,0.59359,0.59359,0.71685,tu_choi,tu_choi,0,1348
query/P1604T03220A1/P1604T03220A1C2F27931.jpg,1604032201,574032201,gallery/P0574T03220A1/P0574T03220A1C0F08731.jpg,0.66851,0.66851,0.71685,tu_choi,tu_choi,1,1156
query/P0419T02220A1/P0419T02220A1C2F10291.jpg,419022201,320022200,gallery/P0320T02220A0/P0320T02220A0C0F10621.jpg,0.74198,0.74198,0.71685,ban_giao,sai,1,1348
query/P0615T03220A1/P0615T03220A1C2F08371.jpg,615032201,873032201,gallery/P0873T03220A1/P0873T03220A1C0F13501.jpg,0.68186,0.68186,0.71685,tu_choi,tu_choi,0,1156
query/P0022T03241A2/P0022T03241A2C2F07381.jpg,22032412,1032410,gallery/P0001T03241A0/P0001T03241A0C0F00271.jpg,0.6762,0.6762,0.71685,tu_choi,tu_choi,1,1807
query/P0692T02220A0/P0692T02220A0C2F25381.jpg,692022200,692022200,gallery/P0692T02220A0/P0692T02220A0C0F25291.jpg,0.79381,0.66531,0.71685,ban_giao,dung,1,1348
query/P1590T03241A1/P1590T03241A1C2F16381.jpg,1590032411,48032410,gallery/P0048T03241A0/P0048T03241A0C0F01171.jpg,0.621,0.621,0.71685,tu_choi,tu_choi,0,1807
query/P0544T02220A0/P0544T02220A0C2F27121.jpg,544022200,544022200,gallery/P0544T02220A0/P0544T02220A0C0F19981.jpg,0.71065,0.65157,0.71685,tu_choi,tu_choi,0,1348
query/P0972T03241A0/P0972T03241A0C2F14281.jpg,972032410,1436032411,gallery/P1436T03241A1/P1436T03241A1C0F12781.jpg,0.71235,0.71235,0.71685,tu_choi,tu_choi,1,1807
query/P0359T03241A0/P0359T03241A0C2F00181.jpg,359032410,511032410,gallery/P0511T03241A0/P0511T03241A0C0F06121.jpg,0.61664,0.61664,0.71685,tu_choi,tu_choi,1,1807
query/P0139T02220A1/P0139T02220A1C2F03001.jpg,139022201,139022201,gallery/P0139T02220A1/P0139T02220A1C0F02821.jpg,0.75191,0.59636,0.71685,ban_giao,dung,1,1348
query/P0460T03241A0/P0460T03241A0C2F06751.jpg,460032410,460032410,gallery/P0460T03241A0/P0460T03241A0C0F05941.jpg,0.68924,0.58237,0.71685,tu_choi,tu_choi,0,1807
query/P0448T02220A0/P0448T02220A0C2F15061.jpg,448022200,448022200,gallery/P0448T02220A0/P0448T02220A0C0F15421.jpg,0.6824,0.63318,0.71685,tu_choi,tu_choi,0,1348
query/P2200T03241A1/P2200T03241A1C2F20821.jpg,2200032411,1860032410,gallery/P1860T03241A0/P1860T03241A0C0F23491.jpg,0.68485,0.68485,0.71685,tu_choi,tu_choi,0,1807
query/P0255T02220A2/P0255T02220A2C2F09871.jpg,255022202,255022202,gallery/P0255T02220A2/P0255T02220A2C0F08041.jpg,0.81797,0.77106,0.71685,ban_giao,dung,0,1348
query/P0320T02220A0/P0320T02220A0C2F14941.jpg,320022200,309022200,gallery/P0309T02220A0/P0309T02220A0C0F10171.jpg,0.66694,0.66694,0.71685,tu_choi,tu_choi,1,1348
query/P2578T03241A1/P2578T03241A1C2F23701.jpg,2578032411,2578032411,gallery/P2578T03241A1/P2578T03241A1C0F19771.jpg,0.7668,0.66406,0.71685,ban_giao,dung,1,1807
query/P1596T03241A1/P1596T03241A1C2F16441.jpg,1596032411,183032411,gallery/P0183T03241A1/P0183T03241A1C0F01741.jpg,0.62703,0.62703,0.71685,tu_choi,tu_choi,0,1807
query/P0600T03241A2/P0600T03241A2C2F14731.jpg,600032412,600032412,gallery/P0600T03241A2/P0600T03241A2C0F07501.jpg,0.66325,0.6568,0.71685,tu_choi,tu_choi,0,1807
query/P0320T02220A0/P0320T02220A0C2F14251.jpg,320022200,320022200,gallery/P0320T02220A0/P0320T02220A0C0F10621.jpg,0.74568,0.71301,0.71685,ban_giao,dung,1,1348
query/P1287T03241A0/P1287T03241A0C2F22741.jpg,1287032410,1287032410,gallery/P1287T03241A0/P1287T03241A0C0F15331.jpg,0.78012,0.57176,0.71685,ban_giao,dung,0,1807
query/P0375T03220A1/P0375T03220A1C2F02881.jpg,375032201,375032201,gallery/P0375T03220A1/P0375T03220A1C0F04411.jpg,0.6359,0.57168,0.71685,tu_choi,tu_choi,0,1156
query/P0806T03241A2/P0806T03241A2C2F13231.jpg,806032412,806032412,gallery/P0806T03241A2/P0806T03241A2C0F09991.jpg,0.64309,0.64255,0.71685,tu_choi,tu_choi,0,1807
query/P1085T03220A1/P1085T03220A1C2F15571.jpg,1085032201,1085032201,gallery/P1085T03220A1/P1085T03220A1C0F15931.jpg,0.65341,0.63619,0.71685,tu_choi,tu_choi,0,1156
query/P0001T03241A0/P0001T03241A0C2F00031.jpg,1032410,1032410,gallery/P0001T03241A0/P0001T03241A0C0F00511.jpg,0.64493,0.59872,0.71685,tu_choi,tu_choi,0,1807
query/P0863T03241A2/P0863T03241A2C2F19621.jpg,863032412,863032412,gallery/P0863T03241A2/P0863T03241A2C0F11911.jpg,0.71669,0.66022,0.71685,tu_choi,tu_choi,0,1807
query/P1360T03241A0/P1360T03241A0C2F13591.jpg,1360032410,1360032410,gallery/P1360T03241A0/P1360T03241A0C0F16111.jpg,0.68095,0.66799,0.71685,tu_choi,tu_choi,1,1807
query/P0783T03220A0/P0783T03220A0C2F11881.jpg,783032200,783032200,gallery/P0783T03220A0/P0783T03220A0C0F11461.jpg,0.75813,0.65289,0.71685,ban_giao,dung,1,1156
query/P0666T03241A2/P0666T03241A2C2F16471.jpg,666032412,666032412,gallery/P0666T03241A2/P0666T03241A2C0F08821.jpg,0.69056,0.68883,0.71685,tu_choi,tu_choi,1,1807
query/P0216T03220A0/P0216T03220A0C2F02701.jpg,216032200,267032200,gallery/P0267T03220A0/P0267T03220A0C0F04591.jpg,0.6834,0.6834,0.71685,tu_choi,tu_choi,1,1156
query/P2078T03241A0/P2078T03241A0C2F25681.jpg,2078032410,2078032410,gallery/P2078T03241A0/P2078T03241A0C0F24991.jpg,0.73561,0.67878,0.71685,ban_giao,dung,1,1807
query/P0242T02220A1/P0242T02220A1C2F29191.jpg,242022201,242022201,gallery/P0242T02220A1/P0242T02220A1C0F18661.jpg,0.72766,0.59317,0.71685,ban_giao,dung,0,1348
query/P0340T03241A0/P0340T03241A0C2F00511.jpg,340032410,340032410,gallery/P0340T03241A0/P0340T03241A0C0F04561.jpg,0.7025,0.69217,0.71685,tu_choi,tu_choi,0,1807
query/P0789T02220A1/P0789T02220A1C2F24661.jpg,789022201,107022201,gallery/P0107T02220A1/P0107T02220A1C0F02791.jpg,0.70635,0.70635,0.71685,tu_choi,tu_choi,0,1348
query/P1199T03241A0/P1199T03241A0C2F15961.jpg,1199032410,511032410,gallery/P0511T03241A0/P0511T03241A0C0F05251.jpg,0.62318,0.62318,0.71685,tu_choi,tu_choi,0,1807
query/P0254T02220A2/P0254T02220A2C2F09331.jpg,254022202,110022201,gallery/P0110T02220A1/P0110T02220A1C0F02821.jpg,0.77184,0.77184,0.71685,ban_giao,sai,1,1348
query/P1199T03241A0/P1199T03241A0C2F15421.jpg,1199032410,1199032410,gallery/P1199T03241A0/P1199T03241A0C0F14581.jpg,0.85501,0.61689,0.71685,ban_giao,dung,0,1807
query/P0877T03220A0/P0877T03220A0C2F21751.jpg,877032200,877032200,gallery/P0877T03220A0/P0877T03220A0C0F17641.jpg,0.73964,0.62106,0.71685,ban_giao,dung,0,1156
query/P0671T02220A0/P0671T02220A0C2F23521.jpg,671022200,671022200,gallery/P0671T02220A0/P0671T02220A0C0F24781.jpg,0.71233,0.70702,0.71685,tu_choi,tu_choi,1,1348
query/P0938T03220A0/P0938T03220A0C2F21181.jpg,938032200,783032200,gallery/P0783T03220A0/P0783T03220A0C0F11911.jpg,0.68588,0.68588,0.71685,tu_choi,tu_choi,0,1156
query/P0122T02220A2/P0122T02220A2C2F06241.jpg,122022202,62022200,gallery/P0062T02220A0/P0062T02220A0C0F00991.jpg,0.6374,0.6374,0.71685,tu_choi,tu_choi,1,1348
query/P2106T03241A0/P2106T03241A0C2F23041.jpg,2106032410,2106032410,gallery/P2106T03241A0/P2106T03241A0C0F26071.jpg,0.74212,0.62746,0.71685,ban_giao,dung,0,1807
query/P0789T02220A1/P0789T02220A1C2F24511.jpg,789022201,107022201,gallery/P0107T02220A1/P0107T02220A1C0F02371.jpg,0.66072,0.66072,0.71685,tu_choi,tu_choi,0,1348
query/P0107T02220A1/P0107T02220A1C2F07981.jpg,107022201,789022201,gallery/P0789T02220A1/P0789T02220A1C0F24661.jpg,0.76783,0.76783,0.71685,ban_giao,sai,0,1348
query/P0313T02220A0/P0313T02220A0C2F16681.jpg,313022200,313022200,gallery/P0313T02220A0/P0313T02220A0C0F12121.jpg,0.65329,0.61122,0.71685,tu_choi,tu_choi,0,1348
query/P0796T03220A1/P0796T03220A1C2F17491.jpg,796032201,796032201,gallery/P0796T03220A1/P0796T03220A1C0F13111.jpg,0.66648,0.63378,0.71685,tu_choi,tu_choi,1,1156
query/P0587T03220A0/P0587T03220A0C2F07051.jpg,587032200,587032200,gallery/P0587T03220A0/P0587T03220A0C0F06811.jpg,0.71235,0.63386,0.71685,tu_choi,tu_choi,1,1156
query/P0320T02220A0/P0320T02220A0C2F14701.jpg,320022200,671022200,gallery/P0671T02220A0/P0671T02220A0C0F24781.jpg,0.67929,0.67929,0.71685,tu_choi,tu_choi,1,1348
query/P1202T03241A1/P1202T03241A1C2F08971.jpg,1202032411,469032410,gallery/P0469T03241A0/P0469T03241A0C0F06301.jpg,0.77533,0.77533,0.71685,ban_giao,sai,1,1807
query/P0274T03220A1/P0274T03220A1C2F06511.jpg,274032201,581032202,gallery/P0581T03220A2/P0581T03220A2C0F05971.jpg,0.63017,0.63017,0.71685,tu_choi,tu_choi,1,1156
query/P0457T02220A2/P0457T02220A2C2F15871.jpg,457022202,313022200,gallery/P0313T02220A0/P0313T02220A0C0F11341.jpg,0.65058,0.65058,0.71685,tu_choi,tu_choi,0,1348
query/P1596T03241A1/P1596T03241A1C2F16471.jpg,1596032411,183032411,gallery/P0183T03241A1/P0183T03241A1C0F01741.jpg,0.5976,0.5976,0.71685,tu_choi,tu_choi,0,1807
query/P0398T03220A1/P0398T03220A1C2F09601.jpg,398032201,470032200,gallery/P0470T03220A0/P0470T03220A0C0F06781.jpg,0.67862,0.67862,0.71685,tu_choi,tu_choi,1,1156
query/P0557T02220A2/P0557T02220A2C2F18931.jpg,557022202,313022200,gallery/P0313T02220A0/P0313T02220A0C0F12121.jpg,0.66456,0.66456,0.71685,tu_choi,tu_choi,0,1348
query/P0183T03241A1/P0183T03241A1C2F03661.jpg,183032411,183032411,gallery/P0183T03241A1/P0183T03241A1C0F01771.jpg,0.63476,0.59241,0.71685,tu_choi,tu_choi,0,1807
query/P0171T03220A2/P0171T03220A2C2F00541.jpg,171032202,615032201,gallery/P0615T03220A1/P0615T03220A1C0F09331.jpg,0.63278,0.63278,0.71685,tu_choi,tu_choi,0,1156
query/P0206T03241A1/P0206T03241A1C2F05101.jpg,206032411,2579032411,gallery/P2579T03241A1/P2579T03241A1C0F19471.jpg,0.66346,0.66346,0.71685,tu_choi,tu_choi,1,1807
query/P0802T03241A1/P0802T03241A1C2F04831.jpg,802032411,802032411,gallery/P0802T03241A1/P0802T03241A1C0F05071.jpg,0.70754,0.66895,0.71685,tu_choi,tu_choi,1,1807
query/P0326T02220A1/P0326T02220A1C2F05251.jpg,326022201,326022201,gallery/P0326T02220A1/P0326T02220A1C0F06121.jpg,0.62386,0.60188,0.71685,tu_choi,tu_choi,0,1348
query/P0559T03241A2/P0559T03241A2C2F15031.jpg,559032412,559032412,gallery/P0559T03241A2/P0559T03241A2C0F07291.jpg,0.68032,0.63285,0.71685,tu_choi,tu_choi,0,1807
query/P1360T03241A0/P1360T03241A0C2F13531.jpg,1360032410,1360032410,gallery/P1360T03241A0/P1360T03241A0C0F15901.jpg,0.73116,0.65001,0.71685,ban_giao,dung,1,1807
query/P0832T02220A1/P0832T02220A1C2F27151.jpg,832022201,832022201,gallery/P0832T02220A1/P0832T02220A1C0F25831.jpg,0.78768,0.77536,0.71685,ban_giao,dung,1,1348
query/P1903T03241A0/P1903T03241A0C2F24031.jpg,1903032410,780032410,gallery/P0780T03241A0/P0780T03241A0C0F09901.jpg,0.68077,0.68077,0.71685,tu_choi,tu_choi,1,1807
query/P0048T03241A0/P0048T03241A0C2F02071.jpg,48032410,48032410,gallery/P0048T03241A0/P0048T03241A0C0F00961.jpg,0.66678,0.6358,0.71685,tu_choi,tu_choi,1,1807
query/P0054T02220A1/P0054T02220A1C2F06511.jpg,54022201,110022201,gallery/P0110T02220A1/P0110T02220A1C0F04981.jpg,0.76821,0.76821,0.71685,ban_giao,sai,0,1348
query/P0572T03220A2/P0572T03220A2C2F05611.jpg,572032202,581032202,gallery/P0581T03220A2/P0581T03220A2C0F05971.jpg,0.66918,0.66918,0.71685,tu_choi,tu_choi,0,1156
query/P0118T02210A1/P0118T02210A1C2F9211.jpg,118022101,118022101,gallery/P0118T02210A1/P0118T02210A1C0F6211.jpg,0.6389,0.59351,0.71685,tu_choi,tu_choi,0,761
query/P0313T02220A0/P0313T02220A0C2F16711.jpg,313022200,313022200,gallery/P0313T02220A0/P0313T02220A0C0F12121.jpg,0.66125,0.62066,0.71685,tu_choi,tu_choi,0,1348
query/P1151T03241A2/P1151T03241A2C2F23701.jpg,1151032412,1151032412,gallery/P1151T03241A2/P1151T03241A2C0F15001.jpg,0.62807,0.62731,0.71685,tu_choi,tu_choi,0,1807
query/P1267T03241A0/P1267T03241A0C2F11581.jpg,1267032410,1267032410,gallery/P1267T03241A0/P1267T03241A0C0F15061.jpg,0.63929,0.62348,0.71685,tu_choi,tu_choi,1,1807
query/P0412T03241A1/P0412T03241A1C2F06841.jpg,412032411,460032410,gallery/P0460T03241A0/P0460T03241A0C0F06271.jpg,0.66943,0.66943,0.71685,tu_choi,tu_choi,1,1807
query/P0047T03241A2/P0047T03241A2C2F07531.jpg,47032412,412032411,gallery/P0412T03241A1/P0412T03241A1C0F04081.jpg,0.64976,0.64976,0.71685,tu_choi,tu_choi,0,1807
query/P0666T03241A2/P0666T03241A2C2F16051.jpg,666032412,666032412,gallery/P0666T03241A2/P0666T03241A2C0F08461.jpg,0.56761,0.54209,0.71685,tu_choi,tu_choi,1,1807
query/P1008T03241A2/P1008T03241A2C2F16861.jpg,1008032412,1008032412,gallery/P1008T03241A2/P1008T03241A2C0F12361.jpg,0.68161,0.673,0.71685,tu_choi,tu_choi,1,1807
query/P0309T02220A0/P0309T02220A0C2F10111.jpg,309022200,309022200,gallery/P0309T02220A0/P0309T02220A0C0F10531.jpg,0.67917,0.65916,0.71685,tu_choi,tu_choi,0,1348
query/P2030T03241A1/P2030T03241A1C2F19861.jpg,2030032411,1199032410,gallery/P1199T03241A0/P1199T03241A0C0F15241.jpg,0.66613,0.66613,0.71685,tu_choi,tu_choi,0,1807
query/P0910T03241A0/P0910T03241A0C2F07621.jpg,910032410,910032410,gallery/P0910T03241A0/P0910T03241A0C0F11311.jpg,0.65774,0.58147,0.71685,tu_choi,tu_choi,1,1807
query/P0839T03241A1/P0839T03241A1C2F08281.jpg,839032411,839032411,gallery/P0839T03241A1/P0839T03241A1C0F05161.jpg,0.73899,0.697,0.71685,ban_giao,dung,1,1807
query/P1436T03241A1/P1436T03241A1C2F14851.jpg,1436032411,1436032411,gallery/P1436T03241A1/P1436T03241A1C0F12781.jpg,0.71113,0.66196,0.71685,tu_choi,tu_choi,1,1807
query/P0836T02220A1/P0836T02220A1C2F26431.jpg,836022201,139022201,gallery/P0139T02220A1/P0139T02220A1C0F04741.jpg,0.64968,0.64968,0.71685,tu_choi,tu_choi,0,1348
query/P0457T02220A2/P0457T02220A2C2F15961.jpg,457022202,313022200,gallery/P0313T02220A0/P0313T02220A0C0F10981.jpg,0.66565,0.66565,0.71685,tu_choi,tu_choi,0,1348
query/P1635T03220A1/P1635T03220A1C2F23941.jpg,1635032201,1635032201,gallery/P1635T03220A1/P1635T03220A1C0F23731.jpg,0.6972,0.68941,0.71685,tu_choi,tu_choi,1,1156
query/P1860T03241A0/P1860T03241A0C2F23851.jpg,1860032410,1860032410,gallery/P1860T03241A0/P1860T03241A0C0F22441.jpg,0.76217,0.68729,0.71685,ban_giao,dung,1,1807
query/P1095T03241A2/P1095T03241A2C2F21061.jpg,1095032412,1860032410,gallery/P1860T03241A0/P1860T03241A0C0F23491.jpg,0.73996,0.73996,0.71685,ban_giao,sai,1,1807
query/P0463T02220A0/P0463T02220A0C2F16711.jpg,463022200,463022200,gallery/P0463T02220A0/P0463T02220A0C0F17251.jpg,0.84793,0.71911,0.71685,ban_giao,dung,1,1348
query/P0741T02220A1/P0741T02220A1C2F27271.jpg,741022201,265022200,gallery/P0265T02220A0/P0265T02220A0C0F08101.jpg,0.69478,0.69478,0.71685,tu_choi,tu_choi,1,1348
query/P0600T03241A2/P0600T03241A2C2F14821.jpg,600032412,460032410,gallery/P0460T03241A0/P0460T03241A0C0F06271.jpg,0.71688,0.71688,0.71685,ban_giao,sai,0,1807
query/P0009T02220A1/P0009T02220A1C2F00301.jpg,9022201,326022201,gallery/P0326T02220A1/P0326T02220A1C0F05521.jpg,0.6249,0.6249,0.71685,tu_choi,tu_choi,0,1348
query/P0838T03241A2/P0838T03241A2C2F14641.jpg,838032412,838032412,gallery/P0838T03241A2/P0838T03241A2C0F10351.jpg,0.62741,0.62573,0.71685,tu_choi,tu_choi,1,1807
query/P0001T03241A2/P0001T03241A2C2F08071.jpg,1032412,469032410,gallery/P0469T03241A0/P0469T03241A0C0F06301.jpg,0.68547,0.68547,0.71685,tu_choi,tu_choi,1,1807
query/P0910T03241A0/P0910T03241A0C2F07411.jpg,910032410,780032411,gallery/P0780T03241A1/P0780T03241A1C0F04561.jpg,0.6619,0.6619,0.71685,tu_choi,tu_choi,1,1807
query/P0664T03241A1/P0664T03241A1C2F02221.jpg,664032411,664032411,gallery/P0664T03241A1/P0664T03241A1C0F04111.jpg,0.66215,0.63044,0.71685,tu_choi,tu_choi,0,1807
query/P0240T02210A2/P0240T02210A2C2F8371.jpg,240022102,240022102,gallery/P0240T02210A2/P0240T02210A2C0F8401.jpg,0.57517,0.56814,0.71685,tu_choi,tu_choi,0,761
query/P0265T02220A0/P0265T02220A0C2F13861.jpg,265022200,265022200,gallery/P0265T02220A0/P0265T02220A0C0F08191.jpg,0.70476,0.68934,0.71685,tu_choi,tu_choi,1,1348
query/P0265T02220A0/P0265T02220A0C2F13531.jpg,265022200,265022200,gallery/P0265T02220A0/P0265T02220A0C0F08101.jpg,0.65506,0.64881,0.71685,tu_choi,tu_choi,1,1348
query/P2200T03241A1/P2200T03241A1C2F21181.jpg,2200032411,469032410,gallery/P0469T03241A0/P0469T03241A0C0F06301.jpg,0.69879,0.69879,0.71685,tu_choi,tu_choi,0,1807
query/P0710T02220A2/P0710T02220A2C2F21211.jpg,710022202,642022202,gallery/P0642T02220A2/P0642T02220A2C0F18061.jpg,0.67606,0.67606,0.71685,tu_choi,tu_choi,0,1348
query/P2030T03241A1/P2030T03241A1C2F19381.jpg,2030032411,2030032411,gallery/P2030T03241A1/P2030T03241A1C0F16081.jpg,0.66137,0.64042,0.71685,tu_choi,tu_choi,0,1807
query/P1248T03241A0/P1248T03241A0C2F16321.jpg,1248032410,1248032410,gallery/P1248T03241A0/P1248T03241A0C0F14971.jpg,0.71424,0.60639,0.71685,tu_choi,tu_choi,1,1807
query/P0844T03241A1/P0844T03241A1C2F08221.jpg,844032411,844032411,gallery/P0844T03241A1/P0844T03241A1C0F05701.jpg,0.6685,0.6639,0.71685,tu_choi,tu_choi,1,1807
query/P0062T02220A0/P0062T02220A0C2F06721.jpg,62022200,832022201,gallery/P0832T02220A1/P0832T02220A1C0F26491.jpg,0.68102,0.68102,0.71685,tu_choi,tu_choi,1,1348
query/P1095T03241A2/P1095T03241A2C2F21481.jpg,1095032412,460032410,gallery/P0460T03241A0/P0460T03241A0C0F06271.jpg,0.72423,0.72423,0.71685,ban_giao,sai,1,1807
query/P0802T03241A1/P0802T03241A1C2F05011.jpg,802032411,802032411,gallery/P0802T03241A1/P0802T03241A1C0F05281.jpg,0.74016,0.66715,0.71685,ban_giao,dung,1,1807
query/P1130T03241A1/P1130T03241A1C2F10321.jpg,1130032411,1046032410,gallery/P1046T03241A0/P1046T03241A0C0F13651.jpg,0.69264,0.69264,0.71685,tu_choi,tu_choi,1,1807
query/P0723T03220A2/P0723T03220A2C2F07531.jpg,723032202,216032200,gallery/P0216T03220A0/P0216T03220A0C0F02731.jpg,0.66815,0.66815,0.71685,tu_choi,tu_choi,1,1156
query/P0274T03220A1/P0274T03220A1C2F06721.jpg,274032201,1632032200,gallery/P1632T03220A0/P1632T03220A0C0F27571.jpg,0.66026,0.66026,0.71685,tu_choi,tu_choi,1,1156
query/P1202T03241A1/P1202T03241A1C2F09121.jpg,1202032411,1860032410,gallery/P1860T03241A0/P1860T03241A0C0F22501.jpg,0.63703,0.63703,0.71685,tu_choi,tu_choi,1,1807
query/P0416T02220A2/P0416T02220A2C2F15211.jpg,416022202,416022202,gallery/P0416T02220A2/P0416T02220A2C0F14461.jpg,0.67061,0.57847,0.71685,tu_choi,tu_choi,1,1348
query/P0808T03220A2/P0808T03220A2C2F09091.jpg,808032202,653032200,gallery/P0653T03220A0/P0653T03220A0C0F08251.jpg,0.6221,0.6221,0.71685,tu_choi,tu_choi,1,1156
query/P0851T03241A2/P0851T03241A2C2F15241.jpg,851032412,48032410,gallery/P0048T03241A0/P0048T03241A0C0F01381.jpg,0.62932,0.62932,0.71685,tu_choi,tu_choi,1,1807
query/P0557T02220A2/P0557T02220A2C2F18841.jpg,557022202,242022201,gallery/P0242T02220A1/P0242T02220A1C0F18571.jpg,0.62914,0.62914,0.71685,tu_choi,tu_choi,0,1348
query/P1661T03220A2/P1661T03220A2C2F20071.jpg,1661032202,587032200,gallery/P0587T03220A0/P0587T03220A0C0F07141.jpg,0.70628,0.70628,0.71685,tu_choi,tu_choi,1,1156
query/P0343T02220A0/P0343T02220A0C2F28021.jpg,343022200,343022200,gallery/P0343T02220A0/P0343T02220A0C0F23221.jpg,0.7476,0.60237,0.71685,ban_giao,dung,0,1348
query/P0671T02220A0/P0671T02220A0C2F24271.jpg,671022200,671022200,gallery/P0671T02220A0/P0671T02220A0C0F24001.jpg,0.74133,0.67346,0.71685,ban_giao,dung,1,1348
query/P0838T03241A2/P0838T03241A2C2F14281.jpg,838032412,460032410,gallery/P0460T03241A0/P0460T03241A0C0F06181.jpg,0.63352,0.63352,0.71685,tu_choi,tu_choi,1,1807
query/P0572T03220A2/P0572T03220A2C2F05851.jpg,572032202,572032202,gallery/P0572T03220A2/P0572T03220A2C0F06361.jpg,0.59687,0.59617,0.71685,tu_choi,tu_choi,0,1156
query/P1590T03241A1/P1590T03241A1C2F15991.jpg,1590032411,140032411,gallery/P0140T03241A1/P0140T03241A1C0F01471.jpg,0.67309,0.67309,0.71685,tu_choi,tu_choi,0,1807
query/P1275T03241A2/P1275T03241A2C2F21961.jpg,1275032412,454032412,gallery/P0454T03241A2/P0454T03241A2C0F05821.jpg,0.56923,0.56923,0.71685,tu_choi,tu_choi,1,1807
query/P0724T03241A0/P0724T03241A0C2F10621.jpg,724032410,460032410,gallery/P0460T03241A0/P0460T03241A0C0F06271.jpg,0.76231,0.76231,0.71685,ban_giao,sai,1,1807
query/P1137T03241A2/P1137T03241A2C2F18421.jpg,1137032412,1360032410,gallery/P1360T03241A0/P1360T03241A0C0F16111.jpg,0.64543,0.64543,0.71685,tu_choi,tu_choi,0,1807
query/P0226T03241A1/P0226T03241A1C2F05491.jpg,226032411,226032411,gallery/P0226T03241A1/P0226T03241A1C0F01801.jpg,0.64826,0.64064,0.71685,tu_choi,tu_choi,1,1807
query/P0286T02210A2/P0286T02210A2C2F26491.jpg,286022102,286022102,gallery/P0286T02210A2/P0286T02210A2C0F23581.jpg,0.64522,0.61371,0.71685,tu_choi,tu_choi,0,761
query/P0397T02220A1/P0397T02220A1C2F09541.jpg,397022201,397022201,gallery/P0397T02220A1/P0397T02220A1C0F27241.jpg,0.65748,0.58537,0.71685,tu_choi,tu_choi,0,1348
query/P0463T02220A0/P0463T02220A0C2F15571.jpg,463022200,463022200,gallery/P0463T02220A0/P0463T02220A0C0F17251.jpg,0.75667,0.70844,0.71685,ban_giao,dung,1,1348
query/P0132T02210A1/P0132T02210A1C2F9091.jpg,132022101,132022101,gallery/P0132T02210A1/P0132T02210A1C0F10831.jpg,0.85389,0.61585,0.71685,ban_giao,dung,0,761
query/P0863T03241A2/P0863T03241A2C2F19831.jpg,863032412,863032412,gallery/P0863T03241A2/P0863T03241A2C0F11131.jpg,0.7176,0.62038,0.71685,ban_giao,dung,0,1807
query/P1907T03241A0/P1907T03241A0C2F24271.jpg,1907032410,1907032410,gallery/P1907T03241A0/P1907T03241A0C0F22711.jpg,0.69788,0.5936,0.71685,tu_choi,tu_choi,1,1807
query/P0632T03241A1/P0632T03241A1C2F02551.jpg,632032411,632032411,gallery/P0632T03241A1/P0632T03241A1C0F03841.jpg,0.75603,0.7098,0.71685,ban_giao,dung,1,1807
query/P0774T03220A1/P0774T03220A1C2F10891.jpg,774032201,655032202,gallery/P0655T03220A2/P0655T03220A2C0F07171.jpg,0.64887,0.64887,0.71685,tu_choi,tu_choi,1,1156
query/P0419T02220A1/P0419T02220A1C2F09841.jpg,419022201,832022201,gallery/P0832T02220A1/P0832T02220A1C0F26431.jpg,0.65199,0.65199,0.71685,tu_choi,tu_choi,1,1348
query/P0956T02220A2/P0956T02220A2C2F15181.jpg,956022202,832022201,gallery/P0832T02220A1/P0832T02220A1C0F26431.jpg,0.72192,0.72192,0.71685,ban_giao,sai,0,1348
query/P0517T02220A1/P0517T02220A1C2F22831.jpg,517022201,517022201,gallery/P0517T02220A1/P0517T02220A1C0F10591.jpg,0.7273,0.66214,0.71685,ban_giao,dung,1,1348
query/P0412T03241A1/P0412T03241A1C2F06571.jpg,412032411,412032411,gallery/P0412T03241A1/P0412T03241A1C0F04081.jpg,0.76627,0.67392,0.71685,ban_giao,dung,1,1807
query/P0487T03220A1/P0487T03220A1C2F09151.jpg,487032201,274032201,gallery/P0274T03220A1/P0274T03220A1C0F02251.jpg,0.62373,0.62373,0.71685,tu_choi,tu_choi,1,1156
query/P1815T03220A1/P1815T03220A1C2F26431.jpg,1815032201,1635032201,gallery/P1635T03220A1/P1635T03220A1C0F23731.jpg,0.64173,0.64173,0.71685,tu_choi,tu_choi,0,1156
query/P0110T02220A1/P0110T02220A1C2F02881.jpg,110022201,110022201,gallery/P0110T02220A1/P0110T02220A1C0F02851.jpg,0.79198,0.76244,0.71685,ban_giao,dung,0,1348
query/P0956T02220A2/P0956T02220A2C2F14881.jpg,956022202,320022200,gallery/P0320T02220A0/P0320T02220A0C0F10621.jpg,0.73302,0.73302,0.71685,ban_giao,sai,0,1348
query/P0457T02220A2/P0457T02220A2C2F16351.jpg,457022202,313022200,gallery/P0313T02220A0/P0313T02220A0C0F11401.jpg,0.7089,0.7089,0.71685,tu_choi,tu_choi,0,1348
query/P0265T02220A0/P0265T02220A0C2F14341.jpg,265022200,242022201,gallery/P0242T02220A1/P0242T02220A1C0F18691.jpg,0.60906,0.60906,0.71685,tu_choi,tu_choi,1,1348
query/P0796T03220A1/P0796T03220A1C2F17431.jpg,796032201,796032201,gallery/P0796T03220A1/P0796T03220A1C0F12811.jpg,0.66543,0.62137,0.71685,tu_choi,tu_choi,1,1156
query/P0193T02220A0/P0193T02220A0C2F04981.jpg,193022200,193022200,gallery/P0193T02220A0/P0193T02220A0C0F06181.jpg,0.76186,0.63643,0.71685,ban_giao,dung,1,1348
query/P0724T03241A0/P0724T03241A0C2F10261.jpg,724032410,724032410,gallery/P0724T03241A0/P0724T03241A0C0F08371.jpg,0.71751,0.70525,0.71685,ban_giao,dung,1,1807
query/P0140T03241A1/P0140T03241A1C2F04441.jpg,140032411,780032411,gallery/P0780T03241A1/P0780T03241A1C0F04561.jpg,0.61904,0.61904,0.71685,tu_choi,tu_choi,1,1807
query/P1679T03241A0/P1679T03241A0C2F19261.jpg,1679032410,1679032410,gallery/P1679T03241A0/P1679T03241A0C0F19771.jpg,0.74599,0.59402,0.71685,ban_giao,dung,0,1807
query/P0107T02220A1/P0107T02220A1C2F07681.jpg,107022201,789022201,gallery/P0789T02220A1/P0789T02220A1C0F24661.jpg,0.69911,0.69911,0.71685,tu_choi,tu_choi,0,1348
query/P1596T03241A1/P1596T03241A1C2F16201.jpg,1596032411,2244032411,gallery/P2244T03241A1/P2244T03241A1C0F18061.jpg,0.59482,0.59482,0.71685,tu_choi,tu_choi,0,1807
query/P1632T03220A0/P1632T03220A0C2F28291.jpg,1632032200,1632032200,gallery/P1632T03220A0/P1632T03220A0C0F27571.jpg,0.71511,0.64539,0.71685,tu_choi,tu_choi,0,1156
query/P0302T03241A2/P0302T03241A2C2F08701.jpg,302032412,460032410,gallery/P0460T03241A0/P0460T03241A0C0F06241.jpg,0.64548,0.64548,0.71685,tu_choi,tu_choi,1,1807
query/P2030T03241A1/P2030T03241A1C2F19681.jpg,2030032411,1199032410,gallery/P1199T03241A0/P1199T03241A0C0F15061.jpg,0.64462,0.64462,0.71685,tu_choi,tu_choi,0,1807
query/P0216T03220A0/P0216T03220A0C2F02851.jpg,216032200,216032200,gallery/P0216T03220A0/P0216T03220A0C0F02731.jpg,0.7248,0.61578,0.71685,ban_giao,dung,1,1156
query/P1496T03241A1/P1496T03241A1C2F12331.jpg,1496032411,1496032411,gallery/P1496T03241A1/P1496T03241A1C0F13711.jpg,0.71885,0.67283,0.71685,ban_giao,dung,1,1807
query/P0138T02220A1/P0138T02220A1C2F02551.jpg,138022201,463022200,gallery/P0463T02220A0/P0463T02220A0C0F16501.jpg,0.63251,0.63251,0.71685,tu_choi,tu_choi,1,1348
query/P0538T03241A1/P0538T03241A1C2F03991.jpg,538032411,511032410,gallery/P0511T03241A0/P0511T03241A0C0F04891.jpg,0.69385,0.69385,0.71685,tu_choi,tu_choi,0,1807
query/P0226T02220A2/P0226T02220A2C2F08221.jpg,226022202,671022200,gallery/P0671T02220A0/P0671T02220A0C0F24781.jpg,0.70877,0.70877,0.71685,tu_choi,tu_choi,0,1348
query/P0009T02220A1/P0009T02220A1C2F00061.jpg,9022201,9022201,gallery/P0009T02220A1/P0009T02220A1C0F00241.jpg,0.60495,0.58676,0.71685,tu_choi,tu_choi,0,1348
query/P0359T03241A0/P0359T03241A0C2F00391.jpg,359032410,340032410,gallery/P0340T03241A0/P0340T03241A0C0F04561.jpg,0.68543,0.68543,0.71685,tu_choi,tu_choi,1,1807
query/P0182T02220A0/P0182T02220A0C2F03331.jpg,182022200,107022201,gallery/P0107T02220A1/P0107T02220A1C0F02401.jpg,0.68327,0.68327,0.71685,tu_choi,tu_choi,1,1348
query/P0448T02220A0/P0448T02220A0C2F15751.jpg,448022200,448022200,gallery/P0448T02220A0/P0448T02220A0C0F15361.jpg,0.80753,0.63163,0.71685,ban_giao,dung,0,1348
query/P0139T02220A1/P0139T02220A1C2F03271.jpg,139022201,139022201,gallery/P0139T02220A1/P0139T02220A1C0F02821.jpg,0.72468,0.6567,0.71685,ban_giao,dung,1,1348
query/P0851T03241A2/P0851T03241A2C2F15631.jpg,851032412,1032410,gallery/P0001T03241A0/P0001T03241A0C0F00271.jpg,0.58379,0.58379,0.71685,tu_choi,tu_choi,1,1807
query/P0226T02220A2/P0226T02220A2C2F08341.jpg,226022202,419022201,gallery/P0419T02220A1/P0419T02220A1C0F10681.jpg,0.69381,0.69381,0.71685,tu_choi,tu_choi,0,1348
query/P0470T03220A0/P0470T03220A0C2F05281.jpg,470032200,267032200,gallery/P0267T03220A0/P0267T03220A0C0F04591.jpg,0.70727,0.70727,0.71685,tu_choi,tu_choi,1,1156
query/P0054T02220A1/P0054T02220A1C2F07111.jpg,54022201,110022201,gallery/P0110T02220A1/P0110T02220A1C0F05041.jpg,0.67954,0.67954,0.71685,tu_choi,tu_choi,0,1348
query/P0107T02220A1/P0107T02220A1C2F07591.jpg,107022201,107022201,gallery/P0107T02220A1/P0107T02220A1C0F02881.jpg,0.64128,0.60853,0.71685,tu_choi,tu_choi,0,1348
query/P0140T03241A1/P0140T03241A1C2F04201.jpg,140032411,140032411,gallery/P0140T03241A1/P0140T03241A1C0F01471.jpg,0.64267,0.58798,0.71685,tu_choi,tu_choi,1,1807
query/P0808T03220A2/P0808T03220A2C2F09001.jpg,808032202,808032202,gallery/P0808T03220A2/P0808T03220A2C0F09691.jpg,0.60965,0.58779,0.71685,tu_choi,tu_choi,1,1156
query/P0110T02220A2/P0110T02220A2C2F11581.jpg,110022202,309022200,gallery/P0309T02220A0/P0309T02220A0C0F10531.jpg,0.67015,0.67015,0.71685,tu_choi,tu_choi,0,1348
query/P0622T03241A1/P0622T03241A1C2F02641.jpg,622032411,622032411,gallery/P0622T03241A1/P0622T03241A1C0F03661.jpg,0.70377,0.60922,0.71685,tu_choi,tu_choi,0,1807
query/P0406T03220A1/P0406T03220A1C2F03781.jpg,406032201,406032201,gallery/P0406T03220A1/P0406T03220A1C0F04261.jpg,0.75995,0.60917,0.71685,ban_giao,dung,0,1156
query/P0326T02220A1/P0326T02220A1C2F05431.jpg,326022201,326022201,gallery/P0326T02220A1/P0326T02220A1C0F06121.jpg,0.70981,0.62352,0.71685,tu_choi,tu_choi,0,1348
query/P0830T02220A1/P0830T02220A1C2F24991.jpg,830022201,139022201,gallery/P0139T02220A1/P0139T02220A1C0F02611.jpg,0.6572,0.6572,0.71685,tu_choi,tu_choi,0,1348
query/P0288T03241A2/P0288T03241A2C2F11401.jpg,288032412,288032412,gallery/P0288T03241A2/P0288T03241A2C0F03511.jpg,0.67563,0.64062,0.71685,tu_choi,tu_choi,0,1807
query/P0455T03241A0/P0455T03241A0C2F07831.jpg,455032410,455032410,gallery/P0455T03241A0/P0455T03241A0C0F06481.jpg,0.65228,0.61912,0.71685,tu_choi,tu_choi,0,1807
query/P0723T03220A2/P0723T03220A2C2F07741.jpg,723032202,216032200,gallery/P0216T03220A0/P0216T03220A0C0F02731.jpg,0.7048,0.7048,0.71685,tu_choi,tu_choi,1,1156
query/P0463T02220A0/P0463T02220A0C2F16201.jpg,463022200,463022200,gallery/P0463T02220A0/P0463T02220A0C0F17251.jpg,0.80748,0.7249,0.71685,ban_giao,dung,1,1348
query/P1036T03220A0/P1036T03220A0C2F17161.jpg,1036032200,1036032200,gallery/P1036T03220A0/P1036T03220A0C0F17311.jpg,0.6554,0.63792,0.71685,tu_choi,tu_choi,1,1156
query/P0615T03220A1/P0615T03220A1C2F08401.jpg,615032201,615032201,gallery/P0615T03220A1/P0615T03220A1C0F09331.jpg,0.65138,0.64262,0.71685,tu_choi,tu_choi,0,1156
query/P1275T03241A2/P1275T03241A2C2F22141.jpg,1275032412,1907032410,gallery/P1907T03241A0/P1907T03241A0C0F23371.jpg,0.59286,0.59286,0.71685,tu_choi,tu_choi,1,1807
query/P1024T03241A0/P1024T03241A0C2F13231.jpg,1024032410,1024032410,gallery/P1024T03241A0/P1024T03241A0C0F11941.jpg,0.67591,0.62698,0.71685,tu_choi,tu_choi,0,1807
query/P0412T03241A1/P0412T03241A1C2F06691.jpg,412032411,412032411,gallery/P0412T03241A1/P0412T03241A1C0F04081.jpg,0.71782,0.66492,0.71685,ban_giao,dung,1,1807
query/P0838T03241A2/P0838T03241A2C2F14311.jpg,838032412,511032410,gallery/P0511T03241A0/P0511T03241A0C0F05941.jpg,0.65162,0.65162,0.71685,tu_choi,tu_choi,1,1807
query/P0047T03241A2/P0047T03241A2C2F08221.jpg,47032412,47032412,gallery/P0047T03241A2/P0047T03241A2C0F00571.jpg,0.67731,0.64065,0.71685,tu_choi,tu_choi,0,1807
query/P0587T03220A0/P0587T03220A0C2F07081.jpg,587032200,587032200,gallery/P0587T03220A0/P0587T03220A0C0F06811.jpg,0.63241,0.60568,0.71685,tu_choi,tu_choi,1,1156
query/P2078T03241A0/P2078T03241A0C2F25951.jpg,2078032410,2078032410,gallery/P2078T03241A0/P2078T03241A0C0F24991.jpg,0.6598,0.65271,0.71685,tu_choi,tu_choi,1,1807
query/P1632T03220A0/P1632T03220A0C2F28201.jpg,1632032200,267032200,gallery/P0267T03220A0/P0267T03220A0C0F04651.jpg,0.67833,0.67833,0.71685,tu_choi,tu_choi,0,1156
query/P0343T02220A0/P0343T02220A0C2F27931.jpg,343022200,343022200,gallery/P0343T02220A0/P0343T02220A0C0F23401.jpg,0.69511,0.59688,0.71685,tu_choi,tu_choi,0,1348
query/P0313T02220A0/P0313T02220A0C2F16561.jpg,313022200,313022200,gallery/P0313T02220A0/P0313T02220A0C0F12121.jpg,0.70608,0.63024,0.71685,tu_choi,tu_choi,0,1348
query/P0178T03220A1/P0178T03220A1C2F00961.jpg,178032201,267032200,gallery/P0267T03220A0/P0267T03220A0C0F04591.jpg,0.65728,0.65728,0.71685,tu_choi,tu_choi,0,1156
query/P2030T03241A1/P2030T03241A1C2F19801.jpg,2030032411,2030032411,gallery/P2030T03241A1/P2030T03241A1C0F16081.jpg,0.6622,0.65539,0.71685,tu_choi,tu_choi,0,1807
query/P0375T03220A1/P0375T03220A1C2F03241.jpg,375032201,877032200,gallery/P0877T03220A0/P0877T03220A0C0F15721.jpg,0.64532,0.64532,0.71685,tu_choi,tu_choi,0,1156
query/P1085T03220A1/P1085T03220A1C2F15211.jpg,1085032201,216032200,gallery/P0216T03220A0/P0216T03220A0C0F02731.jpg,0.67357,0.67357,0.71685,tu_choi,tu_choi,0,1156
query/P0639T03220A2/P0639T03220A2C2F06391.jpg,639032202,398032201,gallery/P0398T03220A1/P0398T03220A1C0F05041.jpg,0.65666,0.65666,0.71685,tu_choi,tu_choi,1,1156
query/P0692T02220A0/P0692T02220A0C2F25111.jpg,692022200,692022200,gallery/P0692T02220A0/P0692T02220A0C0F25231.jpg,0.7342,0.6705,0.71685,ban_giao,dung,1,1348
query/P1199T03241A0/P1199T03241A0C2F15811.jpg,1199032410,1199032410,gallery/P1199T03241A0/P1199T03241A0C0F14731.jpg,0.74667,0.61052,0.71685,ban_giao,dung,0,1807
query/P0470T03220A0/P0470T03220A0C2F05761.jpg,470032200,470032200,gallery/P0470T03220A0/P0470T03220A0C0F05791.jpg,0.70406,0.65721,0.71685,tu_choi,tu_choi,1,1156
query/P0323T03220A1/P0323T03220A1C2F15391.jpg,323032201,267032200,gallery/P0267T03220A0/P0267T03220A0C0F04591.jpg,0.6869,0.6869,0.71685,tu_choi,tu_choi,1,1156
query/P0044T02220A2/P0044T02220A2C2F03181.jpg,44022202,44022202,gallery/P0044T02220A2/P0044T02220A2C0F02041.jpg,0.73029,0.70325,0.71685,ban_giao,dung,0,1348
query/P1085T03220A1/P1085T03220A1C2F15391.jpg,1085032201,1036032200,gallery/P1036T03220A0/P1036T03220A0C0F17401.jpg,0.63257,0.63257,0.71685,tu_choi,tu_choi,0,1156
query/P2256T03241A1/P2256T03241A1C2F15631.jpg,2256032411,2256032411,gallery/P2256T03241A1/P2256T03241A1C0F17161.jpg,0.67393,0.64972,0.71685,tu_choi,tu_choi,0,1807
query/P0938T03220A1/P0938T03220A1C2F13231.jpg,938032201,274032201,gallery/P0274T03220A1/P0274T03220A1C0F02251.jpg,0.69042,0.69042,0.71685,tu_choi,tu_choi,0,1156
query/P1046T03241A0/P1046T03241A0C2F09541.jpg,1046032410,2207032410,gallery/P2207T03241A0/P2207T03241A0C0F26881.jpg,0.64071,0.64071,0.71685,tu_choi,tu_choi,1,1807
query/P0455T03241A0/P0455T03241A0C2F07321.jpg,455032410,455032410,gallery/P0455T03241A0/P0455T03241A0C0F06211.jpg,0.67363,0.64933,0.71685,tu_choi,tu_choi,0,1807
query/P0323T03220A1/P0323T03220A1C2F15661.jpg,323032201,653032200,gallery/P0653T03220A0/P0653T03220A0C0F08311.jpg,0.72517,0.72517,0.71685,ban_giao,sai,1,1156
query/P0350T02220A1/P0350T02220A1C2F07471.jpg,350022201,313022200,gallery/P0313T02220A0/P0313T02220A0C0F10951.jpg,0.65899,0.65899,0.71685,tu_choi,tu_choi,0,1348
query/P0796T03220A1/P0796T03220A1C2F17041.jpg,796032201,796032201,gallery/P0796T03220A1/P0796T03220A1C0F13351.jpg,0.61939,0.61738,0.71685,tu_choi,tu_choi,1,1156
query/P0780T03241A0/P0780T03241A0C2F10111.jpg,780032410,1046032410,gallery/P1046T03241A0/P1046T03241A0C0F13291.jpg,0.69885,0.69885,0.71685,tu_choi,tu_choi,1,1807
query/P0340T03241A0/P0340T03241A0C2F00481.jpg,340032410,359032410,gallery/P0359T03241A0/P0359T03241A0C0F04591.jpg,0.67798,0.67798,0.71685,tu_choi,tu_choi,0,1807
query/P1474T03241A1/P1474T03241A1C2F11821.jpg,1474032411,460032410,gallery/P0460T03241A0/P0460T03241A0C0F06301.jpg,0.69708,0.69708,0.71685,tu_choi,tu_choi,1,1807
query/P0763T03241A2/P0763T03241A2C2F17881.jpg,763032412,460032410,gallery/P0460T03241A0/P0460T03241A0C0F06271.jpg,0.67009,0.67009,0.71685,tu_choi,tu_choi,1,1807
query/P1447T03220A0/P1447T03220A0C2F26581.jpg,1447032200,388032202,gallery/P0388T03220A2/P0388T03220A2C0F04441.jpg,0.62835,0.62835,0.71685,tu_choi,tu_choi,1,1156
query/P1496T03241A1/P1496T03241A1C2F12451.jpg,1496032411,1496032411,gallery/P1496T03241A1/P1496T03241A1C0F13861.jpg,0.646,0.62741,0.71685,tu_choi,tu_choi,1,1807
query/P1137T03241A2/P1137T03241A2C2F02821.jpg,1137032412,1360032410,gallery/P1360T03241A0/P1360T03241A0C0F15841.jpg,0.59553,0.59553,0.71685,tu_choi,tu_choi,0,1807
query/P0556T03220A1/P0556T03220A1C2F12421.jpg,556032201,556032201,gallery/P0556T03220A1/P0556T03220A1C0F08341.jpg,0.68949,0.62244,0.71685,tu_choi,tu_choi,1,1156
query/P0802T03241A1/P0802T03241A1C2F05041.jpg,802032411,802032411,gallery/P0802T03241A1/P0802T03241A1C0F05431.jpg,0.75112,0.72646,0.71685,ban_giao,dung,1,1807
query/P1095T03241A2/P1095T03241A2C2F21421.jpg,1095032412,1435032410,gallery/P1435T03241A0/P1435T03241A0C0F16951.jpg,0.66304,0.66304,0.71685,tu_choi,tu_choi,1,1807
query/P0910T03241A0/P0910T03241A0C2F07171.jpg,910032410,559032412,gallery/P0559T03241A2/P0559T03241A2C0F07891.jpg,0.6294,0.6294,0.71685,tu_choi,tu_choi,1,1807
query/P0130T02220A1/P0130T02220A1C2F02371.jpg,130022201,419022201,gallery/P0419T02220A1/P0419T02220A1C0F10681.jpg,0.69555,0.69555,0.71685,tu_choi,tu_choi,0,1348
query/P0664T03241A1/P0664T03241A1C2F02311.jpg,664032411,48032410,gallery/P0048T03241A0/P0048T03241A0C0F01441.jpg,0.68108,0.68108,0.71685,tu_choi,tu_choi,0,1807
query/P0062T02220A0/P0062T02220A0C2F06751.jpg,62022200,309022200,gallery/P0309T02220A0/P0309T02220A0C0F10531.jpg,0.65883,0.65883,0.71685,tu_choi,tu_choi,1,1348
query/P0622T03241A1/P0622T03241A1C2F02611.jpg,622032411,622032411,gallery/P0622T03241A1/P0622T03241A1C0F04051.jpg,0.68205,0.59798,0.71685,tu_choi,tu_choi,0,1807
query/P0710T02220A2/P0710T02220A2C2F21541.jpg,710022202,710022202,gallery/P0710T02220A2/P0710T02220A2C0F19381.jpg,0.63354,0.62352,0.71685,tu_choi,tu_choi,0,1348
query/P0417T02220A1/P0417T02220A1C2F10201.jpg,417022201,242022201,gallery/P0242T02220A1/P0242T02220A1C0F23191.jpg,0.6361,0.6361,0.71685,tu_choi,tu_choi,0,1348
query/P0191T02210A1/P0191T02210A1C2F24391.jpg,191022101,191022101,gallery/P0191T02210A1/P0191T02210A1C0F26611.jpg,0.69032,0.56591,0.71685,tu_choi,tu_choi,0,761
query/P0009T02220A1/P0009T02220A1C2F00361.jpg,9022201,326022201,gallery/P0326T02220A1/P0326T02220A1C0F06241.jpg,0.59907,0.59907,0.71685,tu_choi,tu_choi,0,1348
query/P1722T03220A2/P1722T03220A2C2F20461.jpg,1722032202,480032201,gallery/P0480T03220A1/P0480T03220A1C0F05401.jpg,0.61019,0.61019,0.71685,tu_choi,tu_choi,1,1156
query/P0742T03220A2/P0742T03220A2C2F07231.jpg,742032202,267032200,gallery/P0267T03220A0/P0267T03220A0C0F04591.jpg,0.67613,0.67613,0.71685,tu_choi,tu_choi,0,1156
query/P0544T02220A0/P0544T02220A0C2F20011.jpg,544022200,309022200,gallery/P0309T02220A0/P0309T02220A0C0F10501.jpg,0.74497,0.74497,0.71685,ban_giao,sai,0,1348
query/P0412T03241A1/P0412T03241A1C2F06661.jpg,412032411,412032411,gallery/P0412T03241A1/P0412T03241A1C0F04081.jpg,0.76387,0.70306,0.71685,ban_giao,dung,1,1807
query/P0780T03241A0/P0780T03241A0C2F10021.jpg,780032410,780032410,gallery/P0780T03241A0/P0780T03241A0C0F09991.jpg,0.659,0.63113,0.71685,tu_choi,tu_choi,1,1807
query/P1008T03241A2/P1008T03241A2C2F16981.jpg,1008032412,1150032412,gallery/P1150T03241A2/P1150T03241A2C0F15481.jpg,0.68587,0.68587,0.71685,tu_choi,tu_choi,1,1807
query/P2078T03241A0/P2078T03241A0C2F25981.jpg,2078032410,460032410,gallery/P0460T03241A0/P0460T03241A0C0F06271.jpg,0.70461,0.70461,0.71685,tu_choi,tu_choi,1,1807
query/P0851T03241A2/P0851T03241A2C2F15601.jpg,851032412,851032412,gallery/P0851T03241A2/P0851T03241A2C0F11101.jpg,0.59812,0.59567,0.71685,tu_choi,tu_choi,1,1807
query/P0429T03220A0/P0429T03220A0C2F05191.jpg,429032200,429032200,gallery/P0429T03220A0/P0429T03220A0C0F04951.jpg,0.67385,0.64741,0.71685,tu_choi,tu_choi,0,1156
query/P0742T02220A1/P0742T02220A1C2F16291.jpg,742022201,309022200,gallery/P0309T02220A0/P0309T02220A0C0F10531.jpg,0.70373,0.70373,0.71685,tu_choi,tu_choi,1,1348
query/P0832T02220A1/P0832T02220A1C2F26701.jpg,832022201,832022201,gallery/P0832T02220A1/P0832T02220A1C0F26491.jpg,0.80113,0.67419,0.71685,ban_giao,dung,1,1348
query/P0028T02210A0/P0028T02210A0C2F6961.jpg,28022100,121022101,gallery/P0121T02210A1/P0121T02210A1C0F7951.jpg,0.54364,0.54364,0.71685,tu_choi,tu_choi,0,761
query/P0839T03241A1/P0839T03241A1C2F08941.jpg,839032411,47032412,gallery/P0047T03241A2/P0047T03241A2C0F00631.jpg,0.71963,0.71963,0.71685,ban_giao,sai,1,1807
query/P1722T03220A2/P1722T03220A2C2F20521.jpg,1722032202,216032200,gallery/P0216T03220A0/P0216T03220A0C0F02731.jpg,0.61226,0.61226,0.71685,tu_choi,tu_choi,1,1156
query/P0429T03220A0/P0429T03220A0C2F04981.jpg,429032200,429032200,gallery/P0429T03220A0/P0429T03220A0C0F04951.jpg,0.63219,0.61019,0.71685,tu_choi,tu_choi,0,1156
query/P0699T02220A1/P0699T02220A1C2F19081.jpg,699022201,309022200,gallery/P0309T02220A0/P0309T02220A0C0F09961.jpg,0.63166,0.63166,0.71685,tu_choi,tu_choi,0,1348
query/P0431T03241A2/P0431T03241A2C2F10141.jpg,431032412,431032412,gallery/P0431T03241A2/P0431T03241A2C0F05191.jpg,0.81671,0.64822,0.71685,ban_giao,dung,1,1807
query/P0233T02210A2/P0233T02210A2C2F6961.jpg,233022102,233022102,gallery/P0233T02210A2/P0233T02210A2C0F3001.jpg,0.66552,0.56519,0.71685,tu_choi,tu_choi,0,761
query/P0836T02220A1/P0836T02220A1C2F26701.jpg,836022201,139022201,gallery/P0139T02220A1/P0139T02220A1C0F04741.jpg,0.65096,0.65096,0.71685,tu_choi,tu_choi,0,1348
query/P0388T03220A2/P0388T03220A2C2F02761.jpg,388032202,587032200,gallery/P0587T03220A0/P0587T03220A0C0F06751.jpg,0.56855,0.56855,0.71685,tu_choi,tu_choi,0,1156
query/P0110T02220A1/P0110T02220A1C2F02701.jpg,110022201,110022201,gallery/P0110T02220A1/P0110T02220A1C0F03091.jpg,0.79894,0.73559,0.71685,ban_giao,dung,0,1348
query/P1435T03241A0/P1435T03241A0C2F18211.jpg,1435032410,1435032410,gallery/P1435T03241A0/P1435T03241A0C0F16771.jpg,0.67553,0.67414,0.71685,tu_choi,tu_choi,1,1807
query/P1150T03241A2/P1150T03241A2C2F23881.jpg,1150032412,972032410,gallery/P0972T03241A0/P0972T03241A0C0F11881.jpg,0.7352,0.7352,0.71685,ban_giao,sai,1,1807
query/P0198T02220A0/P0198T02220A0C2F10651.jpg,198022200,448022200,gallery/P0448T02220A0/P0448T02220A0C0F16231.jpg,0.63088,0.63088,0.71685,tu_choi,tu_choi,1,1348
query/P0562T03241A1/P0562T03241A1C2F02851.jpg,562032411,562032411,gallery/P0562T03241A1/P0562T03241A1C0F03631.jpg,0.69702,0.69083,0.71685,tu_choi,tu_choi,1,1807
query/P0873T03220A1/P0873T03220A1C2F12541.jpg,873032201,1085032201,gallery/P1085T03220A1/P1085T03220A1C0F15901.jpg,0.68693,0.68693,0.71685,tu_choi,tu_choi,1,1156
query/P0302T03241A2/P0302T03241A2C2F08731.jpg,302032412,302032412,gallery/P0302T03241A2/P0302T03241A2C0F04591.jpg,0.64675,0.6236,0.71685,tu_choi,tu_choi,1,1807
query/P0577T02220A0/P0577T02220A0C2F21391.jpg,577022200,62022200,gallery/P0062T02220A0/P0062T02220A0C0F00841.jpg,0.71794,0.71794,0.71685,ban_giao,sai,1,1348
query/P0517T02220A1/P0517T02220A1C2F23131.jpg,517022201,517022201,gallery/P0517T02220A1/P0517T02220A1C0F11341.jpg,0.78107,0.6807,0.71685,ban_giao,dung,1,1348
query/P0632T03241A1/P0632T03241A1C2F02791.jpg,632032411,511032410,gallery/P0511T03241A0/P0511T03241A0C0F07681.jpg,0.64928,0.64928,0.71685,tu_choi,tu_choi,1,1807
query/P0454T03241A2/P0454T03241A2C2F10441.jpg,454032412,559032412,gallery/P0559T03241A2/P0559T03241A2C0F07111.jpg,0.60781,0.60781,0.71685,tu_choi,tu_choi,1,1807
query/P0044T02220A2/P0044T02220A2C2F02791.jpg,44022202,832022201,gallery/P0832T02220A1/P0832T02220A1C0F26461.jpg,0.64452,0.64452,0.71685,tu_choi,tu_choi,0,1348
query/P0419T02220A1/P0419T02220A1C2F10651.jpg,419022201,320022200,gallery/P0320T02220A0/P0320T02220A0C0F10621.jpg,0.71263,0.71263,0.71685,tu_choi,tu_choi,1,1348
query/P0581T03220A0/P0581T03220A0C2F06541.jpg,581032200,653032200,gallery/P0653T03220A0/P0653T03220A0C0F08101.jpg,0.60998,0.60998,0.71685,tu_choi,tu_choi,0,1156
query/P0313T02220A0/P0313T02220A0C2F16261.jpg,313022200,313022200,gallery/P0313T02220A0/P0313T02220A0C0F10321.jpg,0.73968,0.73317,0.71685,ban_giao,dung,0,1348
query/P1435T03241A0/P1435T03241A0C2F19351.jpg,1435032410,1130032411,gallery/P1130T03241A1/P1130T03241A1C0F08461.jpg,0.71609,0.71609,0.71685,tu_choi,tu_choi,1,1807
query/P0802T03241A1/P0802T03241A1C2F04771.jpg,802032411,802032411,gallery/P0802T03241A1/P0802T03241A1C0F04921.jpg,0.70163,0.69128,0.71685,tu_choi,tu_choi,1,1807
query/P1679T03241A0/P1679T03241A0C2F19351.jpg,1679032410,1679032410,gallery/P1679T03241A0/P1679T03241A0C0F19681.jpg,0.72972,0.61027,0.71685,ban_giao,dung,0,1807
query/P1130T03241A1/P1130T03241A1C2F10411.jpg,1130032411,1436032411,gallery/P1436T03241A1/P1436T03241A1C0F12781.jpg,0.70682,0.70682,0.71685,tu_choi,tu_choi,1,1807
query/P2078T03241A0/P2078T03241A0C2F25621.jpg,2078032410,2078032410,gallery/P2078T03241A0/P2078T03241A0C0F24841.jpg,0.71598,0.67807,0.71685,tu_choi,tu_choi,1,1807
query/P0974T03241A1/P0974T03241A1C2F06601.jpg,974032411,974032411,gallery/P0974T03241A1/P0974T03241A1C0F07231.jpg,0.71294,0.62231,0.71685,tu_choi,tu_choi,1,1807
query/P0255T02220A1/P0255T02220A1C2F04891.jpg,255022201,242022201,gallery/P0242T02220A1/P0242T02220A1C0F20671.jpg,0.67554,0.67554,0.71685,tu_choi,tu_choi,1,1348
query/P0559T03241A2/P0559T03241A2C2F15061.jpg,559032412,559032412,gallery/P0559T03241A2/P0559T03241A2C0F07291.jpg,0.68011,0.61578,0.71685,tu_choi,tu_choi,0,1807
query/P1252T03220A2/P1252T03220A2C2F19171.jpg,1252032202,470032200,gallery/P0470T03220A0/P0470T03220A0C0F05791.jpg,0.69256,0.69256,0.71685,tu_choi,tu_choi,1,1156
query/P0319T02220A0/P0319T02220A0C2F15121.jpg,319022200,699022201,gallery/P0699T02220A1/P0699T02220A1C0F19291.jpg,0.65017,0.65017,0.71685,tu_choi,tu_choi,1,1348
query/P1275T03241A2/P1275T03241A2C2F22261.jpg,1275032412,1267032410,gallery/P1267T03241A0/P1267T03241A0C0F15001.jpg,0.61391,0.61391,0.71685,tu_choi,tu_choi,1,1807
query/P0687T02220A1/P0687T02220A1C2F18961.jpg,687022201,198022200,gallery/P0198T02220A0/P0198T02220A0C0F05041.jpg,0.63696,0.63696,0.71685,tu_choi,tu_choi,0,1348
query/P0938T03220A1/P0938T03220A1C2F13411.jpg,938032201,556032201,gallery/P0556T03220A1/P0556T03220A1C0F08281.jpg,0.61981,0.61981,0.71685,tu_choi,tu_choi,0,1156
query/P0265T02220A0/P0265T02220A0C2F12691.jpg,265022200,265022200,gallery/P0265T02220A0/P0265T02220A0C0F08371.jpg,0.76081,0.67479,0.71685,ban_giao,dung,1,1348
query/P0774T03220A1/P0774T03220A1C2F10801.jpg,774032201,1376032201,gallery/P1376T03220A1/P1376T03220A1C0F19381.jpg,0.62953,0.62953,0.71685,tu_choi,tu_choi,1,1156
query/P0048T03241A0/P0048T03241A0C2F01801.jpg,48032410,48032410,gallery/P0048T03241A0/P0048T03241A0C0F00931.jpg,0.75683,0.63011,0.71685,ban_giao,dung,1,1807
query/P0255T02220A2/P0255T02220A2C2F09151.jpg,255022202,110022201,gallery/P0110T02220A1/P0110T02220A1C0F05041.jpg,0.72046,0.72046,0.71685,ban_giao,sai,0,1348
query/P0763T03241A2/P0763T03241A2C2F18421.jpg,763032412,460032410,gallery/P0460T03241A0/P0460T03241A0C0F06181.jpg,0.65133,0.65133,0.71685,tu_choi,tu_choi,1,1807
query/P0054T02220A1/P0054T02220A1C2F07081.jpg,54022201,671022200,gallery/P0671T02220A0/P0671T02220A0C0F24781.jpg,0.7154,0.7154,0.71685,tu_choi,tu_choi,0,1348
query/P0054T02220A1/P0054T02220A1C2F06721.jpg,54022201,54022201,gallery/P0054T02220A1/P0054T02220A1C0F01201.jpg,0.7372,0.69334,0.71685,ban_giao,dung,0,1348
query/P1447T03220A0/P1447T03220A0C2F26401.jpg,1447032200,274032201,gallery/P0274T03220A1/P0274T03220A1C0F02251.jpg,0.6532,0.6532,0.71685,tu_choi,tu_choi,1,1156
query/P0448T02220A0/P0448T02220A0C2F14671.jpg,448022200,448022200,gallery/P0448T02220A0/P0448T02220A0C0F16231.jpg,0.74278,0.63942,0.71685,ban_giao,dung,0,1348
query/P0661T02220A2/P0661T02220A2C2F19411.jpg,661022202,265022200,gallery/P0265T02220A0/P0265T02220A0C0F08131.jpg,0.68249,0.68249,0.71685,tu_choi,tu_choi,0,1348
query/P0832T02220A1/P0832T02220A1C2F26341.jpg,832022201,832022201,gallery/P0832T02220A1/P0832T02220A1C0F26491.jpg,0.71629,0.68283,0.71685,tu_choi,tu_choi,1,1348
query/P0480T03220A1/P0480T03220A1C2F05281.jpg,480032201,480032201,gallery/P0480T03220A1/P0480T03220A1C0F05401.jpg,0.6287,0.62199,0.71685,tu_choi,tu_choi,1,1156
query/P0755T03220A2/P0755T03220A2C2F07771.jpg,755032202,783032200,gallery/P0783T03220A0/P0783T03220A0C0F12001.jpg,0.62044,0.62044,0.71685,tu_choi,tu_choi,1,1156
query/P0171T03220A2/P0171T03220A2C2F01141.jpg,171032202,171032202,gallery/P0171T03220A2/P0171T03220A2C0F01741.jpg,0.6809,0.61496,0.71685,tu_choi,tu_choi,0,1156
query/P1436T03241A1/P1436T03241A1C2F15751.jpg,1436032411,1151032412,gallery/P1151T03241A2/P1151T03241A2C0F15661.jpg,0.70377,0.70377,0.71685,tu_choi,tu_choi,1,1807
query/P0728T02220A1/P0728T02220A1C2F26101.jpg,728022201,832022201,gallery/P0832T02220A1/P0832T02220A1C0F26491.jpg,0.69502,0.69502,0.71685,tu_choi,tu_choi,1,1348
query/P0454T03241A2/P0454T03241A2C2F09931.jpg,454032412,454032412,gallery/P0454T03241A2/P0454T03241A2C0F05611.jpg,0.69263,0.68185,0.71685,tu_choi,tu_choi,1,1807
query/P0661T02220A2/P0661T02220A2C2F19381.jpg,661022202,671022200,gallery/P0671T02220A0/P0671T02220A0C0F24781.jpg,0.70002,0.70002,0.71685,tu_choi,tu_choi,0,1348
query/P1151T03241A2/P1151T03241A2C2F23971.jpg,1151032412,460032410,gallery/P0460T03241A0/P0460T03241A0C0F06271.jpg,0.72011,0.72011,0.71685,ban_giao,sai,0,1807
query/P0454T03241A2/P0454T03241A2C2F10141.jpg,454032412,974032411,gallery/P0974T03241A1/P0974T03241A1C0F05701.jpg,0.63656,0.63656,0.71685,tu_choi,tu_choi,1,1807
query/P0431T03241A2/P0431T03241A2C2F10081.jpg,431032412,431032412,gallery/P0431T03241A2/P0431T03241A2C0F05881.jpg,0.79427,0.66889,0.71685,ban_giao,dung,1,1807
query/P0416T02220A2/P0416T02220A2C2F15541.jpg,416022202,416022202,gallery/P0416T02220A2/P0416T02220A2C0F13981.jpg,0.6205,0.614,0.71685,tu_choi,tu_choi,1,1348
query/P1661T03220A2/P1661T03220A2C2F20161.jpg,1661032202,587032200,gallery/P0587T03220A0/P0587T03220A0C0F06811.jpg,0.71022,0.71022,0.71685,tu_choi,tu_choi,1,1156
query/P0054T02220A1/P0054T02220A1C2F07051.jpg,54022201,419022201,gallery/P0419T02220A1/P0419T02220A1C0F10681.jpg,0.71582,0.71582,0.71685,tu_choi,tu_choi,0,1348
query/P0581T03220A0/P0581T03220A0C2F06421.jpg,581032200,653032200,gallery/P0653T03220A0/P0653T03220A0C0F08041.jpg,0.62685,0.62685,0.71685,tu_choi,tu_choi,0,1156
query/P0138T02220A1/P0138T02220A1C2F02371.jpg,138022201,832022201,gallery/P0832T02220A1/P0832T02220A1C0F26071.jpg,0.71795,0.71795,0.71685,ban_giao,sai,1,1348
query/P1199T03241A0/P1199T03241A0C2F15931.jpg,1199032410,693032412,gallery/P0693T03241A2/P0693T03241A2C0F24931.jpg,0.66251,0.66251,0.71685,tu_choi,tu_choi,0,1807
query/P0057T03241A1/P0057T03241A1C2F03991.jpg,57032411,57032411,gallery/P0057T03241A1/P0057T03241A1C0F01261.jpg,0.79771,0.68448,0.71685,ban_giao,dung,1,1807
query/P0469T03241A0/P0469T03241A0C2F06211.jpg,469032410,780032410,gallery/P0780T03241A0/P0780T03241A0C0F09901.jpg,0.62711,0.62711,0.71685,tu_choi,tu_choi,1,1807
query/P1903T03241A0/P1903T03241A0C2F23881.jpg,1903032410,1903032410,gallery/P1903T03241A0/P1903T03241A0C0F22861.jpg,0.68216,0.67118,0.71685,tu_choi,tu_choi,1,1807
query/P1236T03220A2/P1236T03220A2C2F14281.jpg,1236032202,171032202,gallery/P0171T03220A2/P0171T03220A2C0F01741.jpg,0.60705,0.60705,0.71685,tu_choi,tu_choi,0,1156
query/P0600T03241A2/P0600T03241A2C2F14281.jpg,600032412,460032410,gallery/P0460T03241A0/P0460T03241A0C0F06331.jpg,0.6497,0.6497,0.71685,tu_choi,tu_choi,0,1807
query/P0587T03220A0/P0587T03220A0C2F07171.jpg,587032200,587032200,gallery/P0587T03220A0/P0587T03220A0C0F07171.jpg,0.72629,0.64336,0.71685,ban_giao,dung,1,1156
query/P0412T03241A1/P0412T03241A1C2F06331.jpg,412032411,412032411,gallery/P0412T03241A1/P0412T03241A1C0F03571.jpg,0.68797,0.61853,0.71685,tu_choi,tu_choi,1,1807
query/P0851T03241A2/P0851T03241A2C2F15151.jpg,851032412,469032410,gallery/P0469T03241A0/P0469T03241A0C0F06301.jpg,0.67531,0.67531,0.71685,tu_choi,tu_choi,1,1807
query/P0656T02220A2/P0656T02220A2C2F19891.jpg,656022202,671022200,gallery/P0671T02220A0/P0671T02220A0C0F24781.jpg,0.698,0.698,0.71685,tu_choi,tu_choi,1,1348
query/P0274T03220A1/P0274T03220A1C2F06691.jpg,274032201,1632032200,gallery/P1632T03220A0/P1632T03220A0C0F27571.jpg,0.65157,0.65157,0.71685,tu_choi,tu_choi,1,1156
query/P0802T03241A1/P0802T03241A1C2F04921.jpg,802032411,802032411,gallery/P0802T03241A1/P0802T03241A1C0F04921.jpg,0.70942,0.69048,0.71685,tu_choi,tu_choi,1,1807
query/P0559T02220A2/P0559T02220A2C2F23221.jpg,559022202,671022200,gallery/P0671T02220A0/P0671T02220A0C0F24781.jpg,0.67436,0.67436,0.71685,tu_choi,tu_choi,1,1348
query/P0226T03241A1/P0226T03241A1C2F05071.jpg,226032411,632032411,gallery/P0632T03241A1/P0632T03241A1C0F03721.jpg,0.63715,0.63715,0.71685,tu_choi,tu_choi,1,1807
query/P0274T03220A1/P0274T03220A1C2F06781.jpg,274032201,1632032200,gallery/P1632T03220A0/P1632T03220A0C0F27571.jpg,0.67004,0.67004,0.71685,tu_choi,tu_choi,1,1156
query/P0471T02220A2/P0471T02220A2C2F16501.jpg,471022202,62022200,gallery/P0062T02220A0/P0062T02220A0C0F00781.jpg,0.64719,0.64719,0.71685,tu_choi,tu_choi,1,1348
query/P0419T02220A1/P0419T02220A1C2F09781.jpg,419022201,710022202,gallery/P0710T02220A2/P0710T02220A2C0F19951.jpg,0.73155,0.73155,0.71685,ban_giao,sai,1,1348
query/P1267T03241A0/P1267T03241A0C2F11671.jpg,1267032410,1267032410,gallery/P1267T03241A0/P1267T03241A0C0F15061.jpg,0.69659,0.65152,0.71685,tu_choi,tu_choi,1,1807
query/P0309T02220A0/P0309T02220A0C2F10141.jpg,309022200,44022202,gallery/P0044T02220A2/P0044T02220A2C0F02161.jpg,0.65027,0.65027,0.71685,tu_choi,tu_choi,0,1348
query/P0288T03241A2/P0288T03241A2C2F10891.jpg,288032412,288032412,gallery/P0288T03241A2/P0288T03241A2C0F03511.jpg,0.74209,0.66798,0.71685,ban_giao,dung,0,1807
query/P0656T02220A2/P0656T02220A2C2F19741.jpg,656022202,110022201,gallery/P0110T02220A1/P0110T02220A1C0F05041.jpg,0.6495,0.6495,0.71685,tu_choi,tu_choi,1,1348
query/P0416T02220A2/P0416T02220A2C2F15511.jpg,416022202,416022202,gallery/P0416T02220A2/P0416T02220A2C0F13621.jpg,0.66348,0.61332,0.71685,tu_choi,tu_choi,1,1348
query/P0182T02220A0/P0182T02220A0C2F04171.jpg,182022200,107022201,gallery/P0107T02220A1/P0107T02220A1C0F02401.jpg,0.70128,0.70128,0.71685,tu_choi,tu_choi,1,1348
query/P1135T03241A1/P1135T03241A1C2F10651.jpg,1135032411,460032410,gallery/P0460T03241A0/P0460T03241A0C0F05911.jpg,0.73498,0.73498,0.71685,ban_giao,sai,1,1807
query/P1722T03220A2/P1722T03220A2C2F20491.jpg,1722032202,1085032201,gallery/P1085T03220A1/P1085T03220A1C0F15901.jpg,0.59128,0.59128,0.71685,tu_choi,tu_choi,1,1156
query/P0138T02220A1/P0138T02220A1C2F02461.jpg,138022201,832022201,gallery/P0832T02220A1/P0832T02220A1C0F26131.jpg,0.62954,0.62954,0.71685,tu_choi,tu_choi,1,1348
query/P1436T03241A1/P1436T03241A1C2F15451.jpg,1436032411,460032410,gallery/P0460T03241A0/P0460T03241A0C0F06271.jpg,0.70905,0.70905,0.71685,tu_choi,tu_choi,1,1807
query/P0622T03241A1/P0622T03241A1C2F02101.jpg,622032411,622032411,gallery/P0622T03241A1/P0622T03241A1C0F03961.jpg,0.63807,0.62341,0.71685,tu_choi,tu_choi,0,1807
query/P0615T03220A1/P0615T03220A1C2F08131.jpg,615032201,274032201,gallery/P0274T03220A1/P0274T03220A1C0F02251.jpg,0.65916,0.65916,0.71685,tu_choi,tu_choi,0,1156
query/P0052T02140A1/P0052T02140A1C2F16411.jpg,52021401,33021400,gallery/P0033T02140A0/P0033T02140A0C0F24121.jpg,0.58481,0.58481,0.71685,tu_choi,tu_choi,1,33
query/P1496T03241A1/P1496T03241A1C2F12121.jpg,1496032411,1496032411,gallery/P1496T03241A1/P1496T03241A1C0F13711.jpg,0.70308,0.69816,0.71685,tu_choi,tu_choi,1,1807
query/P0572T03220A2/P0572T03220A2C2F05701.jpg,572032202,581032202,gallery/P0581T03220A2/P0581T03220A2C0F05971.jpg,0.67075,0.67075,0.71685,tu_choi,tu_choi,0,1156
query/P1474T03241A1/P1474T03241A1C2F11911.jpg,1474032411,724032410,gallery/P0724T03241A0/P0724T03241A0C0F08401.jpg,0.71604,0.71604,0.71685,tu_choi,tu_choi,1,1807
query/P0503T02220A2/P0503T02220A2C2F17071.jpg,503022202,503022202,gallery/P0503T02220A2/P0503T02220A2C0F15211.jpg,0.73745,0.65457,0.71685,ban_giao,dung,1,1348
query/P0471T02220A2/P0471T02220A2C2F15661.jpg,471022202,671022200,gallery/P0671T02220A0/P0671T02220A0C0F24781.jpg,0.66566,0.66566,0.71685,tu_choi,tu_choi,1,1348
query/P0267T03220A0/P0267T03220A0C2F04561.jpg,267032200,267032200,gallery/P0267T03220A0/P0267T03220A0C0F04591.jpg,0.73657,0.69663,0.71685,ban_giao,dung,1,1156
query/P0806T03241A2/P0806T03241A2C2F13081.jpg,806032412,2207032410,gallery/P2207T03241A0/P2207T03241A0C0F26821.jpg,0.64432,0.64432,0.71685,tu_choi,tu_choi,0,1807
query/P0877T03220A0/P0877T03220A0C2F21871.jpg,877032200,877032200,gallery/P0877T03220A0/P0877T03220A0C0F15751.jpg,0.72238,0.67813,0.71685,ban_giao,dung,0,1156
query/P1860T03241A0/P1860T03241A0C2F23881.jpg,1860032410,1046032410,gallery/P1046T03241A0/P1046T03241A0C0F13591.jpg,0.73426,0.73426,0.71685,ban_giao,sai,1,1807
query/P0419T02220A1/P0419T02220A1C2F10111.jpg,419022201,320022200,gallery/P0320T02220A0/P0320T02220A0C0F10621.jpg,0.74693,0.74693,0.71685,ban_giao,sai,1,1348
query/P0956T02220A2/P0956T02220A2C2F15061.jpg,956022202,832022201,gallery/P0832T02220A1/P0832T02220A1C0F26431.jpg,0.74565,0.74565,0.71685,ban_giao,sai,0,1348
query/P0742T03220A2/P0742T03220A2C2F07471.jpg,742032202,1085032201,gallery/P1085T03220A1/P1085T03220A1C0F15931.jpg,0.63619,0.63619,0.71685,tu_choi,tu_choi,0,1156
query/P0183T03241A1/P0183T03241A1C2F03331.jpg,183032411,183032411,gallery/P0183T03241A1/P0183T03241A1C0F01771.jpg,0.60829,0.60289,0.71685,tu_choi,tu_choi,0,1807
query/P0653T03220A0/P0653T03220A0C2F08401.jpg,653032200,653032200,gallery/P0653T03220A0/P0653T03220A0C0F08311.jpg,0.732,0.68454,0.71685,ban_giao,dung,1,1156
query/P1474T03241A1/P1474T03241A1C2F11851.jpg,1474032411,460032410,gallery/P0460T03241A0/P0460T03241A0C0F06271.jpg,0.74645,0.74645,0.71685,ban_giao,sai,1,1807
query/P0574T03220A1/P0574T03220A1C2F12721.jpg,574032201,556032201,gallery/P0556T03220A1/P0556T03220A1C0F08191.jpg,0.63196,0.63196,0.71685,tu_choi,tu_choi,1,1156
query/P0255T02220A1/P0255T02220A1C2F04471.jpg,255022201,517022201,gallery/P0517T02220A1/P0517T02220A1C0F10651.jpg,0.63798,0.63798,0.71685,tu_choi,tu_choi,1,1348
query/P0340T03241A0/P0340T03241A0C2F00181.jpg,340032410,340032410,gallery/P0340T03241A0/P0340T03241A0C0F04411.jpg,0.70999,0.69728,0.71685,tu_choi,tu_choi,0,1807
query/P0044T02220A2/P0044T02220A2C2F02851.jpg,44022202,44022202,gallery/P0044T02220A2/P0044T02220A2C0F02041.jpg,0.71609,0.68169,0.71685,tu_choi,tu_choi,0,1348
query/P1661T03220A2/P1661T03220A2C2F19981.jpg,1661032202,587032200,gallery/P0587T03220A0/P0587T03220A0C0F07141.jpg,0.70076,0.70076,0.71685,tu_choi,tu_choi,1,1156
query/P0587T03220A0/P0587T03220A0C2F07231.jpg,587032200,587032200,gallery/P0587T03220A0/P0587T03220A0C0F06991.jpg,0.69116,0.61431,0.71685,tu_choi,tu_choi,1,1156
query/P0600T03241A2/P0600T03241A2C2F14221.jpg,600032412,666032412,gallery/P0666T03241A2/P0666T03241A2C0F08461.jpg,0.59861,0.59861,0.71685,tu_choi,tu_choi,0,1807
query/P0988T03241A1/P0988T03241A1C2F06691.jpg,988032411,988032411,gallery/P0988T03241A1/P0988T03241A1C0F07171.jpg,0.79882,0.75373,0.71685,ban_giao,dung,0,1807
query/P1261T03220A2/P1261T03220A2C2F19981.jpg,1261032202,1261032202,gallery/P1261T03220A2/P1261T03220A2C0F15181.jpg,0.66859,0.63685,0.71685,tu_choi,tu_choi,0,1156
query/P0972T03241A0/P0972T03241A0C2F14311.jpg,972032410,460032410,gallery/P0460T03241A0/P0460T03241A0C0F06271.jpg,0.72127,0.72127,0.71685,ban_giao,sai,1,1807
query/P2244T03241A1/P2244T03241A1C2F20311.jpg,2244032411,2244032411,gallery/P2244T03241A1/P2244T03241A1C0F17581.jpg,0.63395,0.60882,0.71685,tu_choi,tu_choi,1,1807
query/P2256T03241A1/P2256T03241A1C2F15991.jpg,2256032411,1860032410,gallery/P1860T03241A0/P1860T03241A0C0F22351.jpg,0.61887,0.61887,0.71685,tu_choi,tu_choi,0,1807
query/P0838T03241A2/P0838T03241A2C2F14581.jpg,838032412,266032410,gallery/P0266T03241A0/P0266T03241A0C0F04441.jpg,0.68703,0.68703,0.71685,tu_choi,tu_choi,1,1807
query/P0274T03220A1/P0274T03220A1C2F06601.jpg,274032201,274032201,gallery/P0274T03220A1/P0274T03220A1C0F02851.jpg,0.59261,0.59224,0.71685,tu_choi,tu_choi,1,1156
query/P0455T03241A2/P0455T03241A2C2F10021.jpg,455032412,460032410,gallery/P0460T03241A0/P0460T03241A0C0F06241.jpg,0.73755,0.73755,0.71685,ban_giao,sai,1,1807
query/P0574T03220A1/P0574T03220A1C2F12571.jpg,574032201,171032202,gallery/P0171T03220A2/P0171T03220A2C0F01741.jpg,0.5992,0.5992,0.71685,tu_choi,tu_choi,1,1156
query/P0760T03220A0/P0760T03220A0C2F10681.jpg,760032200,760032200,gallery/P0760T03220A0/P0760T03220A0C0F10291.jpg,0.68774,0.64184,0.71685,tu_choi,tu_choi,0,1156
query/P1496T03241A1/P1496T03241A1C2F11581.jpg,1496032411,460032410,gallery/P0460T03241A0/P0460T03241A0C0F06301.jpg,0.69695,0.69695,0.71685,tu_choi,tu_choi,1,1807
query/P1907T03241A0/P1907T03241A0C2F25711.jpg,1907032410,1907032410,gallery/P1907T03241A0/P1907T03241A0C0F23431.jpg,0.67749,0.59988,0.71685,tu_choi,tu_choi,1,1807
query/P0972T03241A0/P0972T03241A0C2F14041.jpg,972032410,1130032411,gallery/P1130T03241A1/P1130T03241A1C0F08461.jpg,0.70928,0.70928,0.71685,tu_choi,tu_choi,1,1807
query/P0319T02220A0/P0319T02220A0C2F15061.jpg,319022200,671022200,gallery/P0671T02220A0/P0671T02220A0C0F24781.jpg,0.67006,0.67006,0.71685,tu_choi,tu_choi,1,1348
query/P0556T03220A1/P0556T03220A1C2F12631.jpg,556032201,556032201,gallery/P0556T03220A1/P0556T03220A1C0F08911.jpg,0.60611,0.58161,0.71685,tu_choi,tu_choi,1,1156
query/P1230T03220A1/P1230T03220A1C2F17131.jpg,1230032201,216032200,gallery/P0216T03220A0/P0216T03220A0C0F02731.jpg,0.71799,0.71799,0.71685,ban_giao,sai,1,1156
query/P1046T03241A0/P1046T03241A0C2F09871.jpg,1046032410,1046032410,gallery/P1046T03241A0/P1046T03241A0C0F13501.jpg,0.80724,0.7166,0.71685,ban_giao,dung,1,1807
query/P0302T03241A2/P0302T03241A2C2F08371.jpg,302032412,302032412,gallery/P0302T03241A2/P0302T03241A2C0F03871.jpg,0.69839,0.60675,0.71685,tu_choi,tu_choi,1,1807
query/P0503T02220A2/P0503T02220A2C2F17521.jpg,503022202,139022201,gallery/P0139T02220A1/P0139T02220A1C0F03091.jpg,0.67631,0.67631,0.71685,tu_choi,tu_choi,1,1348
query/P0001T03241A2/P0001T03241A2C2F07891.jpg,1032412,780032410,gallery/P0780T03241A0/P0780T03241A0C0F09991.jpg,0.66505,0.66505,0.71685,tu_choi,tu_choi,1,1807
query/P1202T03241A1/P1202T03241A1C2F08911.jpg,1202032411,1202032411,gallery/P1202T03241A1/P1202T03241A1C0F09811.jpg,0.72167,0.70919,0.71685,ban_giao,dung,1,1807
query/P0538T03241A1/P0538T03241A1C2F04081.jpg,538032411,1366032411,gallery/P1366T03241A1/P1366T03241A1C0F10711.jpg,0.66848,0.66848,0.71685,tu_choi,tu_choi,0,1807
query/P0130T02220A1/P0130T02220A1C2F03001.jpg,130022201,320022200,gallery/P0320T02220A0/P0320T02220A0C0F10621.jpg,0.74921,0.74921,0.71685,ban_giao,sai,0,1348
query/P1275T03241A2/P1275T03241A2C2F22351.jpg,1275032412,622032411,gallery/P0622T03241A1/P0622T03241A1C0F03661.jpg,0.61516,0.61516,0.71685,tu_choi,tu_choi,1,1807
query/P1130T03241A1/P1130T03241A1C2F10351.jpg,1130032411,460032410,gallery/P0460T03241A0/P0460T03241A0C0F06331.jpg,0.74138,0.74138,0.71685,ban_giao,sai,1,1807
query/P0877T03220A0/P0877T03220A0C2F21961.jpg,877032200,1085032201,gallery/P1085T03220A1/P1085T03220A1C0F15901.jpg,0.72297,0.72297,0.71685,ban_giao,sai,0,1156
query/P0538T03241A1/P0538T03241A1C2F04021.jpg,538032411,511032410,gallery/P0511T03241A0/P0511T03241A0C0F04891.jpg,0.67193,0.67193,0.71685,tu_choi,tu_choi,0,1807
query/P0130T02220A1/P0130T02220A1C2F02311.jpg,130022201,419022201,gallery/P0419T02220A1/P0419T02220A1C0F10681.jpg,0.69992,0.69992,0.71685,tu_choi,tu_choi,0,1348
query/P0661T02220A2/P0661T02220A2C2F19471.jpg,661022202,265022200,gallery/P0265T02220A0/P0265T02220A0C0F08101.jpg,0.65182,0.65182,0.71685,tu_choi,tu_choi,0,1348
query/P0938T03220A0/P0938T03220A0C2F21511.jpg,938032200,267032200,gallery/P0267T03220A0/P0267T03220A0C0F04591.jpg,0.7205,0.7205,0.71685,ban_giao,sai,0,1156
query/P0350T02220A1/P0350T02220A1C2F07921.jpg,350022201,350022201,gallery/P0350T02220A1/P0350T02220A1C0F07561.jpg,0.68448,0.62351,0.71685,tu_choi,tu_choi,0,1348
query/P0565T03241A1/P0565T03241A1C2F02971.jpg,565032411,565032411,gallery/P0565T03241A1/P0565T03241A1C0F03691.jpg,0.64024,0.62485,0.71685,tu_choi,tu_choi,1,1807
query/P1085T03220A1/P1085T03220A1C2F15601.jpg,1085032201,1085032201,gallery/P1085T03220A1/P1085T03220A1C0F15901.jpg,0.69601,0.63362,0.71685,tu_choi,tu_choi,0,1156
query/P0206T03241A1/P0206T03241A1C2F05251.jpg,206032411,206032411,gallery/P0206T03241A1/P0206T03241A1C0F01861.jpg,0.6864,0.62858,0.71685,tu_choi,tu_choi,1,1807
query/P0815T03220A1/P0815T03220A1C2F12061.jpg,815032201,815032201,gallery/P0815T03220A1/P0815T03220A1C0F12151.jpg,0.66726,0.65319,0.71685,tu_choi,tu_choi,0,1156
query/P0455T03241A0/P0455T03241A0C2F07681.jpg,455032410,455032410,gallery/P0455T03241A0/P0455T03241A0C0F06211.jpg,0.68744,0.67997,0.71685,tu_choi,tu_choi,0,1807
query/P0178T03220A1/P0178T03220A1C2F00931.jpg,178032201,178032201,gallery/P0178T03220A1/P0178T03220A1C0F02371.jpg,0.67398,0.66323,0.71685,tu_choi,tu_choi,0,1156
query/P0556T03220A1/P0556T03220A1C2F12451.jpg,556032201,267032200,gallery/P0267T03220A0/P0267T03220A0C0F03151.jpg,0.66789,0.66789,0.71685,tu_choi,tu_choi,1,1156
query/P0121T02210A1/P0121T02210A1C2F4921.jpg,121022101,121022101,gallery/P0121T02210A1/P0121T02210A1C0F7111.jpg,0.60271,0.5619,0.71685,tu_choi,tu_choi,0,761
query/P0572T03220A2/P0572T03220A2C2F05641.jpg,572032202,572032202,gallery/P0572T03220A2/P0572T03220A2C0F06031.jpg,0.66002,0.65199,0.71685,tu_choi,tu_choi,0,1156
query/P0182T02220A0/P0182T02220A0C2F04801.jpg,182022200,789022201,gallery/P0789T02220A1/P0789T02220A1C0F24661.jpg,0.72715,0.72715,0.71685,ban_giao,sai,1,1348
query/P0666T03241A2/P0666T03241A2C2F16891.jpg,666032412,1860032410,gallery/P1860T03241A0/P1860T03241A0C0F23491.jpg,0.73233,0.73233,0.71685,ban_giao,sai,1,1807
query/P0107T02220A1/P0107T02220A1C2F08071.jpg,107022201,789022201,gallery/P0789T02220A1/P0789T02220A1C0F24661.jpg,0.71448,0.71448,0.71685,tu_choi,tu_choi,0,1348
query/P0350T02220A1/P0350T02220A1C2F07441.jpg,350022201,350022201,gallery/P0350T02220A1/P0350T02220A1C0F07681.jpg,0.62616,0.62153,0.71685,tu_choi,tu_choi,0,1348
query/P0254T02220A2/P0254T02220A2C2F09991.jpg,254022202,254022202,gallery/P0254T02220A2/P0254T02220A2C0F07801.jpg,0.81443,0.79948,0.71685,ban_giao,dung,1,1348
query/P0388T03220A2/P0388T03220A2C2F02671.jpg,388032202,1236032202,gallery/P1236T03220A2/P1236T03220A2C0F14401.jpg,0.561,0.561,0.71685,tu_choi,tu_choi,0,1156
query/P0186T02210A1/P0186T02210A1C2F23791.jpg,186022101,186022101,gallery/P0186T02210A1/P0186T02210A1C0F25471.jpg,0.65877,0.58867,0.71685,tu_choi,tu_choi,0,761
query/P0242T02220A1/P0242T02220A1C2F28621.jpg,242022201,242022201,gallery/P0242T02220A1/P0242T02220A1C0F18661.jpg,0.70218,0.60993,0.71685,tu_choi,tu_choi,0,1348
query/P0448T02220A0/P0448T02220A0C2F15571.jpg,448022200,448022200,gallery/P0448T02220A0/P0448T02220A0C0F16171.jpg,0.81395,0.6616,0.71685,ban_giao,dung,0,1348
query/P0471T02220A2/P0471T02220A2C2F15811.jpg,471022202,471022202,gallery/P0471T02220A2/P0471T02220A2C0F15271.jpg,0.67311,0.66394,0.71685,tu_choi,tu_choi,1,1348
query/P1596T03241A1/P1596T03241A1C2F16621.jpg,1596032411,183032411,gallery/P0183T03241A1/P0183T03241A1C0F01771.jpg,0.60779,0.60779,0.71685,tu_choi,tu_choi,0,1807
query/P2578T03241A1/P2578T03241A1C2F23641.jpg,2578032411,2578032411,gallery/P2578T03241A1/P2578T03241A1C0F19771.jpg,0.70137,0.61675,0.71685,tu_choi,tu_choi,1,1807
query/P1510T03241A1/P1510T03241A1C2F17671.jpg,1510032411,1510032411,gallery/P1510T03241A1/P1510T03241A1C0F13771.jpg,0.6921,0.69017,0.71685,tu_choi,tu_choi,1,1807
query/P0110T02220A1/P0110T02220A1C2F02281.jpg,110022201,110022201,gallery/P0110T02220A1/P0110T02220A1C0F04981.jpg,0.75437,0.71295,0.71685,ban_giao,dung,0,1348
query/P1252T03220A2/P1252T03220A2C2F19201.jpg,1252032202,653032200,gallery/P0653T03220A0/P0653T03220A0C0F08311.jpg,0.67285,0.67285,0.71685,tu_choi,tu_choi,1,1156
query/P0267T03220A0/P0267T03220A0C2F04591.jpg,267032200,267032200,gallery/P0267T03220A0/P0267T03220A0C0F04561.jpg,0.76118,0.69338,0.71685,ban_giao,dung,1,1156
query/P0139T02220A1/P0139T02220A1C2F03061.jpg,139022201,139022201,gallery/P0139T02220A1/P0139T02220A1C0F03151.jpg,0.74886,0.62862,0.71685,ban_giao,dung,1,1348
query/P1376T03220A1/P1376T03220A1C2F19591.jpg,1376032201,653032200,gallery/P0653T03220A0/P0653T03220A0C0F08041.jpg,0.64855,0.64855,0.71685,tu_choi,tu_choi,1,1156
query/P1474T03241A1/P1474T03241A1C2F11731.jpg,1474032411,460032410,gallery/P0460T03241A0/P0460T03241A0C0F06271.jpg,0.74538,0.74538,0.71685,ban_giao,sai,1,1807
query/P0226T02220A2/P0226T02220A2C2F08611.jpg,226022202,320022200,gallery/P0320T02220A0/P0320T02220A0C0F10621.jpg,0.72352,0.72352,0.71685,ban_giao,sai,0,1348
query/P0417T02220A1/P0417T02220A1C2F09511.jpg,417022201,242022201,gallery/P0242T02220A1/P0242T02220A1C0F20881.jpg,0.66048,0.66048,0.71685,tu_choi,tu_choi,0,1348
query/P0048T03241A0/P0048T03241A0C2F01621.jpg,48032410,48032410,gallery/P0048T03241A0/P0048T03241A0C0F00931.jpg,0.7291,0.62834,0.71685,ban_giao,dung,1,1807
query/P0556T03220A1/P0556T03220A1C2F12811.jpg,556032201,1447032200,gallery/P1447T03220A0/P1447T03220A0C0F22111.jpg,0.63425,0.63425,0.71685,tu_choi,tu_choi,1,1156
query/P0417T02220A1/P0417T02220A1C2F09391.jpg,417022201,242022201,gallery/P0242T02220A1/P0242T02220A1C0F03601.jpg,0.65151,0.65151,0.71685,tu_choi,tu_choi,0,1348
query/P0517T02220A1/P0517T02220A1C2F22651.jpg,517022201,517022201,gallery/P0517T02220A1/P0517T02220A1C0F11281.jpg,0.69203,0.65193,0.71685,tu_choi,tu_choi,1,1348
query/P0431T03241A2/P0431T03241A2C2F10351.jpg,431032412,431032412,gallery/P0431T03241A2/P0431T03241A2C0F05191.jpg,0.75889,0.6142,0.71685,ban_giao,dung,1,1807
query/P0557T02220A2/P0557T02220A2C2F18511.jpg,557022202,122022202,gallery/P0122T02220A2/P0122T02220A2C0F04951.jpg,0.69782,0.69782,0.71685,tu_choi,tu_choi,0,1348
query/P0122T02220A2/P0122T02220A2C2F06091.jpg,122022202,122022202,gallery/P0122T02220A2/P0122T02220A2C0F04741.jpg,0.64346,0.63877,0.71685,tu_choi,tu_choi,1,1348
query/P0406T03220A1/P0406T03220A1C2F03451.jpg,406032201,267032200,gallery/P0267T03220A0/P0267T03220A0C0F04591.jpg,0.6476,0.6476,0.71685,tu_choi,tu_choi,0,1156
query/P1005T03220A0/P1005T03220A0C2F21121.jpg,1005032200,1632032200,gallery/P1632T03220A0/P1632T03220A0C0F27361.jpg,0.65413,0.65413,0.71685,tu_choi,tu_choi,0,1156
query/P0741T02220A1/P0741T02220A1C2F28441.jpg,741022201,242022201,gallery/P0242T02220A1/P0242T02220A1C0F18601.jpg,0.63767,0.63767,0.71685,tu_choi,tu_choi,1,1348
query/P0254T02220A2/P0254T02220A2C2F09421.jpg,254022202,110022201,gallery/P0110T02220A1/P0110T02220A1C0F03091.jpg,0.7618,0.7618,0.71685,ban_giao,sai,1,1348
query/P0581T03220A2/P0581T03220A2C2F05971.jpg,581032202,653032200,gallery/P0653T03220A0/P0653T03220A0C0F08341.jpg,0.70088,0.70088,0.71685,tu_choi,tu_choi,0,1156
query/P1005T03220A0/P1005T03220A0C2F21091.jpg,1005032200,406032201,gallery/P0406T03220A1/P0406T03220A1C0F04681.jpg,0.65469,0.65469,0.71685,tu_choi,tu_choi,0,1156
query/P0431T03241A1/P0431T03241A1C2F04951.jpg,431032411,1860032410,gallery/P1860T03241A0/P1860T03241A0C0F23491.jpg,0.67947,0.67947,0.71685,tu_choi,tu_choi,0,1807
query/P0254T02220A2/P0254T02220A2C2F10051.jpg,254022202,254022202,gallery/P0254T02220A2/P0254T02220A2C0F08011.jpg,0.82373,0.77529,0.71685,ban_giao,dung,1,1348
query/P0340T03241A0/P0340T03241A0C2F00271.jpg,340032410,340032410,gallery/P0340T03241A0/P0340T03241A0C0F03301.jpg,0.71274,0.68427,0.71685,tu_choi,tu_choi,0,1807
query/P1366T03241A1/P1366T03241A1C2F10741.jpg,1366032411,1679032410,gallery/P1679T03241A0/P1679T03241A0C0F19711.jpg,0.7236,0.7236,0.71685,ban_giao,sai,1,1807
query/P1036T03220A0/P1036T03220A0C2F16771.jpg,1036032200,1036032200,gallery/P1036T03220A0/P1036T03220A0C0F17431.jpg,0.70257,0.67436,0.71685,tu_choi,tu_choi,1,1156
query/P1248T03241A0/P1248T03241A0C2F16681.jpg,1248032410,1248032410,gallery/P1248T03241A0/P1248T03241A0C0F14791.jpg,0.6366,0.61518,0.71685,tu_choi,tu_choi,1,1807
query/P0398T03220A1/P0398T03220A1C2F09061.jpg,398032201,877032200,gallery/P0877T03220A0/P0877T03220A0C0F17551.jpg,0.69711,0.69711,0.71685,tu_choi,tu_choi,1,1156
query/P0455T03241A2/P0455T03241A2C2F09841.jpg,455032412,460032410,gallery/P0460T03241A0/P0460T03241A0C0F06271.jpg,0.7586,0.7586,0.71685,ban_giao,sai,1,1807
query/P1860T03241A0/P1860T03241A0C2F24061.jpg,1860032410,1860032410,gallery/P1860T03241A0/P1860T03241A0C0F23071.jpg,0.75964,0.65695,0.71685,ban_giao,dung,1,1807
query/P0417T02220A1/P0417T02220A1C2F09811.jpg,417022201,309022200,gallery/P0309T02220A0/P0309T02220A0C0F10231.jpg,0.62051,0.62051,0.71685,tu_choi,tu_choi,0,1348
query/P0130T02220A1/P0130T02220A1C2F02281.jpg,130022201,419022201,gallery/P0419T02220A1/P0419T02220A1C0F10681.jpg,0.68589,0.68589,0.71685,tu_choi,tu_choi,0,1348
query/P0728T02220A1/P0728T02220A1C2F25891.jpg,728022201,419022201,gallery/P0419T02220A1/P0419T02220A1C0F09841.jpg,0.75926,0.75926,0.71685,ban_giao,sai,1,1348
query/P1024T03241A0/P1024T03241A0C2F14071.jpg,1024032410,802032411,gallery/P0802T03241A1/P0802T03241A1C0F05071.jpg,0.71597,0.71597,0.71685,tu_choi,tu_choi,0,1807
query/P0228T03241A0/P0228T03241A0C2F02641.jpg,228032410,48032410,gallery/P0048T03241A0/P0048T03241A0C0F01441.jpg,0.61389,0.61389,0.71685,tu_choi,tu_choi,1,1807
query/P0326T02220A1/P0326T02220A1C2F05491.jpg,326022201,326022201,gallery/P0326T02220A1/P0326T02220A1C0F06121.jpg,0.66956,0.59106,0.71685,tu_choi,tu_choi,0,1348
query/P1135T03241A1/P1135T03241A1C2F10471.jpg,1135032411,511032410,gallery/P0511T03241A0/P0511T03241A0C0F06121.jpg,0.67502,0.67502,0.71685,tu_choi,tu_choi,1,1807
query/P0836T02220A1/P0836T02220A1C2F26731.jpg,836022201,139022201,gallery/P0139T02220A1/P0139T02220A1C0F04741.jpg,0.66008,0.66008,0.71685,tu_choi,tu_choi,0,1348
query/P0398T03220A1/P0398T03220A1C2F09661.jpg,398032201,470032200,gallery/P0470T03220A0/P0470T03220A0C0F06781.jpg,0.66506,0.66506,0.71685,tu_choi,tu_choi,1,1156
query/P0806T03241A2/P0806T03241A2C2F12721.jpg,806032412,666032412,gallery/P0666T03241A2/P0666T03241A2C0F08641.jpg,0.69962,0.69962,0.71685,tu_choi,tu_choi,0,1807
query/P1907T03241A0/P1907T03241A0C2F24601.jpg,1907032410,1907032410,gallery/P1907T03241A0/P1907T03241A0C0F23431.jpg,0.71006,0.63728,0.71685,tu_choi,tu_choi,1,1807
query/P0216T03220A0/P0216T03220A0C2F02791.jpg,216032200,216032200,gallery/P0216T03220A0/P0216T03220A0C0F02731.jpg,0.72584,0.63858,0.71685,ban_giao,dung,1,1156
query/P0431T03241A1/P0431T03241A1C2F04771.jpg,431032411,1860032410,gallery/P1860T03241A0/P1860T03241A0C0F23491.jpg,0.66168,0.66168,0.71685,tu_choi,tu_choi,0,1807
query/P0671T02220A0/P0671T02220A0C2F24181.jpg,671022200,671022200,gallery/P0671T02220A0/P0671T02220A0C0F24001.jpg,0.74428,0.69307,0.71685,ban_giao,dung,1,1348
query/P0009T02220A1/P0009T02220A1C2F00031.jpg,9022201,9022201,gallery/P0009T02220A1/P0009T02220A1C0F00241.jpg,0.61401,0.61027,0.71685,tu_choi,tu_choi,0,1348
query/P0454T03241A2/P0454T03241A2C2F10381.jpg,454032412,1907032410,gallery/P1907T03241A0/P1907T03241A0C0F22951.jpg,0.61221,0.61221,0.71685,tu_choi,tu_choi,1,1807
query/P0309T02220A0/P0309T02220A0C2F09961.jpg,309022200,309022200,gallery/P0309T02220A0/P0309T02220A0C0F10561.jpg,0.68216,0.67719,0.71685,tu_choi,tu_choi,0,1348
query/P0656T02220A2/P0656T02220A2C2F20341.jpg,656022202,107022201,gallery/P0107T02220A1/P0107T02220A1C0F02431.jpg,0.68422,0.68422,0.71685,tu_choi,tu_choi,1,1348
query/P1137T03241A2/P1137T03241A2C2F19861.jpg,1137032412,1187032412,gallery/P1187T03241A2/P1187T03241A2C0F15811.jpg,0.61599,0.61599,0.71685,tu_choi,tu_choi,0,1807
query/P0288T03241A2/P0288T03241A2C2F11101.jpg,288032412,288032412,gallery/P0288T03241A2/P0288T03241A2C0F03511.jpg,0.72539,0.64357,0.71685,ban_giao,dung,0,1807
query/P0671T02220A0/P0671T02220A0C2F23491.jpg,671022200,309022200,gallery/P0309T02220A0/P0309T02220A0C0F10531.jpg,0.71592,0.71592,0.71685,tu_choi,tu_choi,1,1348
query/P0044T02220A2/P0044T02220A2C2F02821.jpg,44022202,44022202,gallery/P0044T02220A2/P0044T02220A2C0F02041.jpg,0.69248,0.69118,0.71685,tu_choi,tu_choi,0,1348
query/P0938T03220A1/P0938T03220A1C2F13321.jpg,938032201,1447032200,gallery/P1447T03220A0/P1447T03220A0C0F22111.jpg,0.65087,0.65087,0.71685,tu_choi,tu_choi,0,1156
query/P0319T02220A0/P0319T02220A0C2F14431.jpg,319022200,419022201,gallery/P0419T02220A1/P0419T02220A1C0F10681.jpg,0.72435,0.72435,0.71685,ban_giao,sai,1,1348
query/P0724T03241A0/P0724T03241A0C2F10861.jpg,724032410,460032410,gallery/P0460T03241A0/P0460T03241A0C0F06271.jpg,0.75636,0.75636,0.71685,ban_giao,sai,1,1807
query/P0815T03220A1/P0815T03220A1C2F12181.jpg,815032201,815032201,gallery/P0815T03220A1/P0815T03220A1C0F12241.jpg,0.64269,0.6144,0.71685,tu_choi,tu_choi,0,1156
query/P0470T03220A0/P0470T03220A0C2F05551.jpg,470032200,653032200,gallery/P0653T03220A0/P0653T03220A0C0F08311.jpg,0.70939,0.70939,0.71685,tu_choi,tu_choi,1,1156
query/P0487T03220A1/P0487T03220A1C2F09061.jpg,487032201,388032202,gallery/P0388T03220A2/P0388T03220A2C0F03841.jpg,0.61885,0.61885,0.71685,tu_choi,tu_choi,1,1156
query/P0710T02220A2/P0710T02220A2C2F20881.jpg,710022202,242022201,gallery/P0242T02220A1/P0242T02220A1C0F03601.jpg,0.6544,0.6544,0.71685,tu_choi,tu_choi,0,1348
query/P0027T02140A0/P0027T02140A0C2F25021.jpg,27021400,27021400,gallery/P0027T02140A0/P0027T02140A0C0F21781.jpg,0.64917,0.57165,0.71685,tu_choi,tu_choi,0,33
query/P0388T03220A2/P0388T03220A2C2F02821.jpg,388032202,587032200,gallery/P0587T03220A0/P0587T03220A0C0F06721.jpg,0.6213,0.6213,0.71685,tu_choi,tu_choi,0,1156
query/P1661T03220A2/P1661T03220A2C2F20311.jpg,1661032202,587032200,gallery/P0587T03220A0/P0587T03220A0C0F06991.jpg,0.64925,0.64925,0.71685,tu_choi,tu_choi,1,1156
query/P0119T02210A1/P0119T02210A1C2F9691.jpg,119022101,29022100,gallery/P0029T02210A0/P0029T02210A0C0F11641.jpg,0.61753,0.61753,0.71685,tu_choi,tu_choi,0,761
query/P0710T02220A2/P0710T02220A2C2F21091.jpg,710022202,710022202,gallery/P0710T02220A2/P0710T02220A2C0F20011.jpg,0.71047,0.66204,0.71685,tu_choi,tu_choi,0,1348
query/P1261T03220A2/P1261T03220A2C2F19531.jpg,1261032202,1261032202,gallery/P1261T03220A2/P1261T03220A2C0F15181.jpg,0.68971,0.66419,0.71685,tu_choi,tu_choi,0,1156
query/P0839T03241A1/P0839T03241A1C2F08641.jpg,839032411,57032411,gallery/P0057T03241A1/P0057T03241A1C0F01411.jpg,0.65829,0.65829,0.71685,tu_choi,tu_choi,1,1807
query/P0398T03220A1/P0398T03220A1C2F09421.jpg,398032201,877032200,gallery/P0877T03220A0/P0877T03220A0C0F15751.jpg,0.63242,0.63242,0.71685,tu_choi,tu_choi,1,1156
query/P0255T02220A2/P0255T02220A2C2F09181.jpg,255022202,110022201,gallery/P0110T02220A1/P0110T02220A1C0F05041.jpg,0.67504,0.67504,0.71685,tu_choi,tu_choi,0,1348
query/P0774T03220A1/P0774T03220A1C2F10831.jpg,774032201,470032200,gallery/P0470T03220A0/P0470T03220A0C0F06751.jpg,0.69047,0.69047,0.71685,tu_choi,tu_choi,1,1156
query/P0457T02220A2/P0457T02220A2C2F16231.jpg,457022202,313022200,gallery/P0313T02220A0/P0313T02220A0C0F10951.jpg,0.66789,0.66789,0.71685,tu_choi,tu_choi,0,1348
query/P0742T02220A1/P0742T02220A1C2F16171.jpg,742022201,309022200,gallery/P0309T02220A0/P0309T02220A0C0F10531.jpg,0.73162,0.73162,0.71685,ban_giao,sai,1,1348
query/P0581T03220A0/P0581T03220A0C2F06301.jpg,581032200,267032200,gallery/P0267T03220A0/P0267T03220A0C0F04591.jpg,0.6817,0.6817,0.71685,tu_choi,tu_choi,0,1156
query/P0254T02220A2/P0254T02220A2C2F09631.jpg,254022202,254022202,gallery/P0254T02220A2/P0254T02220A2C0F07921.jpg,0.75346,0.74722,0.71685,ban_giao,dung,1,1348
query/P1632T03220A0/P1632T03220A0C2F28021.jpg,1632032200,216032200,gallery/P0216T03220A0/P0216T03220A0C0F02701.jpg,0.66055,0.66055,0.71685,tu_choi,tu_choi,0,1156
query/P0783T03220A0/P0783T03220A0C2F11371.jpg,783032200,783032200,gallery/P0783T03220A0/P0783T03220A0C0F11611.jpg,0.61555,0.58767,0.71685,tu_choi,tu_choi,1,1156
query/P0135T02210A1/P0135T02210A1C2F9661.jpg,135022101,135022101,gallery/P0135T02210A1/P0135T02210A1C0F11521.jpg,0.71192,0.54008,0.71685,tu_choi,tu_choi,0,761
query/P0557T02220A2/P0557T02220A2C2F18811.jpg,557022202,242022201,gallery/P0242T02220A1/P0242T02220A1C0F23131.jpg,0.62576,0.62576,0.71685,tu_choi,tu_choi,0,1348
query/P1135T03241A1/P1135T03241A1C2F10741.jpg,1135032411,460032410,gallery/P0460T03241A0/P0460T03241A0C0F05881.jpg,0.67211,0.67211,0.71685,tu_choi,tu_choi,1,1807
query/P0171T03220A2/P0171T03220A2C2F00931.jpg,171032202,171032202,gallery/P0171T03220A2/P0171T03220A2C0F01741.jpg,0.66378,0.63456,0.71685,tu_choi,tu_choi,0,1156
query/P0723T03220A2/P0723T03220A2C2F07441.jpg,723032202,216032200,gallery/P0216T03220A0/P0216T03220A0C0F02731.jpg,0.67408,0.67408,0.71685,tu_choi,tu_choi,1,1156
query/P0780T03241A0/P0780T03241A0C2F10321.jpg,780032410,780032410,gallery/P0780T03241A0/P0780T03241A0C0F09931.jpg,0.71773,0.69947,0.71685,ban_giao,dung,1,1807
query/P0741T02220A1/P0741T02220A1C2F27721.jpg,741022201,265022200,gallery/P0265T02220A0/P0265T02220A0C0F08101.jpg,0.63665,0.63665,0.71685,tu_choi,tu_choi,1,1348
query/P0274T03220A1/P0274T03220A1C2F06361.jpg,274032201,581032202,gallery/P0581T03220A2/P0581T03220A2C0F05971.jpg,0.62406,0.62406,0.71685,tu_choi,tu_choi,1,1156
query/P0653T03220A0/P0653T03220A0C2F08431.jpg,653032200,653032200,gallery/P0653T03220A0/P0653T03220A0C0F08311.jpg,0.76556,0.70439,0.71685,ban_giao,dung,1,1156
query/P0863T03241A2/P0863T03241A2C2F19891.jpg,863032412,863032412,gallery/P0863T03241A2/P0863T03241A2C0F11131.jpg,0.67705,0.64659,0.71685,tu_choi,tu_choi,0,1807
query/P0574T03220A1/P0574T03220A1C2F12841.jpg,574032201,171032202,gallery/P0171T03220A2/P0171T03220A2C0F01621.jpg,0.62144,0.62144,0.71685,tu_choi,tu_choi,1,1156
query/P0723T03220A2/P0723T03220A2C2F07711.jpg,723032202,470032200,gallery/P0470T03220A0/P0470T03220A0C0F05551.jpg,0.66355,0.66355,0.71685,tu_choi,tu_choi,1,1156
query/P1360T03241A0/P1360T03241A0C2F13861.jpg,1360032410,1360032410,gallery/P1360T03241A0/P1360T03241A0C0F16441.jpg,0.68487,0.65202,0.71685,tu_choi,tu_choi,1,1807
query/P1151T03241A2/P1151T03241A2C2F23731.jpg,1151032412,511032410,gallery/P0511T03241A0/P0511T03241A0C0F08071.jpg,0.6315,0.6315,0.71685,tu_choi,tu_choi,0,1807
query/P1935T03241A0/P1935T03241A0C2F24211.jpg,1935032410,1935032410,gallery/P1935T03241A0/P1935T03241A0C0F23161.jpg,0.72743,0.72133,0.71685,ban_giao,dung,1,1807
query/P0302T03241A2/P0302T03241A2C2F08551.jpg,302032412,302032412,gallery/P0302T03241A2/P0302T03241A2C0F04591.jpg,0.64045,0.61765,0.71685,tu_choi,tu_choi,1,1807
query/P0723T03220A2/P0723T03220A2C2F07771.jpg,723032202,398032201,gallery/P0398T03220A1/P0398T03220A1C0F04021.jpg,0.71554,0.71554,0.71685,tu_choi,tu_choi,1,1156
query/P0655T03220A2/P0655T03220A2C2F06841.jpg,655032202,655032202,gallery/P0655T03220A2/P0655T03220A2C0F07111.jpg,0.6549,0.6087,0.71685,tu_choi,tu_choi,1,1156
query/P1903T03241A0/P1903T03241A0C2F23761.jpg,1903032410,780032410,gallery/P0780T03241A0/P0780T03241A0C0F09901.jpg,0.66006,0.66006,0.71685,tu_choi,tu_choi,1,1807
query/P0559T03241A1/P0559T03241A1C2F03391.jpg,559032411,559032411,gallery/P0559T03241A1/P0559T03241A1C0F03691.jpg,0.73851,0.71869,0.71685,ban_giao,dung,0,1807
query/P1447T03220A0/P1447T03220A0C2F26161.jpg,1447032200,388032202,gallery/P0388T03220A2/P0388T03220A2C0F04441.jpg,0.6321,0.6321,0.71685,tu_choi,tu_choi,1,1156
query/P1510T03241A1/P1510T03241A1C2F17821.jpg,1510032411,780032410,gallery/P0780T03241A0/P0780T03241A0C0F09661.jpg,0.65313,0.65313,0.71685,tu_choi,tu_choi,1,1807
query/P0313T02220A0/P0313T02220A0C2F16471.jpg,313022200,313022200,gallery/P0313T02220A0/P0313T02220A0C0F12091.jpg,0.71615,0.69003,0.71685,tu_choi,tu_choi,0,1348
query/P0763T03241A2/P0763T03241A2C2F17671.jpg,763032412,460032410,gallery/P0460T03241A0/P0460T03241A0C0F06271.jpg,0.66691,0.66691,0.71685,tu_choi,tu_choi,1,1807
query/P0022T03241A2/P0022T03241A2C2F07471.jpg,22032412,1032410,gallery/P0001T03241A0/P0001T03241A0C0F00271.jpg,0.68033,0.68033,0.71685,tu_choi,tu_choi,1,1807
query/P0574T03220A1/P0574T03220A1C2F12481.jpg,574032201,406032201,gallery/P0406T03220A1/P0406T03220A1C0F04681.jpg,0.62424,0.62424,0.71685,tu_choi,tu_choi,1,1156
query/P0057T03241A1/P0057T03241A1C2F04291.jpg,57032411,57032411,gallery/P0057T03241A1/P0057T03241A1C0F01321.jpg,0.64056,0.62945,0.71685,tu_choi,tu_choi,1,1807
query/P0559T02220A2/P0559T02220A2C2F23641.jpg,559022202,309022200,gallery/P0309T02220A0/P0309T02220A0C0F10561.jpg,0.65917,0.65917,0.71685,tu_choi,tu_choi,1,1348
query/P0198T02220A0/P0198T02220A0C2F10381.jpg,198022200,463022200,gallery/P0463T02220A0/P0463T02220A0C0F17281.jpg,0.6306,0.6306,0.71685,tu_choi,tu_choi,1,1348
query/P0653T03220A0/P0653T03220A0C2F08671.jpg,653032200,653032200,gallery/P0653T03220A0/P0653T03220A0C0F08311.jpg,0.7041,0.66944,0.71685,tu_choi,tu_choi,1,1156
query/P1005T03220A0/P1005T03220A0C2F20911.jpg,1005032200,406032201,gallery/P0406T03220A1/P0406T03220A1C0F04681.jpg,0.61911,0.61911,0.71685,tu_choi,tu_choi,0,1156
query/P0455T03241A2/P0455T03241A2C2F10081.jpg,455032412,22032412,gallery/P0022T03241A2/P0022T03241A2C0F00181.jpg,0.70644,0.70644,0.71685,tu_choi,tu_choi,1,1807
query/P0789T02220A1/P0789T02220A1C2F24541.jpg,789022201,107022201,gallery/P0107T02220A1/P0107T02220A1C0F02371.jpg,0.66868,0.66868,0.71685,tu_choi,tu_choi,0,1348
query/P0639T03220A2/P0639T03220A2C2F06361.jpg,639032202,267032200,gallery/P0267T03220A0/P0267T03220A0C0F03511.jpg,0.6734,0.6734,0.71685,tu_choi,tu_choi,1,1156
query/P1722T03220A2/P1722T03220A2C2F20551.jpg,1722032202,216032200,gallery/P0216T03220A0/P0216T03220A0C0F02731.jpg,0.66556,0.66556,0.71685,tu_choi,tu_choi,1,1156
query/P1903T03241A0/P1903T03241A0C2F24331.jpg,1903032410,460032410,gallery/P0460T03241A0/P0460T03241A0C0F06511.jpg,0.70871,0.70871,0.71685,tu_choi,tu_choi,1,1807
query/P0661T02220A2/P0661T02220A2C2F20401.jpg,661022202,661022202,gallery/P0661T02220A2/P0661T02220A2C0F18631.jpg,0.65846,0.65543,0.71685,tu_choi,tu_choi,0,1348
query/P1436T03241A1/P1436T03241A1C2F14911.jpg,1436032411,1436032411,gallery/P1436T03241A1/P1436T03241A1C0F12781.jpg,0.72357,0.65349,0.71685,ban_giao,dung,1,1807
query/P0266T03241A0/P0266T03241A0C2F00481.jpg,266032410,266032410,gallery/P0266T03241A0/P0266T03241A0C0F04501.jpg,0.70817,0.64564,0.71685,tu_choi,tu_choi,1,1807
query/P0577T02220A0/P0577T02220A0C2F21451.jpg,577022200,62022200,gallery/P0062T02220A0/P0062T02220A0C0F00841.jpg,0.7458,0.7458,0.71685,ban_giao,sai,1,1348
query/P0632T03241A1/P0632T03241A1C2F02761.jpg,632032411,511032410,gallery/P0511T03241A0/P0511T03241A0C0F07651.jpg,0.68426,0.68426,0.71685,tu_choi,tu_choi,1,1807
query/P1287T03241A0/P1287T03241A0C2F22831.jpg,1287032410,1287032410,gallery/P1287T03241A0/P1287T03241A0C0F15331.jpg,0.79434,0.57555,0.71685,ban_giao,dung,0,1807
query/P0193T02220A0/P0193T02220A0C2F04771.jpg,193022200,193022200,gallery/P0193T02220A0/P0193T02220A0C0F06331.jpg,0.77364,0.67181,0.71685,ban_giao,dung,1,1348
query/P0830T02220A1/P0830T02220A1C2F25381.jpg,830022201,830022201,gallery/P0830T02220A1/P0830T02220A1C0F26341.jpg,0.71657,0.6612,0.71685,tu_choi,tu_choi,0,1348
query/P0431T03241A2/P0431T03241A2C2F10231.jpg,431032412,431032412,gallery/P0431T03241A2/P0431T03241A2C0F05191.jpg,0.77324,0.61404,0.71685,ban_giao,dung,1,1807
query/P0471T02220A2/P0471T02220A2C2F15451.jpg,471022202,471022202,gallery/P0471T02220A2/P0471T02220A2C0F14911.jpg,0.67028,0.63229,0.71685,tu_choi,tu_choi,1,1348
query/P0815T03220A1/P0815T03220A1C2F12001.jpg,815032201,815032201,gallery/P0815T03220A1/P0815T03220A1C0F12151.jpg,0.64087,0.6339,0.71685,tu_choi,tu_choi,0,1156
query/P0988T03241A1/P0988T03241A1C2F06631.jpg,988032411,460032410,gallery/P0460T03241A0/P0460T03241A0C0F06271.jpg,0.77678,0.77678,0.71685,ban_giao,sai,0,1807
query/P0455T03241A2/P0455T03241A2C2F10381.jpg,455032412,2578032411,gallery/P2578T03241A1/P2578T03241A1C0F19501.jpg,0.73049,0.73049,0.71685,ban_giao,sai,1,1807
query/P0057T03241A1/P0057T03241A1C2F03961.jpg,57032411,57032411,gallery/P0057T03241A1/P0057T03241A1C0F01321.jpg,0.74615,0.68746,0.71685,ban_giao,dung,1,1807
query/P0577T02220A0/P0577T02220A0C2F21181.jpg,577022200,193022200,gallery/P0193T02220A0/P0193T02220A0C0F06331.jpg,0.67754,0.67754,0.71685,tu_choi,tu_choi,1,1348
query/P0326T02220A1/P0326T02220A1C2F04261.jpg,326022201,416022202,gallery/P0416T02220A2/P0416T02220A2C0F13621.jpg,0.611,0.611,0.71685,tu_choi,tu_choi,0,1348
query/P0350T02220A1/P0350T02220A1C2F07741.jpg,350022201,107022201,gallery/P0107T02220A1/P0107T02220A1C0F07801.jpg,0.64405,0.64405,0.71685,tu_choi,tu_choi,0,1348
query/P1005T03220A0/P1005T03220A0C2F20851.jpg,1005032200,1005032200,gallery/P1005T03220A0/P1005T03220A0C0F16981.jpg,0.66947,0.63735,0.71685,tu_choi,tu_choi,0,1156
query/P0022T03241A2/P0022T03241A2C2F07651.jpg,22032412,460032410,gallery/P0460T03241A0/P0460T03241A0C0F06271.jpg,0.71415,0.71415,0.71685,tu_choi,tu_choi,1,1807
query/P0323T03220A1/P0323T03220A1C2F15451.jpg,323032201,267032200,gallery/P0267T03220A0/P0267T03220A0C0F04591.jpg,0.71426,0.71426,0.71685,tu_choi,tu_choi,1,1156
query/P0228T03241A0/P0228T03241A0C2F03001.jpg,228032410,228032410,gallery/P0228T03241A0/P0228T03241A0C0F03151.jpg,0.63582,0.59919,0.71685,tu_choi,tu_choi,1,1807
query/P0062T02220A0/P0062T02220A0C2F07111.jpg,62022200,671022200,gallery/P0671T02220A0/P0671T02220A0C0F23881.jpg,0.67926,0.67926,0.71685,tu_choi,tu_choi,1,1348
query/P0178T03220A1/P0178T03220A1C2F01171.jpg,178032201,178032201,gallery/P0178T03220A1/P0178T03220A1C0F02371.jpg,0.63028,0.61329,0.71685,tu_choi,tu_choi,0,1156
query/P0480T03220A1/P0480T03220A1C2F05101.jpg,480032201,480032201,gallery/P0480T03220A1/P0480T03220A1C0F05401.jpg,0.65061,0.62033,0.71685,tu_choi,tu_choi,1,1156
query/P0956T02220A2/P0956T02220A2C2F15511.jpg,956022202,832022201,gallery/P0832T02220A1/P0832T02220A1C0F26071.jpg,0.71412,0.71412,0.71685,tu_choi,tu_choi,0,1348
query/P0480T03220A1/P0480T03220A1C2F05191.jpg,480032201,480032201,gallery/P0480T03220A1/P0480T03220A1C0F05401.jpg,0.6526,0.5879,0.71685,tu_choi,tu_choi,1,1156
query/P0671T02220A0/P0671T02220A0C2F24241.jpg,671022200,671022200,gallery/P0671T02220A0/P0671T02220A0C0F24001.jpg,0.72988,0.727,0.71685,ban_giao,dung,1,1348
query/P1135T03241A1/P1135T03241A1C2F11131.jpg,1135032411,802032411,gallery/P0802T03241A1/P0802T03241A1C0F05071.jpg,0.67382,0.67382,0.71685,tu_choi,tu_choi,1,1807
query/P0309T02220A0/P0309T02220A0C2F10411.jpg,309022200,309022200,gallery/P0309T02220A0/P0309T02220A0C0F10501.jpg,0.70513,0.70283,0.71685,tu_choi,tu_choi,0,1348
query/P0653T03220A0/P0653T03220A0C2F08611.jpg,653032200,653032200,gallery/P0653T03220A0/P0653T03220A0C0F08251.jpg,0.73579,0.64706,0.71685,ban_giao,dung,1,1156
query/P0118T02220A1/P0118T02220A1C2F03181.jpg,118022201,62022200,gallery/P0062T02220A0/P0062T02220A0C0F00901.jpg,0.74486,0.74486,0.71685,ban_giao,sai,0,1348
query/P2244T03241A1/P2244T03241A1C2F20401.jpg,2244032411,2244032411,gallery/P2244T03241A1/P2244T03241A1C0F17611.jpg,0.67402,0.63222,0.71685,tu_choi,tu_choi,1,1807
query/P0206T03241A1/P0206T03241A1C2F05551.jpg,206032411,206032411,gallery/P0206T03241A1/P0206T03241A1C0F01981.jpg,0.66069,0.62074,0.71685,tu_choi,tu_choi,1,1807
query/P0265T02220A0/P0265T02220A0C2F13771.jpg,265022200,139022201,gallery/P0139T02220A1/P0139T02220A1C0F02611.jpg,0.66254,0.66254,0.71685,tu_choi,tu_choi,1,1348
query/P0710T02220A2/P0710T02220A2C2F21241.jpg,710022202,710022202,gallery/P0710T02220A2/P0710T02220A2C0F20011.jpg,0.68736,0.6392,0.71685,tu_choi,tu_choi,0,1348
query/P2200T03241A1/P2200T03241A1C2F20851.jpg,2200032411,1860032410,gallery/P1860T03241A0/P1860T03241A0C0F23491.jpg,0.64892,0.64892,0.71685,tu_choi,tu_choi,0,1807
query/P1267T03241A0/P1267T03241A0C2F11881.jpg,1267032410,559032412,gallery/P0559T03241A2/P0559T03241A2C0F07111.jpg,0.63002,0.63002,0.71685,tu_choi,tu_choi,1,1807
query/P1935T03241A0/P1935T03241A0C2F24001.jpg,1935032410,1903032410,gallery/P1903T03241A0/P1903T03241A0C0F22621.jpg,0.63636,0.63636,0.71685,tu_choi,tu_choi,1,1807
query/P0728T02220A1/P0728T02220A1C2F25921.jpg,728022201,320022200,gallery/P0320T02220A0/P0320T02220A0C0F10621.jpg,0.75619,0.75619,0.71685,ban_giao,sai,1,1348
query/P0562T03241A1/P0562T03241A1C2F02671.jpg,562032411,460032410,gallery/P0460T03241A0/P0460T03241A0C0F06271.jpg,0.70914,0.70914,0.71685,tu_choi,tu_choi,1,1807
query/P0661T02220A2/P0661T02220A2C2F20251.jpg,661022202,836022201,gallery/P0836T02220A1/P0836T02220A1C0F25891.jpg,0.72857,0.72857,0.71685,ban_giao,sai,0,1348
query/P0397T02220A1/P0397T02220A1C2F09301.jpg,397022201,397022201,gallery/P0397T02220A1/P0397T02220A1C0F27301.jpg,0.63499,0.62507,0.71685,tu_choi,tu_choi,0,1348
query/P0742T03220A2/P0742T03220A2C2F07501.jpg,742032202,1085032201,gallery/P1085T03220A1/P1085T03220A1C0F15931.jpg,0.64856,0.64856,0.71685,tu_choi,tu_choi,0,1156
query/P0417T02220A1/P0417T02220A1C2F09601.jpg,417022201,242022201,gallery/P0242T02220A1/P0242T02220A1C0F18601.jpg,0.64578,0.64578,0.71685,tu_choi,tu_choi,0,1348
query/P0140T03241A1/P0140T03241A1C2F04231.jpg,140032411,140032411,gallery/P0140T03241A1/P0140T03241A1C0F01471.jpg,0.65976,0.58592,0.71685,tu_choi,tu_choi,1,1807
query/P1137T03241A2/P1137T03241A2C2F18361.jpg,1137032412,1046032410,gallery/P1046T03241A0/P1046T03241A0C0F12511.jpg,0.63541,0.63541,0.71685,tu_choi,tu_choi,0,1807
query/P0503T02220A2/P0503T02220A2C2F17371.jpg,503022202,503022202,gallery/P0503T02220A2/P0503T02220A2C0F15181.jpg,0.71069,0.69314,0.71685,tu_choi,tu_choi,1,1348
query/P0022T03241A2/P0022T03241A2C2F07261.jpg,22032412,1032410,gallery/P0001T03241A0/P0001T03241A0C0F00271.jpg,0.61664,0.61664,0.71685,tu_choi,tu_choi,1,1807
query/P0455T03241A0/P0455T03241A0C2F07861.jpg,455032410,455032410,gallery/P0455T03241A0/P0455T03241A0C0F06481.jpg,0.64737,0.62064,0.71685,tu_choi,tu_choi,0,1807
query/P0110T02220A2/P0110T02220A2C2F11341.jpg,110022202,671022200,gallery/P0671T02220A0/P0671T02220A0C0F24781.jpg,0.65601,0.65601,0.71685,tu_choi,tu_choi,0,1348
query/P1360T03241A0/P1360T03241A0C2F13921.jpg,1360032410,1046032410,gallery/P1046T03241A0/P1046T03241A0C0F13711.jpg,0.66903,0.66903,0.71685,tu_choi,tu_choi,1,1807
query/P1230T03220A1/P1230T03220A1C2F17341.jpg,1230032201,216032200,gallery/P0216T03220A0/P0216T03220A0C0F02701.jpg,0.67454,0.67454,0.71685,tu_choi,tu_choi,1,1156
query/P0237T02210A2/P0237T02210A2C2F2851.jpg,237022102,237022102,gallery/P0237T02210A2/P0237T02210A2C0F4441.jpg,0.65329,0.59859,0.71685,tu_choi,tu_choi,0,761
query/P0340T03241A0/P0340T03241A0C2F00241.jpg,340032410,340032410,gallery/P0340T03241A0/P0340T03241A0C0F04531.jpg,0.72722,0.70251,0.71685,ban_giao,dung,0,1807
query/P0622T03241A1/P0622T03241A1C2F02131.jpg,622032411,622032411,gallery/P0622T03241A1/P0622T03241A1C0F04051.jpg,0.67132,0.63146,0.71685,tu_choi,tu_choi,0,1807
query/P0587T03220A0/P0587T03220A0C2F07111.jpg,587032200,587032200,gallery/P0587T03220A0/P0587T03220A0C0F06811.jpg,0.68401,0.612,0.71685,tu_choi,tu_choi,1,1156
query/P0988T03241A1/P0988T03241A1C2F06151.jpg,988032411,988032411,gallery/P0988T03241A1/P0988T03241A1C0F06661.jpg,0.71173,0.67932,0.71685,tu_choi,tu_choi,0,1807
query/P0242T02220A1/P0242T02220A1C2F29221.jpg,242022201,242022201,gallery/P0242T02220A1/P0242T02220A1C0F18661.jpg,0.71066,0.58452,0.71685,tu_choi,tu_choi,0,1348
query/P1590T03241A1/P1590T03241A1C2F15871.jpg,1590032411,511032410,gallery/P0511T03241A0/P0511T03241A0C0F05101.jpg,0.64099,0.64099,0.71685,tu_choi,tu_choi,0,1807
query/P0309T02220A0/P0309T02220A0C2F09841.jpg,309022200,710022202,gallery/P0710T02220A2/P0710T02220A2C0F19951.jpg,0.71824,0.71824,0.71685,ban_giao,sai,0,1348
query/P1046T03241A0/P1046T03241A0C2F09961.jpg,1046032410,1046032410,gallery/P1046T03241A0/P1046T03241A0C0F13501.jpg,0.81599,0.74547,0.71685,ban_giao,dung,1,1807
query/P0431T03241A2/P0431T03241A2C2F10021.jpg,431032412,431032412,gallery/P0431T03241A2/P0431T03241A2C0F05881.jpg,0.70115,0.65701,0.71685,tu_choi,tu_choi,1,1807
query/P0557T02220A2/P0557T02220A2C2F18721.jpg,557022202,242022201,gallery/P0242T02220A1/P0242T02220A1C0F03451.jpg,0.66454,0.66454,0.71685,tu_choi,tu_choi,0,1348
query/P0044T02220A2/P0044T02220A2C2F03211.jpg,44022202,44022202,gallery/P0044T02220A2/P0044T02220A2C0F02041.jpg,0.71506,0.66564,0.71685,tu_choi,tu_choi,0,1348
query/P0774T03220A1/P0774T03220A1C2F11041.jpg,774032201,1447032200,gallery/P1447T03220A0/P1447T03220A0C0F22111.jpg,0.6416,0.6416,0.71685,tu_choi,tu_choi,1,1156
query/P0687T02220A1/P0687T02220A1C2F18481.jpg,687022201,457022202,gallery/P0457T02220A2/P0457T02220A2C0F15241.jpg,0.66275,0.66275,0.71685,tu_choi,tu_choi,0,1348
query/P0411T03241A0/P0411T03241A0C2F06991.jpg,411032410,48032410,gallery/P0048T03241A0/P0048T03241A0C0F01021.jpg,0.63926,0.63926,0.71685,tu_choi,tu_choi,0,1807
query/P0343T02220A0/P0343T02220A0C2F28531.jpg,343022200,471022202,gallery/P0471T02220A2/P0471T02220A2C0F15301.jpg,0.60329,0.60329,0.71685,tu_choi,tu_choi,0,1348
query/P2207T03241A0/P2207T03241A0C2F24301.jpg,2207032410,1360032410,gallery/P1360T03241A0/P1360T03241A0C0F15811.jpg,0.64072,0.64072,0.71685,tu_choi,tu_choi,0,1807
query/P0565T03241A1/P0565T03241A1C2F03571.jpg,565032411,565032411,gallery/P0565T03241A1/P0565T03241A1C0F04261.jpg,0.66052,0.61101,0.71685,tu_choi,tu_choi,1,1807
query/P1267T03241A0/P1267T03241A0C2F11461.jpg,1267032410,974032411,gallery/P0974T03241A1/P0974T03241A1C0F05701.jpg,0.63982,0.63982,0.71685,tu_choi,tu_choi,1,1807
query/P0622T03241A1/P0622T03241A1C2F02281.jpg,622032411,622032411,gallery/P0622T03241A1/P0622T03241A1C0F04051.jpg,0.65812,0.59758,0.71685,tu_choi,tu_choi,0,1807
query/P0559T03241A2/P0559T03241A2C2F15241.jpg,559032412,559032412,gallery/P0559T03241A2/P0559T03241A2C0F07291.jpg,0.64479,0.6123,0.71685,tu_choi,tu_choi,0,1807
query/P0487T03220A1/P0487T03220A1C2F09091.jpg,487032201,581032200,gallery/P0581T03220A0/P0581T03220A0C0F07771.jpg,0.57921,0.57921,0.71685,tu_choi,tu_choi,1,1156
query/P2423T03241A1/P2423T03241A1C2F16681.jpg,2423032411,559032411,gallery/P0559T03241A1/P0559T03241A1C0F03991.jpg,0.68106,0.68106,0.71685,tu_choi,tu_choi,0,1807
query/P1199T03241A0/P1199T03241A0C2F15361.jpg,1199032410,1199032410,gallery/P1199T03241A0/P1199T03241A0C0F14581.jpg,0.82691,0.60274,0.71685,ban_giao,dung,0,1807
query/P0359T03241A0/P0359T03241A0C2F00091.jpg,359032410,359032410,gallery/P0359T03241A0/P0359T03241A0C0F03781.jpg,0.70529,0.66154,0.71685,tu_choi,tu_choi,1,1807
query/P0974T03241A1/P0974T03241A1C2F06571.jpg,974032411,974032411,gallery/P0974T03241A1/P0974T03241A1C0F05761.jpg,0.67982,0.63329,0.71685,tu_choi,tu_choi,1,1807
query/P1679T03241A0/P1679T03241A0C2F19411.jpg,1679032410,1679032410,gallery/P1679T03241A0/P1679T03241A0C0F19681.jpg,0.6634,0.64361,0.71685,tu_choi,tu_choi,0,1807
query/P1815T03220A1/P1815T03220A1C2F26731.jpg,1815032201,938032200,gallery/P0938T03220A0/P0938T03220A0C0F16651.jpg,0.67703,0.67703,0.71685,tu_choi,tu_choi,0,1156
query/P0631T03220A2/P0631T03220A2C2F10351.jpg,631032202,216032200,gallery/P0216T03220A0/P0216T03220A0C0F02731.jpg,0.60946,0.60946,0.71685,tu_choi,tu_choi,1,1156
query/P0687T02220A1/P0687T02220A1C2F18361.jpg,687022201,110022202,gallery/P0110T02220A2/P0110T02220A2C0F04651.jpg,0.65821,0.65821,0.71685,tu_choi,tu_choi,0,1348
query/P0255T02220A1/P0255T02220A1C2F04681.jpg,255022201,242022201,gallery/P0242T02220A1/P0242T02220A1C0F23281.jpg,0.6347,0.6347,0.71685,tu_choi,tu_choi,1,1348
query/P0480T03220A1/P0480T03220A1C2F05311.jpg,480032201,480032201,gallery/P0480T03220A1/P0480T03220A1C0F05401.jpg,0.68936,0.58438,0.71685,tu_choi,tu_choi,1,1156
query/P0350T02220A1/P0350T02220A1C2F07591.jpg,350022201,350022201,gallery/P0350T02220A1/P0350T02220A1C0F07531.jpg,0.67652,0.67562,0.71685,tu_choi,tu_choi,0,1348
query/P2423T03241A1/P2423T03241A1C2F16711.jpg,2423032411,559032411,gallery/P0559T03241A1/P0559T03241A1C0F03571.jpg,0.68989,0.68989,0.71685,tu_choi,tu_choi,0,1807
query/P0411T03241A0/P0411T03241A0C2F06451.jpg,411032410,411032410,gallery/P0411T03241A0/P0411T03241A0C0F05641.jpg,0.64501,0.55341,0.71685,tu_choi,tu_choi,0,1807
query/P0755T03220A2/P0755T03220A2C2F07711.jpg,755032202,178032201,gallery/P0178T03220A1/P0178T03220A1C0F02371.jpg,0.63803,0.63803,0.71685,tu_choi,tu_choi,1,1156
query/P1604T03220A1/P1604T03220A1C2F28021.jpg,1604032201,1230032201,gallery/P1230T03220A1/P1230T03220A1C0F17881.jpg,0.63333,0.63333,0.71685,tu_choi,tu_choi,1,1156
query/P0844T03241A1/P0844T03241A1C2F08431.jpg,844032411,469032410,gallery/P0469T03241A0/P0469T03241A0C0F06301.jpg,0.63173,0.63173,0.71685,tu_choi,tu_choi,1,1807
query/P0802T03241A1/P0802T03241A1C2F04741.jpg,802032411,802032411,gallery/P0802T03241A1/P0802T03241A1C0F04921.jpg,0.72315,0.69857,0.71685,ban_giao,dung,1,1807
query/P0741T02220A1/P0741T02220A1C2F28141.jpg,741022201,661022202,gallery/P0661T02220A2/P0661T02220A2C0F18181.jpg,0.6586,0.6586,0.71685,tu_choi,tu_choi,1,1348
query/P0615T03220A1/P0615T03220A1C2F08161.jpg,615032201,274032201,gallery/P0274T03220A1/P0274T03220A1C0F02251.jpg,0.66242,0.66242,0.71685,tu_choi,tu_choi,0,1156
query/P1435T03241A0/P1435T03241A0C2F17911.jpg,1435032410,1435032410,gallery/P1435T03241A0/P1435T03241A0C0F16621.jpg,0.62152,0.59466,0.71685,tu_choi,tu_choi,1,1807
query/P0639T03220A2/P0639T03220A2C2F06781.jpg,639032202,171032202,gallery/P0171T03220A2/P0171T03220A2C0F01741.jpg,0.68796,0.68796,0.71685,tu_choi,tu_choi,1,1156
query/P0774T03220A1/P0774T03220A1C2F11131.jpg,774032201,1447032200,gallery/P1447T03220A0/P1447T03220A0C0F22111.jpg,0.67274,0.67274,0.71685,tu_choi,tu_choi,1,1156
query/P0416T02220A2/P0416T02220A2C2F15061.jpg,416022202,692022200,gallery/P0692T02220A0/P0692T02220A0C0F25171.jpg,0.64862,0.64862,0.71685,tu_choi,tu_choi,1,1348
query/P0033T02140A0/P0033T02140A0C2F27901.jpg,33021400,33021400,gallery/P0033T02140A0/P0033T02140A0C0F24241.jpg,0.64776,0.5275,0.71685,tu_choi,tu_choi,0,33
query/P0938T03220A1/P0938T03220A1C2F13531.jpg,938032201,1252032202,gallery/P1252T03220A2/P1252T03220A2C0F15271.jpg,0.67276,0.67276,0.71685,tu_choi,tu_choi,0,1156
query/P0642T02220A2/P0642T02220A2C2F20251.jpg,642022202,642022202,gallery/P0642T02220A2/P0642T02220A2C0F17971.jpg,0.64345,0.62596,0.71685,tu_choi,tu_choi,0,1348
query/P1130T03241A1/P1130T03241A1C2F10441.jpg,1130032411,460032410,gallery/P0460T03241A0/P0460T03241A0C0F06331.jpg,0.70331,0.70331,0.71685,tu_choi,tu_choi,1,1807
query/P1366T03241A1/P1366T03241A1C2F10891.jpg,1366032411,1046032410,gallery/P1046T03241A0/P1046T03241A0C0F12361.jpg,0.64843,0.64843,0.71685,tu_choi,tu_choi,1,1807
query/P1815T03220A1/P1815T03220A1C2F26371.jpg,1815032201,406032201,gallery/P0406T03220A1/P0406T03220A1C0F04681.jpg,0.68373,0.68373,0.71685,tu_choi,tu_choi,0,1156
query/P0138T02220A1/P0138T02220A1C2F02311.jpg,138022201,309022200,gallery/P0309T02220A0/P0309T02220A0C0F10531.jpg,0.69741,0.69741,0.71685,tu_choi,tu_choi,1,1348
query/P1596T03241A1/P1596T03241A1C2F16651.jpg,1596032411,48032410,gallery/P0048T03241A0/P0048T03241A0C0F00961.jpg,0.63722,0.63722,0.71685,tu_choi,tu_choi,0,1807
query/P0398T03220A1/P0398T03220A1C2F09691.jpg,398032201,470032200,gallery/P0470T03220A0/P0470T03220A0C0F06781.jpg,0.67009,0.67009,0.71685,tu_choi,tu_choi,1,1156
query/P0748T02220A2/P0748T02220A2C2F28051.jpg,748022202,309022200,gallery/P0309T02220A0/P0309T02220A0C0F09961.jpg,0.62246,0.62246,0.71685,tu_choi,tu_choi,1,1348
query/P0851T03241A2/P0851T03241A2C2F15271.jpg,851032412,851032412,gallery/P0851T03241A2/P0851T03241A2C0F11101.jpg,0.66174,0.64025,0.71685,tu_choi,tu_choi,1,1807
query/P0742T02220A1/P0742T02220A1C2F16231.jpg,742022201,309022200,gallery/P0309T02220A0/P0309T02220A0C0F10531.jpg,0.67949,0.67949,0.71685,tu_choi,tu_choi,1,1348
query/P0511T03241A0/P0511T03241A0C2F02491.jpg,511032410,511032410,gallery/P0511T03241A0/P0511T03241A0C0F05071.jpg,0.66778,0.62449,0.71685,tu_choi,tu_choi,0,1807
query/P0359T03241A0/P0359T03241A0C2F00331.jpg,359032410,340032410,gallery/P0340T03241A0/P0340T03241A0C0F03301.jpg,0.68955,0.68955,0.71685,tu_choi,tu_choi,1,1807
query/P1202T03241A1/P1202T03241A1C2F08551.jpg,1202032411,48032410,gallery/P0048T03241A0/P0048T03241A0C0F01441.jpg,0.67938,0.67938,0.71685,tu_choi,tu_choi,1,1807
query/P0666T03241A2/P0666T03241A2C2F16261.jpg,666032412,666032412,gallery/P0666T03241A2/P0666T03241A2C0F08821.jpg,0.68734,0.67136,0.71685,tu_choi,tu_choi,1,1807
query/P1230T03220A1/P1230T03220A1C2F17251.jpg,1230032201,398032201,gallery/P0398T03220A1/P0398T03220A1C0F04021.jpg,0.62103,0.62103,0.71685,tu_choi,tu_choi,1,1156
query/P0687T02220A1/P0687T02220A1C2F18661.jpg,687022201,517022201,gallery/P0517T02220A1/P0517T02220A1C0F10651.jpg,0.60005,0.60005,0.71685,tu_choi,tu_choi,0,1348
query/P1590T03241A1/P1590T03241A1C2F16291.jpg,1590032411,666032412,gallery/P0666T03241A2/P0666T03241A2C0F08641.jpg,0.61881,0.61881,0.71685,tu_choi,tu_choi,0,1807
query/P0832T02220A1/P0832T02220A1C2F26881.jpg,832022201,832022201,gallery/P0832T02220A1/P0832T02220A1C0F26071.jpg,0.78752,0.74898,0.71685,ban_giao,dung,1,1348
query/P0226T03241A1/P0226T03241A1C2F05521.jpg,226032411,226032411,gallery/P0226T03241A1/P0226T03241A1C0F01801.jpg,0.65754,0.63177,0.71685,tu_choi,tu_choi,1,1807
query/P0988T03241A1/P0988T03241A1C2F06751.jpg,988032411,988032411,gallery/P0988T03241A1/P0988T03241A1C0F07681.jpg,0.78916,0.70722,0.71685,ban_giao,dung,0,1807
query/P0226T02220A2/P0226T02220A2C2F08461.jpg,226022202,320022200,gallery/P0320T02220A0/P0320T02220A0C0F10621.jpg,0.73416,0.73416,0.71685,ban_giao,sai,0,1348
query/P1447T03220A0/P1447T03220A0C2F26521.jpg,1447032200,216032200,gallery/P0216T03220A0/P0216T03220A0C0F02761.jpg,0.61143,0.61143,0.71685,tu_choi,tu_choi,1,1156
query/P1150T03241A2/P1150T03241A2C2F23971.jpg,1150032412,1150032412,gallery/P1150T03241A2/P1150T03241A2C0F15691.jpg,0.73288,0.72822,0.71685,ban_giao,dung,1,1807
query/P0118T02220A1/P0118T02220A1C2F03151.jpg,118022201,419022201,gallery/P0419T02220A1/P0419T02220A1C0F09901.jpg,0.73463,0.73463,0.71685,ban_giao,sai,0,1348
query/P0600T03241A2/P0600T03241A2C2F14371.jpg,600032412,460032410,gallery/P0460T03241A0/P0460T03241A0C0F06271.jpg,0.70701,0.70701,0.71685,tu_choi,tu_choi,0,1807
query/P0639T03220A2/P0639T03220A2C2F06451.jpg,639032202,216032200,gallery/P0216T03220A0/P0216T03220A0C0F02761.jpg,0.67599,0.67599,0.71685,tu_choi,tu_choi,1,1156
query/P0815T03220A1/P0815T03220A1C2F12241.jpg,815032201,815032201,gallery/P0815T03220A1/P0815T03220A1C0F12241.jpg,0.63687,0.60117,0.71685,tu_choi,tu_choi,0,1156
query/P0780T03241A1/P0780T03241A1C2F06361.jpg,780032411,1366032411,gallery/P1366T03241A1/P1366T03241A1C0F11941.jpg,0.65529,0.65529,0.71685,tu_choi,tu_choi,1,1807
query/P0699T02220A1/P0699T02220A1C2F19441.jpg,699022201,309022200,gallery/P0309T02220A0/P0309T02220A0C0F09991.jpg,0.692,0.692,0.71685,tu_choi,tu_choi,0,1348
query/P1632T03220A0/P1632T03220A0C2F27991.jpg,1632032200,1632032200,gallery/P1632T03220A0/P1632T03220A0C0F27541.jpg,0.67488,0.64912,0.71685,tu_choi,tu_choi,0,1156
query/P0110T02220A2/P0110T02220A2C2F11881.jpg,110022202,107022201,gallery/P0107T02220A1/P0107T02220A1C0F02371.jpg,0.62849,0.62849,0.71685,tu_choi,tu_choi,0,1348
query/P0780T03241A0/P0780T03241A0C2F10081.jpg,780032410,469032410,gallery/P0469T03241A0/P0469T03241A0C0F06301.jpg,0.6792,0.6792,0.71685,tu_choi,tu_choi,1,1807
query/P0431T03241A1/P0431T03241A1C2F05521.jpg,431032411,455032412,gallery/P0455T03241A2/P0455T03241A2C0F05431.jpg,0.62253,0.62253,0.71685,tu_choi,tu_choi,0,1807
query/P0789T02220A1/P0789T02220A1C2F25021.jpg,789022201,789022201,gallery/P0789T02220A1/P0789T02220A1C0F24661.jpg,0.7364,0.68306,0.71685,ban_giao,dung,0,1348
query/P0107T02220A1/P0107T02220A1C2F07831.jpg,107022201,789022201,gallery/P0789T02220A1/P0789T02220A1C0F24661.jpg,0.74595,0.74595,0.71685,ban_giao,sai,0,1348
query/P0130T02220A1/P0130T02220A1C2F02881.jpg,130022201,419022201,gallery/P0419T02220A1/P0419T02220A1C0F10681.jpg,0.73448,0.73448,0.71685,ban_giao,sai,0,1348
query/P0693T03241A2/P0693T03241A2C2F13051.jpg,693032412,412032411,gallery/P0412T03241A1/P0412T03241A1C0F03511.jpg,0.68396,0.68396,0.71685,tu_choi,tu_choi,1,1807
query/P0470T03220A0/P0470T03220A0C2F05791.jpg,470032200,470032200,gallery/P0470T03220A0/P0470T03220A0C0F05791.jpg,0.68276,0.65405,0.71685,tu_choi,tu_choi,1,1156
query/P0047T03241A2/P0047T03241A2C2F08401.jpg,47032412,57032411,gallery/P0057T03241A1/P0057T03241A1C0F01411.jpg,0.68096,0.68096,0.71685,tu_choi,tu_choi,0,1807
query/P0110T02220A1/P0110T02220A1C2F02491.jpg,110022201,110022201,gallery/P0110T02220A1/P0110T02220A1C0F02731.jpg,0.72085,0.69153,0.71685,ban_giao,dung,0,1348
query/P0806T03241A2/P0806T03241A2C2F13051.jpg,806032412,806032412,gallery/P0806T03241A2/P0806T03241A2C0F09991.jpg,0.64419,0.6221,0.71685,tu_choi,tu_choi,0,1807
query/P2106T03241A0/P2106T03241A0C2F22411.jpg,2106032410,460032410,gallery/P0460T03241A0/P0460T03241A0C0F06271.jpg,0.6649,0.6649,0.71685,tu_choi,tu_choi,0,1807
query/P0972T03241A0/P0972T03241A0C2F14551.jpg,972032410,1130032411,gallery/P1130T03241A1/P1130T03241A1C0F08461.jpg,0.66881,0.66881,0.71685,tu_choi,tu_choi,1,1807
query/P1236T03220A2/P1236T03220A2C2F14401.jpg,1236032202,171032202,gallery/P0171T03220A2/P0171T03220A2C0F01741.jpg,0.63485,0.63485,0.71685,tu_choi,tu_choi,0,1156
query/P0806T03241A2/P0806T03241A2C2F12331.jpg,806032412,666032412,gallery/P0666T03241A2/P0666T03241A2C0F08641.jpg,0.67609,0.67609,0.71685,tu_choi,tu_choi,0,1807
query/P1366T03241A1/P1366T03241A1C2F11191.jpg,1366032411,1366032411,gallery/P1366T03241A1/P1366T03241A1C0F11941.jpg,0.64002,0.59431,0.71685,tu_choi,tu_choi,1,1807
query/P1635T03220A1/P1635T03220A1C2F23971.jpg,1635032201,1635032201,gallery/P1635T03220A1/P1635T03220A1C0F24031.jpg,0.67591,0.66982,0.71685,tu_choi,tu_choi,1,1156
query/P0631T03220A2/P0631T03220A2C2F10321.jpg,631032202,470032200,gallery/P0470T03220A0/P0470T03220A0C0F05371.jpg,0.66367,0.66367,0.71685,tu_choi,tu_choi,1,1156
query/P1447T03220A0/P1447T03220A0C2F26431.jpg,1447032200,216032200,gallery/P0216T03220A0/P0216T03220A0C0F02761.jpg,0.63838,0.63838,0.71685,tu_choi,tu_choi,1,1156
query/P0517T02220A1/P0517T02220A1C2F22921.jpg,517022201,699022201,gallery/P0699T02220A1/P0699T02220A1C0F19291.jpg,0.7235,0.7235,0.71685,ban_giao,sai,1,1348
query/P1287T03241A0/P1287T03241A0C2F22771.jpg,1287032410,1287032410,gallery/P1287T03241A0/P1287T03241A0C0F15331.jpg,0.79534,0.60466,0.71685,ban_giao,dung,0,1807
query/P2200T03241A1/P2200T03241A1C2F20701.jpg,2200032411,48032410,gallery/P0048T03241A0/P0048T03241A0C0F00961.jpg,0.65663,0.65663,0.71685,tu_choi,tu_choi,0,1807
query/P0062T02220A0/P0062T02220A0C2F06031.jpg,62022200,832022201,gallery/P0832T02220A1/P0832T02220A1C0F26491.jpg,0.73696,0.73696,0.71685,ban_giao,sai,1,1348
query/P0048T03241A0/P0048T03241A0C2F01981.jpg,48032410,48032410,gallery/P0048T03241A0/P0048T03241A0C0F00961.jpg,0.67682,0.60592,0.71685,tu_choi,tu_choi,1,1807
query/P1261T03220A2/P1261T03220A2C2F19771.jpg,1261032202,267032200,gallery/P0267T03220A0/P0267T03220A0C0F04591.jpg,0.59804,0.59804,0.71685,tu_choi,tu_choi,0,1156
query/P0742T02220A1/P0742T02220A1C2F16651.jpg,742022201,309022200,gallery/P0309T02220A0/P0309T02220A0C0F09991.jpg,0.71058,0.71058,0.71685,tu_choi,tu_choi,1,1348
query/P0789T02220A1/P0789T02220A1C2F24751.jpg,789022201,107022201,gallery/P0107T02220A1/P0107T02220A1C0F02791.jpg,0.67057,0.67057,0.71685,tu_choi,tu_choi,0,1348
query/P0910T03241A0/P0910T03241A0C2F07651.jpg,910032410,910032410,gallery/P0910T03241A0/P0910T03241A0C0F11311.jpg,0.65174,0.64912,0.71685,tu_choi,tu_choi,1,1807
query/P0972T03241A0/P0972T03241A0C2F13921.jpg,972032410,460032410,gallery/P0460T03241A0/P0460T03241A0C0F06271.jpg,0.77099,0.77099,0.71685,ban_giao,sai,1,1807
query/P0375T03220A1/P0375T03220A1C2F03091.jpg,375032201,375032201,gallery/P0375T03220A1/P0375T03220A1C0F03901.jpg,0.71111,0.56745,0.71685,tu_choi,tu_choi,0,1156
query/P0815T03220A1/P0815T03220A1C2F12361.jpg,815032201,815032201,gallery/P0815T03220A1/P0815T03220A1C0F13261.jpg,0.70366,0.61551,0.71685,tu_choi,tu_choi,0,1156
query/P0022T03241A2/P0022T03241A2C2F07291.jpg,22032412,1032410,gallery/P0001T03241A0/P0001T03241A0C0F00271.jpg,0.66945,0.66945,0.71685,tu_choi,tu_choi,1,1807
query/P0832T02220A1/P0832T02220A1C2F27001.jpg,832022201,62022200,gallery/P0062T02220A0/P0062T02220A0C0F00991.jpg,0.74804,0.74804,0.71685,ban_giao,sai,1,1348
query/P0042T02210A0/P0042T02210A0C2F16861.jpg,42022100,42022100,gallery/P0042T02210A0/P0042T02210A0C0F14101.jpg,0.79229,0.63217,0.71685,ban_giao,dung,0,761
query/P0118T02220A1/P0118T02220A1C2F02491.jpg,118022201,139022201,gallery/P0139T02220A1/P0139T02220A1C0F03271.jpg,0.67272,0.67272,0.71685,tu_choi,tu_choi,0,1348
query/P1202T03241A1/P1202T03241A1C2F08821.jpg,1202032411,1860032410,gallery/P1860T03241A0/P1860T03241A0C0F22681.jpg,0.70314,0.70314,0.71685,tu_choi,tu_choi,1,1807
query/P0062T02220A0/P0062T02220A0C2F06601.jpg,62022200,309022200,gallery/P0309T02220A0/P0309T02220A0C0F10531.jpg,0.62582,0.62582,0.71685,tu_choi,tu_choi,1,1348
query/P1510T03241A1/P1510T03241A1C2F17791.jpg,1510032411,1510032411,gallery/P1510T03241A1/P1510T03241A1C0F13771.jpg,0.74351,0.70313,0.71685,ban_giao,dung,1,1807
query/P0664T03241A1/P0664T03241A1C2F02701.jpg,664032411,1046032410,gallery/P1046T03241A0/P1046T03241A0C0F13711.jpg,0.67999,0.67999,0.71685,tu_choi,tu_choi,0,1807
query/P1085T03220A1/P1085T03220A1C2F15721.jpg,1085032201,406032201,gallery/P0406T03220A1/P0406T03220A1C0F04321.jpg,0.66014,0.66014,0.71685,tu_choi,tu_choi,0,1156
query/P0742T02220A1/P0742T02220A1C2F16261.jpg,742022201,309022200,gallery/P0309T02220A0/P0309T02220A0C0F10531.jpg,0.72339,0.72339,0.71685,ban_giao,sai,1,1348
query/P0796T03220A1/P0796T03220A1C2F17341.jpg,796032201,587032200,gallery/P0587T03220A0/P0587T03220A0C0F06811.jpg,0.70528,0.70528,0.71685,tu_choi,tu_choi,1,1156
query/P1046T03241A0/P1046T03241A0C2F10141.jpg,1046032410,1046032410,gallery/P1046T03241A0/P1046T03241A0C0F12751.jpg,0.73852,0.7007,0.71685,ban_giao,dung,1,1807
query/P0565T03241A1/P0565T03241A1C2F03511.jpg,565032411,565032411,gallery/P0565T03241A1/P0565T03241A1C0F04261.jpg,0.69134,0.61392,0.71685,tu_choi,tu_choi,1,1807
query/P0120T02210A1/P0120T02210A1C2F5071.jpg,120022101,142022101,gallery/P0142T02210A1/P0142T02210A1C0F12211.jpg,0.60478,0.60478,0.71685,tu_choi,tu_choi,0,761
query/P0047T03241A2/P0047T03241A2C2F07951.jpg,47032412,47032412,gallery/P0047T03241A2/P0047T03241A2C0F00631.jpg,0.64652,0.63865,0.71685,tu_choi,tu_choi,0,1807
query/P0666T03241A2/P0666T03241A2C2F16141.jpg,666032412,1860032410,gallery/P1860T03241A0/P1860T03241A0C0F23341.jpg,0.63976,0.63976,0.71685,tu_choi,tu_choi,1,1807
query/P0193T02220A0/P0193T02220A0C2F05251.jpg,193022200,193022200,gallery/P0193T02220A0/P0193T02220A0C0F06331.jpg,0.74404,0.68971,0.71685,ban_giao,dung,1,1348
query/P0044T02220A2/P0044T02220A2C2F03031.jpg,44022202,44022202,gallery/P0044T02220A2/P0044T02220A2C0F02041.jpg,0.69316,0.68054,0.71685,tu_choi,tu_choi,0,1348
query/P0048T03241A0/P0048T03241A0C2F02521.jpg,48032410,1130032411,gallery/P1130T03241A1/P1130T03241A1C0F08461.jpg,0.65695,0.65695,0.71685,tu_choi,tu_choi,1,1807
query/P1187T03241A2/P1187T03241A2C2F20851.jpg,1187032412,1187032412,gallery/P1187T03241A2/P1187T03241A2C0F16441.jpg,0.70525,0.67269,0.71685,tu_choi,tu_choi,0,1807
query/P0559T03241A2/P0559T03241A2C2F15151.jpg,559032412,538032411,gallery/P0538T03241A1/P0538T03241A1C0F03451.jpg,0.68649,0.68649,0.71685,tu_choi,tu_choi,0,1807
query/P1008T03241A2/P1008T03241A2C2F17011.jpg,1008032412,1008032412,gallery/P1008T03241A2/P1008T03241A2C0F12361.jpg,0.73684,0.68762,0.71685,ban_giao,dung,1,1807
query/P0110T02220A2/P0110T02220A2C2F11041.jpg,110022202,309022200,gallery/P0309T02220A0/P0309T02220A0C0F10501.jpg,0.64171,0.64171,0.71685,tu_choi,tu_choi,0,1348
query/P2244T03241A1/P2244T03241A1C2F20461.jpg,2244032411,2244032411,gallery/P2244T03241A1/P2244T03241A1C0F17401.jpg,0.73888,0.64074,0.71685,ban_giao,dung,1,1807
query/P1024T03241A0/P1024T03241A0C2F14281.jpg,1024032410,802032411,gallery/P0802T03241A1/P0802T03241A1C0F04711.jpg,0.68391,0.68391,0.71685,tu_choi,tu_choi,0,1807
query/P0255T02220A1/P0255T02220A1C2F04651.jpg,255022201,242022201,gallery/P0242T02220A1/P0242T02220A1C0F23281.jpg,0.64553,0.64553,0.71685,tu_choi,tu_choi,1,1348
query/P1360T03241A0/P1360T03241A0C2F13771.jpg,1360032410,1360032410,gallery/P1360T03241A0/P1360T03241A0C0F16441.jpg,0.73375,0.66088,0.71685,ban_giao,dung,1,1807
query/P0653T03220A0/P0653T03220A0C2F08581.jpg,653032200,653032200,gallery/P0653T03220A0/P0653T03220A0C0F08311.jpg,0.74129,0.63704,0.71685,ban_giao,dung,1,1156
query/P0780T03241A1/P0780T03241A1C2F06751.jpg,780032411,460032410,gallery/P0460T03241A0/P0460T03241A0C0F06511.jpg,0.69826,0.69826,0.71685,tu_choi,tu_choi,1,1807
query/P0180T02210A1/P0180T02210A1C2F20281.jpg,180022101,180022101,gallery/P0180T02210A1/P0180T02210A1C0F22381.jpg,0.63536,0.54626,0.71685,tu_choi,tu_choi,0,761
query/P0001T03241A2/P0001T03241A2C2F07411.jpg,1032412,839032411,gallery/P0839T03241A1/P0839T03241A1C0F05161.jpg,0.63288,0.63288,0.71685,tu_choi,tu_choi,1,1807
query/P1252T03220A2/P1252T03220A2C2F19321.jpg,1252032202,653032200,gallery/P0653T03220A0/P0653T03220A0C0F08311.jpg,0.62935,0.62935,0.71685,tu_choi,tu_choi,1,1156
query/P0565T03241A1/P0565T03241A1C2F03031.jpg,565032411,565032411,gallery/P0565T03241A1/P0565T03241A1C0F03691.jpg,0.67393,0.63817,0.71685,tu_choi,tu_choi,1,1807
query/P0206T03241A1/P0206T03241A1C2F05581.jpg,206032411,1907032410,gallery/P1907T03241A0/P1907T03241A0C0F23611.jpg,0.6241,0.6241,0.71685,tu_choi,tu_choi,1,1807
query/P0139T02220A1/P0139T02220A1C2F03091.jpg,139022201,139022201,gallery/P0139T02220A1/P0139T02220A1C0F03151.jpg,0.68245,0.61941,0.71685,tu_choi,tu_choi,1,1348
query/P0397T02220A1/P0397T02220A1C2F09781.jpg,397022201,397022201,gallery/P0397T02220A1/P0397T02220A1C0F26221.jpg,0.66075,0.61989,0.71685,tu_choi,tu_choi,0,1348
query/P0581T03220A2/P0581T03220A2C2F06151.jpg,581032202,653032200,gallery/P0653T03220A0/P0653T03220A0C0F08251.jpg,0.68027,0.68027,0.71685,tu_choi,tu_choi,0,1156
query/P0448T02220A0/P0448T02220A0C2F15451.jpg,448022200,448022200,gallery/P0448T02220A0/P0448T02220A0C0F16171.jpg,0.76691,0.63142,0.71685,ban_giao,dung,0,1348
query/P0839T03241A1/P0839T03241A1C2F08101.jpg,839032411,839032411,gallery/P0839T03241A1/P0839T03241A1C0F05161.jpg,0.63834,0.60324,0.71685,tu_choi,tu_choi,1,1807
query/P0838T03241A2/P0838T03241A2C2F14371.jpg,838032412,48032410,gallery/P0048T03241A0/P0048T03241A0C0F01441.jpg,0.64666,0.64666,0.71685,tu_choi,tu_choi,1,1807
query/P0581T03220A2/P0581T03220A2C2F06061.jpg,581032202,653032200,gallery/P0653T03220A0/P0653T03220A0C0F08311.jpg,0.70296,0.70296,0.71685,tu_choi,tu_choi,0,1156
query/P0562T03241A1/P0562T03241A1C2F02881.jpg,562032411,1860032410,gallery/P1860T03241A0/P1860T03241A0C0F22501.jpg,0.67409,0.67409,0.71685,tu_choi,tu_choi,1,1807
query/P0140T03241A1/P0140T03241A1C2F04591.jpg,140032411,140032411,gallery/P0140T03241A1/P0140T03241A1C0F01501.jpg,0.59971,0.59116,0.71685,tu_choi,tu_choi,1,1807
query/P0319T02220A0/P0319T02220A0C2F15001.jpg,319022200,832022201,gallery/P0832T02220A1/P0832T02220A1C0F26431.jpg,0.63966,0.63966,0.71685,tu_choi,tu_choi,1,1348
query/P0671T02220A0/P0671T02220A0C2F24211.jpg,671022200,671022200,gallery/P0671T02220A0/P0671T02220A0C0F24001.jpg,0.76308,0.69699,0.71685,ban_giao,dung,1,1348
query/P0581T03220A0/P0581T03220A0C2F06361.jpg,581032200,267032200,gallery/P0267T03220A0/P0267T03220A0C0F04591.jpg,0.6598,0.6598,0.71685,tu_choi,tu_choi,0,1156
query/P0544T02220A0/P0544T02220A0C2F26551.jpg,544022200,544022200,gallery/P0544T02220A0/P0544T02220A0C0F19981.jpg,0.78537,0.6327,0.71685,ban_giao,dung,0,1348
query/P0938T03220A1/P0938T03220A1C2F13561.jpg,938032201,1005032200,gallery/P1005T03220A0/P1005T03220A0C0F17161.jpg,0.66015,0.66015,0.71685,tu_choi,tu_choi,0,1156
query/P1248T03241A0/P1248T03241A0C2F16801.jpg,1248032410,48032410,gallery/P0048T03241A0/P0048T03241A0C0F01201.jpg,0.60784,0.60784,0.71685,tu_choi,tu_choi,1,1807
query/P0411T03241A0/P0411T03241A0C2F06571.jpg,411032410,411032410,gallery/P0411T03241A0/P0411T03241A0C0F05221.jpg,0.64021,0.56241,0.71685,tu_choi,tu_choi,0,1807
query/P1496T03241A1/P1496T03241A1C2F12031.jpg,1496032411,57032411,gallery/P0057T03241A1/P0057T03241A1C0F01411.jpg,0.71411,0.71411,0.71685,tu_choi,tu_choi,1,1807
query/P0748T02220A2/P0748T02220A2C2F27961.jpg,748022202,139022201,gallery/P0139T02220A1/P0139T02220A1C0F02611.jpg,0.65651,0.65651,0.71685,tu_choi,tu_choi,1,1348
query/P1376T03220A1/P1376T03220A1C2F19351.jpg,1376032201,572032202,gallery/P0572T03220A2/P0572T03220A2C0F06781.jpg,0.61856,0.61856,0.71685,tu_choi,tu_choi,1,1156
query/P0780T03241A1/P0780T03241A1C2F06841.jpg,780032411,460032410,gallery/P0460T03241A0/P0460T03241A0C0F06271.jpg,0.66405,0.66405,0.71685,tu_choi,tu_choi,1,1807
query/P0138T02220A1/P0138T02220A1C2F02281.jpg,138022201,138022201,gallery/P0138T02220A1/P0138T02220A1C0F04951.jpg,0.70426,0.67818,0.71685,tu_choi,tu_choi,1,1348
query/P1903T03241A0/P1903T03241A0C2F23701.jpg,1903032410,1903032410,gallery/P1903T03241A0/P1903T03241A0C0F22651.jpg,0.60859,0.60392,0.71685,tu_choi,tu_choi,1,1807
query/P0839T03241A1/P0839T03241A1C2F08461.jpg,839032411,460032410,gallery/P0460T03241A0/P0460T03241A0C0F06301.jpg,0.66865,0.66865,0.71685,tu_choi,tu_choi,1,1807
query/P0130T02220A1/P0130T02220A1C2F02851.jpg,130022201,419022201,gallery/P0419T02220A1/P0419T02220A1C0F10681.jpg,0.76174,0.76174,0.71685,ban_giao,sai,0,1348
query/P0808T03220A2/P0808T03220A2C2F09061.jpg,808032202,808032202,gallery/P0808T03220A2/P0808T03220A2C0F09691.jpg,0.62058,0.60718,0.71685,tu_choi,tu_choi,1,1156
query/P0780T03241A1/P0780T03241A1C2F06661.jpg,780032411,460032410,gallery/P0460T03241A0/P0460T03241A0C0F06241.jpg,0.67256,0.67256,0.71685,tu_choi,tu_choi,1,1807
query/P0323T03220A1/P0323T03220A1C2F15751.jpg,323032201,653032200,gallery/P0653T03220A0/P0653T03220A0C0F08101.jpg,0.63871,0.63871,0.71685,tu_choi,tu_choi,1,1156
query/P0406T03220A1/P0406T03220A1C2F03331.jpg,406032201,216032200,gallery/P0216T03220A0/P0216T03220A0C0F02731.jpg,0.64605,0.64605,0.71685,tu_choi,tu_choi,0,1156
query/P0359T03241A0/P0359T03241A0C2F00211.jpg,359032410,511032410,gallery/P0511T03241A0/P0511T03241A0C0F05101.jpg,0.69331,0.69331,0.71685,tu_choi,tu_choi,1,1807
query/P1008T03241A2/P1008T03241A2C2F16561.jpg,1008032412,511032410,gallery/P0511T03241A0/P0511T03241A0C0F05251.jpg,0.65508,0.65508,0.71685,tu_choi,tu_choi,1,1807
query/P0455T03241A0/P0455T03241A0C2F07711.jpg,455032410,455032410,gallery/P0455T03241A0/P0455T03241A0C0F06211.jpg,0.72099,0.6551,0.71685,ban_giao,dung,0,1807
query/P1435T03241A0/P1435T03241A0C2F18001.jpg,1435032410,1435032410,gallery/P1435T03241A0/P1435T03241A0C0F16771.jpg,0.74379,0.71217,0.71685,ban_giao,dung,1,1807
query/P0783T03220A0/P0783T03220A0C2F11581.jpg,783032200,783032200,gallery/P0783T03220A0/P0783T03220A0C0F11581.jpg,0.71901,0.62107,0.71685,ban_giao,dung,1,1156
query/P0463T02220A0/P0463T02220A0C2F16111.jpg,463022200,463022200,gallery/P0463T02220A0/P0463T02220A0C0F17251.jpg,0.78405,0.65234,0.71685,ban_giao,dung,1,1348
query/P0748T02220A2/P0748T02220A2C2F28261.jpg,748022202,463022200,gallery/P0463T02220A0/P0463T02220A0C0F17251.jpg,0.64202,0.64202,0.71685,tu_choi,tu_choi,1,1348
query/P0815T03220A1/P0815T03220A1C2F11971.jpg,815032201,267032200,gallery/P0267T03220A0/P0267T03220A0C0F04591.jpg,0.62503,0.62503,0.71685,tu_choi,tu_choi,0,1156
query/P1150T03241A2/P1150T03241A2C2F23761.jpg,1150032412,972032410,gallery/P0972T03241A0/P0972T03241A0C0F11881.jpg,0.70786,0.70786,0.71685,tu_choi,tu_choi,1,1807
query/P0320T02220A0/P0320T02220A0C2F14761.jpg,320022200,832022201,gallery/P0832T02220A1/P0832T02220A1C0F26431.jpg,0.67934,0.67934,0.71685,tu_choi,tu_choi,1,1348
query/P0656T02220A2/P0656T02220A2C2F19981.jpg,656022202,309022200,gallery/P0309T02220A0/P0309T02220A0C0F10531.jpg,0.66794,0.66794,0.71685,tu_choi,tu_choi,1,1348
query/P1024T03241A0/P1024T03241A0C2F14311.jpg,1024032410,802032411,gallery/P0802T03241A1/P0802T03241A1C0F05071.jpg,0.67591,0.67591,0.71685,tu_choi,tu_choi,0,1807
query/P0469T03241A0/P0469T03241A0C2F06511.jpg,469032410,460032410,gallery/P0460T03241A0/P0460T03241A0C0F06271.jpg,0.66845,0.66845,0.71685,tu_choi,tu_choi,1,1807
query/P2106T03241A0/P2106T03241A0C2F22771.jpg,2106032410,1287032410,gallery/P1287T03241A0/P1287T03241A0C0F15301.jpg,0.73965,0.73965,0.71685,ban_giao,sai,0,1807
query/P1275T03241A2/P1275T03241A2C2F22111.jpg,1275032412,2207032410,gallery/P2207T03241A0/P2207T03241A0C0F26881.jpg,0.61972,0.61972,0.71685,tu_choi,tu_choi,1,1807
query/P0808T03220A2/P0808T03220A2C2F08791.jpg,808032202,808032202,gallery/P0808T03220A2/P0808T03220A2C0F09691.jpg,0.59146,0.58923,0.71685,tu_choi,tu_choi,1,1156
query/P0559T03241A1/P0559T03241A1C2F03151.jpg,559032411,559032411,gallery/P0559T03241A1/P0559T03241A1C0F03631.jpg,0.71805,0.65782,0.71685,ban_giao,dung,0,1807
query/P0692T02220A0/P0692T02220A0C2F25171.jpg,692022200,692022200,gallery/P0692T02220A0/P0692T02220A0C0F25051.jpg,0.70663,0.65951,0.71685,tu_choi,tu_choi,1,1348
query/P0572T03220A2/P0572T03220A2C2F05671.jpg,572032202,581032202,gallery/P0581T03220A2/P0581T03220A2C0F05971.jpg,0.6525,0.6525,0.71685,tu_choi,tu_choi,0,1156
query/P2423T03241A1/P2423T03241A1C2F16651.jpg,2423032411,460032410,gallery/P0460T03241A0/P0460T03241A0C0F06271.jpg,0.70332,0.70332,0.71685,tu_choi,tu_choi,0,1807
query/P0454T03241A2/P0454T03241A2C2F10591.jpg,454032412,1907032410,gallery/P1907T03241A0/P1907T03241A0C0F24331.jpg,0.63149,0.63149,0.71685,tu_choi,tu_choi,1,1807
query/P0639T03220A2/P0639T03220A2C2F06691.jpg,639032202,171032202,gallery/P0171T03220A2/P0171T03220A2C0F01741.jpg,0.61981,0.61981,0.71685,tu_choi,tu_choi,1,1156
query/P1435T03241A0/P1435T03241A0C2F18121.jpg,1435032410,1435032410,gallery/P1435T03241A0/P1435T03241A0C0F16951.jpg,0.72604,0.71163,0.71685,ban_giao,dung,1,1807
query/P2256T03241A1/P2256T03241A1C2F15661.jpg,2256032411,2256032411,gallery/P2256T03241A1/P2256T03241A1C0F17161.jpg,0.64756,0.63892,0.71685,tu_choi,tu_choi,0,1807
query/P0009T02220A1/P0009T02220A1C2F00271.jpg,9022201,416022202,gallery/P0416T02220A2/P0416T02220A2C0F14521.jpg,0.59468,0.59468,0.71685,tu_choi,tu_choi,0,1348
query/P0118T02220A1/P0118T02220A1C2F02101.jpg,118022201,139022201,gallery/P0139T02220A1/P0139T02220A1C0F03211.jpg,0.67377,0.67377,0.71685,tu_choi,tu_choi,0,1348
query/P1860T03241A0/P1860T03241A0C2F23971.jpg,1860032410,1860032410,gallery/P1860T03241A0/P1860T03241A0C0F22141.jpg,0.77717,0.70064,0.71685,ban_giao,dung,1,1807
query/P0471T02220A2/P0471T02220A2C2F16771.jpg,471022202,419022201,gallery/P0419T02220A1/P0419T02220A1C0F10621.jpg,0.60003,0.60003,0.71685,tu_choi,tu_choi,1,1348
query/P0323T03220A1/P0323T03220A1C2F15541.jpg,323032201,267032200,gallery/P0267T03220A0/P0267T03220A0C0F04591.jpg,0.71449,0.71449,0.71685,tu_choi,tu_choi,1,1156
query/P1230T03220A1/P1230T03220A1C2F17101.jpg,1230032201,216032200,gallery/P0216T03220A0/P0216T03220A0C0F02731.jpg,0.66013,0.66013,0.71685,tu_choi,tu_choi,1,1156
query/P0406T03220A1/P0406T03220A1C2F03751.jpg,406032201,406032201,gallery/P0406T03220A1/P0406T03220A1C0F04261.jpg,0.6559,0.62142,0.71685,tu_choi,tu_choi,0,1156
query/P1376T03220A1/P1376T03220A1C2F19201.jpg,1376032201,267032200,gallery/P0267T03220A0/P0267T03220A0C0F04591.jpg,0.62035,0.62035,0.71685,tu_choi,tu_choi,1,1156
query/P0242T02220A1/P0242T02220A1C2F28951.jpg,242022201,242022201,gallery/P0242T02220A1/P0242T02220A1C0F18691.jpg,0.71337,0.59605,0.71685,tu_choi,tu_choi,0,1348
query/P0470T03220A0/P0470T03220A0C2F05731.jpg,470032200,470032200,gallery/P0470T03220A0/P0470T03220A0C0F05791.jpg,0.68933,0.65054,0.71685,tu_choi,tu_choi,1,1156
query/P0343T02220A0/P0343T02220A0C2F29251.jpg,343022200,107022201,gallery/P0107T02220A1/P0107T02220A1C0F02371.jpg,0.6333,0.6333,0.71685,tu_choi,tu_choi,0,1348
query/P1236T03220A2/P1236T03220A2C2F14131.jpg,1236032202,587032200,gallery/P0587T03220A0/P0587T03220A0C0F07141.jpg,0.6293,0.6293,0.71685,tu_choi,tu_choi,0,1156
query/P0178T03220A1/P0178T03220A1C2F00871.jpg,178032201,267032200,gallery/P0267T03220A0/P0267T03220A0C0F04591.jpg,0.6563,0.6563,0.71685,tu_choi,tu_choi,0,1156
query/P0001T03241A2/P0001T03241A2C2F07861.jpg,1032412,1046032410,gallery/P1046T03241A0/P1046T03241A0C0F12691.jpg,0.69435,0.69435,0.71685,tu_choi,tu_choi,1,1807
query/P0559T02220A2/P0559T02220A2C2F23161.jpg,559022202,309022200,gallery/P0309T02220A0/P0309T02220A0C0F10531.jpg,0.69124,0.69124,0.71685,tu_choi,tu_choi,1,1348
query/P0631T03220A2/P0631T03220A2C2F10201.jpg,631032202,216032200,gallery/P0216T03220A0/P0216T03220A0C0F02731.jpg,0.63954,0.63954,0.71685,tu_choi,tu_choi,1,1156
query/P0302T03241A2/P0302T03241A2C2F08311.jpg,302032412,48032410,gallery/P0048T03241A0/P0048T03241A0C0F01441.jpg,0.70992,0.70992,0.71685,tu_choi,tu_choi,1,1807
query/P0226T02220A2/P0226T02220A2C2F08131.jpg,226022202,62022200,gallery/P0062T02220A0/P0062T02220A0C0F00751.jpg,0.68674,0.68674,0.71685,tu_choi,tu_choi,0,1348
query/P0577T02220A0/P0577T02220A0C2F20791.jpg,577022200,62022200,gallery/P0062T02220A0/P0062T02220A0C0F00751.jpg,0.68686,0.68686,0.71685,tu_choi,tu_choi,1,1348
query/P0748T02220A2/P0748T02220A2C2F27781.jpg,748022202,313022200,gallery/P0313T02220A0/P0313T02220A0C0F12181.jpg,0.61571,0.61571,0.71685,tu_choi,tu_choi,1,1348
query/P1046T03241A0/P1046T03241A0C2F09931.jpg,1046032410,1046032410,gallery/P1046T03241A0/P1046T03241A0C0F13561.jpg,0.8398,0.72063,0.71685,ban_giao,dung,1,1807
query/P0755T03220A2/P0755T03220A2C2F07801.jpg,755032202,178032201,gallery/P0178T03220A1/P0178T03220A1C0F02161.jpg,0.5958,0.5958,0.71685,tu_choi,tu_choi,1,1156
query/P0755T03220A2/P0755T03220A2C2F07621.jpg,755032202,783032200,gallery/P0783T03220A0/P0783T03220A0C0F11911.jpg,0.66241,0.66241,0.71685,tu_choi,tu_choi,1,1156
query/P0559T02220A2/P0559T02220A2C2F23191.jpg,559022202,832022201,gallery/P0832T02220A1/P0832T02220A1C0F26491.jpg,0.68725,0.68725,0.71685,tu_choi,tu_choi,1,1348
query/P1187T03241A2/P1187T03241A2C2F20521.jpg,1187032412,48032410,gallery/P0048T03241A0/P0048T03241A0C0F01441.jpg,0.66976,0.66976,0.71685,tu_choi,tu_choi,0,1807
query/P1151T03241A2/P1151T03241A2C2F23791.jpg,1151032412,1151032412,gallery/P1151T03241A2/P1151T03241A2C0F15661.jpg,0.70785,0.66735,0.71685,tu_choi,tu_choi,0,1807
query/P0748T02220A2/P0748T02220A2C2F27991.jpg,748022202,313022200,gallery/P0313T02220A0/P0313T02220A0C0F12181.jpg,0.61073,0.61073,0.71685,tu_choi,tu_choi,1,1348
query/P0463T02220A0/P0463T02220A0C2F15601.jpg,463022200,463022200,gallery/P0463T02220A0/P0463T02220A0C0F17251.jpg,0.75305,0.69409,0.71685,ban_giao,dung,1,1348
query/P0844T03241A1/P0844T03241A1C2F08011.jpg,844032411,844032411,gallery/P0844T03241A1/P0844T03241A1C0F05251.jpg,0.65452,0.6378,0.71685,tu_choi,tu_choi,1,1807
query/P0471T02220A2/P0471T02220A2C2F15571.jpg,471022202,471022202,gallery/P0471T02220A2/P0471T02220A2C0F14911.jpg,0.64418,0.62196,0.71685,tu_choi,tu_choi,1,1348
query/P1722T03220A2/P1722T03220A2C2F20911.jpg,1722032202,587032200,gallery/P0587T03220A0/P0587T03220A0C0F06811.jpg,0.64431,0.64431,0.71685,tu_choi,tu_choi,1,1156
query/P0319T02220A0/P0319T02220A0C2F14251.jpg,319022200,419022201,gallery/P0419T02220A1/P0419T02220A1C0F09901.jpg,0.73798,0.73798,0.71685,ban_giao,sai,1,1348
query/P0559T03241A2/P0559T03241A2C2F15631.jpg,559032412,666032412,gallery/P0666T03241A2/P0666T03241A2C0F08641.jpg,0.56679,0.56679,0.71685,tu_choi,tu_choi,0,1807
query/P0460T03241A0/P0460T03241A0C2F06631.jpg,460032410,460032410,gallery/P0460T03241A0/P0460T03241A0C0F05941.jpg,0.71798,0.58547,0.71685,ban_giao,dung,0,1807
query/P1236T03220A2/P1236T03220A2C2F14071.jpg,1236032202,587032200,gallery/P0587T03220A0/P0587T03220A0C0F07141.jpg,0.63974,0.63974,0.71685,tu_choi,tu_choi,0,1156
query/P1261T03220A2/P1261T03220A2C2F19561.jpg,1261032202,1261032202,gallery/P1261T03220A2/P1261T03220A2C0F15181.jpg,0.69053,0.68362,0.71685,tu_choi,tu_choi,0,1156
query/P0001T03241A0/P0001T03241A0C2F00751.jpg,1032410,1032410,gallery/P0001T03241A0/P0001T03241A0C0F00271.jpg,0.67354,0.66546,0.71685,tu_choi,tu_choi,0,1807
query/P0397T02220A1/P0397T02220A1C2F08731.jpg,397022201,326022201,gallery/P0326T02220A1/P0326T02220A1C0F06121.jpg,0.60405,0.60405,0.71685,tu_choi,tu_choi,0,1348
query/P0796T03220A1/P0796T03220A1C2F17251.jpg,796032201,796032201,gallery/P0796T03220A1/P0796T03220A1C0F13411.jpg,0.67133,0.62649,0.71685,tu_choi,tu_choi,1,1156
query/P0388T03220A2/P0388T03220A2C2F02851.jpg,388032202,587032200,gallery/P0587T03220A0/P0587T03220A0C0F06721.jpg,0.63046,0.63046,0.71685,tu_choi,tu_choi,0,1156
query/P1496T03241A1/P1496T03241A1C2F11191.jpg,1496032411,460032410,gallery/P0460T03241A0/P0460T03241A0C0F06271.jpg,0.76874,0.76874,0.71685,ban_giao,sai,1,1807
query/P0724T03241A0/P0724T03241A0C2F10441.jpg,724032410,724032410,gallery/P0724T03241A0/P0724T03241A0C0F08761.jpg,0.74796,0.74147,0.71685,ban_giao,dung,1,1807
query/P0783T03220A0/P0783T03220A0C2F11911.jpg,783032200,783032200,gallery/P0783T03220A0/P0783T03220A0C0F11611.jpg,0.76223,0.63885,0.71685,ban_giao,dung,1,1156
query/P0763T03241A2/P0763T03241A2C2F18541.jpg,763032412,57032411,gallery/P0057T03241A1/P0057T03241A1C0F01411.jpg,0.69671,0.69671,0.71685,tu_choi,tu_choi,1,1807
query/P0001T03241A2/P0001T03241A2C2F08251.jpg,1032412,460032410,gallery/P0460T03241A0/P0460T03241A0C0F06301.jpg,0.69602,0.69602,0.71685,tu_choi,tu_choi,1,1807
query/P0538T03241A1/P0538T03241A1C2F04171.jpg,538032411,538032411,gallery/P0538T03241A1/P0538T03241A1C0F04981.jpg,0.64665,0.6379,0.71685,tu_choi,tu_choi,0,1807
query/P1261T03220A2/P1261T03220A2C2F19921.jpg,1261032202,1261032202,gallery/P1261T03220A2/P1261T03220A2C0F15181.jpg,0.67124,0.6285,0.71685,tu_choi,tu_choi,0,1156
query/P0511T03241A0/P0511T03241A0C2F02581.jpg,511032410,511032410,gallery/P0511T03241A0/P0511T03241A0C0F05971.jpg,0.77435,0.68411,0.71685,ban_giao,dung,0,1807
query/P0431T03241A1/P0431T03241A1C2F04921.jpg,431032411,1860032410,gallery/P1860T03241A0/P1860T03241A0C0F23491.jpg,0.65293,0.65293,0.71685,tu_choi,tu_choi,0,1807
query/P1036T03220A0/P1036T03220A0C2F16801.jpg,1036032200,398032201,gallery/P0398T03220A1/P0398T03220A1C0F05041.jpg,0.69639,0.69639,0.71685,tu_choi,tu_choi,1,1156
query/P0503T02220A2/P0503T02220A2C2F16801.jpg,503022202,139022201,gallery/P0139T02220A1/P0139T02220A1C0F02821.jpg,0.76336,0.76336,0.71685,ban_giao,sai,1,1348
query/P1376T03220A1/P1376T03220A1C2F19411.jpg,1376032201,267032200,gallery/P0267T03220A0/P0267T03220A0C0F04591.jpg,0.62461,0.62461,0.71685,tu_choi,tu_choi,1,1156
query/P1287T03241A0/P1287T03241A0C2F22861.jpg,1287032410,1287032410,gallery/P1287T03241A0/P1287T03241A0C0F15331.jpg,0.75297,0.61217,0.71685,ban_giao,dung,0,1807
query/P1267T03241A0/P1267T03241A0C2F11701.jpg,1267032410,1267032410,gallery/P1267T03241A0/P1267T03241A0C0F15061.jpg,0.75113,0.66528,0.71685,ban_giao,dung,1,1807
query/P0699T02220A1/P0699T02220A1C2F19261.jpg,699022201,671022200,gallery/P0671T02220A0/P0671T02220A0C0F23821.jpg,0.64474,0.64474,0.71685,tu_choi,tu_choi,0,1348
query/P1635T03220A1/P1635T03220A1C2F23551.jpg,1635032201,1085032201,gallery/P1085T03220A1/P1085T03220A1C0F15901.jpg,0.68165,0.68165,0.71685,tu_choi,tu_choi,1,1156
query/P0838T03241A2/P0838T03241A2C2F14461.jpg,838032412,511032410,gallery/P0511T03241A0/P0511T03241A0C0F05941.jpg,0.65903,0.65903,0.71685,tu_choi,tu_choi,1,1807
query/P1252T03220A2/P1252T03220A2C2F19291.jpg,1252032202,653032200,gallery/P0653T03220A0/P0653T03220A0C0F08311.jpg,0.62953,0.62953,0.71685,tu_choi,tu_choi,1,1156
query/P0565T03241A1/P0565T03241A1C2F03391.jpg,565032411,565032411,gallery/P0565T03241A1/P0565T03241A1C0F03691.jpg,0.70678,0.6309,0.71685,tu_choi,tu_choi,1,1807
query/P0183T03241A1/P0183T03241A1C2F04021.jpg,183032411,863032412,gallery/P0863T03241A2/P0863T03241A2C0F11701.jpg,0.66735,0.66735,0.71685,tu_choi,tu_choi,0,1807
query/P0873T03220A1/P0873T03220A1C2F12481.jpg,873032201,1085032201,gallery/P1085T03220A1/P1085T03220A1C0F15901.jpg,0.6607,0.6607,0.71685,tu_choi,tu_choi,1,1156
query/P0412T03241A1/P0412T03241A1C2F06241.jpg,412032411,511032410,gallery/P0511T03241A0/P0511T03241A0C0F05101.jpg,0.63494,0.63494,0.71685,tu_choi,tu_choi,1,1807
query/P1860T03241A0/P1860T03241A0C2F23941.jpg,1860032410,1860032410,gallery/P1860T03241A0/P1860T03241A0C0F22141.jpg,0.74515,0.67689,0.71685,ban_giao,dung,1,1807
query/P1903T03241A0/P1903T03241A0C2F24061.jpg,1903032410,1903032410,gallery/P1903T03241A0/P1903T03241A0C0F22651.jpg,0.65982,0.6534,0.71685,tu_choi,tu_choi,1,1807
query/P0455T03241A2/P0455T03241A2C2F10261.jpg,455032412,455032412,gallery/P0455T03241A2/P0455T03241A2C0F05641.jpg,0.70386,0.69009,0.71685,tu_choi,tu_choi,1,1807
