truy_van,pid_that,pid_du_doan,anh_uav_chon,diem_co_mat,diem_vang_mat,nguong,quyet_dinh,ket_qua,giong_ao,so_ung_vien
query/P0399T03220A0/P0399T03220A0C3F02311.jpg,399032200,399032200,gallery/P0399T03220A0/P0399T03220A0C0F04711.jpg,0.65246,0.58775,0.72739,tu_choi,tu_choi,1,909
query/P0010T02210A0/P0010T02210A0C3F1441.jpg,10022100,10022100,gallery/P0010T02210A0/P0010T02210A0C0F1981.jpg,0.63661,0.55706,0.72739,tu_choi,tu_choi,0,1625
query/P1005T03220A0/P1005T03220A0C3F09631.jpg,1005032200,399032200,gallery/P0399T03220A0/P0399T03220A0C0F04741.jpg,0.62518,0.62518,0.72739,tu_choi,tu_choi,0,909
query/P0851T03241A2/P0851T03241A2C3F08671.jpg,851032412,1860032410,gallery/P1860T03241A0/P1860T03241A0C0F23251.jpg,0.66336,0.66336,0.72739,tu_choi,tu_choi,1,2235
query/P0244T03220A0/P0244T03220A0C3F01891.jpg,244032200,244032200,gallery/P0244T03220A0/P0244T03220A0C0F03001.jpg,0.65318,0.62047,0.72739,tu_choi,tu_choi,1,909
query/P0139T03241A0/P0139T03241A0C3F00481.jpg,139032410,1798032410,gallery/P1798T03241A0/P1798T03241A0C0F21061.jpg,0.67721,0.67721,0.72739,tu_choi,tu_choi,1,2235
query/P0576T03241A1/P0576T03241A1C3F01831.jpg,576032411,1860032410,gallery/P1860T03241A0/P1860T03241A0C0F22351.jpg,0.74614,0.74614,0.72739,ban_giao,sai,1,2235
query/P0789T02220A1/P0789T02220A1C3F12451.jpg,789022201,789022201,gallery/P0789T02220A1/P0789T02220A1C0F24781.jpg,0.74184,0.68903,0.72739,ban_giao,dung,0,1680
query/P0748T02220A2/P0748T02220A2C3F12211.jpg,748022202,338022200,gallery/P0338T02220A0/P0338T02220A0C0F13531.jpg,0.63224,0.63224,0.72739,tu_choi,tu_choi,1,1680
query/P0135T02210A1/P0135T02210A1C3F5521.jpg,135022101,135022101,gallery/P0135T02210A1/P0135T02210A1C0F11221.jpg,0.68907,0.60969,0.72739,tu_choi,tu_choi,0,1625
query/P0244T03220A0/P0244T03220A0C3F01981.jpg,244032200,933032201,gallery/P0933T03220A1/P0933T03220A1C0F14911.jpg,0.64346,0.64346,0.72739,tu_choi,tu_choi,1,909
query/P0851T03241A2/P0851T03241A2C3F08641.jpg,851032412,2579032411,gallery/P2579T03241A1/P2579T03241A1C0F19981.jpg,0.68017,0.68017,0.72739,tu_choi,tu_choi,1,2235
query/P0988T03241A1/P0988T03241A1C3F03001.jpg,988032411,2342032411,gallery/P2342T03241A1/P2342T03241A1C0F18181.jpg,0.77708,0.77708,0.72739,ban_giao,sai,0,2235
query/P1137T03241A2/P1137T03241A2C3F09481.jpg,1137032412,1154032412,gallery/P1154T03241A2/P1154T03241A2C0F15031.jpg,0.59198,0.59198,0.72739,tu_choi,tu_choi,0,2235
query/P0342T02220A2/P0342T02220A2C3F08521.jpg,342022202,342022202,gallery/P0342T02220A2/P0342T02220A2C0F15151.jpg,0.67491,0.6471,0.72739,tu_choi,tu_choi,0,1680
query/P0763T03241A1/P0763T03241A1C3F01921.jpg,763032411,763032411,gallery/P0763T03241A1/P0763T03241A1C0F04351.jpg,0.80042,0.65871,0.72739,ban_giao,dung,1,2235
query/P0422T03241A2/P0422T03241A2C3F05521.jpg,422032412,422032412,gallery/P0422T03241A2/P0422T03241A2C0F04921.jpg,0.72421,0.6885,0.72739,tu_choi,tu_choi,0,2235
query/P0748T02220A2/P0748T02220A2C3F12091.jpg,748022202,748022202,gallery/P0748T02220A2/P0748T02220A2C0F21061.jpg,0.65286,0.64197,0.72739,tu_choi,tu_choi,1,1680
query/P0988T03241A1/P0988T03241A1C3F03481.jpg,988032411,988032411,gallery/P0988T03241A1/P0988T03241A1C0F06751.jpg,0.7039,0.69805,0.72739,tu_choi,tu_choi,0,2235
query/P1316T03241A1/P1316T03241A1C3F05401.jpg,1316032411,1860032410,gallery/P1860T03241A0/P1860T03241A0C0F23611.jpg,0.73887,0.73887,0.72739,ban_giao,sai,0,2235
query/P1925T03220A2/P1925T03220A2C3F13411.jpg,1925032202,399032200,gallery/P0399T03220A0/P0399T03220A0C0F05071.jpg,0.62225,0.62225,0.72739,tu_choi,tu_choi,0,909
query/P1202T03241A1/P1202T03241A1C3F04201.jpg,1202032411,1202032411,gallery/P1202T03241A1/P1202T03241A1C0F09691.jpg,0.69172,0.68051,0.72739,tu_choi,tu_choi,1,2235
query/P2448T03241A1/P2448T03241A1C3F10021.jpg,2448032411,2448032411,gallery/P2448T03241A1/P2448T03241A1C0F18661.jpg,0.7481,0.72927,0.72739,ban_giao,dung,1,2235
query/P2041T03241A1/P2041T03241A1C3F08461.jpg,2041032411,2041032411,gallery/P2041T03241A1/P2041T03241A1C0F16111.jpg,0.67081,0.65898,0.72739,tu_choi,tu_choi,1,2235
query/P0582T03220A1/P0582T03220A1C3F04021.jpg,582032201,582032201,gallery/P0582T03220A1/P0582T03220A1C0F08401.jpg,0.64751,0.57195,0.72739,tu_choi,tu_choi,0,909
query/P0780T03241A0/P0780T03241A0C3F04441.jpg,780032410,780032410,gallery/P0780T03241A0/P0780T03241A0C0F09931.jpg,0.6991,0.66958,0.72739,tu_choi,tu_choi,1,2235
query/P1630T03220A0/P1630T03220A0C3F13921.jpg,1630032200,1630032200,gallery/P1630T03220A0/P1630T03220A0C0F27691.jpg,0.60254,0.57789,0.72739,tu_choi,tu_choi,0,909
query/P1654T03220A1/P1654T03220A1C3F12061.jpg,1654032201,1654032201,gallery/P1654T03220A1/P1654T03220A1C0F24391.jpg,0.62565,0.58626,0.72739,tu_choi,tu_choi,0,909
query/P1248T03241A0/P1248T03241A0C3F11131.jpg,1248032410,149032410,gallery/P0149T03241A0/P0149T03241A0C0F02341.jpg,0.65418,0.65418,0.72739,tu_choi,tu_choi,1,2235
query/P0552T02220A1/P0552T02220A1C3F06661.jpg,552022201,552022201,gallery/P0552T02220A1/P0552T02220A1C0F13201.jpg,0.7125,0.68831,0.72739,tu_choi,tu_choi,1,1680
query/P0968T03220A1/P0968T03220A1C3F07051.jpg,968032201,790032200,gallery/P0790T03220A0/P0790T03220A0C0F11791.jpg,0.63595,0.63595,0.72739,tu_choi,tu_choi,0,909
query/P1740T03220A2/P1740T03220A2C3F10471.jpg,1740032202,1447032200,gallery/P1447T03220A0/P1447T03220A0C0F22111.jpg,0.61524,0.61524,0.72739,tu_choi,tu_choi,1,909
query/P0653T03220A0/P0653T03220A0C3F04501.jpg,653032200,1511032200,gallery/P1511T03220A0/P1511T03220A0C0F25621.jpg,0.72582,0.72582,0.72739,tu_choi,tu_choi,1,909
query/P0517T02220A1/P0517T02220A1C3F07231.jpg,517022201,517022201,gallery/P0517T02220A1/P0517T02220A1C0F10921.jpg,0.71776,0.6691,0.72739,tu_choi,tu_choi,0,1680
query/P2342T03241A1/P2342T03241A1C3F09451.jpg,2342032411,2342032411,gallery/P2342T03241A1/P2342T03241A1C0F18241.jpg,0.71648,0.70397,0.72739,tu_choi,tu_choi,1,2235
query/P0269T02220A0/P0269T02220A0C3F05731.jpg,269022200,269022200,gallery/P0269T02220A0/P0269T02220A0C0F08611.jpg,0.71721,0.6819,0.72739,tu_choi,tu_choi,1,1680
query/P1316T03241A1/P1316T03241A1C3F05131.jpg,1316032411,1316032411,gallery/P1316T03241A1/P1316T03241A1C0F11401.jpg,0.64148,0.63888,0.72739,tu_choi,tu_choi,0,2235
query/P0313T02220A0/P0313T02220A0C3F07111.jpg,313022200,313022200,gallery/P0313T02220A0/P0313T02220A0C0F10411.jpg,0.71354,0.6656,0.72739,tu_choi,tu_choi,0,1680
query/P0094T02220A1/P0094T02220A1C3F02221.jpg,94022201,789022201,gallery/P0789T02220A1/P0789T02220A1C0F24661.jpg,0.70187,0.70187,0.72739,tu_choi,tu_choi,0,1680
query/P0581T03220A2/P0581T03220A2C3F03151.jpg,581032202,581032202,gallery/P0581T03220A2/P0581T03220A2C0F05971.jpg,0.69393,0.68096,0.72739,tu_choi,tu_choi,0,909
query/P0422T03241A2/P0422T03241A2C3F05551.jpg,422032412,422032412,gallery/P0422T03241A2/P0422T03241A2C0F04861.jpg,0.76146,0.71793,0.72739,ban_giao,dung,0,2235
query/P0575T03241A2/P0575T03241A2C3F07111.jpg,575032412,575032412,gallery/P0575T03241A2/P0575T03241A2C0F07651.jpg,0.74403,0.70599,0.72739,ban_giao,dung,1,2235
query/P1655T03220A1/P1655T03220A1C3F12121.jpg,1655032201,1005032200,gallery/P1005T03220A0/P1005T03220A0C0F16891.jpg,0.59445,0.59445,0.72739,tu_choi,tu_choi,0,909
query/P0470T03241A1/P0470T03241A1C3F03061.jpg,470032411,896032410,gallery/P0896T03241A0/P0896T03241A0C0F11731.jpg,0.72445,0.72445,0.72739,tu_choi,tu_choi,1,2235
query/P0845T03241A0/P0845T03241A0C3F02851.jpg,845032410,845032410,gallery/P0845T03241A0/P0845T03241A0C0F10861.jpg,0.61259,0.59899,0.72739,tu_choi,tu_choi,1,2235
query/P1630T03220A0/P1630T03220A0C3F13801.jpg,1630032200,1630032200,gallery/P1630T03220A0/P1630T03220A0C0F27691.jpg,0.67138,0.63489,0.72739,tu_choi,tu_choi,0,909
query/P1337T03220A2/P1337T03220A2C3F09511.jpg,1337032202,171032202,gallery/P0171T03220A2/P0171T03220A2C0F01831.jpg,0.59793,0.59793,0.72739,tu_choi,tu_choi,0,909
query/P0851T03241A2/P0851T03241A2C3F08191.jpg,851032412,851032412,gallery/P0851T03241A2/P0851T03241A2C0F10861.jpg,0.73598,0.69291,0.72739,ban_giao,dung,1,2235
query/P0056T02140A1/P0056T02140A1C3F12541.jpg,56021401,56021401,gallery/P0056T02140A1/P0056T02140A1C0F24781.jpg,0.72264,0.58957,0.72739,tu_choi,tu_choi,1,358
query/P2207T03241A0/P2207T03241A0C3F12241.jpg,2207032410,679032410,gallery/P0679T03241A0/P0679T03241A0C0F08461.jpg,0.58134,0.58134,0.72739,tu_choi,tu_choi,0,2235
query/P0123T02210A1/P0123T02210A1C3F3721.jpg,123022101,123022101,gallery/P0123T02210A1/P0123T02210A1C0F11851.jpg,0.65868,0.64082,0.72739,tu_choi,tu_choi,0,1625
query/P0780T03241A0/P0780T03241A0C3F04321.jpg,780032410,780032410,gallery/P0780T03241A0/P0780T03241A0C0F10501.jpg,0.68982,0.68524,0.72739,tu_choi,tu_choi,1,2235
query/P0544T02220A0/P0544T02220A0C3F09931.jpg,544022200,544022200,gallery/P0544T02220A0/P0544T02220A0C0F20011.jpg,0.77411,0.69173,0.72739,ban_giao,dung,0,1680
query/P0276T04041A2/P0276T04041A2C3F7411.jpg,276040412,276040412,gallery/P0276T04041A2/P0276T04041A2C0F13981.jpg,0.71422,0.68003,0.72739,tu_choi,tu_choi,0,1940
query/P0288T03241A2/P0288T03241A2C3F05401.jpg,288032412,780032410,gallery/P0780T03241A0/P0780T03241A0C0F10651.jpg,0.66407,0.66407,0.72739,tu_choi,tu_choi,0,2235
query/P0790T03220A0/P0790T03220A0C3F05911.jpg,790032200,790032200,gallery/P0790T03220A0/P0790T03220A0C0F12751.jpg,0.72263,0.70881,0.72739,tu_choi,tu_choi,1,909
query/P0860T02220A2/P0860T02220A2C3F12811.jpg,860022202,462022200,gallery/P0462T02220A0/P0462T02220A0C0F17041.jpg,0.70319,0.70319,0.72739,tu_choi,tu_choi,1,1680
query/P0565T03241A1/P0565T03241A1C3F01831.jpg,565032411,565032411,gallery/P0565T03241A1/P0565T03241A1C0F03961.jpg,0.75108,0.73173,0.72739,ban_giao,dung,1,2235
query/P1130T03241A2/P1130T03241A2C3F11581.jpg,1130032412,1427032410,gallery/P1427T03241A0/P1427T03241A0C0F16651.jpg,0.69127,0.69127,0.72739,tu_choi,tu_choi,1,2235
query/P0371T03241A2/P0371T03241A2C3F04861.jpg,371032412,780032410,gallery/P0780T03241A0/P0780T03241A0C0F10471.jpg,0.68807,0.68807,0.72739,tu_choi,tu_choi,0,2235
query/P0860T02220A2/P0860T02220A2C3F12241.jpg,860022202,860022202,gallery/P0860T02220A2/P0860T02220A2C0F21901.jpg,0.67048,0.6584,0.72739,tu_choi,tu_choi,1,1680
query/P0455T03241A0/P0455T03241A0C3F03031.jpg,455032410,455032410,gallery/P0455T03241A0/P0455T03241A0C0F06511.jpg,0.8004,0.69847,0.72739,ban_giao,dung,0,2235
query/P0184T04041A1/P0184T04041A1C3F10561.jpg,184040411,185040411,gallery/P0185T04041A1/P0185T04041A1C0F21451.jpg,0.72742,0.72742,0.72739,ban_giao,sai,1,1940
query/P0763T03241A1/P0763T03241A1C3F02041.jpg,763032411,763032411,gallery/P0763T03241A1/P0763T03241A1C0F04351.jpg,0.84663,0.66656,0.72739,ban_giao,dung,1,2235
query/P1925T03220A2/P1925T03220A2C3F13321.jpg,1925032202,938032200,gallery/P0938T03220A0/P0938T03220A0C0F16021.jpg,0.66654,0.66654,0.72739,tu_choi,tu_choi,0,909
query/P0692T02220A0/P0692T02220A0C3F12421.jpg,692022200,692022200,gallery/P0692T02220A0/P0692T02220A0C0F25201.jpg,0.80097,0.67373,0.72739,ban_giao,dung,0,1680
query/P0728T02220A1/P0728T02220A1C3F11971.jpg,728022201,518022200,gallery/P0518T02220A0/P0518T02220A0C0F19981.jpg,0.72264,0.72264,0.72739,tu_choi,tu_choi,1,1680
query/P0838T03241A2/P0838T03241A2C3F07891.jpg,838032412,838032412,gallery/P0838T03241A2/P0838T03241A2C0F10951.jpg,0.67633,0.67408,0.72739,tu_choi,tu_choi,1,2235
query/P0094T02220A1/P0094T02220A1C3F01831.jpg,94022201,748022202,gallery/P0748T02220A2/P0748T02220A2C0F20161.jpg,0.63982,0.63982,0.72739,tu_choi,tu_choi,0,1680
query/P0320T02220A0/P0320T02220A0C3F06301.jpg,320022200,269022200,gallery/P0269T02220A0/P0269T02220A0C0F08371.jpg,0.69266,0.69266,0.72739,tu_choi,tu_choi,0,1680
query/P0802T03241A1/P0802T03241A1C3F02311.jpg,802032411,2103032410,gallery/P2103T03241A0/P2103T03241A0C0F25141.jpg,0.68338,0.68338,0.72739,tu_choi,tu_choi,1,2235
query/P0367T02220A0/P0367T02220A0C3F06241.jpg,367022200,416022202,gallery/P0416T02220A2/P0416T02220A2C0F14521.jpg,0.63185,0.63185,0.72739,tu_choi,tu_choi,0,1680
query/P0409T03241A2/P0409T03241A2C3F05581.jpg,409032412,1907032410,gallery/P1907T03241A0/P1907T03241A0C0F23971.jpg,0.63724,0.63724,0.72739,tu_choi,tu_choi,0,2235
query/P0552T02220A1/P0552T02220A1C3F07141.jpg,552022201,313022200,gallery/P0313T02220A0/P0313T02220A0C0F10321.jpg,0.68959,0.68959,0.72739,tu_choi,tu_choi,1,1680
query/P0417T02220A1/P0417T02220A1C3F04861.jpg,417022201,417022201,gallery/P0417T02220A1/P0417T02220A1C0F09541.jpg,0.6928,0.65827,0.72739,tu_choi,tu_choi,0,1680
query/P0579T02220A1/P0579T02220A1C3F07291.jpg,579022201,579022201,gallery/P0579T02220A1/P0579T02220A1C0F14101.jpg,0.68603,0.62862,0.72739,tu_choi,tu_choi,0,1680
query/P0417T02220A1/P0417T02220A1C3F04681.jpg,417022201,168022200,gallery/P0168T02220A0/P0168T02220A0C0F04231.jpg,0.65892,0.65892,0.72739,tu_choi,tu_choi,0,1680
query/P0693T03241A2/P0693T03241A2C3F07981.jpg,693032412,34032410,gallery/P0034T03241A0/P0034T03241A0C0F00331.jpg,0.66447,0.66447,0.72739,tu_choi,tu_choi,1,2235
query/P1005T03220A0/P1005T03220A0C3F09991.jpg,1005032200,678032201,gallery/P0678T03220A1/P0678T03220A1C0F09301.jpg,0.69694,0.69694,0.72739,tu_choi,tu_choi,0,909
query/P0462T02220A0/P0462T02220A0C3F08041.jpg,462022200,462022200,gallery/P0462T02220A0/P0462T02220A0C0F16441.jpg,0.84363,0.61768,0.72739,ban_giao,dung,1,1680
query/P0470T03241A1/P0470T03241A1C3F02671.jpg,470032411,470032411,gallery/P0470T03241A1/P0470T03241A1C0F04801.jpg,0.72561,0.70378,0.72739,tu_choi,tu_choi,1,2235
query/P0269T02220A0/P0269T02220A0C3F05221.jpg,269022200,168022200,gallery/P0168T02220A0/P0168T02220A0C0F04291.jpg,0.69831,0.69831,0.72739,tu_choi,tu_choi,1,1680
query/P0631T03220A2/P0631T03220A2C3F05221.jpg,631032202,790032200,gallery/P0790T03220A0/P0790T03220A0C0F12751.jpg,0.73228,0.73228,0.72739,ban_giao,sai,1,909
query/P0028T02140A0/P0028T02140A0C3F11821.jpg,28021400,27021401,gallery/P0027T02140A1/P0027T02140A1C0F241.jpg,0.63458,0.63458,0.72739,tu_choi,tu_choi,0,358
query/P0096T03220A1/P0096T03220A1C3F00511.jpg,96032201,938032200,gallery/P0938T03220A0/P0938T03220A0C0F16891.jpg,0.64393,0.64393,0.72739,tu_choi,tu_choi,1,909
query/P0860T02220A2/P0860T02220A2C3F12871.jpg,860022202,130022201,gallery/P0130T02220A1/P0130T02220A1C0F03031.jpg,0.70236,0.70236,0.72739,tu_choi,tu_choi,1,1680
query/P1630T03220A0/P1630T03220A0C3F14011.jpg,1630032200,1511032200,gallery/P1511T03220A0/P1511T03220A0C0F25621.jpg,0.62975,0.62975,0.72739,tu_choi,tu_choi,0,909
query/P1907T03241A0/P1907T03241A0C3F11311.jpg,1907032410,1907032410,gallery/P1907T03241A0/P1907T03241A0C0F23521.jpg,0.68203,0.66032,0.72739,tu_choi,tu_choi,1,2235
query/P1261T03220A2/P1261T03220A2C3F09421.jpg,1261032202,27032201,gallery/P0027T03220A1/P0027T03220A1C0F00661.jpg,0.68025,0.68025,0.72739,tu_choi,tu_choi,0,909
query/P0001T03220A1/P0001T03220A1C3F01201.jpg,1032201,59032201,gallery/P0059T03220A1/P0059T03220A1C0F01021.jpg,0.62782,0.62782,0.72739,tu_choi,tu_choi,0,909
query/P0581T03220A2/P0581T03220A2C3F03091.jpg,581032202,1511032200,gallery/P1511T03220A0/P1511T03220A0C0F25621.jpg,0.67061,0.67061,0.72739,tu_choi,tu_choi,0,909
query/P0449T03241A1/P0449T03241A1C3F02341.jpg,449032411,2244032411,gallery/P2244T03241A1/P2244T03241A1C0F17731.jpg,0.66177,0.66177,0.72739,tu_choi,tu_choi,1,2235
query/P0130T02220A1/P0130T02220A1C3F01141.jpg,130022201,130022201,gallery/P0130T02220A1/P0130T02220A1C0F03091.jpg,0.63142,0.61263,0.72739,tu_choi,tu_choi,1,1680
query/P0581T03220A2/P0581T03220A2C3F03121.jpg,581032202,1511032200,gallery/P1511T03220A0/P1511T03220A0C0F25621.jpg,0.65074,0.65074,0.72739,tu_choi,tu_choi,0,909
query/P1151T03241A2/P1151T03241A2C3F11611.jpg,1151032412,1151032412,gallery/P1151T03241A2/P1151T03241A2C0F15541.jpg,0.67347,0.6702,0.72739,tu_choi,tu_choi,0,2235
query/P0186T04041A1/P0186T04041A1C3F9781.jpg,186040411,186040411,gallery/P0186T04041A1/P0186T04041A1C0F21841.jpg,0.70295,0.67865,0.72739,tu_choi,tu_choi,0,1940
query/P0204T04041A1/P0204T04041A1C3F1051.jpg,204040411,204040411,gallery/P0204T04041A1/P0204T04041A1C0F4741.jpg,0.75255,0.66488,0.72739,ban_giao,dung,0,1940
query/P1128T03220A1/P1128T03220A1C3F07921.jpg,1128032201,470032200,gallery/P0470T03220A0/P0470T03220A0C0F06601.jpg,0.65483,0.65483,0.72739,tu_choi,tu_choi,1,909
query/P0517T02220A1/P0517T02220A1C3F06871.jpg,517022201,517022201,gallery/P0517T02220A1/P0517T02220A1C0F10531.jpg,0.68601,0.65571,0.72739,tu_choi,tu_choi,0,1680
query/P1539T03220A2/P1539T03220A2C3F09271.jpg,1539032202,59032201,gallery/P0059T03220A1/P0059T03220A1C0F01081.jpg,0.63599,0.63599,0.72739,tu_choi,tu_choi,0,909
query/P0319T02220A0/P0319T02220A0C3F06241.jpg,319022200,193022200,gallery/P0193T02220A0/P0193T02220A0C0F06061.jpg,0.7422,0.7422,0.72739,ban_giao,sai,1,1680
query/P0278T02210A2/P0278T02210A2C3F10021.jpg,278022102,278022102,gallery/P0278T02210A2/P0278T02210A2C0F21001.jpg,0.78329,0.61851,0.72739,ban_giao,dung,0,1625
query/P0130T02220A1/P0130T02220A1C3F01111.jpg,130022201,130022201,gallery/P0130T02220A1/P0130T02220A1C0F02731.jpg,0.66672,0.62887,0.72739,tu_choi,tu_choi,1,1680
query/P0302T03241A2/P0302T03241A2C3F05101.jpg,302032412,302032412,gallery/P0302T03241A2/P0302T03241A2C0F04831.jpg,0.71818,0.71543,0.72739,tu_choi,tu_choi,1,2235
query/P0802T03241A1/P0802T03241A1C3F02371.jpg,802032411,2103032410,gallery/P2103T03241A0/P2103T03241A0C0F25141.jpg,0.74372,0.74372,0.72739,ban_giao,sai,1,2235
query/P0244T03220A0/P0244T03220A0C3F01681.jpg,244032200,244032200,gallery/P0244T03220A0/P0244T03220A0C0F03271.jpg,0.71165,0.66706,0.72739,tu_choi,tu_choi,1,909
query/P0774T03220A1/P0774T03220A1C3F05641.jpg,774032201,59032201,gallery/P0059T03220A1/P0059T03220A1C0F01381.jpg,0.61346,0.61346,0.72739,tu_choi,tu_choi,1,909
query/P0193T02220A0/P0193T02220A0C3F02701.jpg,193022200,193022200,gallery/P0193T02220A0/P0193T02220A0C0F06181.jpg,0.77591,0.68547,0.72739,ban_giao,dung,1,1680
query/P2207T03241A0/P2207T03241A0C3F12001.jpg,2207032410,34032410,gallery/P0034T03241A0/P0034T03241A0C0F00451.jpg,0.60378,0.60378,0.72739,tu_choi,tu_choi,0,2235
query/P0096T03220A1/P0096T03220A1C3F00391.jpg,96032201,96032201,gallery/P0096T03220A1/P0096T03220A1C0F01111.jpg,0.64401,0.60933,0.72739,tu_choi,tu_choi,1,909
query/P0790T03241A2/P0790T03241A2C3F09061.jpg,790032412,2041032411,gallery/P2041T03241A1/P2041T03241A1C0F16111.jpg,0.73003,0.73003,0.72739,ban_giao,sai,1,2235
query/P0225T04041A2/P0225T04041A2C3F1981.jpg,225040412,225040412,gallery/P0225T04041A2/P0225T04041A2C0F3481.jpg,0.75767,0.61677,0.72739,ban_giao,dung,0,1940
query/P1261T03220A2/P1261T03220A2C3F09271.jpg,1261032202,323032201,gallery/P0323T03220A1/P0323T03220A1C0F03001.jpg,0.66108,0.66108,0.72739,tu_choi,tu_choi,0,909
query/P1900T03241A1/P1900T03241A1C3F08131.jpg,1900032411,366032412,gallery/P0366T03241A2/P0366T03241A2C0F04141.jpg,0.7241,0.7241,0.72739,tu_choi,tu_choi,0,2235
query/P0503T02220A2/P0503T02220A2C3F07621.jpg,503022202,122022202,gallery/P0122T02220A2/P0122T02220A2C0F04351.jpg,0.70538,0.70538,0.72739,tu_choi,tu_choi,0,1680
query/P0790T03241A2/P0790T03241A2C3F08581.jpg,790032412,844032411,gallery/P0844T03241A1/P0844T03241A1C0F05671.jpg,0.70377,0.70377,0.72739,tu_choi,tu_choi,1,2235
query/P1708T03241A0/P1708T03241A0C3F08521.jpg,1708032410,288032412,gallery/P0288T03241A2/P0288T03241A2C0F03511.jpg,0.70152,0.70152,0.72739,tu_choi,tu_choi,0,2235
query/P0059T03220A1/P0059T03220A1C3F00331.jpg,59032201,59032201,gallery/P0059T03220A1/P0059T03220A1C0F00961.jpg,0.75786,0.67107,0.72739,ban_giao,dung,0,909
query/P1337T03220A2/P1337T03220A2C3F09631.jpg,1337032202,171032202,gallery/P0171T03220A2/P0171T03220A2C0F01831.jpg,0.63053,0.63053,0.72739,tu_choi,tu_choi,0,909
query/P0790T03241A2/P0790T03241A2C3F08611.jpg,790032412,844032411,gallery/P0844T03241A1/P0844T03241A1C0F05671.jpg,0.72913,0.72913,0.72739,ban_giao,sai,1,2235
query/P1447T03220A0/P1447T03220A0C3F12541.jpg,1447032200,1447032200,gallery/P1447T03220A0/P1447T03220A0C0F22081.jpg,0.63069,0.6122,0.72739,tu_choi,tu_choi,0,909
query/P1128T03220A1/P1128T03220A1C3F08071.jpg,1128032201,244032200,gallery/P0244T03220A0/P0244T03220A0C0F03211.jpg,0.70737,0.70737,0.72739,tu_choi,tu_choi,1,909
query/P0903T03241A0/P0903T03241A0C3F05461.jpg,903032410,2103032410,gallery/P2103T03241A0/P2103T03241A0C0F25291.jpg,0.6229,0.6229,0.72739,tu_choi,tu_choi,0,2235
query/P0575T03241A2/P0575T03241A2C3F07141.jpg,575032412,849032410,gallery/P0849T03241A0/P0849T03241A0C0F10501.jpg,0.73202,0.73202,0.72739,ban_giao,sai,1,2235
query/P0093T03241A1/P0093T03241A1C3F00991.jpg,93032411,1860032410,gallery/P1860T03241A0/P1860T03241A0C0F23011.jpg,0.73827,0.73827,0.72739,ban_giao,sai,1,2235
query/P1702T03241A0/P1702T03241A0C3F10231.jpg,1702032410,1702032410,gallery/P1702T03241A0/P1702T03241A0C0F20401.jpg,0.63802,0.6231,0.72739,tu_choi,tu_choi,0,2235
query/P0481T03220A1/P0481T03220A1C3F02551.jpg,481032201,171032202,gallery/P0171T03220A2/P0171T03220A2C0F01741.jpg,0.64315,0.64315,0.72739,tu_choi,tu_choi,0,909
query/P1611T03220A2/P1611T03220A2C3F10111.jpg,1611032202,470032200,gallery/P0470T03220A0/P0470T03220A0C0F06481.jpg,0.68234,0.68234,0.72739,tu_choi,tu_choi,1,909
query/P1168T03241A0/P1168T03241A0C3F05851.jpg,1168032410,1168032410,gallery/P1168T03241A0/P1168T03241A0C0F14011.jpg,0.71294,0.68688,0.72739,tu_choi,tu_choi,1,2235
query/P2041T03241A1/P2041T03241A1C3F08521.jpg,2041032411,679032410,gallery/P0679T03241A0/P0679T03241A0C0F08701.jpg,0.64861,0.64861,0.72739,tu_choi,tu_choi,1,2235
query/P0518T02220A0/P0518T02220A0C3F09511.jpg,518022200,518022200,gallery/P0518T02220A0/P0518T02220A0C0F19561.jpg,0.69463,0.64229,0.72739,tu_choi,tu_choi,0,1680
query/P0576T03241A1/P0576T03241A1C3F01591.jpg,576032411,1860032410,gallery/P1860T03241A0/P1860T03241A0C0F23581.jpg,0.75196,0.75196,0.72739,ban_giao,sai,1,2235
query/P1283T03241A0/P1283T03241A0C3F10651.jpg,1283032410,1283032410,gallery/P1283T03241A0/P1283T03241A0C0F15781.jpg,0.62644,0.62122,0.72739,tu_choi,tu_choi,0,2235
query/P0059T03220A1/P0059T03220A1C3F00181.jpg,59032201,59032201,gallery/P0059T03220A1/P0059T03220A1C0F00961.jpg,0.65023,0.62249,0.72739,tu_choi,tu_choi,0,909
query/P0755T03241A1/P0755T03241A1C3F02791.jpg,755032411,755032411,gallery/P0755T03241A1/P0755T03241A1C0F05281.jpg,0.7549,0.74661,0.72739,ban_giao,dung,1,2235
query/P2386T03241A1/P2386T03241A1C3F08701.jpg,2386032411,802032411,gallery/P0802T03241A1/P0802T03241A1C0F05611.jpg,0.69399,0.69399,0.72739,tu_choi,tu_choi,1,2235
query/P0029T02140A0/P0029T02140A0C3F11251.jpg,29021400,29021400,gallery/P0029T02140A0/P0029T02140A0C0F22771.jpg,0.80143,0.64174,0.72739,ban_giao,dung,0,358
query/P2578T03241A1/P2578T03241A1C3F11281.jpg,2578032411,2578032411,gallery/P2578T03241A1/P2578T03241A1C0F19681.jpg,0.74251,0.67932,0.72739,ban_giao,dung,1,2235
query/P0190T04041A1/P0190T04041A1C3F12361.jpg,190040411,190040411,gallery/P0190T04041A1/P0190T04041A1C0F24271.jpg,0.65655,0.61324,0.72739,tu_choi,tu_choi,0,1940
query/P2386T03241A1/P2386T03241A1C3F08881.jpg,2386032411,780032410,gallery/P0780T03241A0/P0780T03241A0C0F09931.jpg,0.73489,0.73489,0.72739,ban_giao,sai,1,2235
query/P0559T03241A2/P0559T03241A2C3F06841.jpg,559032412,559032412,gallery/P0559T03241A2/P0559T03241A2C0F07861.jpg,0.7433,0.6536,0.72739,ban_giao,dung,0,2235
query/P2244T03241A1/P2244T03241A1C3F09211.jpg,2244032411,2244032411,gallery/P2244T03241A1/P2244T03241A1C0F18061.jpg,0.6823,0.67532,0.72739,tu_choi,tu_choi,1,2235
query/P0449T03241A1/P0449T03241A1C3F02251.jpg,449032411,693032412,gallery/P0693T03241A2/P0693T03241A2C0F24661.jpg,0.67515,0.67515,0.72739,tu_choi,tu_choi,1,2235
query/P1355T03220A2/P1355T03220A2C3F07831.jpg,1355032202,399032200,gallery/P0399T03220A0/P0399T03220A0C0F05071.jpg,0.68152,0.68152,0.72739,tu_choi,tu_choi,1,909
query/P0182T02220A0/P0182T02220A0C3F02101.jpg,182022200,182022200,gallery/P0182T02220A0/P0182T02220A0C0F04261.jpg,0.74447,0.71823,0.72739,ban_giao,dung,1,1680
query/P0455T03241A2/P0455T03241A2C3F05761.jpg,455032412,93032411,gallery/P0093T03241A1/P0093T03241A1C0F01321.jpg,0.74645,0.74645,0.72739,ban_giao,sai,1,2235
query/P0163T02220A1/P0163T02220A1C3F01801.jpg,163022201,313022200,gallery/P0313T02220A0/P0313T02220A0C0F10321.jpg,0.646,0.646,0.72739,tu_choi,tu_choi,1,1680
query/P0938T03220A1/P0938T03220A1C3F06631.jpg,938032201,938032201,gallery/P0938T03220A1/P0938T03220A1C0F13891.jpg,0.71766,0.67644,0.72739,tu_choi,tu_choi,0,909
query/P0736T03241A2/P0736T03241A2C3F07771.jpg,736032412,1283032410,gallery/P1283T03241A0/P1283T03241A0C0F15361.jpg,0.65325,0.65325,0.72739,tu_choi,tu_choi,0,2235
query/P0163T02220A1/P0163T02220A1C3F01681.jpg,163022201,163022201,gallery/P0163T02220A1/P0163T02220A1C0F03271.jpg,0.72712,0.65896,0.72739,tu_choi,tu_choi,1,1680
query/P1925T03220A2/P1925T03220A2C3F13441.jpg,1925032202,481032201,gallery/P0481T03220A1/P0481T03220A1C0F06691.jpg,0.62086,0.62086,0.72739,tu_choi,tu_choi,0,909
query/P0269T02220A0/P0269T02220A0C3F05341.jpg,269022200,191022200,gallery/P0191T02220A0/P0191T02220A0C0F05071.jpg,0.67881,0.67881,0.72739,tu_choi,tu_choi,1,1680
query/P0134T04041A1/P0134T04041A1C3F2311.jpg,134040411,296040412,gallery/P0296T04041A2/P0296T04041A2C0F16111.jpg,0.73378,0.73378,0.72739,ban_giao,sai,1,1940
query/P0366T03241A2/P0366T03241A2C3F05221.jpg,366032412,366032412,gallery/P0366T03241A2/P0366T03241A2C0F04351.jpg,0.73586,0.69687,0.72739,ban_giao,dung,1,2235
query/P1424T03241A1/P1424T03241A1C3F06481.jpg,1424032411,1424032411,gallery/P1424T03241A1/P1424T03241A1C0F12631.jpg,0.74634,0.69804,0.72739,ban_giao,dung,1,2235
query/P0790T03220A0/P0790T03220A0C3F06091.jpg,790032200,790032200,gallery/P0790T03220A0/P0790T03220A0C0F13171.jpg,0.71245,0.70195,0.72739,tu_choi,tu_choi,1,909
query/P0030T04041A0/P0030T04041A0C3F4171.jpg,30040410,181040411,gallery/P0181T04041A1/P0181T04041A1C0F20521.jpg,0.66356,0.66356,0.72739,tu_choi,tu_choi,1,1940
query/P0463T02220A0/P0463T02220A0C3F07981.jpg,463022200,463022200,gallery/P0463T02220A0/P0463T02220A0C0F17041.jpg,0.79036,0.65106,0.72739,ban_giao,dung,1,1680
query/P0576T03241A1/P0576T03241A1C3F02161.jpg,576032411,1860032410,gallery/P1860T03241A0/P1860T03241A0C0F22681.jpg,0.68327,0.68327,0.72739,tu_choi,tu_choi,1,2235
query/P0844T03241A1/P0844T03241A1C3F03301.jpg,844032411,802032411,gallery/P0802T03241A1/P0802T03241A1C0F04741.jpg,0.71532,0.71532,0.72739,tu_choi,tu_choi,1,2235
query/P1154T03241A2/P1154T03241A2C3F11611.jpg,1154032412,802032411,gallery/P0802T03241A1/P0802T03241A1C0F05611.jpg,0.60377,0.60377,0.72739,tu_choi,tu_choi,0,2235
query/P1313T03241A1/P1313T03241A1C3F05371.jpg,1313032411,288032412,gallery/P0288T03241A2/P0288T03241A2C0F03151.jpg,0.75025,0.75025,0.72739,ban_giao,sai,0,2235
query/P0351T02220A1/P0351T02220A1C3F03871.jpg,351022201,193022200,gallery/P0193T02220A0/P0193T02220A0C0F06061.jpg,0.65137,0.65137,0.72739,tu_choi,tu_choi,0,1680
query/P0462T02220A0/P0462T02220A0C3F07891.jpg,462022200,342022202,gallery/P0342T02220A2/P0342T02220A2C0F18061.jpg,0.60825,0.60825,0.72739,tu_choi,tu_choi,1,1680
query/P0093T03241A1/P0093T03241A1C3F01021.jpg,93032411,2041032411,gallery/P2041T03241A1/P2041T03241A1C0F16501.jpg,0.74695,0.74695,0.72739,ban_giao,sai,1,2235
query/P0517T02220A1/P0517T02220A1C3F06931.jpg,517022201,193022200,gallery/P0193T02220A0/P0193T02220A0C0F06151.jpg,0.70784,0.70784,0.72739,tu_choi,tu_choi,0,1680
query/P0326T02220A1/P0326T02220A1C3F03091.jpg,326022201,326022201,gallery/P0326T02220A1/P0326T02220A1C0F05581.jpg,0.75171,0.66813,0.72739,ban_giao,dung,0,1680
query/P0470T03241A1/P0470T03241A1C3F02521.jpg,470032411,470032411,gallery/P0470T03241A1/P0470T03241A1C0F04261.jpg,0.68555,0.66693,0.72739,tu_choi,tu_choi,1,2235
query/P0297T04041A2/P0297T04041A2C3F9211.jpg,297040412,297040412,gallery/P0297T04041A2/P0297T04041A2C0F16591.jpg,0.71665,0.71163,0.72739,tu_choi,tu_choi,1,1940
query/P0269T02220A0/P0269T02220A0C3F05551.jpg,269022200,518022200,gallery/P0518T02220A0/P0518T02220A0C0F20041.jpg,0.65838,0.65838,0.72739,tu_choi,tu_choi,1,1680
query/P1427T03241A0/P1427T03241A0C3F06871.jpg,1427032410,1427032410,gallery/P1427T03241A0/P1427T03241A0C0F16741.jpg,0.7248,0.67928,0.72739,tu_choi,tu_choi,1,2235
query/P0639T03220A2/P0639T03220A2C3F03241.jpg,639032202,59032201,gallery/P0059T03220A1/P0059T03220A1C0F00841.jpg,0.6301,0.6301,0.72739,tu_choi,tu_choi,1,909
query/P1511T03220A0/P1511T03220A0C3F11851.jpg,1511032200,1511032200,gallery/P1511T03220A0/P1511T03220A0C0F24931.jpg,0.78358,0.73631,0.72739,ban_giao,dung,1,909
query/P0034T03241A0/P0034T03241A0C3F00091.jpg,34032410,790032412,gallery/P0790T03241A2/P0790T03241A2C0F10981.jpg,0.65465,0.65465,0.72739,tu_choi,tu_choi,0,2235
query/P0320T02220A0/P0320T02220A0C3F06361.jpg,320022200,269022200,gallery/P0269T02220A0/P0269T02220A0C0F08281.jpg,0.71428,0.71428,0.72739,tu_choi,tu_choi,0,1680
query/P0559T02220A2/P0559T02220A2C3F10201.jpg,559022202,191022200,gallery/P0191T02220A0/P0191T02220A0C0F05581.jpg,0.68743,0.68743,0.72739,tu_choi,tu_choi,1,1680
query/P0342T02220A2/P0342T02220A2C3F08941.jpg,342022202,313022200,gallery/P0313T02220A0/P0313T02220A0C0F10381.jpg,0.6207,0.6207,0.72739,tu_choi,tu_choi,0,1680
query/P0269T02220A0/P0269T02220A0C3F05521.jpg,269022200,191022200,gallery/P0191T02220A0/P0191T02220A0C0F05071.jpg,0.65143,0.65143,0.72739,tu_choi,tu_choi,1,1680
query/P1447T03220A0/P1447T03220A0C3F12331.jpg,1447032200,481032201,gallery/P0481T03220A1/P0481T03220A1C0F06691.jpg,0.61492,0.61492,0.72739,tu_choi,tu_choi,0,909
query/P0059T03220A1/P0059T03220A1C3F00421.jpg,59032201,938032200,gallery/P0938T03220A0/P0938T03220A0C0F16951.jpg,0.62795,0.62795,0.72739,tu_choi,tu_choi,0,909
query/P0958T03220A1/P0958T03220A1C3F06901.jpg,958032201,1511032200,gallery/P1511T03220A0/P1511T03220A0C0F25351.jpg,0.71954,0.71954,0.72739,tu_choi,tu_choi,0,909
query/P2244T03241A1/P2244T03241A1C3F09511.jpg,2244032411,2244032411,gallery/P2244T03241A1/P2244T03241A1C0F17701.jpg,0.74175,0.67337,0.72739,ban_giao,dung,1,2235
query/P0755T03241A1/P0755T03241A1C3F03031.jpg,755032411,1427032410,gallery/P1427T03241A0/P1427T03241A0C0F16711.jpg,0.61348,0.61348,0.72739,tu_choi,tu_choi,1,2235
query/P0002T02220A0/P0002T02220A0C3F00661.jpg,2022200,168022200,gallery/P0168T02220A0/P0168T02220A0C0F03571.jpg,0.67745,0.67745,0.72739,tu_choi,tu_choi,0,1680
query/P0756T02220A1/P0756T02220A1C3F11521.jpg,756022201,448022200,gallery/P0448T02220A0/P0448T02220A0C0F16111.jpg,0.60842,0.60842,0.72739,tu_choi,tu_choi,0,1680
query/P2342T03241A1/P2342T03241A1C3F09691.jpg,2342032411,802032411,gallery/P0802T03241A1/P0802T03241A1C0F05521.jpg,0.66859,0.66859,0.72739,tu_choi,tu_choi,1,2235
query/P0096T03220A1/P0096T03220A1C3F00211.jpg,96032201,96032201,gallery/P0096T03220A1/P0096T03220A1C0F00931.jpg,0.71802,0.60802,0.72739,tu_choi,tu_choi,1,909
query/P1085T03220A1/P1085T03220A1C3F07621.jpg,1085032201,653032200,gallery/P0653T03220A0/P0653T03220A0C0F08251.jpg,0.65534,0.65534,0.72739,tu_choi,tu_choi,1,909
query/P1860T03241A0/P1860T03241A0C3F11281.jpg,1860032410,1860032410,gallery/P1860T03241A0/P1860T03241A0C0F22951.jpg,0.65859,0.6361,0.72739,tu_choi,tu_choi,0,2235
query/P1337T03220A2/P1337T03220A2C3F09601.jpg,1337032202,1337032202,gallery/P1337T03220A2/P1337T03220A2C0F16081.jpg,0.71635,0.65997,0.72739,tu_choi,tu_choi,0,909
query/P0830T02220A1/P0830T02220A1C3F13201.jpg,830022201,830022201,gallery/P0830T02220A1/P0830T02220A1C0F26161.jpg,0.77086,0.65953,0.72739,ban_giao,dung,0,1680
query/P0096T03220A1/P0096T03220A1C3F00361.jpg,96032201,96032201,gallery/P0096T03220A1/P0096T03220A1C0F01171.jpg,0.70306,0.58406,0.72739,tu_choi,tu_choi,1,909
query/P0693T03241A2/P0693T03241A2C3F07411.jpg,693032412,693032412,gallery/P0693T03241A2/P0693T03241A2C0F09391.jpg,0.75534,0.75398,0.72739,ban_giao,dung,1,2235
query/P0755T03241A1/P0755T03241A1C3F02911.jpg,755032411,1046032410,gallery/P1046T03241A0/P1046T03241A0C0F13411.jpg,0.75007,0.75007,0.72739,ban_giao,sai,1,2235
query/P0845T03241A0/P0845T03241A0C3F02821.jpg,845032410,63032412,gallery/P0063T03241A2/P0063T03241A2C0F00391.jpg,0.57673,0.57673,0.72739,tu_choi,tu_choi,1,2235
query/P0774T03220A1/P0774T03220A1C3F05431.jpg,774032201,774032201,gallery/P0774T03220A1/P0774T03220A1C0F11461.jpg,0.72275,0.60836,0.72739,tu_choi,tu_choi,1,909
query/P1424T03241A1/P1424T03241A1C3F06991.jpg,1424032411,1424032411,gallery/P1424T03241A1/P1424T03241A1C0F12721.jpg,0.6941,0.66225,0.72739,tu_choi,tu_choi,1,2235
query/P0559T03241A2/P0559T03241A2C3F07081.jpg,559032412,559032412,gallery/P0559T03241A2/P0559T03241A2C0F07111.jpg,0.68976,0.66427,0.72739,tu_choi,tu_choi,0,2235
query/P1864T03241A1/P1864T03241A1C3F07531.jpg,1864032411,679032410,gallery/P0679T03241A0/P0679T03241A0C0F08551.jpg,0.68047,0.68047,0.72739,tu_choi,tu_choi,1,2235
query/P0517T02220A1/P0517T02220A1C3F07141.jpg,517022201,193022200,gallery/P0193T02220A0/P0193T02220A0C0F06271.jpg,0.67237,0.67237,0.72739,tu_choi,tu_choi,0,1680
query/P1919T03220A2/P1919T03220A2C3F11341.jpg,1919032202,59032201,gallery/P0059T03220A1/P0059T03220A1C0F01381.jpg,0.62322,0.62322,0.72739,tu_choi,tu_choi,1,909
query/P0790T03241A2/P0790T03241A2C3F08791.jpg,790032412,1427032410,gallery/P1427T03241A0/P1427T03241A0C0F16561.jpg,0.6626,0.6626,0.72739,tu_choi,tu_choi,1,2235
query/P0320T02220A0/P0320T02220A0C3F06451.jpg,320022200,320022200,gallery/P0320T02220A0/P0320T02220A0C0F10621.jpg,0.70513,0.6917,0.72739,tu_choi,tu_choi,0,1680
query/P0916T03241A1/P0916T03241A1C3F04081.jpg,916032411,449032411,gallery/P0449T03241A1/P0449T03241A1C0F03331.jpg,0.59696,0.59696,0.72739,tu_choi,tu_choi,0,2235
query/P0326T02220A1/P0326T02220A1C3F02971.jpg,326022201,326022201,gallery/P0326T02220A1/P0326T02220A1C0F06121.jpg,0.75156,0.6482,0.72739,ban_giao,dung,0,1680
query/P0099T02210A1/P0099T02210A1C3F1801.jpg,99022101,99022101,gallery/P0099T02210A1/P0099T02210A1C0F1231.jpg,0.62029,0.61969,0.72739,tu_choi,tu_choi,0,1625
query/P0132T02210A1/P0132T02210A1C3F5041.jpg,132022101,132022101,gallery/P0132T02210A1/P0132T02210A1C0F10831.jpg,0.66633,0.63704,0.72739,tu_choi,tu_choi,0,1625
query/P0774T03220A1/P0774T03220A1C3F05461.jpg,774032201,774032201,gallery/P0774T03220A1/P0774T03220A1C0F12511.jpg,0.68478,0.61923,0.72739,tu_choi,tu_choi,1,909
query/P0177T02220A2/P0177T02220A2C3F02731.jpg,177022202,130022201,gallery/P0130T02220A1/P0130T02220A1C0F03091.jpg,0.69335,0.69335,0.72739,tu_choi,tu_choi,0,1680
query/P0728T02220A1/P0728T02220A1C3F11551.jpg,728022201,462022200,gallery/P0462T02220A0/P0462T02220A0C0F16891.jpg,0.71331,0.71331,0.72739,tu_choi,tu_choi,1,1680
query/P0763T03241A1/P0763T03241A1C3F02221.jpg,763032411,763032411,gallery/P0763T03241A1/P0763T03241A1C0F04591.jpg,0.82708,0.70685,0.72739,ban_giao,dung,1,2235
query/P0323T03220A1/P0323T03220A1C3F02761.jpg,323032201,323032201,gallery/P0323T03220A1/P0323T03220A1C0F03001.jpg,0.75548,0.68474,0.72739,ban_giao,dung,1,909
query/P0552T02220A1/P0552T02220A1C3F06511.jpg,552022201,552022201,gallery/P0552T02220A1/P0552T02220A1C0F12811.jpg,0.70756,0.69247,0.72739,tu_choi,tu_choi,1,1680
query/P1604T03220A1/P1604T03220A1C3F13561.jpg,1604032201,1604032201,gallery/P1604T03220A1/P1604T03220A1C0F23641.jpg,0.65993,0.61586,0.72739,tu_choi,tu_choi,1,909
query/P0536T02220A0/P0536T02220A0C3F11611.jpg,536022200,661022202,gallery/P0661T02220A2/P0661T02220A2C0F19411.jpg,0.76465,0.76465,0.72739,ban_giao,sai,1,1680
query/P0192T02210A1/P0192T02210A1C3F12961.jpg,192022101,192022101,gallery/P0192T02210A1/P0192T02210A1C0F26161.jpg,0.68594,0.60686,0.72739,tu_choi,tu_choi,0,1625
query/P1313T03241A1/P1313T03241A1C3F05071.jpg,1313032411,1313032411,gallery/P1313T03241A1/P1313T03241A1C0F11521.jpg,0.6313,0.59342,0.72739,tu_choi,tu_choi,0,2235
query/P0774T03220A1/P0774T03220A1C3F05701.jpg,774032201,774032201,gallery/P0774T03220A1/P0774T03220A1C0F11941.jpg,0.60748,0.57235,0.72739,tu_choi,tu_choi,1,909
query/P0789T02220A1/P0789T02220A1C3F12151.jpg,789022201,789022201,gallery/P0789T02220A1/P0789T02220A1C0F24781.jpg,0.76137,0.72201,0.72739,ban_giao,dung,0,1680
query/P0211T04041A2/P0211T04041A2C3F661.jpg,211040412,211040412,gallery/P0211T04041A2/P0211T04041A2C0F331.jpg,0.65921,0.64513,0.72739,tu_choi,tu_choi,1,1940
query/P0851T03241A2/P0851T03241A2C3F08401.jpg,851032412,755032411,gallery/P0755T03241A1/P0755T03241A1C0F05131.jpg,0.66349,0.66349,0.72739,tu_choi,tu_choi,1,2235
query/P1907T03241A0/P1907T03241A0C3F11491.jpg,1907032410,1798032410,gallery/P1798T03241A0/P1798T03241A0C0F21091.jpg,0.71478,0.71478,0.72739,tu_choi,tu_choi,1,2235
query/P0812T03241A1/P0812T03241A1C3F02881.jpg,812032411,1427032410,gallery/P1427T03241A0/P1427T03241A0C0F16951.jpg,0.77174,0.77174,0.72739,ban_giao,sai,1,2235
query/P1278T03241A1/P1278T03241A1C3F04531.jpg,1278032411,1278032411,gallery/P1278T03241A1/P1278T03241A1C0F10411.jpg,0.61666,0.59759,0.72739,tu_choi,tu_choi,1,2235
query/P0182T02220A0/P0182T02220A0C3F02041.jpg,182022200,182022200,gallery/P0182T02220A0/P0182T02220A0C0F04261.jpg,0.75854,0.68966,0.72739,ban_giao,dung,1,1680
query/P0573T02220A1/P0573T02220A1C3F08551.jpg,573022201,313022200,gallery/P0313T02220A0/P0313T02220A0C0F10231.jpg,0.68001,0.68001,0.72739,tu_choi,tu_choi,0,1680
query/P1697T03220A2/P1697T03220A2C3F10411.jpg,1697032202,1511032200,gallery/P1511T03220A0/P1511T03220A0C0F24511.jpg,0.63566,0.63566,0.72739,tu_choi,tu_choi,1,909
query/P1085T03220A1/P1085T03220A1C3F07831.jpg,1085032201,59032201,gallery/P0059T03220A1/P0059T03220A1C0F01021.jpg,0.61077,0.61077,0.72739,tu_choi,tu_choi,1,909
query/P0177T02220A2/P0177T02220A2C3F02791.jpg,177022202,830022201,gallery/P0830T02220A1/P0830T02220A1C0F26131.jpg,0.69118,0.69118,0.72739,tu_choi,tu_choi,0,1680
query/P1236T03220A2/P1236T03220A2C3F07201.jpg,1236032202,1236032202,gallery/P1236T03220A2/P1236T03220A2C0F14641.jpg,0.69165,0.67218,0.72739,tu_choi,tu_choi,1,909
query/P0830T02220A1/P0830T02220A1C3F12331.jpg,830022201,830022201,gallery/P0830T02220A1/P0830T02220A1C0F26341.jpg,0.68925,0.65312,0.72739,tu_choi,tu_choi,0,1680
query/P0004T03241A2/P0004T03241A2C3F00031.jpg,4032412,582032412,gallery/P0582T03241A2/P0582T03241A2C0F08071.jpg,0.64607,0.64607,0.72739,tu_choi,tu_choi,0,2235
query/P2244T03241A1/P2244T03241A1C3F09091.jpg,2244032411,2244032411,gallery/P2244T03241A1/P2244T03241A1C0F18061.jpg,0.67046,0.66955,0.72739,tu_choi,tu_choi,1,2235
query/P0115T04041A1/P0115T04041A1C3F331.jpg,115040411,204040411,gallery/P0204T04041A1/P0204T04041A1C0F4591.jpg,0.63676,0.63676,0.72739,tu_choi,tu_choi,0,1940
query/P0343T02220A0/P0343T02220A0C3F12871.jpg,343022200,343022200,gallery/P0343T02220A0/P0343T02220A0C0F12631.jpg,0.79637,0.61083,0.72739,ban_giao,dung,1,1680
query/P0416T02220A2/P0416T02220A2C3F07411.jpg,416022202,193022200,gallery/P0193T02220A0/P0193T02220A0C0F06151.jpg,0.6476,0.6476,0.72739,tu_choi,tu_choi,1,1680
query/P0455T03241A0/P0455T03241A0C3F03061.jpg,455032410,455032410,gallery/P0455T03241A0/P0455T03241A0C0F06481.jpg,0.7943,0.68314,0.72739,ban_giao,dung,0,2235
query/P0579T02220A1/P0579T02220A1C3F07711.jpg,579022201,338022200,gallery/P0338T02220A0/P0338T02220A0C0F13591.jpg,0.635,0.635,0.72739,tu_choi,tu_choi,0,1680
query/P0974T03241A1/P0974T03241A1C3F03121.jpg,974032411,679032410,gallery/P0679T03241A0/P0679T03241A0C0F07741.jpg,0.76594,0.76594,0.72739,ban_giao,sai,1,2235
query/P0576T03241A1/P0576T03241A1C3F01561.jpg,576032411,576032411,gallery/P0576T03241A1/P0576T03241A1C0F03601.jpg,0.75474,0.73517,0.72739,ban_giao,dung,1,2235
query/P0661T02220A2/P0661T02220A2C3F09211.jpg,661022202,661022202,gallery/P0661T02220A2/P0661T02220A2C0F18361.jpg,0.76551,0.75162,0.72739,ban_giao,dung,1,1680
query/P0728T02220A1/P0728T02220A1C3F11461.jpg,728022201,191022200,gallery/P0191T02220A0/P0191T02220A0C0F05191.jpg,0.68232,0.68232,0.72739,tu_choi,tu_choi,1,1680
query/P1655T03220A1/P1655T03220A1C3F12031.jpg,1655032201,678032201,gallery/P0678T03220A1/P0678T03220A1C0F09631.jpg,0.59098,0.59098,0.72739,tu_choi,tu_choi,0,909
query/P1864T03241A1/P1864T03241A1C3F07891.jpg,1864032411,1864032411,gallery/P1864T03241A1/P1864T03241A1C0F14161.jpg,0.68039,0.63771,0.72739,tu_choi,tu_choi,1,2235
query/P1127T03241A1/P1127T03241A1C3F04501.jpg,1127032411,1127032411,gallery/P1127T03241A1/P1127T03241A1C0F08521.jpg,0.71502,0.71064,0.72739,tu_choi,tu_choi,0,2235
query/P1187T03241A2/P1187T03241A2C3F11071.jpg,1187032412,1187032412,gallery/P1187T03241A2/P1187T03241A2C0F16621.jpg,0.66011,0.62974,0.72739,tu_choi,tu_choi,0,2235
query/P0559T03241A2/P0559T03241A2C3F07261.jpg,559032412,1427032410,gallery/P1427T03241A0/P1427T03241A0C0F16681.jpg,0.63533,0.63533,0.72739,tu_choi,tu_choi,0,2235
query/P0182T02220A0/P0182T02220A0C3F02731.jpg,182022200,168022200,gallery/P0168T02220A0/P0168T02220A0C0F03571.jpg,0.6287,0.6287,0.72739,tu_choi,tu_choi,1,1680
query/P0269T04041A2/P0269T04041A2C3F7681.jpg,269040412,214040412,gallery/P0214T04041A2/P0214T04041A2C0F571.jpg,0.67024,0.67024,0.72739,tu_choi,tu_choi,1,1940
query/P2386T03241A1/P2386T03241A1C3F08851.jpg,2386032411,780032410,gallery/P0780T03241A0/P0780T03241A0C0F09871.jpg,0.74678,0.74678,0.72739,ban_giao,sai,1,2235
query/P0624T02220A1/P0624T02220A1C3F09031.jpg,624022201,193022200,gallery/P0193T02220A0/P0193T02220A0C0F06121.jpg,0.63942,0.63942,0.72739,tu_choi,tu_choi,0,1680
query/P0860T02220A2/P0860T02220A2C3F12631.jpg,860022202,191022200,gallery/P0191T02220A0/P0191T02220A0C0F05671.jpg,0.67541,0.67541,0.72739,tu_choi,tu_choi,1,1680
query/P1539T03220A2/P1539T03220A2C3F09421.jpg,1539032202,1539032202,gallery/P1539T03220A2/P1539T03220A2C0F18601.jpg,0.65274,0.62657,0.72739,tu_choi,tu_choi,0,909
query/P0122T02220A2/P0122T02220A2C3F02431.jpg,122022202,309022200,gallery/P0309T02220A0/P0309T02220A0C0F10501.jpg,0.61897,0.61897,0.72739,tu_choi,tu_choi,1,1680
query/P1630T03220A0/P1630T03220A0C3F13831.jpg,1630032200,1630032200,gallery/P1630T03220A0/P1630T03220A0C0F27691.jpg,0.63988,0.63352,0.72739,tu_choi,tu_choi,0,909
query/P0076T02140A2/P0076T02140A2C3F2191.jpg,76021402,76021402,gallery/P0076T02140A2/P0076T02140A2C0F4501.jpg,0.62716,0.62246,0.72739,tu_choi,tu_choi,1,358
query/P1151T03241A2/P1151T03241A2C3F11641.jpg,1151032412,1151032412,gallery/P1151T03241A2/P1151T03241A2C0F15541.jpg,0.70054,0.66726,0.72739,tu_choi,tu_choi,0,2235
query/P0171T03220A2/P0171T03220A2C3F00811.jpg,171032202,171032202,gallery/P0171T03220A2/P0171T03220A2C0F01741.jpg,0.65069,0.62703,0.72739,tu_choi,tu_choi,0,909
query/P1128T03220A1/P1128T03220A1C3F07891.jpg,1128032201,653032200,gallery/P0653T03220A0/P0653T03220A0C0F08191.jpg,0.71456,0.71456,0.72739,tu_choi,tu_choi,1,909
query/P0449T03241A1/P0449T03241A1C3F02131.jpg,449032411,1427032410,gallery/P1427T03241A0/P1427T03241A0C0F16951.jpg,0.67908,0.67908,0.72739,tu_choi,tu_choi,1,2235
query/P0581T03220A2/P0581T03220A2C3F02941.jpg,581032202,938032200,gallery/P0938T03220A0/P0938T03220A0C0F16171.jpg,0.61419,0.61419,0.72739,tu_choi,tu_choi,0,909
query/P0034T02140A0/P0034T02140A0C3F12961.jpg,34021400,34021400,gallery/P0034T02140A0/P0034T02140A0C0F26461.jpg,0.62199,0.61518,0.72739,tu_choi,tu_choi,1,358
query/P0343T02220A0/P0343T02220A0C3F12631.jpg,343022200,343022200,gallery/P0343T02220A0/P0343T02220A0C0F12661.jpg,0.73461,0.65266,0.72739,ban_giao,dung,1,1680
query/P0802T03241A1/P0802T03241A1C3F02101.jpg,802032411,1024032410,gallery/P1024T03241A0/P1024T03241A0C0F12271.jpg,0.66678,0.66678,0.72739,tu_choi,tu_choi,1,2235
query/P0371T03241A2/P0371T03241A2C3F05041.jpg,371032412,371032412,gallery/P0371T03241A2/P0371T03241A2C0F04831.jpg,0.7446,0.68298,0.72739,ban_giao,dung,0,2235
query/P0538T03241A1/P0538T03241A1C3F02551.jpg,538032411,763032410,gallery/P0763T03241A0/P0763T03241A0C0F09481.jpg,0.66128,0.66128,0.72739,tu_choi,tu_choi,0,2235
query/P0343T02220A0/P0343T02220A0C3F12841.jpg,343022200,343022200,gallery/P0343T02220A0/P0343T02220A0C0F23461.jpg,0.82037,0.63086,0.72739,ban_giao,dung,1,1680
query/P1864T03241A1/P1864T03241A1C3F07561.jpg,1864032411,679032410,gallery/P0679T03241A0/P0679T03241A0C0F08431.jpg,0.7194,0.7194,0.72739,tu_choi,tu_choi,1,2235
query/P0323T03220A1/P0323T03220A1C3F02701.jpg,323032201,323032201,gallery/P0323T03220A1/P0323T03220A1C0F03001.jpg,0.68787,0.65957,0.72739,tu_choi,tu_choi,1,909
query/P0094T02220A1/P0094T02220A1C3F02281.jpg,94022201,789022201,gallery/P0789T02220A1/P0789T02220A1C0F24661.jpg,0.73272,0.73272,0.72739,ban_giao,sai,0,1680
query/P0559T03241A2/P0559T03241A2C3F07201.jpg,559032412,559032412,gallery/P0559T03241A2/P0559T03241A2C0F06571.jpg,0.66978,0.6326,0.72739,tu_choi,tu_choi,0,2235
query/P0552T02220A1/P0552T02220A1C3F06781.jpg,552022201,552022201,gallery/P0552T02220A1/P0552T02220A1C0F12811.jpg,0.70929,0.63542,0.72739,tu_choi,tu_choi,1,1680
query/P1424T03241A1/P1424T03241A1C3F06871.jpg,1424032411,1424032411,gallery/P1424T03241A1/P1424T03241A1C0F12721.jpg,0.69827,0.66531,0.72739,tu_choi,tu_choi,1,2235
query/P0319T02220A0/P0319T02220A0C3F06301.jpg,319022200,191022200,gallery/P0191T02220A0/P0191T02220A0C0F05671.jpg,0.75955,0.75955,0.72739,ban_giao,sai,1,1680
query/P0812T03241A1/P0812T03241A1C3F02761.jpg,812032411,1427032410,gallery/P1427T03241A0/P1427T03241A0C0F16681.jpg,0.75454,0.75454,0.72739,ban_giao,sai,1,2235
query/P0692T02220A0/P0692T02220A0C3F12991.jpg,692022200,692022200,gallery/P0692T02220A0/P0692T02220A0C0F25321.jpg,0.67293,0.61963,0.72739,tu_choi,tu_choi,0,1680
query/P2448T03241A1/P2448T03241A1C3F10051.jpg,2448032411,802032411,gallery/P0802T03241A1/P0802T03241A1C0F05341.jpg,0.75869,0.75869,0.72739,ban_giao,sai,1,2235
query/P1187T03241A2/P1187T03241A2C3F11191.jpg,1187032412,1187032412,gallery/P1187T03241A2/P1187T03241A2C0F16231.jpg,0.68449,0.64536,0.72739,tu_choi,tu_choi,0,2235
query/P0789T02220A1/P0789T02220A1C3F12571.jpg,789022201,789022201,gallery/P0789T02220A1/P0789T02220A1C0F24961.jpg,0.72254,0.6746,0.72739,tu_choi,tu_choi,0,1680
query/P2207T03241A0/P2207T03241A0C3F11971.jpg,2207032410,149032410,gallery/P0149T03241A0/P0149T03241A0C0F02191.jpg,0.63598,0.63598,0.72739,tu_choi,tu_choi,0,2235
query/P0790T03241A2/P0790T03241A2C3F08731.jpg,790032412,790032412,gallery/P0790T03241A2/P0790T03241A2C0F09811.jpg,0.69424,0.6718,0.72739,tu_choi,tu_choi,1,2235
query/P0182T02220A0/P0182T02220A0C3F02671.jpg,182022200,517022201,gallery/P0517T02220A1/P0517T02220A1C0F10591.jpg,0.65801,0.65801,0.72739,tu_choi,tu_choi,1,1680
query/P1539T03220A2/P1539T03220A2C3F09091.jpg,1539032202,1539032202,gallery/P1539T03220A2/P1539T03220A2C0F18601.jpg,0.69659,0.62674,0.72739,tu_choi,tu_choi,0,909
query/P0582T03241A2/P0582T03241A2C3F07471.jpg,582032412,582032412,gallery/P0582T03241A2/P0582T03241A2C0F07531.jpg,0.72172,0.6803,0.72739,tu_choi,tu_choi,1,2235
query/P1655T03220A1/P1655T03220A1C3F11911.jpg,1655032201,678032201,gallery/P0678T03220A1/P0678T03220A1C0F09271.jpg,0.6038,0.6038,0.72739,tu_choi,tu_choi,0,909
query/P1655T03220A1/P1655T03220A1C3F12001.jpg,1655032201,678032201,gallery/P0678T03220A1/P0678T03220A1C0F09301.jpg,0.5837,0.5837,0.72739,tu_choi,tu_choi,0,909
query/P0231T04041A2/P0231T04041A2C3F2701.jpg,231040412,95040410,gallery/P0095T04041A0/P0095T04041A0C0F26641.jpg,0.68759,0.68759,0.72739,tu_choi,tu_choi,1,1940
query/P1654T03220A1/P1654T03220A1C3F12181.jpg,1654032201,1654032201,gallery/P1654T03220A1/P1654T03220A1C0F24481.jpg,0.62578,0.59434,0.72739,tu_choi,tu_choi,0,909
query/P0214T04041A2/P0214T04041A2C3F1081.jpg,214040412,214040412,gallery/P0214T04041A2/P0214T04041A2C0F481.jpg,0.67475,0.628,0.72739,tu_choi,tu_choi,0,1940
query/P0233T02210A2/P0233T02210A2C3F2101.jpg,233022102,34022101,gallery/P0034T02210A1/P0034T02210A1C0F19321.jpg,0.64847,0.64847,0.72739,tu_choi,tu_choi,0,1625
query/P1127T03241A1/P1127T03241A1C3F04561.jpg,1127032411,1127032411,gallery/P1127T03241A1/P1127T03241A1C0F08521.jpg,0.71988,0.69897,0.72739,tu_choi,tu_choi,0,2235
query/P0180T02210A1/P0180T02210A1C3F11101.jpg,180022101,10022100,gallery/P0010T02210A0/P0010T02210A0C0F2941.jpg,0.75446,0.75446,0.72739,ban_giao,sai,0,1625
query/P0171T03220A2/P0171T03220A2C3F00931.jpg,171032202,1511032200,gallery/P1511T03220A0/P1511T03220A0C0F25561.jpg,0.685,0.685,0.72739,tu_choi,tu_choi,0,909
query/P0518T02220A0/P0518T02220A0C3F09601.jpg,518022200,518022200,gallery/P0518T02220A0/P0518T02220A0C0F19621.jpg,0.78535,0.71843,0.72739,ban_giao,dung,0,1680
query/P0661T02220A2/P0661T02220A2C3F09331.jpg,661022202,536022200,gallery/P0536T02220A0/P0536T02220A0C0F20551.jpg,0.79303,0.79303,0.72739,ban_giao,sai,1,1680
query/P0830T02220A1/P0830T02220A1C3F12421.jpg,830022201,830022201,gallery/P0830T02220A1/P0830T02220A1C0F25351.jpg,0.70159,0.62204,0.72739,tu_choi,tu_choi,0,1680
query/P0763T03241A0/P0763T03241A0C3F04021.jpg,763032410,679032410,gallery/P0679T03241A0/P0679T03241A0C0F08551.jpg,0.68683,0.68683,0.72739,tu_choi,tu_choi,0,2235
query/P0693T03241A2/P0693T03241A2C3F07321.jpg,693032412,780032410,gallery/P0780T03241A0/P0780T03241A0C0F09661.jpg,0.73873,0.73873,0.72739,ban_giao,sai,1,2235
query/P0455T03241A2/P0455T03241A2C3F06031.jpg,455032412,1860032410,gallery/P1860T03241A0/P1860T03241A0C0F22351.jpg,0.69233,0.69233,0.72739,tu_choi,tu_choi,1,2235
query/P0351T02220A1/P0351T02220A1C3F04261.jpg,351022201,168022200,gallery/P0168T02220A0/P0168T02220A0C0F03571.jpg,0.6558,0.6558,0.72739,tu_choi,tu_choi,0,1680
query/P0653T03220A0/P0653T03220A0C3F03991.jpg,653032200,653032200,gallery/P0653T03220A0/P0653T03220A0C0F08251.jpg,0.66267,0.65229,0.72739,tu_choi,tu_choi,1,909
query/P0365T03241A0/P0365T03241A0C3F02401.jpg,365032410,1427032410,gallery/P1427T03241A0/P1427T03241A0C0F16651.jpg,0.68956,0.68956,0.72739,tu_choi,tu_choi,1,2235
query/P0192T04041A1/P0192T04041A1C3F11221.jpg,192040411,214040412,gallery/P0214T04041A2/P0214T04041A2C0F541.jpg,0.66294,0.66294,0.72739,tu_choi,tu_choi,0,1940
query/P1907T03241A0/P1907T03241A0C3F11131.jpg,1907032410,1907032410,gallery/P1907T03241A0/P1907T03241A0C0F24331.jpg,0.72312,0.70599,0.72739,tu_choi,tu_choi,1,2235
query/P0536T02220A0/P0536T02220A0C3F11911.jpg,536022200,536022200,gallery/P0536T02220A0/P0536T02220A0C0F26281.jpg,0.77319,0.74043,0.72739,ban_giao,dung,1,1680
query/P0552T02220A1/P0552T02220A1C3F06361.jpg,552022201,536022200,gallery/P0536T02220A0/P0536T02220A0C0F19861.jpg,0.69439,0.69439,0.72739,tu_choi,tu_choi,1,1680
query/P0002T02220A0/P0002T02220A0C3F00781.jpg,2022200,168022200,gallery/P0168T02220A0/P0168T02220A0C0F03871.jpg,0.70279,0.70279,0.72739,tu_choi,tu_choi,0,1680
query/P0166T04041A1/P0166T04041A1C3F8341.jpg,166040411,313040412,gallery/P0313T04041A2/P0313T04041A2C0F19471.jpg,0.73184,0.73184,0.72739,ban_giao,sai,1,1940
query/P0582T03241A2/P0582T03241A2C3F07351.jpg,582032412,139032410,gallery/P0139T03241A0/P0139T03241A0C0F02161.jpg,0.66908,0.66908,0.72739,tu_choi,tu_choi,1,2235
query/P1313T03241A1/P1313T03241A1C3F05731.jpg,1313032411,1360032410,gallery/P1360T03241A0/P1360T03241A0C0F15811.jpg,0.68487,0.68487,0.72739,tu_choi,tu_choi,0,2235
query/P0447T03241A0/P0447T03241A0C3F00841.jpg,447032410,447032410,gallery/P0447T03241A0/P0447T03241A0C0F06871.jpg,0.79457,0.65515,0.72739,ban_giao,dung,0,2235
query/P1864T03241A1/P1864T03241A1C3F07831.jpg,1864032411,679032410,gallery/P0679T03241A0/P0679T03241A0C0F08431.jpg,0.69098,0.69098,0.72739,tu_choi,tu_choi,1,2235
query/P0199T04041A1/P0199T04041A1C3F11521.jpg,199040411,124040411,gallery/P0124T04041A1/P0124T04041A1C0F4441.jpg,0.65091,0.65091,0.72739,tu_choi,tu_choi,0,1940
query/P0536T02220A0/P0536T02220A0C3F12271.jpg,536022200,536022200,gallery/P0536T02220A0/P0536T02220A0C0F21451.jpg,0.72785,0.69111,0.72739,ban_giao,dung,1,1680
query/P0988T03241A1/P0988T03241A1C3F03541.jpg,988032411,988032411,gallery/P0988T03241A1/P0988T03241A1C0F06961.jpg,0.71574,0.71327,0.72739,tu_choi,tu_choi,0,2235
query/P0763T03241A1/P0763T03241A1C3F01861.jpg,763032411,763032411,gallery/P0763T03241A1/P0763T03241A1C0F04351.jpg,0.75876,0.67276,0.72739,ban_giao,dung,1,2235
query/P1137T03241A2/P1137T03241A2C3F10141.jpg,1137032412,1278032411,gallery/P1278T03241A1/P1278T03241A1C0F10501.jpg,0.66211,0.66211,0.72739,tu_choi,tu_choi,0,2235
query/P1137T03241A2/P1137T03241A2C3F10081.jpg,1137032412,1278032411,gallery/P1278T03241A1/P1278T03241A1C0F10411.jpg,0.6812,0.6812,0.72739,tu_choi,tu_choi,0,2235
query/P0114T04041A1/P0114T04041A1C3F241.jpg,114040411,124040411,gallery/P0124T04041A1/P0124T04041A1C0F5911.jpg,0.66488,0.66488,0.72739,tu_choi,tu_choi,1,1940
query/P0678T03220A1/P0678T03220A1C3F04231.jpg,678032201,678032201,gallery/P0678T03220A1/P0678T03220A1C0F08851.jpg,0.68223,0.5573,0.72739,tu_choi,tu_choi,0,909
query/P0177T02220A2/P0177T02220A2C3F03211.jpg,177022202,830022201,gallery/P0830T02220A1/P0830T02220A1C0F26131.jpg,0.68333,0.68333,0.72739,tu_choi,tu_choi,0,1680
query/P2448T03241A1/P2448T03241A1C3F10291.jpg,2448032411,2448032411,gallery/P2448T03241A1/P2448T03241A1C0F18661.jpg,0.76226,0.70598,0.72739,ban_giao,dung,1,2235
query/P0653T03220A0/P0653T03220A0C3F04201.jpg,653032200,653032200,gallery/P0653T03220A0/P0653T03220A0C0F08251.jpg,0.74422,0.71065,0.72739,ban_giao,dung,1,909
query/P0565T03241A1/P0565T03241A1C3F01951.jpg,565032411,1860032410,gallery/P1860T03241A0/P1860T03241A0C0F23491.jpg,0.75349,0.75349,0.72739,ban_giao,sai,1,2235
query/P0193T02220A0/P0193T02220A0C3F03121.jpg,193022200,193022200,gallery/P0193T02220A0/P0193T02220A0C0F06061.jpg,0.80467,0.6316,0.72739,ban_giao,dung,1,1680
query/P1278T03241A1/P1278T03241A1C3F04501.jpg,1278032411,1278032411,gallery/P1278T03241A1/P1278T03241A1C0F10501.jpg,0.61231,0.56777,0.72739,tu_choi,tu_choi,1,2235
query/P1611T03220A2/P1611T03220A2C3F10051.jpg,1611032202,1611032202,gallery/P1611T03220A2/P1611T03220A2C0F20161.jpg,0.63552,0.6301,0.72739,tu_choi,tu_choi,1,909
query/P0736T03241A2/P0736T03241A2C3F08281.jpg,736032412,736032412,gallery/P0736T03241A2/P0736T03241A2C0F10111.jpg,0.73168,0.69191,0.72739,ban_giao,dung,0,2235
query/P1360T03241A0/P1360T03241A0C3F06661.jpg,1360032410,1360032410,gallery/P1360T03241A0/P1360T03241A0C0F16291.jpg,0.68632,0.66702,0.72739,tu_choi,tu_choi,1,2235
query/P0285T02210A2/P0285T02210A2C3F10801.jpg,285022102,285022102,gallery/P0285T02210A2/P0285T02210A2C0F22441.jpg,0.735,0.6231,0.72739,ban_giao,dung,0,1625
query/P1362T03220A1/P1362T03220A1C3F11611.jpg,1362032201,1362032201,gallery/P1362T03220A1/P1362T03220A1C0F19231.jpg,0.63283,0.63008,0.72739,tu_choi,tu_choi,1,909
query/P0579T02220A1/P0579T02220A1C3F07351.jpg,579022201,2022200,gallery/P0002T02220A0/P0002T02220A0C0F01441.jpg,0.61346,0.61346,0.72739,tu_choi,tu_choi,0,1680
query/P1236T03220A2/P1236T03220A2C3F07231.jpg,1236032202,59032201,gallery/P0059T03220A1/P0059T03220A1C0F00961.jpg,0.62944,0.62944,0.72739,tu_choi,tu_choi,1,909
query/P2448T03241A1/P2448T03241A1C3F10261.jpg,2448032411,2448032411,gallery/P2448T03241A1/P2448T03241A1C0F18661.jpg,0.71218,0.70695,0.72739,tu_choi,tu_choi,1,2235
query/P0903T03241A0/P0903T03241A0C3F05251.jpg,903032410,755032411,gallery/P0755T03241A1/P0755T03241A1C0F05071.jpg,0.66386,0.66386,0.72739,tu_choi,tu_choi,0,2235
query/P0298T04041A2/P0298T04041A2C3F8851.jpg,298040412,184040411,gallery/P0184T04041A1/P0184T04041A1C0F21631.jpg,0.67019,0.67019,0.72739,tu_choi,tu_choi,1,1940
query/P0812T03241A1/P0812T03241A1C3F02941.jpg,812032411,1427032410,gallery/P1427T03241A0/P1427T03241A0C0F16501.jpg,0.69087,0.69087,0.72739,tu_choi,tu_choi,1,2235
query/P0974T03241A1/P0974T03241A1C3F02941.jpg,974032411,679032410,gallery/P0679T03241A0/P0679T03241A0C0F08431.jpg,0.68562,0.68562,0.72739,tu_choi,tu_choi,1,2235
query/P0177T02220A2/P0177T02220A2C3F03151.jpg,177022202,191022200,gallery/P0191T02220A0/P0191T02220A0C0F05251.jpg,0.67834,0.67834,0.72739,tu_choi,tu_choi,0,1680
query/P1127T03241A1/P1127T03241A1C3F04681.jpg,1127032411,1427032410,gallery/P1427T03241A0/P1427T03241A0C0F16681.jpg,0.67513,0.67513,0.72739,tu_choi,tu_choi,0,2235
query/P0409T03241A2/P0409T03241A2C3F05551.jpg,409032412,1907032410,gallery/P1907T03241A0/P1907T03241A0C0F24061.jpg,0.65158,0.65158,0.72739,tu_choi,tu_choi,0,2235
query/P0366T03241A2/P0366T03241A2C3F05281.jpg,366032412,366032412,gallery/P0366T03241A2/P0366T03241A2C0F04141.jpg,0.74829,0.71258,0.72739,ban_giao,dung,1,2235
query/P0323T03220A1/P0323T03220A1C3F02641.jpg,323032201,323032201,gallery/P0323T03220A1/P0323T03220A1C0F03001.jpg,0.68983,0.65875,0.72739,tu_choi,tu_choi,1,909
query/P0139T03241A0/P0139T03241A0C3F00301.jpg,139032410,1860032410,gallery/P1860T03241A0/P1860T03241A0C0F23491.jpg,0.64272,0.64272,0.72739,tu_choi,tu_choi,1,2235
query/P1236T03220A2/P1236T03220A2C3F07291.jpg,1236032202,244032200,gallery/P0244T03220A0/P0244T03220A0C0F03301.jpg,0.69987,0.69987,0.72739,tu_choi,tu_choi,1,909
query/P1654T03220A1/P1654T03220A1C3F11881.jpg,1654032201,1654032201,gallery/P1654T03220A1/P1654T03220A1C0F24391.jpg,0.6555,0.60658,0.72739,tu_choi,tu_choi,0,909
query/P0119T02220A1/P0119T02220A1C3F01051.jpg,119022201,830022201,gallery/P0830T02220A1/P0830T02220A1C0F26341.jpg,0.59293,0.59293,0.72739,tu_choi,tu_choi,1,1680
query/P0896T03241A0/P0896T03241A0C3F03721.jpg,896032410,1860032410,gallery/P1860T03241A0/P1860T03241A0C0F23071.jpg,0.74336,0.74336,0.72739,ban_giao,sai,1,2235
query/P1655T03220A1/P1655T03220A1C3F11881.jpg,1655032201,1655032201,gallery/P1655T03220A1/P1655T03220A1C0F24511.jpg,0.58818,0.57351,0.72739,tu_choi,tu_choi,0,909
query/P1046T03241A0/P1046T03241A0C3F04741.jpg,1046032410,1046032410,gallery/P1046T03241A0/P1046T03241A0C0F12691.jpg,0.77277,0.69904,0.72739,ban_giao,dung,1,2235
query/P0582T03241A2/P0582T03241A2C3F07621.jpg,582032412,582032412,gallery/P0582T03241A2/P0582T03241A2C0F07681.jpg,0.75922,0.686,0.72739,ban_giao,dung,1,2235
query/P0756T02220A1/P0756T02220A1C3F11371.jpg,756022201,330022200,gallery/P0330T02220A0/P0330T02220A0C0F11851.jpg,0.69324,0.69324,0.72739,tu_choi,tu_choi,0,1680
query/P1511T03220A0/P1511T03220A0C3F11821.jpg,1511032200,790032200,gallery/P0790T03220A0/P0790T03220A0C0F11851.jpg,0.74465,0.74465,0.72739,ban_giao,sai,1,909
query/P1860T03241A0/P1860T03241A0C3F10981.jpg,1860032410,831032412,gallery/P0831T03241A2/P0831T03241A2C0F10921.jpg,0.60752,0.60752,0.72739,tu_choi,tu_choi,0,2235
query/P0323T03220A1/P0323T03220A1C3F02881.jpg,323032201,653032200,gallery/P0653T03220A0/P0653T03220A0C0F08191.jpg,0.67009,0.67009,0.72739,tu_choi,tu_choi,1,909
query/P2342T03241A1/P2342T03241A1C3F09601.jpg,2342032411,2342032411,gallery/P2342T03241A1/P2342T03241A1C0F18241.jpg,0.69653,0.68079,0.72739,tu_choi,tu_choi,1,2235
query/P0258T04041A2/P0258T04041A2C3F4891.jpg,258040412,298040412,gallery/P0298T04041A2/P0298T04041A2C0F15481.jpg,0.69303,0.69303,0.72739,tu_choi,tu_choi,0,1940
query/P0536T02220A0/P0536T02220A0C3F12391.jpg,536022200,536022200,gallery/P0536T02220A0/P0536T02220A0C0F21451.jpg,0.73569,0.69592,0.72739,ban_giao,dung,1,1680
query/P0167T04041A1/P0167T04041A1C3F8371.jpg,167040411,124040411,gallery/P0124T04041A1/P0124T04041A1C0F4681.jpg,0.65674,0.65674,0.72739,tu_choi,tu_choi,1,1940
query/P0140T04041A1/P0140T04041A1C3F3931.jpg,140040411,124040411,gallery/P0124T04041A1/P0124T04041A1C0F3901.jpg,0.71301,0.71301,0.72739,tu_choi,tu_choi,0,1940
query/P0582T03220A1/P0582T03220A1C3F03961.jpg,582032201,582032201,gallery/P0582T03220A1/P0582T03220A1C0F08581.jpg,0.67072,0.57876,0.72739,tu_choi,tu_choi,0,909
query/P1427T03241A0/P1427T03241A0C3F06991.jpg,1427032410,1427032410,gallery/P1427T03241A0/P1427T03241A0C0F16711.jpg,0.74067,0.72206,0.72739,ban_giao,dung,1,2235
query/P0296T04041A2/P0296T04041A2C3F7711.jpg,296040412,296040412,gallery/P0296T04041A2/P0296T04041A2C0F16051.jpg,0.72577,0.70313,0.72739,tu_choi,tu_choi,0,1940
query/P1907T03241A0/P1907T03241A0C3F11611.jpg,1907032410,1907032410,gallery/P1907T03241A0/P1907T03241A0C0F23251.jpg,0.67539,0.65745,0.72739,tu_choi,tu_choi,1,2235
query/P1503T03241A1/P1503T03241A1C3F08281.jpg,1503032411,1202032411,gallery/P1202T03241A1/P1202T03241A1C0F09691.jpg,0.67877,0.67877,0.72739,tu_choi,tu_choi,1,2235
query/P0748T02220A2/P0748T02220A2C3F11971.jpg,748022202,330022200,gallery/P0330T02220A0/P0330T02220A0C0F11221.jpg,0.64827,0.64827,0.72739,tu_choi,tu_choi,1,1680
query/P1427T03241A0/P1427T03241A0C3F06781.jpg,1427032410,1427032410,gallery/P1427T03241A0/P1427T03241A0C0F17641.jpg,0.68619,0.68145,0.72739,tu_choi,tu_choi,1,2235
query/P0107T04041A1/P0107T04041A1C3F451.jpg,107040411,184040411,gallery/P0184T04041A1/P0184T04041A1C0F21391.jpg,0.66992,0.66992,0.72739,tu_choi,tu_choi,1,1940
query/P0802T03241A1/P0802T03241A1C3F02641.jpg,802032411,1024032410,gallery/P1024T03241A0/P1024T03241A0C0F12271.jpg,0.67047,0.67047,0.72739,tu_choi,tu_choi,1,2235
query/P0240T04041A2/P0240T04041A2C3F3541.jpg,240040412,240040412,gallery/P0240T04041A2/P0240T04041A2C0F7441.jpg,0.70773,0.66138,0.72739,tu_choi,tu_choi,0,1940
query/P1187T03241A2/P1187T03241A2C3F10861.jpg,1187032412,1187032412,gallery/P1187T03241A2/P1187T03241A2C0F16621.jpg,0.65734,0.62923,0.72739,tu_choi,tu_choi,0,2235
query/P0565T03241A1/P0565T03241A1C3F01801.jpg,565032411,1860032410,gallery/P1860T03241A0/P1860T03241A0C0F23521.jpg,0.72938,0.72938,0.72739,ban_giao,sai,1,2235
query/P1907T03241A0/P1907T03241A0C3F11461.jpg,1907032410,582032412,gallery/P0582T03241A2/P0582T03241A2C0F07201.jpg,0.6977,0.6977,0.72739,tu_choi,tu_choi,1,2235
query/P0292T04041A2/P0292T04041A2C3F8791.jpg,292040412,292040412,gallery/P0292T04041A2/P0292T04041A2C0F15721.jpg,0.7223,0.66981,0.72739,tu_choi,tu_choi,0,1940
query/P0142T02210A1/P0142T02210A1C3F6421.jpg,142022101,123022101,gallery/P0123T02210A1/P0123T02210A1C0F8101.jpg,0.61972,0.61972,0.72739,tu_choi,tu_choi,0,1625
query/P0631T03220A2/P0631T03220A2C3F04501.jpg,631032202,1511032200,gallery/P1511T03220A0/P1511T03220A0C0F25621.jpg,0.70923,0.70923,0.72739,tu_choi,tu_choi,1,909
query/P0974T03241A1/P0974T03241A1C3F03361.jpg,974032411,679032410,gallery/P0679T03241A0/P0679T03241A0C0F08701.jpg,0.68907,0.68907,0.72739,tu_choi,tu_choi,1,2235
query/P0455T03241A2/P0455T03241A2C3F05431.jpg,455032412,1860032410,gallery/P1860T03241A0/P1860T03241A0C0F22501.jpg,0.67713,0.67713,0.72739,tu_choi,tu_choi,1,2235
query/P0692T02220A0/P0692T02220A0C3F12721.jpg,692022200,193022200,gallery/P0193T02220A0/P0193T02220A0C0F06151.jpg,0.68679,0.68679,0.72739,tu_choi,tu_choi,0,1680
query/P0330T02220A0/P0330T02220A0C3F07771.jpg,330022200,330022200,gallery/P0330T02220A0/P0330T02220A0C0F11851.jpg,0.76792,0.65794,0.72739,ban_giao,dung,1,1680
query/P0763T03241A0/P0763T03241A0C3F03931.jpg,763032410,763032410,gallery/P0763T03241A0/P0763T03241A0C0F09481.jpg,0.71373,0.68622,0.72739,tu_choi,tu_choi,0,2235
query/P1313T03241A1/P1313T03241A1C3F06121.jpg,1313032411,34032410,gallery/P0034T03241A0/P0034T03241A0C0F00331.jpg,0.63623,0.63623,0.72739,tu_choi,tu_choi,0,2235
query/P0352T03241A1/P0352T03241A1C3F02071.jpg,352032411,139032410,gallery/P0139T03241A0/P0139T03241A0C0F02161.jpg,0.69275,0.69275,0.72739,tu_choi,tu_choi,1,2235
query/P0171T03220A2/P0171T03220A2C3F00541.jpg,171032202,790032200,gallery/P0790T03220A0/P0790T03220A0C0F13141.jpg,0.72102,0.72102,0.72739,tu_choi,tu_choi,0,909
query/P1261T03220A2/P1261T03220A2C3F09331.jpg,1261032202,323032201,gallery/P0323T03220A1/P0323T03220A1C0F03061.jpg,0.70318,0.70318,0.72739,tu_choi,tu_choi,0,909
query/P0579T02220A1/P0579T02220A1C3F07231.jpg,579022201,579022201,gallery/P0579T02220A1/P0579T02220A1C0F14101.jpg,0.64287,0.62813,0.72739,tu_choi,tu_choi,0,1680
query/P0916T03241A1/P0916T03241A1C3F04171.jpg,916032411,916032411,gallery/P0916T03241A1/P0916T03241A1C0F05821.jpg,0.63743,0.62264,0.72739,tu_choi,tu_choi,0,2235
query/P0284T04041A2/P0284T04041A2C3F6721.jpg,284040412,125040411,gallery/P0125T04041A1/P0125T04041A1C0F4411.jpg,0.72361,0.72361,0.72739,tu_choi,tu_choi,0,1940
query/P0416T02220A2/P0416T02220A2C3F07051.jpg,416022202,416022202,gallery/P0416T02220A2/P0416T02220A2C0F14311.jpg,0.66794,0.63835,0.72739,tu_choi,tu_choi,1,1680
query/P1697T03220A2/P1697T03220A2C3F10681.jpg,1697032202,59032201,gallery/P0059T03220A1/P0059T03220A1C0F01351.jpg,0.64972,0.64972,0.72739,tu_choi,tu_choi,1,909
query/P1697T03220A2/P1697T03220A2C3F10501.jpg,1697032202,399032200,gallery/P0399T03220A0/P0399T03220A0C0F04621.jpg,0.66555,0.66555,0.72739,tu_choi,tu_choi,1,909
query/P0849T03241A0/P0849T03241A0C3F03421.jpg,849032410,849032410,gallery/P0849T03241A0/P0849T03241A0C0F10561.jpg,0.78401,0.62714,0.72739,ban_giao,dung,0,2235
query/P1900T03241A1/P1900T03241A1C3F08311.jpg,1900032411,366032412,gallery/P0366T03241A2/P0366T03241A2C0F04561.jpg,0.7362,0.7362,0.72739,ban_giao,sai,0,2235
query/P0565T03241A1/P0565T03241A1C3F01411.jpg,565032411,1860032410,gallery/P1860T03241A0/P1860T03241A0C0F22921.jpg,0.7102,0.7102,0.72739,tu_choi,tu_choi,1,2235
query/P0933T03220A1/P0933T03220A1C3F06751.jpg,933032201,790032200,gallery/P0790T03220A0/P0790T03220A0C0F12481.jpg,0.74193,0.74193,0.72739,ban_giao,sai,1,909
query/P0470T03220A0/P0470T03220A0C3F02791.jpg,470032200,470032200,gallery/P0470T03220A0/P0470T03220A0C0F06601.jpg,0.67844,0.64824,0.72739,tu_choi,tu_choi,1,909
query/P0903T03241A0/P0903T03241A0C3F05371.jpg,903032410,790032412,gallery/P0790T03241A2/P0790T03241A2C0F10201.jpg,0.65805,0.65805,0.72739,tu_choi,tu_choi,0,2235
query/P1261T03220A2/P1261T03220A2C3F09541.jpg,1261032202,1630032200,gallery/P1630T03220A0/P1630T03220A0C0F27631.jpg,0.69231,0.69231,0.72739,tu_choi,tu_choi,0,909
query/P0118T02220A1/P0118T02220A1C3F01081.jpg,118022201,417022201,gallery/P0417T02220A1/P0417T02220A1C0F09541.jpg,0.60824,0.60824,0.72739,tu_choi,tu_choi,1,1680
query/P0027T03220A1/P0027T03220A1C3F00061.jpg,27032201,27032201,gallery/P0027T03220A1/P0027T03220A1C0F00751.jpg,0.75458,0.68093,0.72739,ban_giao,dung,1,909
query/P0059T03220A1/P0059T03220A1C3F00271.jpg,59032201,59032201,gallery/P0059T03220A1/P0059T03220A1C0F00961.jpg,0.63214,0.62546,0.72739,tu_choi,tu_choi,0,909
query/P0693T03241A2/P0693T03241A2C3F07861.jpg,693032412,988032411,gallery/P0988T03241A1/P0988T03241A1C0F06991.jpg,0.66794,0.66794,0.72739,tu_choi,tu_choi,1,2235
query/P0191T02220A0/P0191T02220A0C3F04261.jpg,191022200,191022200,gallery/P0191T02220A0/P0191T02220A0C0F05671.jpg,0.72734,0.67276,0.72739,tu_choi,tu_choi,1,1680
query/P0938T03220A0/P0938T03220A0C3F09991.jpg,938032200,938032200,gallery/P0938T03220A0/P0938T03220A0C0F15901.jpg,0.78392,0.67308,0.72739,ban_giao,dung,0,909
query/P0138T04041A1/P0138T04041A1C3F2521.jpg,138040411,138040411,gallery/P0138T04041A1/P0138T04041A1C0F7021.jpg,0.69811,0.64458,0.72739,tu_choi,tu_choi,1,1940
query/P0573T02220A1/P0573T02220A1C3F08521.jpg,573022201,573022201,gallery/P0573T02220A1/P0573T02220A1C0F14581.jpg,0.68402,0.6283,0.72739,tu_choi,tu_choi,0,1680
query/P0306T04041A2/P0306T04041A2C3F9301.jpg,306040412,240040412,gallery/P0240T04041A2/P0240T04041A2C0F7441.jpg,0.68424,0.68424,0.72739,tu_choi,tu_choi,0,1940
query/P1005T03220A0/P1005T03220A0C3F09961.jpg,1005032200,1005032200,gallery/P1005T03220A0/P1005T03220A0C0F17101.jpg,0.68761,0.60939,0.72739,tu_choi,tu_choi,0,909
query/P0422T03241A2/P0422T03241A2C3F05881.jpg,422032412,1360032410,gallery/P1360T03241A0/P1360T03241A0C0F15781.jpg,0.67707,0.67707,0.72739,tu_choi,tu_choi,0,2235
query/P0312T03241A1/P0312T03241A1C3F01261.jpg,312032411,312032411,gallery/P0312T03241A1/P0312T03241A1C0F02311.jpg,0.65952,0.63905,0.72739,tu_choi,tu_choi,1,2235
query/P0338T02220A0/P0338T02220A0C3F06601.jpg,338022200,860022202,gallery/P0860T02220A2/P0860T02220A2C0F21901.jpg,0.64441,0.64441,0.72739,tu_choi,tu_choi,1,1680
query/P0093T03241A1/P0093T03241A1C3F00961.jpg,93032411,1860032410,gallery/P1860T03241A0/P1860T03241A0C0F23311.jpg,0.76143,0.76143,0.72739,ban_giao,sai,1,2235
query/P0112T02210A1/P0112T02210A1C3F1441.jpg,112022101,112022101,gallery/P0112T02210A1/P0112T02210A1C0F3811.jpg,0.72042,0.60727,0.72739,tu_choi,tu_choi,1,1625
query/P0399T03220A0/P0399T03220A0C3F02581.jpg,399032200,481032201,gallery/P0481T03220A1/P0481T03220A1C0F06691.jpg,0.63315,0.63315,0.72739,tu_choi,tu_choi,1,909
query/P0122T02220A2/P0122T02220A2C3F02701.jpg,122022202,193022200,gallery/P0193T02220A0/P0193T02220A0C0F06061.jpg,0.67691,0.67691,0.72739,tu_choi,tu_choi,1,1680
query/P0034T03241A0/P0034T03241A0C3F00511.jpg,34032410,802032411,gallery/P0802T03241A1/P0802T03241A1C0F04711.jpg,0.59629,0.59629,0.72739,tu_choi,tu_choi,0,2235
query/P0903T03241A0/P0903T03241A0C3F05281.jpg,903032410,2041032411,gallery/P2041T03241A1/P2041T03241A1C0F16501.jpg,0.6603,0.6603,0.72739,tu_choi,tu_choi,0,2235
query/P0351T02220A1/P0351T02220A1C3F03781.jpg,351022201,193022200,gallery/P0193T02220A0/P0193T02220A0C0F06061.jpg,0.6944,0.6944,0.72739,tu_choi,tu_choi,0,1680
query/P0122T02220A2/P0122T02220A2C3F02011.jpg,122022202,122022202,gallery/P0122T02220A2/P0122T02220A2C0F04291.jpg,0.75043,0.65088,0.72739,ban_giao,dung,1,1680
query/P1900T03241A1/P1900T03241A1C3F08251.jpg,1900032411,1900032411,gallery/P1900T03241A1/P1900T03241A1C0F16471.jpg,0.68387,0.67163,0.72739,tu_choi,tu_choi,0,2235
query/P0139T03241A0/P0139T03241A0C3F00331.jpg,139032410,1860032410,gallery/P1860T03241A0/P1860T03241A0C0F23701.jpg,0.60195,0.60195,0.72739,tu_choi,tu_choi,1,2235
query/P1708T03241A0/P1708T03241A0C3F08371.jpg,1708032410,288032412,gallery/P0288T03241A2/P0288T03241A2C0F03151.jpg,0.60597,0.60597,0.72739,tu_choi,tu_choi,0,2235
query/P0151T04041A1/P0151T04041A1C3F5371.jpg,151040411,167040411,gallery/P0167T04041A1/P0167T04041A1C0F17581.jpg,0.73697,0.73697,0.72739,ban_giao,sai,0,1940
query/P0187T02210A1/P0187T02210A1C3F12901.jpg,187022101,187022101,gallery/P0187T02210A1/P0187T02210A1C0F25771.jpg,0.77036,0.66973,0.72739,ban_giao,dung,0,1625
query/P0359T03241A0/P0359T03241A0C3F00031.jpg,359032410,359032410,gallery/P0359T03241A0/P0359T03241A0C0F03991.jpg,0.70456,0.64685,0.72739,tu_choi,tu_choi,1,2235
query/P2342T03241A1/P2342T03241A1C3F09781.jpg,2342032411,693032412,gallery/P0693T03241A2/P0693T03241A2C0F24841.jpg,0.5856,0.5856,0.72739,tu_choi,tu_choi,1,2235
query/P0122T02220A2/P0122T02220A2C3F02491.jpg,122022202,193022200,gallery/P0193T02220A0/P0193T02220A0C0F06061.jpg,0.65848,0.65848,0.72739,tu_choi,tu_choi,1,1680
query/P1316T03241A1/P1316T03241A1C3F05341.jpg,1316032411,1316032411,gallery/P1316T03241A1/P1316T03241A1C0F11371.jpg,0.77412,0.73792,0.72739,ban_giao,dung,0,2235
query/P1907T03241A0/P1907T03241A0C3F11521.jpg,1907032410,1798032410,gallery/P1798T03241A0/P1798T03241A0C0F21091.jpg,0.73269,0.73269,0.72739,ban_giao,sai,1,2235
query/P0938T03220A0/P0938T03220A0C3F10051.jpg,938032200,938032200,gallery/P0938T03220A0/P0938T03220A0C0F15901.jpg,0.73652,0.64117,0.72739,ban_giao,dung,0,909
query/P0631T03220A2/P0631T03220A2C3F04651.jpg,631032202,653032200,gallery/P0653T03220A0/P0653T03220A0C0F08251.jpg,0.65874,0.65874,0.72739,tu_choi,tu_choi,1,909
query/P0699T02220A1/P0699T02220A1C3F09271.jpg,699022201,699022201,gallery/P0699T02220A1/P0699T02220A1C0F19531.jpg,0.66917,0.64019,0.72739,tu_choi,tu_choi,0,1680
query/P1261T03220A2/P1261T03220A2C3F09571.jpg,1261032202,1630032200,gallery/P1630T03220A0/P1630T03220A0C0F27631.jpg,0.69325,0.69325,0.72739,tu_choi,tu_choi,0,909
query/P0063T03241A2/P0063T03241A2C3F03901.jpg,63032412,2342032411,gallery/P2342T03241A1/P2342T03241A1C0F18181.jpg,0.67718,0.67718,0.72739,tu_choi,tu_choi,0,2235
query/P0130T02220A1/P0130T02220A1C3F01441.jpg,130022201,338022200,gallery/P0338T02220A0/P0338T02220A0C0F13561.jpg,0.68781,0.68781,0.72739,tu_choi,tu_choi,1,1680
query/P1124T03220A1/P1124T03220A1C3F08221.jpg,1124032201,59032201,gallery/P0059T03220A1/P0059T03220A1C0F01381.jpg,0.65738,0.65738,0.72739,tu_choi,tu_choi,0,909
query/P0149T03241A0/P0149T03241A0C3F00181.jpg,149032410,149032410,gallery/P0149T03241A0/P0149T03241A0C0F02431.jpg,0.79443,0.73216,0.72739,ban_giao,dung,0,2235
query/P1925T03220A2/P1925T03220A2C3F13351.jpg,1925032202,1925032202,gallery/P1925T03220A2/P1925T03220A2C0F23281.jpg,0.71911,0.64858,0.72739,tu_choi,tu_choi,0,909
query/P0312T03241A1/P0312T03241A1C3F01501.jpg,312032411,312032411,gallery/P0312T03241A1/P0312T03241A1C0F02311.jpg,0.64339,0.6426,0.72739,tu_choi,tu_choi,1,2235
query/P0552T02220A1/P0552T02220A1C3F06301.jpg,552022201,536022200,gallery/P0536T02220A0/P0536T02220A0C0F20281.jpg,0.76,0.76,0.72739,ban_giao,sai,1,1680
query/P0054T02140A1/P0054T02140A1C3F1291.jpg,54021401,54021401,gallery/P0054T02140A1/P0054T02140A1C0F23491.jpg,0.80552,0.7281,0.72739,ban_giao,dung,1,358
query/P1005T03220A0/P1005T03220A0C3F09811.jpg,1005032200,1005032200,gallery/P1005T03220A0/P1005T03220A0C0F16891.jpg,0.62776,0.62762,0.72739,tu_choi,tu_choi,0,909
query/P0844T03241A1/P0844T03241A1C3F03031.jpg,844032411,844032411,gallery/P0844T03241A1/P0844T03241A1C0F05251.jpg,0.76911,0.71853,0.72739,ban_giao,dung,1,2235
query/P0248T04041A2/P0248T04041A2C3F3961.jpg,248040412,248040412,gallery/P0248T04041A2/P0248T04041A2C0F7681.jpg,0.68183,0.67517,0.72739,tu_choi,tu_choi,0,1940
query/P0416T02220A2/P0416T02220A2C3F06961.jpg,416022202,416022202,gallery/P0416T02220A2/P0416T02220A2C0F14581.jpg,0.6721,0.61204,0.72739,tu_choi,tu_choi,1,1680
query/P1137T03241A2/P1137T03241A2C3F10501.jpg,1137032412,4032412,gallery/P0004T03241A2/P0004T03241A2C0F00391.jpg,0.64203,0.64203,0.72739,tu_choi,tu_choi,0,2235
query/P0851T03241A2/P0851T03241A2C3F08251.jpg,851032412,851032412,gallery/P0851T03241A2/P0851T03241A2C0F11161.jpg,0.75608,0.72648,0.72739,ban_giao,dung,1,2235
query/P2041T03241A1/P2041T03241A1C3F08281.jpg,2041032411,844032411,gallery/P0844T03241A1/P0844T03241A1C0F05881.jpg,0.72102,0.72102,0.72739,tu_choi,tu_choi,1,2235
query/P0302T03241A2/P0302T03241A2C3F04651.jpg,302032412,585032411,gallery/P0585T03241A1/P0585T03241A1C0F04501.jpg,0.6679,0.6679,0.72739,tu_choi,tu_choi,1,2235
query/P0120T04041A1/P0120T04041A1C3F1921.jpg,120040411,120040411,gallery/P0120T04041A1/P0120T04041A1C0F3541.jpg,0.74253,0.68217,0.72739,ban_giao,dung,1,1940
query/P0147T02220A0/P0147T02220A0C3F02131.jpg,147022200,699022201,gallery/P0699T02220A1/P0699T02220A1C0F19531.jpg,0.66477,0.66477,0.72739,tu_choi,tu_choi,0,1680
query/P0283T04041A2/P0283T04041A2C3F5881.jpg,283040412,284040412,gallery/P0284T04041A2/P0284T04041A2C0F14641.jpg,0.61291,0.61291,0.72739,tu_choi,tu_choi,1,1940
query/P1860T03241A0/P1860T03241A0C3F11191.jpg,1860032410,1860032410,gallery/P1860T03241A0/P1860T03241A0C0F22951.jpg,0.70986,0.6806,0.72739,tu_choi,tu_choi,0,2235
query/P0575T03241A2/P0575T03241A2C3F06871.jpg,575032412,575032412,gallery/P0575T03241A2/P0575T03241A2C0F07111.jpg,0.725,0.68193,0.72739,tu_choi,tu_choi,1,2235
query/P1424T03241A1/P1424T03241A1C3F06541.jpg,1424032411,1424032411,gallery/P1424T03241A1/P1424T03241A1C0F12631.jpg,0.65963,0.64923,0.72739,tu_choi,tu_choi,1,2235
query/P0262T04041A2/P0262T04041A2C3F5191.jpg,262040412,262040412,gallery/P0262T04041A2/P0262T04041A2C0F11311.jpg,0.71136,0.66754,0.72739,tu_choi,tu_choi,0,1940
query/P0544T02220A0/P0544T02220A0C3F10471.jpg,544022200,191022200,gallery/P0191T02220A0/P0191T02220A0C0F05071.jpg,0.62821,0.62821,0.72739,tu_choi,tu_choi,0,1680
query/P0244T03220A0/P0244T03220A0C3F01471.jpg,244032200,244032200,gallery/P0244T03220A0/P0244T03220A0C0F03181.jpg,0.68055,0.58109,0.72739,tu_choi,tu_choi,1,909
query/P0343T02220A0/P0343T02220A0C3F12421.jpg,343022200,193022200,gallery/P0193T02220A0/P0193T02220A0C0F06331.jpg,0.64096,0.64096,0.72739,tu_choi,tu_choi,1,1680
query/P0544T02220A0/P0544T02220A0C3F10531.jpg,544022200,462022200,gallery/P0462T02220A0/P0462T02220A0C0F16891.jpg,0.67795,0.67795,0.72739,tu_choi,tu_choi,0,1680
query/P0118T02220A1/P0118T02220A1C3F00991.jpg,118022201,168022200,gallery/P0168T02220A0/P0168T02220A0C0F04861.jpg,0.63831,0.63831,0.72739,tu_choi,tu_choi,1,1680
query/P0004T03241A2/P0004T03241A2C3F00421.jpg,4032412,1283032410,gallery/P1283T03241A0/P1283T03241A0C0F15631.jpg,0.67889,0.67889,0.72739,tu_choi,tu_choi,0,2235
query/P1149T03241A0/P1149T03241A0C3F05791.jpg,1149032410,1149032410,gallery/P1149T03241A0/P1149T03241A0C0F14101.jpg,0.64852,0.61452,0.72739,tu_choi,tu_choi,0,2235
query/P0741T02220A1/P0741T02220A1C3F12121.jpg,741022201,741022201,gallery/P0741T02220A1/P0741T02220A1C0F21421.jpg,0.69344,0.69027,0.72739,tu_choi,tu_choi,1,1680
query/P1187T03241A2/P1187T03241A2C3F10921.jpg,1187032412,1187032412,gallery/P1187T03241A2/P1187T03241A2C0F16621.jpg,0.72167,0.64357,0.72739,tu_choi,tu_choi,0,2235
query/P0631T03220A2/P0631T03220A2C3F04561.jpg,631032202,59032201,gallery/P0059T03220A1/P0059T03220A1C0F01381.jpg,0.62212,0.62212,0.72739,tu_choi,tu_choi,1,909
query/P1248T03241A0/P1248T03241A0C3F10501.jpg,1248032410,1248032410,gallery/P1248T03241A0/P1248T03241A0C0F14971.jpg,0.67975,0.58778,0.72739,tu_choi,tu_choi,1,2235
query/P0154T02220A1/P0154T02220A1C3F01081.jpg,154022201,518022200,gallery/P0518T02220A0/P0518T02220A0C0F20041.jpg,0.67456,0.67456,0.72739,tu_choi,tu_choi,0,1680
query/P1919T03220A2/P1919T03220A2C3F11401.jpg,1919032202,774032201,gallery/P0774T03220A1/P0774T03220A1C0F12631.jpg,0.60682,0.60682,0.72739,tu_choi,tu_choi,1,909
query/P0320T02220A0/P0320T02220A0C3F06331.jpg,320022200,269022200,gallery/P0269T02220A0/P0269T02220A0C0F08371.jpg,0.71189,0.71189,0.72739,tu_choi,tu_choi,0,1680
query/P2207T03241A0/P2207T03241A0C3F12061.jpg,2207032410,2207032410,gallery/P2207T03241A0/P2207T03241A0C0F26911.jpg,0.60787,0.60016,0.72739,tu_choi,tu_choi,0,2235
query/P1124T03220A1/P1124T03220A1C3F08161.jpg,1124032201,938032200,gallery/P0938T03220A0/P0938T03220A0C0F16771.jpg,0.65957,0.65957,0.72739,tu_choi,tu_choi,0,909
query/P1722T03220A2/P1722T03220A2C3F10321.jpg,1722032202,790032200,gallery/P0790T03220A0/P0790T03220A0C0F11791.jpg,0.6105,0.6105,0.72739,tu_choi,tu_choi,1,909
query/P0559T03241A2/P0559T03241A2C3F06871.jpg,559032412,149032410,gallery/P0149T03241A0/P0149T03241A0C0F02401.jpg,0.70058,0.70058,0.72739,tu_choi,tu_choi,0,2235
query/P0679T03241A0/P0679T03241A0C3F03511.jpg,679032410,679032410,gallery/P0679T03241A0/P0679T03241A0C0F08551.jpg,0.68183,0.65889,0.72739,tu_choi,tu_choi,0,2235
query/P0182T02220A0/P0182T02220A0C3F02341.jpg,182022200,193022200,gallery/P0193T02220A0/P0193T02220A0C0F06031.jpg,0.72504,0.72504,0.72739,tu_choi,tu_choi,1,1680
query/P0163T02220A1/P0163T02220A1C3F01291.jpg,163022201,163022201,gallery/P0163T02220A1/P0163T02220A1C0F05071.jpg,0.75937,0.66461,0.72739,ban_giao,dung,1,1680
query/P1740T03220A2/P1740T03220A2C3F10711.jpg,1740032202,653032200,gallery/P0653T03220A0/P0653T03220A0C0F08041.jpg,0.6015,0.6015,0.72739,tu_choi,tu_choi,1,909
query/P0958T03220A1/P0958T03220A1C3F07021.jpg,958032201,1511032200,gallery/P1511T03220A0/P1511T03220A0C0F25621.jpg,0.68842,0.68842,0.72739,tu_choi,tu_choi,0,909
query/P0352T03241A1/P0352T03241A1C3F02221.jpg,352032411,1788032410,gallery/P1788T03241A0/P1788T03241A0C0F20971.jpg,0.68299,0.68299,0.72739,tu_choi,tu_choi,1,2235
query/P0844T03241A1/P0844T03241A1C3F03061.jpg,844032411,585032411,gallery/P0585T03241A1/P0585T03241A1C0F04081.jpg,0.65766,0.65766,0.72739,tu_choi,tu_choi,1,2235
query/P0327T02220A0/P0327T02220A0C3F06061.jpg,327022200,327022200,gallery/P0327T02220A0/P0327T02220A0C0F11311.jpg,0.70191,0.63734,0.72739,tu_choi,tu_choi,1,1680
query/P0366T03241A2/P0366T03241A2C3F05131.jpg,366032412,1046032410,gallery/P1046T03241A0/P1046T03241A0C0F13321.jpg,0.77495,0.77495,0.72739,ban_giao,sai,1,2235
query/P0186T02210A1/P0186T02210A1C3F12841.jpg,186022101,186022101,gallery/P0186T02210A1/P0186T02210A1C0F25621.jpg,0.67122,0.60329,0.72739,tu_choi,tu_choi,0,1625
query/P1248T03241A0/P1248T03241A0C3F10651.jpg,1248032410,1248032410,gallery/P1248T03241A0/P1248T03241A0C0F14911.jpg,0.74763,0.64142,0.72739,ban_giao,dung,1,2235
query/P1655T03220A1/P1655T03220A1C3F12061.jpg,1655032201,678032201,gallery/P0678T03220A1/P0678T03220A1C0F09631.jpg,0.58999,0.58999,0.72739,tu_choi,tu_choi,0,909
query/P0131T04041A1/P0131T04041A1C3F2941.jpg,131040411,120040411,gallery/P0120T04041A1/P0120T04041A1C0F3781.jpg,0.71132,0.71132,0.72739,tu_choi,tu_choi,0,1940
query/P0579T02220A1/P0579T02220A1C3F07471.jpg,579022201,342022202,gallery/P0342T02220A2/P0342T02220A2C0F15361.jpg,0.6667,0.6667,0.72739,tu_choi,tu_choi,0,1680
query/P0756T02220A1/P0756T02220A1C3F11731.jpg,756022201,342022202,gallery/P0342T02220A2/P0342T02220A2C0F14821.jpg,0.61945,0.61945,0.72739,tu_choi,tu_choi,0,1680
query/P0661T02220A2/P0661T02220A2C3F09601.jpg,661022202,536022200,gallery/P0536T02220A0/P0536T02220A0C0F22021.jpg,0.7633,0.7633,0.72739,ban_giao,sai,1,1680
query/P0267T03220A0/P0267T03220A0C3F01981.jpg,267032200,323032201,gallery/P0323T03220A1/P0323T03220A1C0F03121.jpg,0.62789,0.62789,0.72739,tu_choi,tu_choi,1,909
query/P0319T02220A0/P0319T02220A0C3F06181.jpg,319022200,191022200,gallery/P0191T02220A0/P0191T02220A0C0F05071.jpg,0.73536,0.73536,0.72739,ban_giao,sai,1,1680
query/P0455T03241A2/P0455T03241A2C3F05971.jpg,455032412,2578032411,gallery/P2578T03241A1/P2578T03241A1C0F19501.jpg,0.70735,0.70735,0.72739,tu_choi,tu_choi,1,2235
query/P0431T03241A2/P0431T03241A2C3F05521.jpg,431032412,1900032411,gallery/P1900T03241A1/P1900T03241A1C0F16441.jpg,0.73504,0.73504,0.72739,ban_giao,sai,1,2235
query/P0191T02220A0/P0191T02220A0C3F03751.jpg,191022200,193022200,gallery/P0193T02220A0/P0193T02220A0C0F06151.jpg,0.65009,0.65009,0.72739,tu_choi,tu_choi,1,1680
query/P0342T02220A2/P0342T02220A2C3F08731.jpg,342022202,342022202,gallery/P0342T02220A2/P0342T02220A2C0F11191.jpg,0.66363,0.62226,0.72739,tu_choi,tu_choi,0,1680
query/P1447T03220A0/P1447T03220A0C3F12511.jpg,1447032200,1447032200,gallery/P1447T03220A0/P1447T03220A0C0F22141.jpg,0.6615,0.61754,0.72739,tu_choi,tu_choi,0,909
query/P0661T02220A2/P0661T02220A2C3F09511.jpg,661022202,536022200,gallery/P0536T02220A0/P0536T02220A0C0F26881.jpg,0.82437,0.82437,0.72739,ban_giao,sai,1,1680
query/P0736T03241A2/P0736T03241A2C3F07471.jpg,736032412,736032412,gallery/P0736T03241A2/P0736T03241A2C0F09751.jpg,0.65635,0.63118,0.72739,tu_choi,tu_choi,0,2235
query/P0352T03241A1/P0352T03241A1C3F02131.jpg,352032411,222032412,gallery/P0222T03241A2/P0222T03241A2C0F02131.jpg,0.6933,0.6933,0.72739,tu_choi,tu_choi,1,2235
query/P0938T03220A0/P0938T03220A0C3F09811.jpg,938032200,938032200,gallery/P0938T03220A0/P0938T03220A0C0F16111.jpg,0.63034,0.60053,0.72739,tu_choi,tu_choi,0,909
query/P0351T02220A1/P0351T02220A1C3F03991.jpg,351022201,193022200,gallery/P0193T02220A0/P0193T02220A0C0F06061.jpg,0.65629,0.65629,0.72739,tu_choi,tu_choi,0,1680
query/P0575T03241A2/P0575T03241A2C3F06961.jpg,575032412,575032412,gallery/P0575T03241A2/P0575T03241A2C0F07231.jpg,0.7673,0.72301,0.72739,ban_giao,dung,1,2235
query/P1919T03220A2/P1919T03220A2C3F11491.jpg,1919032202,774032201,gallery/P0774T03220A1/P0774T03220A1C0F12631.jpg,0.69596,0.69596,0.72739,tu_choi,tu_choi,1,909
query/P0728T02220A1/P0728T02220A1C3F11881.jpg,728022201,699022201,gallery/P0699T02220A1/P0699T02220A1C0F19531.jpg,0.72282,0.72282,0.72739,tu_choi,tu_choi,1,1680
query/P1860T03241A0/P1860T03241A0C3F11221.jpg,1860032410,1860032410,gallery/P1860T03241A0/P1860T03241A0C0F22261.jpg,0.72082,0.68962,0.72739,tu_choi,tu_choi,0,2235
query/P0462T02220A0/P0462T02220A0C3F07921.jpg,462022200,462022200,gallery/P0462T02220A0/P0462T02220A0C0F16981.jpg,0.61214,0.60913,0.72739,tu_choi,tu_choi,1,1680
query/P0481T03220A1/P0481T03220A1C3F02581.jpg,481032201,481032201,gallery/P0481T03220A1/P0481T03220A1C0F06691.jpg,0.61898,0.61444,0.72739,tu_choi,tu_choi,0,909
query/P0790T03241A2/P0790T03241A2C3F08491.jpg,790032412,1427032410,gallery/P1427T03241A0/P1427T03241A0C0F16561.jpg,0.63498,0.63498,0.72739,tu_choi,tu_choi,1,2235
query/P0279T02210A2/P0279T02210A2C3F10141.jpg,279022102,279022102,gallery/P0279T02210A2/P0279T02210A2C0F21061.jpg,0.74725,0.52821,0.72739,ban_giao,dung,0,1625
query/P0933T03220A1/P0933T03220A1C3F06511.jpg,933032201,790032200,gallery/P0790T03220A0/P0790T03220A0C0F11821.jpg,0.67023,0.67023,0.72739,tu_choi,tu_choi,1,909
query/P0728T02220A1/P0728T02220A1C3F11911.jpg,728022201,699022201,gallery/P0699T02220A1/P0699T02220A1C0F19531.jpg,0.75,0.75,0.72739,ban_giao,sai,1,1680
query/P0756T02220A1/P0756T02220A1C3F11071.jpg,756022201,748022202,gallery/P0748T02220A2/P0748T02220A2C0F20551.jpg,0.69969,0.69969,0.72739,tu_choi,tu_choi,0,1680
query/P1360T03241A0/P1360T03241A0C3F06601.jpg,1360032410,763032410,gallery/P0763T03241A0/P0763T03241A0C0F09481.jpg,0.65317,0.65317,0.72739,tu_choi,tu_choi,1,2235
query/P0244T04041A2/P0244T04041A2C3F5311.jpg,244040412,124040411,gallery/P0124T04041A1/P0124T04041A1C0F4351.jpg,0.65592,0.65592,0.72739,tu_choi,tu_choi,0,1940
query/P0622T03241A1/P0622T03241A1C3F00871.jpg,622032411,585032411,gallery/P0585T03241A1/P0585T03241A1C0F04651.jpg,0.6346,0.6346,0.72739,tu_choi,tu_choi,0,2235
query/P0544T02220A0/P0544T02220A0C3F10021.jpg,544022200,544022200,gallery/P0544T02220A0/P0544T02220A0C0F20011.jpg,0.76338,0.67378,0.72739,ban_giao,dung,0,1680
query/P0938T03220A1/P0938T03220A1C3F06721.jpg,938032201,938032200,gallery/P0938T03220A0/P0938T03220A0C0F16471.jpg,0.63886,0.63886,0.72739,tu_choi,tu_choi,0,909
query/P0155T04041A1/P0155T04041A1C3F5521.jpg,155040411,155040411,gallery/P0155T04041A1/P0155T04041A1C0F13231.jpg,0.69312,0.65648,0.72739,tu_choi,tu_choi,0,1940
query/P0352T03241A1/P0352T03241A1C3F02161.jpg,352032411,139032410,gallery/P0139T03241A0/P0139T03241A0C0F02161.jpg,0.66297,0.66297,0.72739,tu_choi,tu_choi,1,2235
query/P0122T02220A2/P0122T02220A2C3F02791.jpg,122022202,168022200,gallery/P0168T02220A0/P0168T02220A0C0F04291.jpg,0.56197,0.56197,0.72739,tu_choi,tu_choi,1,1680
query/P0851T03241A2/P0851T03241A2C3F08221.jpg,851032412,851032412,gallery/P0851T03241A2/P0851T03241A2C0F10861.jpg,0.73606,0.70745,0.72739,ban_giao,dung,1,2235
query/P0364T02220A2/P0364T02220A2C3F12571.jpg,364022202,364022202,gallery/P0364T02220A2/P0364T02220A2C0F23341.jpg,0.60914,0.60853,0.72739,tu_choi,tu_choi,0,1680
query/P0653T03220A0/P0653T03220A0C3F04411.jpg,653032200,653032200,gallery/P0653T03220A0/P0653T03220A0C0F08251.jpg,0.72916,0.72488,0.72739,ban_giao,dung,1,909
query/P0471T02220A2/P0471T02220A2C3F07261.jpg,471022202,860022202,gallery/P0860T02220A2/P0860T02220A2C0F21901.jpg,0.64083,0.64083,0.72739,tu_choi,tu_choi,1,1680
query/P0470T03220A0/P0470T03220A0C3F02761.jpg,470032200,470032200,gallery/P0470T03220A0/P0470T03220A0C0F06391.jpg,0.76719,0.69707,0.72739,ban_giao,dung,1,909
query/P0154T04041A1/P0154T04041A1C3F6451.jpg,154040411,318040412,gallery/P0318T04041A2/P0318T04041A2C0F24871.jpg,0.70969,0.70969,0.72739,tu_choi,tu_choi,1,1940
query/P0755T03241A1/P0755T03241A1C3F03061.jpg,755032411,359032410,gallery/P0359T03241A0/P0359T03241A0C0F03991.jpg,0.70202,0.70202,0.72739,tu_choi,tu_choi,1,2235
query/P1362T03220A1/P1362T03220A1C3F11581.jpg,1362032201,171032202,gallery/P0171T03220A2/P0171T03220A2C0F01831.jpg,0.64009,0.64009,0.72739,tu_choi,tu_choi,1,909
query/P0309T02220A0/P0309T02220A0C3F04831.jpg,309022200,326022201,gallery/P0326T02220A1/P0326T02220A1C0F05401.jpg,0.65059,0.65059,0.72739,tu_choi,tu_choi,0,1680
query/P0302T03241A2/P0302T03241A2C3F05251.jpg,302032412,302032412,gallery/P0302T03241A2/P0302T03241A2C0F04591.jpg,0.68611,0.66198,0.72739,tu_choi,tu_choi,1,2235
query/P0462T03241A0/P0462T03241A0C3F02041.jpg,462032410,1046032410,gallery/P1046T03241A0/P1046T03241A0C0F12361.jpg,0.6954,0.6954,0.72739,tu_choi,tu_choi,1,2235
query/P0367T02220A0/P0367T02220A0C3F06271.jpg,367022200,168022200,gallery/P0168T02220A0/P0168T02220A0C0F04651.jpg,0.64013,0.64013,0.72739,tu_choi,tu_choi,0,1680
query/P0312T03241A1/P0312T03241A1C3F01441.jpg,312032411,1313032411,gallery/P1313T03241A1/P1313T03241A1C0F10951.jpg,0.71364,0.71364,0.72739,tu_choi,tu_choi,1,2235
query/P2342T03241A1/P2342T03241A1C3F09151.jpg,2342032411,2342032411,gallery/P2342T03241A1/P2342T03241A1C0F18241.jpg,0.73921,0.69362,0.72739,ban_giao,dung,1,2235
query/P0130T02220A1/P0130T02220A1C3F01411.jpg,130022201,168022200,gallery/P0168T02220A0/P0168T02220A0C0F03871.jpg,0.63857,0.63857,0.72739,tu_choi,tu_choi,1,1680
query/P1313T03241A1/P1313T03241A1C3F05611.jpg,1313032411,1313032411,gallery/P1313T03241A1/P1313T03241A1C0F10861.jpg,0.69679,0.6807,0.72739,tu_choi,tu_choi,0,2235
query/P0844T03241A1/P0844T03241A1C3F02851.jpg,844032411,1860032410,gallery/P1860T03241A0/P1860T03241A0C0F23101.jpg,0.67432,0.67432,0.72739,tu_choi,tu_choi,1,2235
query/P0756T02220A1/P0756T02220A1C3F11671.jpg,756022201,191022200,gallery/P0191T02220A0/P0191T02220A0C0F05071.jpg,0.64271,0.64271,0.72739,tu_choi,tu_choi,0,1680
query/P0447T03241A0/P0447T03241A0C3F00781.jpg,447032410,447032410,gallery/P0447T03241A0/P0447T03241A0C0F06871.jpg,0.81877,0.65644,0.72739,ban_giao,dung,0,2235
query/P0774T03220A1/P0774T03220A1C3F05281.jpg,774032201,1447032200,gallery/P1447T03220A0/P1447T03220A0C0F22261.jpg,0.64887,0.64887,0.72739,tu_choi,tu_choi,1,909
query/P0191T02220A0/P0191T02220A0C3F04081.jpg,191022200,193022200,gallery/P0193T02220A0/P0193T02220A0C0F06061.jpg,0.75622,0.75622,0.72739,ban_giao,sai,1,1680
query/P0559T02220A2/P0559T02220A2C3F10021.jpg,559022202,193022200,gallery/P0193T02220A0/P0193T02220A0C0F05521.jpg,0.69918,0.69918,0.72739,tu_choi,tu_choi,1,1680
query/P0319T02220A0/P0319T02220A0C3F06481.jpg,319022200,319022200,gallery/P0319T02220A0/P0319T02220A0C0F10681.jpg,0.74866,0.7469,0.72739,ban_giao,dung,1,1680
query/P0988T03241A1/P0988T03241A1C3F03301.jpg,988032411,988032411,gallery/P0988T03241A1/P0988T03241A1C0F07261.jpg,0.73571,0.7006,0.72739,ban_giao,dung,0,2235
query/P0062T02140A1/P0062T02140A1C3F13591.jpg,62021401,2021400,gallery/P0002T02140A0/P0002T02140A0C0F17101.jpg,0.59282,0.59282,0.72739,tu_choi,tu_choi,0,358
query/P0763T03241A1/P0763T03241A1C3F02131.jpg,763032411,763032411,gallery/P0763T03241A1/P0763T03241A1C0F04591.jpg,0.78186,0.69433,0.72739,ban_giao,dung,1,2235
query/P0178T02210A1/P0178T02210A1C3F8581.jpg,178022101,178022101,gallery/P0178T02210A1/P0178T02210A1C0F21481.jpg,0.57413,0.56487,0.72739,tu_choi,tu_choi,1,1625
query/P1283T03241A0/P1283T03241A0C3F10741.jpg,1283032410,1360032410,gallery/P1360T03241A0/P1360T03241A0C0F16021.jpg,0.67201,0.67201,0.72739,tu_choi,tu_choi,0,2235
query/P0034T03241A0/P0034T03241A0C3F00361.jpg,34032410,2342032411,gallery/P2342T03241A1/P2342T03241A1C0F18241.jpg,0.71231,0.71231,0.72739,tu_choi,tu_choi,0,2235
query/P0573T02220A1/P0573T02220A1C3F08461.jpg,573022201,573022201,gallery/P0573T02220A1/P0573T02220A1C0F14791.jpg,0.6362,0.62847,0.72739,tu_choi,tu_choi,0,1680
query/P0974T03241A1/P0974T03241A1C3F03061.jpg,974032411,679032410,gallery/P0679T03241A0/P0679T03241A0C0F08461.jpg,0.67511,0.67511,0.72739,tu_choi,tu_choi,1,2235
query/P0191T02210A1/P0191T02210A1C3F12901.jpg,191022101,191022101,gallery/P0191T02210A1/P0191T02210A1C0F26311.jpg,0.66497,0.56618,0.72739,tu_choi,tu_choi,0,1625
query/P0218T03241A2/P0218T03241A2C3F04711.jpg,218032412,1046032410,gallery/P1046T03241A0/P1046T03241A0C0F13321.jpg,0.70676,0.70676,0.72739,tu_choi,tu_choi,0,2235
query/P0447T03241A0/P0447T03241A0C3F00721.jpg,447032410,447032410,gallery/P0447T03241A0/P0447T03241A0C0F06871.jpg,0.79636,0.6678,0.72739,ban_giao,dung,0,2235
query/P0481T03220A1/P0481T03220A1C3F02281.jpg,481032201,481032201,gallery/P0481T03220A1/P0481T03220A1C0F06001.jpg,0.69701,0.61611,0.72739,tu_choi,tu_choi,0,909
query/P0351T02220A1/P0351T02220A1C3F03661.jpg,351022201,710022202,gallery/P0710T02220A2/P0710T02220A2C0F19801.jpg,0.67386,0.67386,0.72739,tu_choi,tu_choi,0,1680
query/P0538T03241A1/P0538T03241A1C3F02251.jpg,538032411,455032410,gallery/P0455T03241A0/P0455T03241A0C0F05761.jpg,0.67449,0.67449,0.72739,tu_choi,tu_choi,0,2235
query/P1005T03220A0/P1005T03220A0C3F09601.jpg,1005032200,399032200,gallery/P0399T03220A0/P0399T03220A0C0F04741.jpg,0.62965,0.62965,0.72739,tu_choi,tu_choi,0,909
query/P0027T03220A1/P0027T03220A1C3F00121.jpg,27032201,27032201,gallery/P0027T03220A1/P0027T03220A1C0F00631.jpg,0.68715,0.63876,0.72739,tu_choi,tu_choi,1,909
query/P0318T04041A2/P0318T04041A2C3F7231.jpg,318040412,125040411,gallery/P0125T04041A1/P0125T04041A1C0F4411.jpg,0.8028,0.8028,0.72739,ban_giao,sai,1,1940
query/P0748T02220A2/P0748T02220A2C3F11881.jpg,748022202,193022200,gallery/P0193T02220A0/P0193T02220A0C0F06061.jpg,0.73938,0.73938,0.72739,ban_giao,sai,1,1680
query/P0193T02220A0/P0193T02220A0C3F02311.jpg,193022200,417022201,gallery/P0417T02220A1/P0417T02220A1C0F09541.jpg,0.57105,0.57105,0.72739,tu_choi,tu_choi,1,1680
query/P1150T03241A2/P1150T03241A2C3F11821.jpg,1150032412,1150032412,gallery/P1150T03241A2/P1150T03241A2C0F15481.jpg,0.67657,0.65738,0.72739,tu_choi,tu_choi,1,2235
query/P0327T02220A0/P0327T02220A0C3F05521.jpg,327022200,327022200,gallery/P0327T02220A0/P0327T02220A0C0F11581.jpg,0.76511,0.59645,0.72739,ban_giao,dung,1,1680
query/P2448T03241A1/P2448T03241A1C3F09751.jpg,2448032411,780032410,gallery/P0780T03241A0/P0780T03241A0C0F10711.jpg,0.68061,0.68061,0.72739,tu_choi,tu_choi,1,2235
query/P0327T02220A0/P0327T02220A0C3F06031.jpg,327022200,327022200,gallery/P0327T02220A0/P0327T02220A0C0F11281.jpg,0.73202,0.59875,0.72739,ban_giao,dung,1,1680
query/P0061T02140A1/P0061T02140A1C3F12931.jpg,61021401,2021400,gallery/P0002T02140A0/P0002T02140A0C0F151.jpg,0.72571,0.72571,0.72739,tu_choi,tu_choi,0,358
query/P1248T03241A0/P1248T03241A0C3F11041.jpg,1248032410,1860032410,gallery/P1860T03241A0/P1860T03241A0C0F23131.jpg,0.71762,0.71762,0.72739,tu_choi,tu_choi,1,2235
query/P2386T03241A1/P2386T03241A1C3F08731.jpg,2386032411,1150032412,gallery/P1150T03241A2/P1150T03241A2C0F14971.jpg,0.63737,0.63737,0.72739,tu_choi,tu_choi,1,2235
query/P0312T03241A1/P0312T03241A1C3F01351.jpg,312032411,1313032411,gallery/P1313T03241A1/P1313T03241A1C0F10861.jpg,0.77006,0.77006,0.72739,ban_giao,sai,1,2235
query/P0001T03220A1/P0001T03220A1C3F01351.jpg,1032201,1032201,gallery/P0001T03220A1/P0001T03220A1C0F00121.jpg,0.68129,0.65989,0.72739,tu_choi,tu_choi,0,909
query/P0171T03220A2/P0171T03220A2C3F00871.jpg,171032202,59032201,gallery/P0059T03220A1/P0059T03220A1C0F01321.jpg,0.61053,0.61053,0.72739,tu_choi,tu_choi,0,909
query/P0241T04041A2/P0241T04041A2C3F5461.jpg,241040412,241040412,gallery/P0241T04041A2/P0241T04041A2C0F8851.jpg,0.72769,0.68219,0.72739,ban_giao,dung,1,1940
query/P0642T02220A2/P0642T02220A2C3F09091.jpg,642022202,642022202,gallery/P0642T02220A2/P0642T02220A2C0F18451.jpg,0.81871,0.7419,0.72739,ban_giao,dung,0,1680
query/P0789T02220A1/P0789T02220A1C3F12361.jpg,789022201,789022201,gallery/P0789T02220A1/P0789T02220A1C0F24661.jpg,0.72997,0.70267,0.72739,ban_giao,dung,0,1680
query/P0313T02220A0/P0313T02220A0C3F06751.jpg,313022200,313022200,gallery/P0313T02220A0/P0313T02220A0C0F10321.jpg,0.69957,0.69006,0.72739,tu_choi,tu_choi,0,1680
query/P1046T03241A0/P1046T03241A0C3F04651.jpg,1046032410,1046032410,gallery/P1046T03241A0/P1046T03241A0C0F13171.jpg,0.70195,0.69875,0.72739,tu_choi,tu_choi,1,2235
query/P0312T03241A1/P0312T03241A1C3F01381.jpg,312032411,1313032411,gallery/P1313T03241A1/P1313T03241A1C0F10951.jpg,0.78644,0.78644,0.72739,ban_giao,sai,1,2235
query/P0544T02220A0/P0544T02220A0C3F12541.jpg,544022200,342022202,gallery/P0342T02220A2/P0342T02220A2C0F15751.jpg,0.68476,0.68476,0.72739,tu_choi,tu_choi,0,1680
query/P0642T02220A2/P0642T02220A2C3F09001.jpg,642022202,642022202,gallery/P0642T02220A2/P0642T02220A2C0F18811.jpg,0.61603,0.58544,0.72739,tu_choi,tu_choi,0,1680
query/P0371T03241A2/P0371T03241A2C3F05461.jpg,371032412,371032412,gallery/P0371T03241A2/P0371T03241A2C0F04051.jpg,0.7139,0.68326,0.72739,tu_choi,tu_choi,0,2235
query/P1085T03220A1/P1085T03220A1C3F07681.jpg,1085032201,790032200,gallery/P0790T03220A0/P0790T03220A0C0F11821.jpg,0.7645,0.7645,0.72739,ban_giao,sai,1,909
query/P0130T02220A1/P0130T02220A1C3F01231.jpg,130022201,130022201,gallery/P0130T02220A1/P0130T02220A1C0F02731.jpg,0.63932,0.62851,0.72739,tu_choi,tu_choi,1,1680
query/P0573T02220A1/P0573T02220A1C3F08281.jpg,573022201,193022200,gallery/P0193T02220A0/P0193T02220A0C0F06151.jpg,0.62435,0.62435,0.72739,tu_choi,tu_choi,0,1680
query/P0366T03241A2/P0366T03241A2C3F05161.jpg,366032412,1046032410,gallery/P1046T03241A0/P1046T03241A0C0F13321.jpg,0.80717,0.80717,0.72739,ban_giao,sai,1,2235
query/P1337T03220A2/P1337T03220A2C3F09721.jpg,1337032202,790032200,gallery/P0790T03220A0/P0790T03220A0C0F11791.jpg,0.62458,0.62458,0.72739,tu_choi,tu_choi,0,909
query/P1283T03241A0/P1283T03241A0C3F10681.jpg,1283032410,1798032410,gallery/P1798T03241A0/P1798T03241A0C0F21031.jpg,0.71505,0.71505,0.72739,tu_choi,tu_choi,0,2235
query/P0320T02220A0/P0320T02220A0C3F06211.jpg,320022200,191022200,gallery/P0191T02220A0/P0191T02220A0C0F05071.jpg,0.63618,0.63618,0.72739,tu_choi,tu_choi,0,1680
query/P0447T03241A0/P0447T03241A0C3F00871.jpg,447032410,447032410,gallery/P0447T03241A0/P0447T03241A0C0F06871.jpg,0.76691,0.66267,0.72739,ban_giao,dung,0,2235
query/P0741T02220A1/P0741T02220A1C3F12241.jpg,741022201,193022200,gallery/P0193T02220A0/P0193T02220A0C0F05491.jpg,0.67111,0.67111,0.72739,tu_choi,tu_choi,1,1680
query/P0755T03241A1/P0755T03241A1C3F03091.jpg,755032411,1316032411,gallery/P1316T03241A1/P1316T03241A1C0F10171.jpg,0.63091,0.63091,0.72739,tu_choi,tu_choi,1,2235
query/P1788T03241A0/P1788T03241A0C3F08461.jpg,1788032410,1788032410,gallery/P1788T03241A0/P1788T03241A0C0F21211.jpg,0.68228,0.65724,0.72739,tu_choi,tu_choi,0,2235
query/P1424T03241A1/P1424T03241A1C3F06781.jpg,1424032411,1424032411,gallery/P1424T03241A1/P1424T03241A1C0F12721.jpg,0.65726,0.60519,0.72739,tu_choi,tu_choi,1,2235
query/P1925T03220A2/P1925T03220A2C3F13381.jpg,1925032202,399032200,gallery/P0399T03220A0/P0399T03220A0C0F05071.jpg,0.62211,0.62211,0.72739,tu_choi,tu_choi,0,909
query/P1151T03241A2/P1151T03241A2C3F11911.jpg,1151032412,780032410,gallery/P0780T03241A0/P0780T03241A0C0F09931.jpg,0.71361,0.71361,0.72739,tu_choi,tu_choi,0,2235
query/P0119T02220A1/P0119T02220A1C3F01081.jpg,119022201,830022201,gallery/P0830T02220A1/P0830T02220A1C0F26071.jpg,0.61638,0.61638,0.72739,tu_choi,tu_choi,1,1680
query/P0536T02220A0/P0536T02220A0C3F12181.jpg,536022200,536022200,gallery/P0536T02220A0/P0536T02220A0C0F19891.jpg,0.71272,0.7104,0.72739,tu_choi,tu_choi,1,1680
query/P2041T03241A1/P2041T03241A1C3F08311.jpg,2041032411,844032411,gallery/P0844T03241A1/P0844T03241A1C0F05881.jpg,0.70863,0.70863,0.72739,tu_choi,tu_choi,1,2235
query/P0581T03220A2/P0581T03220A2C3F03001.jpg,581032202,653032200,gallery/P0653T03220A0/P0653T03220A0C0F08251.jpg,0.73588,0.73588,0.72739,ban_giao,sai,0,909
query/P0027T02140A1/P0027T02140A1C3F961.jpg,27021401,27021401,gallery/P0027T02140A1/P0027T02140A1C0F331.jpg,0.62282,0.59471,0.72739,tu_choi,tu_choi,0,358
query/P0163T02220A1/P0163T02220A1C3F01231.jpg,163022201,163022201,gallery/P0163T02220A1/P0163T02220A1C0F02761.jpg,0.76775,0.62544,0.72739,ban_giao,dung,1,1680
query/P0068T02140A1/P0068T02140A1C3F12811.jpg,68021401,68021401,gallery/P0068T02140A1/P0068T02140A1C0F25081.jpg,0.6557,0.63598,0.72739,tu_choi,tu_choi,1,358
query/P0118T02210A1/P0118T02210A1C3F4081.jpg,118022101,233022102,gallery/P0233T02210A2/P0233T02210A2C0F2791.jpg,0.60249,0.60249,0.72739,tu_choi,tu_choi,0,1625
query/P0191T02220A0/P0191T02220A0C3F04411.jpg,191022200,191022200,gallery/P0191T02220A0/P0191T02220A0C0F05881.jpg,0.83272,0.80219,0.72739,ban_giao,dung,1,1680
query/P1355T03220A2/P1355T03220A2C3F07651.jpg,1355032202,1355032202,gallery/P1355T03220A2/P1355T03220A2C0F15691.jpg,0.55575,0.55454,0.72739,tu_choi,tu_choi,1,909
query/P1248T03241A0/P1248T03241A0C3F10951.jpg,1248032410,1248032410,gallery/P1248T03241A0/P1248T03241A0C0F14941.jpg,0.71618,0.64417,0.72739,tu_choi,tu_choi,1,2235
query/P0748T02220A2/P0748T02220A2C3F12151.jpg,748022202,191022200,gallery/P0191T02220A0/P0191T02220A0C0F05041.jpg,0.65168,0.65168,0.72739,tu_choi,tu_choi,1,1680
query/P1798T03241A0/P1798T03241A0C3F10381.jpg,1798032410,679032410,gallery/P0679T03241A0/P0679T03241A0C0F08551.jpg,0.72497,0.72497,0.72739,tu_choi,tu_choi,1,2235
query/P0182T02220A0/P0182T02220A0C3F02221.jpg,182022200,309022200,gallery/P0309T02220A0/P0309T02220A0C0F10501.jpg,0.68571,0.68571,0.72739,tu_choi,tu_choi,1,1680
query/P0371T03241A2/P0371T03241A2C3F05431.jpg,371032412,371032412,gallery/P0371T03241A2/P0371T03241A2C0F04051.jpg,0.7368,0.68659,0.72739,ban_giao,dung,0,2235
query/P0741T02220A1/P0741T02220A1C3F12661.jpg,741022201,741022201,gallery/P0741T02220A1/P0741T02220A1C0F21571.jpg,0.77709,0.71766,0.72739,ban_giao,dung,1,1680
query/P1321T03220A1/P1321T03220A1C3F11161.jpg,1321032201,1321032201,gallery/P1321T03220A1/P1321T03220A1C0F19861.jpg,0.63055,0.61563,0.72739,tu_choi,tu_choi,1,909
query/P0748T02220A2/P0748T02220A2C3F11941.jpg,748022202,330022200,gallery/P0330T02220A0/P0330T02220A0C0F11221.jpg,0.63393,0.63393,0.72739,tu_choi,tu_choi,1,1680
query/P1427T03241A0/P1427T03241A0C3F06811.jpg,1427032410,1427032410,gallery/P1427T03241A0/P1427T03241A0C0F17611.jpg,0.71204,0.65918,0.72739,tu_choi,tu_choi,1,2235
query/P0903T03241A0/P0903T03241A0C3F05311.jpg,903032410,1150032412,gallery/P1150T03241A2/P1150T03241A2C0F15481.jpg,0.67282,0.67282,0.72739,tu_choi,tu_choi,0,2235
query/P0302T03241A2/P0302T03241A2C3F05461.jpg,302032412,302032412,gallery/P0302T03241A2/P0302T03241A2C0F03871.jpg,0.66914,0.62505,0.72739,tu_choi,tu_choi,1,2235
query/P0004T03241A2/P0004T03241A2C3F00211.jpg,4032412,582032412,gallery/P0582T03241A2/P0582T03241A2C0F08071.jpg,0.6765,0.6765,0.72739,tu_choi,tu_choi,0,2235
query/P1248T03241A0/P1248T03241A0C3F10681.jpg,1248032410,1248032410,gallery/P1248T03241A0/P1248T03241A0C0F14941.jpg,0.71909,0.60948,0.72739,tu_choi,tu_choi,1,2235
query/P1187T03241A2/P1187T03241A2C3F11041.jpg,1187032412,1187032412,gallery/P1187T03241A2/P1187T03241A2C0F16621.jpg,0.72229,0.6324,0.72739,tu_choi,tu_choi,0,2235
query/P1046T03241A0/P1046T03241A0C3F04681.jpg,1046032410,1046032410,gallery/P1046T03241A0/P1046T03241A0C0F12691.jpg,0.76433,0.71784,0.72739,ban_giao,dung,1,2235
query/P0790T03220A0/P0790T03220A0C3F06001.jpg,790032200,653032200,gallery/P0653T03220A0/P0653T03220A0C0F08311.jpg,0.70769,0.70769,0.72739,tu_choi,tu_choi,1,909
query/P0193T02220A0/P0193T02220A0C3F02851.jpg,193022200,193022200,gallery/P0193T02220A0/P0193T02220A0C0F05881.jpg,0.7934,0.6629,0.72739,ban_giao,dung,1,1680
query/P1337T03220A2/P1337T03220A2C3F09571.jpg,1337032202,1337032202,gallery/P1337T03220A2/P1337T03220A2C0F16111.jpg,0.63479,0.61723,0.72739,tu_choi,tu_choi,0,909
query/P0004T03241A2/P0004T03241A2C3F00241.jpg,4032412,582032412,gallery/P0582T03241A2/P0582T03241A2C0F08071.jpg,0.67214,0.67214,0.72739,tu_choi,tu_choi,0,2235
query/P0692T02220A0/P0692T02220A0C3F12301.jpg,692022200,692022200,gallery/P0692T02220A0/P0692T02220A0C0F25261.jpg,0.74204,0.67861,0.72739,ban_giao,dung,0,1680
query/P0958T03220A1/P0958T03220A1C3F07051.jpg,958032201,1511032200,gallery/P1511T03220A0/P1511T03220A0C0F25621.jpg,0.70505,0.70505,0.72739,tu_choi,tu_choi,0,909
query/P0422T03241A2/P0422T03241A2C3F05431.jpg,422032412,302032412,gallery/P0302T03241A2/P0302T03241A2C0F04591.jpg,0.73546,0.73546,0.72739,ban_giao,sai,0,2235
query/P0576T03241A1/P0576T03241A1C3F02341.jpg,576032411,1046032410,gallery/P1046T03241A0/P1046T03241A0C0F13261.jpg,0.70718,0.70718,0.72739,tu_choi,tu_choi,1,2235
query/P0470T03241A1/P0470T03241A1C3F02731.jpg,470032411,470032411,gallery/P0470T03241A1/P0470T03241A1C0F04891.jpg,0.72343,0.70867,0.72739,tu_choi,tu_choi,1,2235
query/P0449T03241A1/P0449T03241A1C3F02521.jpg,449032411,1248032410,gallery/P1248T03241A0/P1248T03241A0C0F15061.jpg,0.69757,0.69757,0.72739,tu_choi,tu_choi,1,2235
query/P0830T02220A1/P0830T02220A1C3F12811.jpg,830022201,830022201,gallery/P0830T02220A1/P0830T02220A1C0F26131.jpg,0.80041,0.68205,0.72739,ban_giao,dung,0,1680
query/P0313T02220A0/P0313T02220A0C3F06961.jpg,313022200,313022200,gallery/P0313T02220A0/P0313T02220A0C0F10381.jpg,0.70701,0.65343,0.72739,tu_choi,tu_choi,0,1680
query/P1150T03241A2/P1150T03241A2C3F12001.jpg,1150032412,1046032410,gallery/P1046T03241A0/P1046T03241A0C0F13651.jpg,0.68732,0.68732,0.72739,tu_choi,tu_choi,1,2235
query/P0860T02220A2/P0860T02220A2C3F12451.jpg,860022202,193022200,gallery/P0193T02220A0/P0193T02220A0C0F06061.jpg,0.7422,0.7422,0.72739,ban_giao,sai,1,1680
query/P0933T03220A1/P0933T03220A1C3F06691.jpg,933032201,470032200,gallery/P0470T03220A0/P0470T03220A0C0F05821.jpg,0.74772,0.74772,0.72739,ban_giao,sai,1,909
query/P1611T03220A2/P1611T03220A2C3F09871.jpg,1611032202,938032200,gallery/P0938T03220A0/P0938T03220A0C0F16951.jpg,0.6514,0.6514,0.72739,tu_choi,tu_choi,1,909
query/P0455T03241A2/P0455T03241A2C3F06211.jpg,455032412,1860032410,gallery/P1860T03241A0/P1860T03241A0C0F22351.jpg,0.70684,0.70684,0.72739,tu_choi,tu_choi,1,2235
query/P0195T02210A2/P0195T02210A2C3F5221.jpg,195022102,195022102,gallery/P0195T02210A2/P0195T02210A2C0F331.jpg,0.7642,0.66154,0.72739,ban_giao,dung,0,1625
query/P1740T03220A2/P1740T03220A2C3F10651.jpg,1740032202,1321032201,gallery/P1321T03220A1/P1321T03220A1C0F19981.jpg,0.61642,0.61642,0.72739,tu_choi,tu_choi,1,909
query/P0812T03241A1/P0812T03241A1C3F02971.jpg,812032411,693032412,gallery/P0693T03241A2/P0693T03241A2C0F24751.jpg,0.68281,0.68281,0.72739,tu_choi,tu_choi,1,2235
query/P0470T03241A1/P0470T03241A1C3F03031.jpg,470032411,470032411,gallery/P0470T03241A1/P0470T03241A1C0F04801.jpg,0.70193,0.6814,0.72739,tu_choi,tu_choi,1,2235
query/P0575T03241A2/P0575T03241A2C3F07321.jpg,575032412,431032412,gallery/P0431T03241A2/P0431T03241A2C0F05221.jpg,0.69648,0.69648,0.72739,tu_choi,tu_choi,1,2235
query/P0831T03241A2/P0831T03241A2C3F08821.jpg,831032412,679032410,gallery/P0679T03241A0/P0679T03241A0C0F08701.jpg,0.6626,0.6626,0.72739,tu_choi,tu_choi,1,2235
query/P0830T02220A1/P0830T02220A1C3F12871.jpg,830022201,830022201,gallery/P0830T02220A1/P0830T02220A1C0F26011.jpg,0.79881,0.67082,0.72739,ban_giao,dung,0,1680
query/P1151T03241A2/P1151T03241A2C3F11851.jpg,1151032412,780032410,gallery/P0780T03241A0/P0780T03241A0C0F10651.jpg,0.66195,0.66195,0.72739,tu_choi,tu_choi,0,2235
query/P1697T03220A2/P1697T03220A2C3F10591.jpg,1697032202,59032201,gallery/P0059T03220A1/P0059T03220A1C0F01021.jpg,0.65973,0.65973,0.72739,tu_choi,tu_choi,1,909
query/P0449T03241A1/P0449T03241A1C3F02371.jpg,449032411,411032410,gallery/P0411T03241A0/P0411T03241A0C0F05401.jpg,0.64739,0.64739,0.72739,tu_choi,tu_choi,1,2235
query/P1355T03220A2/P1355T03220A2C3F07951.jpg,1355032202,399032200,gallery/P0399T03220A0/P0399T03220A0C0F05071.jpg,0.7212,0.7212,0.72739,tu_choi,tu_choi,1,909
query/P0831T03241A2/P0831T03241A2C3F09031.jpg,831032412,1788032410,gallery/P1788T03241A0/P1788T03241A0C0F20881.jpg,0.61842,0.61842,0.72739,tu_choi,tu_choi,1,2235
query/P0736T03241A2/P0736T03241A2C3F07231.jpg,736032412,736032412,gallery/P0736T03241A2/P0736T03241A2C0F09751.jpg,0.7187,0.6385,0.72739,tu_choi,tu_choi,0,2235
query/P0130T02220A1/P0130T02220A1C3F01051.jpg,130022201,130022201,gallery/P0130T02220A1/P0130T02220A1C0F02731.jpg,0.7403,0.7347,0.72739,ban_giao,dung,1,1680
query/P0366T03241A2/P0366T03241A2C3F05011.jpg,366032412,1046032410,gallery/P1046T03241A0/P1046T03241A0C0F13321.jpg,0.7717,0.7717,0.72739,ban_giao,sai,1,2235
query/P1740T03220A2/P1740T03220A2C3F10531.jpg,1740032202,653032200,gallery/P0653T03220A0/P0653T03220A0C0F08041.jpg,0.6228,0.6228,0.72739,tu_choi,tu_choi,1,909
query/P1313T03241A1/P1313T03241A1C3F06031.jpg,1313032411,149032410,gallery/P0149T03241A0/P0149T03241A0C0F02401.jpg,0.64056,0.64056,0.72739,tu_choi,tu_choi,0,2235
query/P0323T03220A1/P0323T03220A1C3F02911.jpg,323032201,653032200,gallery/P0653T03220A0/P0653T03220A0C0F08191.jpg,0.68935,0.68935,0.72739,tu_choi,tu_choi,1,909
query/P1321T03220A1/P1321T03220A1C3F11191.jpg,1321032201,59032201,gallery/P0059T03220A1/P0059T03220A1C0F00931.jpg,0.66621,0.66621,0.72739,tu_choi,tu_choi,1,909
query/P0790T03220A0/P0790T03220A0C3F06301.jpg,790032200,1511032200,gallery/P1511T03220A0/P1511T03220A0C0F25621.jpg,0.65626,0.65626,0.72739,tu_choi,tu_choi,1,909
query/P1788T03241A0/P1788T03241A0C3F08491.jpg,1788032410,288032412,gallery/P0288T03241A2/P0288T03241A2C0F03511.jpg,0.6352,0.6352,0.72739,tu_choi,tu_choi,0,2235
query/P1137T03241A2/P1137T03241A2C3F09571.jpg,1137032412,1278032411,gallery/P1278T03241A1/P1278T03241A1C0F10501.jpg,0.6483,0.6483,0.72739,tu_choi,tu_choi,0,2235
query/P0371T03241A2/P0371T03241A2C3F05641.jpg,371032412,1860032410,gallery/P1860T03241A0/P1860T03241A0C0F23341.jpg,0.67987,0.67987,0.72739,tu_choi,tu_choi,0,2235
query/P0933T03220A1/P0933T03220A1C3F06721.jpg,933032201,470032200,gallery/P0470T03220A0/P0470T03220A0C0F05821.jpg,0.73979,0.73979,0.72739,ban_giao,sai,1,909
query/P0034T03241A0/P0034T03241A0C3F00481.jpg,34032410,34032410,gallery/P0034T03241A0/P0034T03241A0C0F00211.jpg,0.6169,0.57574,0.72739,tu_choi,tu_choi,0,2235
query/P2244T03241A1/P2244T03241A1C3F09481.jpg,2244032411,2244032411,gallery/P2244T03241A1/P2244T03241A1C0F17701.jpg,0.74554,0.675,0.72739,ban_giao,dung,1,2235
query/P0789T02220A1/P0789T02220A1C3F12241.jpg,789022201,789022201,gallery/P0789T02220A1/P0789T02220A1C0F24361.jpg,0.73873,0.68685,0.72739,ban_giao,dung,0,1680
query/P0896T03241A0/P0896T03241A0C3F03691.jpg,896032410,896032410,gallery/P0896T03241A0/P0896T03241A0C0F11371.jpg,0.72747,0.72715,0.72739,ban_giao,dung,1,2235
query/P1424T03241A1/P1424T03241A1C3F06511.jpg,1424032411,1424032411,gallery/P1424T03241A1/P1424T03241A1C0F12631.jpg,0.69965,0.67749,0.72739,tu_choi,tu_choi,1,2235
query/P0359T03241A0/P0359T03241A0C3F00121.jpg,359032410,359032410,gallery/P0359T03241A0/P0359T03241A0C0F04051.jpg,0.7199,0.6448,0.72739,tu_choi,tu_choi,1,2235
query/P0096T03220A1/P0096T03220A1C3F00181.jpg,96032201,96032201,gallery/P0096T03220A1/P0096T03220A1C0F00901.jpg,0.6389,0.63681,0.72739,tu_choi,tu_choi,1,909
query/P1046T03241A0/P1046T03241A0C3F04591.jpg,1046032410,1150032412,gallery/P1150T03241A2/P1150T03241A2C0F14971.jpg,0.71431,0.71431,0.72739,tu_choi,tu_choi,1,2235
query/P0094T02220A1/P0094T02220A1C3F02341.jpg,94022201,789022201,gallery/P0789T02220A1/P0789T02220A1C0F24601.jpg,0.71079,0.71079,0.72739,tu_choi,tu_choi,0,1680
query/P0001T03220A1/P0001T03220A1C3F01381.jpg,1032201,1032201,gallery/P0001T03220A1/P0001T03220A1C0F00121.jpg,0.76623,0.59645,0.72739,ban_giao,dung,0,909
query/P0661T02220A2/P0661T02220A2C3F09271.jpg,661022202,536022200,gallery/P0536T02220A0/P0536T02220A0C0F26101.jpg,0.82929,0.82929,0.72739,ban_giao,sai,1,1680
query/P0538T03241A1/P0538T03241A1C3F01831.jpg,538032411,538032411,gallery/P0538T03241A1/P0538T03241A1C0F04921.jpg,0.63553,0.6303,0.72739,tu_choi,tu_choi,0,2235
query/P0126T04041A1/P0126T04041A1C3F1741.jpg,126040411,126040411,gallery/P0126T04041A1/P0126T04041A1C0F6151.jpg,0.66171,0.65249,0.72739,tu_choi,tu_choi,0,1940
query/P0001T03220A1/P0001T03220A1C3F01141.jpg,1032201,399032200,gallery/P0399T03220A0/P0399T03220A0C0F05071.jpg,0.58794,0.58794,0.72739,tu_choi,tu_choi,0,909
query/P0044T02140A1/P0044T02140A1C3F2101.jpg,44021401,44021401,gallery/P0044T02140A1/P0044T02140A1C0F3691.jpg,0.69368,0.62783,0.72739,tu_choi,tu_choi,1,358
query/P0582T03220A1/P0582T03220A1C3F03841.jpg,582032201,582032201,gallery/P0582T03220A1/P0582T03220A1C0F08431.jpg,0.72222,0.55241,0.72739,tu_choi,tu_choi,0,909
query/P1085T03220A1/P1085T03220A1C3F07651.jpg,1085032201,470032200,gallery/P0470T03220A0/P0470T03220A0C0F06691.jpg,0.64742,0.64742,0.72739,tu_choi,tu_choi,1,909
query/P0399T03220A0/P0399T03220A0C3F02551.jpg,399032200,481032201,gallery/P0481T03220A1/P0481T03220A1C0F06691.jpg,0.59362,0.59362,0.72739,tu_choi,tu_choi,1,909
query/P0544T02220A0/P0544T02220A0C3F10081.jpg,544022200,544022200,gallery/P0544T02220A0/P0544T02220A0C0F20011.jpg,0.67273,0.66316,0.72739,tu_choi,tu_choi,0,1680
query/P0367T02220A0/P0367T02220A0C3F06781.jpg,367022200,367022200,gallery/P0367T02220A0/P0367T02220A0C0F12961.jpg,0.65822,0.65733,0.72739,tu_choi,tu_choi,0,1680
query/P0463T02220A0/P0463T02220A0C3F08041.jpg,463022200,463022200,gallery/P0463T02220A0/P0463T02220A0C0F16591.jpg,0.73422,0.61649,0.72739,ban_giao,dung,1,1680
query/P0741T02220A1/P0741T02220A1C3F12211.jpg,741022201,330022200,gallery/P0330T02220A0/P0330T02220A0C0F11221.jpg,0.71213,0.71213,0.72739,tu_choi,tu_choi,1,1680
query/P0147T02220A0/P0147T02220A0C3F02011.jpg,147022200,518022200,gallery/P0518T02220A0/P0518T02220A0C0F19441.jpg,0.6825,0.6825,0.72739,tu_choi,tu_choi,0,1680
query/P1316T03241A1/P1316T03241A1C3F06031.jpg,1316032411,582032412,gallery/P0582T03241A2/P0582T03241A2C0F08101.jpg,0.69023,0.69023,0.72739,tu_choi,tu_choi,0,2235
query/P0168T02220A0/P0168T02220A0C3F02941.jpg,168022200,168022200,gallery/P0168T02220A0/P0168T02220A0C0F03571.jpg,0.66752,0.62463,0.72739,tu_choi,tu_choi,0,1680
query/P1661T03220A2/P1661T03220A2C3F10081.jpg,1661032202,1661032202,gallery/P1661T03220A2/P1661T03220A2C0F20461.jpg,0.69944,0.61878,0.72739,tu_choi,tu_choi,1,909
query/P0741T02220A1/P0741T02220A1C3F11851.jpg,741022201,741022201,gallery/P0741T02220A1/P0741T02220A1C0F21511.jpg,0.7057,0.70214,0.72739,tu_choi,tu_choi,1,1680
query/P0449T03241A1/P0449T03241A1C3F02581.jpg,449032411,2244032411,gallery/P2244T03241A1/P2244T03241A1C0F18211.jpg,0.62412,0.62412,0.72739,tu_choi,tu_choi,1,2235
query/P1611T03220A2/P1611T03220A2C3F10021.jpg,1611032202,1611032202,gallery/P1611T03220A2/P1611T03220A2C0F20161.jpg,0.6464,0.61067,0.72739,tu_choi,tu_choi,1,909
query/P0352T03241A1/P0352T03241A1C3F02341.jpg,352032411,845032410,gallery/P0845T03241A0/P0845T03241A0C0F10741.jpg,0.69838,0.69838,0.72739,tu_choi,tu_choi,1,2235
query/P1708T03241A0/P1708T03241A0C3F08491.jpg,1708032410,455032410,gallery/P0455T03241A0/P0455T03241A0C0F06511.jpg,0.75479,0.75479,0.72739,ban_giao,sai,0,2235
query/P0193T02220A0/P0193T02220A0C3F02401.jpg,193022200,193022200,gallery/P0193T02220A0/P0193T02220A0C0F05071.jpg,0.79533,0.64789,0.72739,ban_giao,dung,1,1680
query/P0371T03241A2/P0371T03241A2C3F05011.jpg,371032412,371032412,gallery/P0371T03241A2/P0371T03241A2C0F04831.jpg,0.706,0.6676,0.72739,tu_choi,tu_choi,0,2235
query/P0328T04041A2/P0328T04041A2C3F13981.jpg,328040412,124040411,gallery/P0124T04041A1/P0124T04041A1C0F5911.jpg,0.74039,0.74039,0.72739,ban_giao,sai,0,1940
query/P0191T02220A0/P0191T02220A0C3F04021.jpg,191022200,193022200,gallery/P0193T02220A0/P0193T02220A0C0F06001.jpg,0.72979,0.72979,0.72739,ban_giao,sai,1,1680
query/P0582T03241A2/P0582T03241A2C3F07831.jpg,582032412,974032411,gallery/P0974T03241A1/P0974T03241A1C0F07261.jpg,0.69619,0.69619,0.72739,tu_choi,tu_choi,1,2235
query/P1355T03220A2/P1355T03220A2C3F07891.jpg,1355032202,790032200,gallery/P0790T03220A0/P0790T03220A0C0F11791.jpg,0.60725,0.60725,0.72739,tu_choi,tu_choi,1,909
query/P0582T03220A1/P0582T03220A1C3F03811.jpg,582032201,582032201,gallery/P0582T03220A1/P0582T03220A1C0F08431.jpg,0.6445,0.57176,0.72739,tu_choi,tu_choi,0,909
query/P1360T03241A0/P1360T03241A0C3F06631.jpg,1360032410,763032410,gallery/P0763T03241A0/P0763T03241A0C0F09481.jpg,0.68429,0.68429,0.72739,tu_choi,tu_choi,1,2235
query/P0195T04041A1/P0195T04041A1C3F12661.jpg,195040411,195040411,gallery/P0195T04041A1/P0195T04041A1C0F25081.jpg,0.75786,0.59136,0.72739,ban_giao,dung,0,1940
query/P2579T03241A1/P2579T03241A1C3F11311.jpg,2579032411,831032412,gallery/P0831T03241A2/P0831T03241A2C0F10921.jpg,0.62571,0.62571,0.72739,tu_choi,tu_choi,1,2235
query/P0416T02220A2/P0416T02220A2C3F06811.jpg,416022202,168022200,gallery/P0168T02220A0/P0168T02220A0C0F03871.jpg,0.59253,0.59253,0.72739,tu_choi,tu_choi,1,1680
query/P0536T02220A0/P0536T02220A0C3F11731.jpg,536022200,661022202,gallery/P0661T02220A2/P0661T02220A2C0F19411.jpg,0.72625,0.72625,0.72739,tu_choi,tu_choi,1,1680
query/P0034T02210A1/P0034T02210A1C3F8221.jpg,34022101,121022101,gallery/P0121T02210A1/P0121T02210A1C0F7951.jpg,0.62411,0.62411,0.72739,tu_choi,tu_choi,0,1625
query/P1447T03220A0/P1447T03220A0C3F12481.jpg,1447032200,1321032201,gallery/P1321T03220A1/P1321T03220A1C0F19861.jpg,0.58769,0.58769,0.72739,tu_choi,tu_choi,0,909
query/P2578T03241A1/P2578T03241A1C3F11221.jpg,2578032411,2578032411,gallery/P2578T03241A1/P2578T03241A1C0F19501.jpg,0.76807,0.64573,0.72739,ban_giao,dung,1,2235
query/P0821T02220A2/P0821T02220A2C3F13021.jpg,821022202,330022200,gallery/P0330T02220A0/P0330T02220A0C0F12151.jpg,0.70804,0.70804,0.72739,tu_choi,tu_choi,0,1680
query/P1447T03220A0/P1447T03220A0C3F12631.jpg,1447032200,1447032200,gallery/P1447T03220A0/P1447T03220A0C0F22141.jpg,0.64415,0.62556,0.72739,tu_choi,tu_choi,0,909
query/P1447T03220A0/P1447T03220A0C3F12391.jpg,1447032200,59032201,gallery/P0059T03220A1/P0059T03220A1C0F01051.jpg,0.68303,0.68303,0.72739,tu_choi,tu_choi,0,909
query/P1919T03220A2/P1919T03220A2C3F11521.jpg,1919032202,774032201,gallery/P0774T03220A1/P0774T03220A1C0F12631.jpg,0.63279,0.63279,0.72739,tu_choi,tu_choi,1,909
query/P0171T03220A2/P0171T03220A2C3F00901.jpg,171032202,1511032200,gallery/P1511T03220A0/P1511T03220A0C0F25621.jpg,0.6624,0.6624,0.72739,tu_choi,tu_choi,0,909
query/P0191T02220A0/P0191T02220A0C3F04141.jpg,191022200,191022200,gallery/P0191T02220A0/P0191T02220A0C0F05671.jpg,0.71696,0.68737,0.72739,tu_choi,tu_choi,1,1680
query/P0692T02220A0/P0692T02220A0C3F12331.jpg,692022200,692022200,gallery/P0692T02220A0/P0692T02220A0C0F25201.jpg,0.75856,0.68536,0.72739,ban_giao,dung,0,1680
query/P1539T03220A2/P1539T03220A2C3F09181.jpg,1539032202,1539032202,gallery/P1539T03220A2/P1539T03220A2C0F18601.jpg,0.63291,0.62271,0.72739,tu_choi,tu_choi,0,909
query/P1005T03220A0/P1005T03220A0C3F09871.jpg,1005032200,399032200,gallery/P0399T03220A0/P0399T03220A0C0F05611.jpg,0.65557,0.65557,0.72739,tu_choi,tu_choi,0,909
query/P0120T02220A1/P0120T02220A1C3F01021.jpg,120022201,120022201,gallery/P0120T02220A1/P0120T02220A1C0F02761.jpg,0.62619,0.60959,0.72739,tu_choi,tu_choi,1,1680
query/P0974T03241A1/P0974T03241A1C3F03181.jpg,974032411,679032410,gallery/P0679T03241A0/P0679T03241A0C0F07741.jpg,0.7354,0.7354,0.72739,ban_giao,sai,1,2235
query/P1287T03241A0/P1287T03241A0C3F10681.jpg,1287032410,1287032410,gallery/P1287T03241A0/P1287T03241A0C0F15631.jpg,0.63809,0.60394,0.72739,tu_choi,tu_choi,0,2235
query/P1150T03241A2/P1150T03241A2C3F11251.jpg,1150032412,1427032410,gallery/P1427T03241A0/P1427T03241A0C0F16561.jpg,0.66101,0.66101,0.72739,tu_choi,tu_choi,1,2235
query/P0699T02220A1/P0699T02220A1C3F09301.jpg,699022201,699022201,gallery/P0699T02220A1/P0699T02220A1C0F19531.jpg,0.74198,0.65755,0.72739,ban_giao,dung,0,1680
query/P0741T02220A1/P0741T02220A1C3F12511.jpg,741022201,741022201,gallery/P0741T02220A1/P0741T02220A1C0F21511.jpg,0.7522,0.67614,0.72739,ban_giao,dung,1,1680
query/P0575T03241A2/P0575T03241A2C3F07171.jpg,575032412,849032410,gallery/P0849T03241A0/P0849T03241A0C0F10921.jpg,0.73227,0.73227,0.72739,ban_giao,sai,1,2235
query/P0736T03241A2/P0736T03241A2C3F08101.jpg,736032412,736032412,gallery/P0736T03241A2/P0736T03241A2C0F09391.jpg,0.6607,0.64108,0.72739,tu_choi,tu_choi,0,2235
query/P0323T03220A1/P0323T03220A1C3F02821.jpg,323032201,323032201,gallery/P0323T03220A1/P0323T03220A1C0F03001.jpg,0.74639,0.70285,0.72739,ban_giao,dung,1,909
query/P0790T03220A0/P0790T03220A0C3F06211.jpg,790032200,790032200,gallery/P0790T03220A0/P0790T03220A0C0F12751.jpg,0.75068,0.71435,0.72739,ban_giao,dung,1,909
query/P0409T03241A2/P0409T03241A2C3F05641.jpg,409032412,422032412,gallery/P0422T03241A2/P0422T03241A2C0F04861.jpg,0.61976,0.61976,0.72739,tu_choi,tu_choi,0,2235
query/P1024T03241A0/P1024T03241A0C3F06091.jpg,1024032410,1024032410,gallery/P1024T03241A0/P1024T03241A0C0F12031.jpg,0.71541,0.66923,0.72739,tu_choi,tu_choi,0,2235
query/P0181T04041A1/P0181T04041A1C3F9481.jpg,181040411,181040411,gallery/P0181T04041A1/P0181T04041A1C0F21061.jpg,0.65932,0.59623,0.72739,tu_choi,tu_choi,0,1940
query/P0933T03220A1/P0933T03220A1C3F06781.jpg,933032201,323032201,gallery/P0323T03220A1/P0323T03220A1C0F03001.jpg,0.71669,0.71669,0.72739,tu_choi,tu_choi,1,909
query/P0831T03241A2/P0831T03241A2C3F09451.jpg,831032412,831032412,gallery/P0831T03241A2/P0831T03241A2C0F10561.jpg,0.72056,0.70271,0.72739,tu_choi,tu_choi,1,2235
query/P0326T02220A1/P0326T02220A1C3F03331.jpg,326022201,193022200,gallery/P0193T02220A0/P0193T02220A0C0F06061.jpg,0.61624,0.61624,0.72739,tu_choi,tu_choi,0,1680
query/P0756T02220A1/P0756T02220A1C3F11041.jpg,756022201,122022202,gallery/P0122T02220A2/P0122T02220A2C0F04291.jpg,0.69889,0.69889,0.72739,tu_choi,tu_choi,0,1680
query/P1788T03241A0/P1788T03241A0C3F08371.jpg,1788032410,585032411,gallery/P0585T03241A1/P0585T03241A1C0F03781.jpg,0.64733,0.64733,0.72739,tu_choi,tu_choi,0,2235
query/P0517T02220A1/P0517T02220A1C3F07051.jpg,517022201,193022200,gallery/P0193T02220A0/P0193T02220A0C0F06301.jpg,0.67157,0.67157,0.72739,tu_choi,tu_choi,0,1680
query/P0728T02220A1/P0728T02220A1C3F12091.jpg,728022201,182022200,gallery/P0182T02220A0/P0182T02220A0C0F04321.jpg,0.72274,0.72274,0.72739,tu_choi,tu_choi,1,1680
query/P0812T03241A1/P0812T03241A1C3F03061.jpg,812032411,1151032412,gallery/P1151T03241A2/P1151T03241A2C0F16531.jpg,0.76068,0.76068,0.72739,ban_giao,sai,1,2235
query/P0576T03241A1/P0576T03241A1C3F01741.jpg,576032411,149032410,gallery/P0149T03241A0/P0149T03241A0C0F02401.jpg,0.74239,0.74239,0.72739,ban_giao,sai,1,2235
query/P0094T02220A1/P0094T02220A1C3F01861.jpg,94022201,518022200,gallery/P0518T02220A0/P0518T02220A0C0F20101.jpg,0.71872,0.71872,0.72739,tu_choi,tu_choi,0,1680
query/P0255T04041A2/P0255T04041A2C3F8101.jpg,255040412,138040411,gallery/P0138T04041A1/P0138T04041A1C0F6361.jpg,0.69497,0.69497,0.72739,tu_choi,tu_choi,0,1940
query/P0845T03241A0/P0845T03241A0C3F03001.jpg,845032410,1907032410,gallery/P1907T03241A0/P1907T03241A0C0F23011.jpg,0.64395,0.64395,0.72739,tu_choi,tu_choi,1,2235
query/P0679T03241A0/P0679T03241A0C3F03631.jpg,679032410,780032410,gallery/P0780T03241A0/P0780T03241A0C0F10411.jpg,0.61058,0.61058,0.72739,tu_choi,tu_choi,0,2235
query/P0034T04041A0/P0034T04041A0C3F4231.jpg,34040410,34040410,gallery/P0034T04041A0/P0034T04041A0C0F7471.jpg,0.66135,0.63414,0.72739,tu_choi,tu_choi,0,1940
query/P0059T03220A1/P0059T03220A1C3F00451.jpg,59032201,938032200,gallery/P0938T03220A0/P0938T03220A0C0F15961.jpg,0.61214,0.61214,0.72739,tu_choi,tu_choi,0,909
query/P0171T03220A2/P0171T03220A2C3F00631.jpg,171032202,171032202,gallery/P0171T03220A2/P0171T03220A2C0F01741.jpg,0.64426,0.61136,0.72739,tu_choi,tu_choi,0,909
query/P0351T02220A1/P0351T02220A1C3F03901.jpg,351022201,193022200,gallery/P0193T02220A0/P0193T02220A0C0F06061.jpg,0.69141,0.69141,0.72739,tu_choi,tu_choi,0,1680
query/P0302T03241A2/P0302T03241A2C3F04861.jpg,302032412,302032412,gallery/P0302T03241A2/P0302T03241A2C0F04831.jpg,0.76371,0.68745,0.72739,ban_giao,dung,1,2235
query/P1162T03220A2/P1162T03220A2C3F06181.jpg,1162032202,267032200,gallery/P0267T03220A0/P0267T03220A0C0F04681.jpg,0.70668,0.70668,0.72739,tu_choi,tu_choi,1,909
query/P1539T03220A2/P1539T03220A2C3F09121.jpg,1539032202,1539032202,gallery/P1539T03220A2/P1539T03220A2C0F18601.jpg,0.66902,0.61621,0.72739,tu_choi,tu_choi,0,909
query/P1630T03220A0/P1630T03220A0C3F14131.jpg,1630032200,1321032201,gallery/P1321T03220A1/P1321T03220A1C0F20041.jpg,0.62852,0.62852,0.72739,tu_choi,tu_choi,0,909
query/P0399T03220A0/P0399T03220A0C3F02341.jpg,399032200,399032200,gallery/P0399T03220A0/P0399T03220A0C0F05551.jpg,0.71178,0.65525,0.72739,tu_choi,tu_choi,1,909
query/P0022T02140A0/P0022T02140A0C3F10381.jpg,22021400,2021400,gallery/P0002T02140A0/P0002T02140A0C0F27511.jpg,0.61427,0.61427,0.72739,tu_choi,tu_choi,0,358
query/P0447T03241A0/P0447T03241A0C3F00811.jpg,447032410,447032410,gallery/P0447T03241A0/P0447T03241A0C0F06541.jpg,0.78339,0.63065,0.72739,ban_giao,dung,0,2235
query/P0124T04041A1/P0124T04041A1C3F2011.jpg,124040411,167040411,gallery/P0167T04041A1/P0167T04041A1C0F17881.jpg,0.69186,0.69186,0.72739,tu_choi,tu_choi,0,1940
query/P0399T03220A0/P0399T03220A0C3F02371.jpg,399032200,399032200,gallery/P0399T03220A0/P0399T03220A0C0F04711.jpg,0.61498,0.61144,0.72739,tu_choi,tu_choi,1,909
query/P1798T03241A0/P1798T03241A0C3F10441.jpg,1798032410,1798032410,gallery/P1798T03241A0/P1798T03241A0C0F20971.jpg,0.69874,0.68529,0.72739,tu_choi,tu_choi,1,2235
query/P0342T02220A2/P0342T02220A2C3F08881.jpg,342022202,313022200,gallery/P0313T02220A0/P0313T02220A0C0F10291.jpg,0.68271,0.68271,0.72739,tu_choi,tu_choi,0,1680
query/P1337T03220A2/P1337T03220A2C3F09691.jpg,1337032202,244032200,gallery/P0244T03220A0/P0244T03220A0C0F02911.jpg,0.58672,0.58672,0.72739,tu_choi,tu_choi,0,909
query/P0958T03220A1/P0958T03220A1C3F06931.jpg,958032201,1511032200,gallery/P1511T03220A0/P1511T03220A0C0F25621.jpg,0.68396,0.68396,0.72739,tu_choi,tu_choi,0,909
query/P0367T02220A0/P0367T02220A0C3F06751.jpg,367022200,367022200,gallery/P0367T02220A0/P0367T02220A0C0F12961.jpg,0.63728,0.6318,0.72739,tu_choi,tu_choi,0,1680
query/P0481T03220A1/P0481T03220A1C3F02341.jpg,481032201,481032201,gallery/P0481T03220A1/P0481T03220A1C0F06001.jpg,0.70942,0.61661,0.72739,tu_choi,tu_choi,0,909
query/P1046T03241A0/P1046T03241A0C3F04831.jpg,1046032410,1046032410,gallery/P1046T03241A0/P1046T03241A0C0F12691.jpg,0.79316,0.69462,0.72739,ban_giao,dung,1,2235
query/P0968T03220A1/P0968T03220A1C3F06841.jpg,968032201,1236032202,gallery/P1236T03220A2/P1236T03220A2C0F14641.jpg,0.6637,0.6637,0.72739,tu_choi,tu_choi,0,909
query/P0831T03241A2/P0831T03241A2C3F09541.jpg,831032412,831032412,gallery/P0831T03241A2/P0831T03241A2C0F10621.jpg,0.68257,0.67788,0.72739,tu_choi,tu_choi,1,2235
query/P0320T04041A2/P0320T04041A2C3F12841.jpg,320040412,184040411,gallery/P0184T04041A1/P0184T04041A1C0F21601.jpg,0.71672,0.71672,0.72739,tu_choi,tu_choi,1,1940
query/P0661T02220A2/P0661T02220A2C3F09571.jpg,661022202,536022200,gallery/P0536T02220A0/P0536T02220A0C0F26191.jpg,0.73478,0.73478,0.72739,ban_giao,sai,1,1680
query/P0319T02220A0/P0319T02220A0C3F06151.jpg,319022200,193022200,gallery/P0193T02220A0/P0193T02220A0C0F06061.jpg,0.73834,0.73834,0.72739,ban_giao,sai,1,1680
query/P2207T03241A0/P2207T03241A0C3F11941.jpg,2207032410,2103032410,gallery/P2103T03241A0/P2103T03241A0C0F25651.jpg,0.60383,0.60383,0.72739,tu_choi,tu_choi,0,2235
query/P0582T03220A1/P0582T03220A1C3F03991.jpg,582032201,582032201,gallery/P0582T03220A1/P0582T03220A1C0F09421.jpg,0.6443,0.63369,0.72739,tu_choi,tu_choi,0,909
query/P0312T03241A1/P0312T03241A1C3F01471.jpg,312032411,312032411,gallery/P0312T03241A1/P0312T03241A1C0F02221.jpg,0.63139,0.62537,0.72739,tu_choi,tu_choi,1,2235
query/P1362T03220A1/P1362T03220A1C3F11641.jpg,1362032201,1337032202,gallery/P1337T03220A2/P1337T03220A2C0F15811.jpg,0.67492,0.67492,0.72739,tu_choi,tu_choi,1,909
query/P0821T02220A2/P0821T02220A2C3F12931.jpg,821022202,330022200,gallery/P0330T02220A0/P0330T02220A0C0F12151.jpg,0.70364,0.70364,0.72739,tu_choi,tu_choi,0,1680
query/P0763T03241A0/P0763T03241A0C3F03991.jpg,763032410,763032410,gallery/P0763T03241A0/P0763T03241A0C0F09481.jpg,0.69523,0.67722,0.72739,tu_choi,tu_choi,0,2235
query/P0622T03241A1/P0622T03241A1C3F01021.jpg,622032411,1427032410,gallery/P1427T03241A0/P1427T03241A0C0F16681.jpg,0.64124,0.64124,0.72739,tu_choi,tu_choi,0,2235
query/P1202T03241A1/P1202T03241A1C3F04111.jpg,1202032411,2103032410,gallery/P2103T03241A0/P2103T03241A0C0F25141.jpg,0.68636,0.68636,0.72739,tu_choi,tu_choi,1,2235
query/P0582T03220A1/P0582T03220A1C3F03781.jpg,582032201,582032201,gallery/P0582T03220A1/P0582T03220A1C0F08401.jpg,0.66256,0.53544,0.72739,tu_choi,tu_choi,0,909
query/P0319T02220A0/P0319T02220A0C3F06091.jpg,319022200,191022200,gallery/P0191T02220A0/P0191T02220A0C0F05071.jpg,0.68139,0.68139,0.72739,tu_choi,tu_choi,1,1680
query/P1679T03241A0/P1679T03241A0C3F08971.jpg,1679032410,1316032411,gallery/P1316T03241A1/P1316T03241A1C0F11731.jpg,0.71174,0.71174,0.72739,tu_choi,tu_choi,0,2235
query/P0096T03220A1/P0096T03220A1C3F00541.jpg,96032201,96032201,gallery/P0096T03220A1/P0096T03220A1C0F02071.jpg,0.63556,0.61467,0.72739,tu_choi,tu_choi,1,909
query/P0118T02220A1/P0118T02220A1C3F01051.jpg,118022201,417022201,gallery/P0417T02220A1/P0417T02220A1C0F09601.jpg,0.63483,0.63483,0.72739,tu_choi,tu_choi,1,1680
query/P0710T02220A2/P0710T02220A2C3F09631.jpg,710022202,338022200,gallery/P0338T02220A0/P0338T02220A0C0F12421.jpg,0.67672,0.67672,0.72739,tu_choi,tu_choi,0,1680
query/P0988T03241A1/P0988T03241A1C3F03241.jpg,988032411,802032411,gallery/P0802T03241A1/P0802T03241A1C0F04711.jpg,0.72325,0.72325,0.72739,tu_choi,tu_choi,0,2235
query/P0679T03241A0/P0679T03241A0C3F03541.jpg,679032410,679032410,gallery/P0679T03241A0/P0679T03241A0C0F08551.jpg,0.65282,0.61847,0.72739,tu_choi,tu_choi,0,2235
query/P2041T03241A1/P2041T03241A1C3F08491.jpg,2041032411,2041032411,gallery/P2041T03241A1/P2041T03241A1C0F16111.jpg,0.68027,0.65299,0.72739,tu_choi,tu_choi,1,2235
query/P1187T03241A2/P1187T03241A2C3F11101.jpg,1187032412,1187032412,gallery/P1187T03241A2/P1187T03241A2C0F16771.jpg,0.73117,0.64624,0.72739,ban_giao,dung,0,2235
query/P0327T02220A0/P0327T02220A0C3F05761.jpg,327022200,327022200,gallery/P0327T02220A0/P0327T02220A0C0F11581.jpg,0.72721,0.55838,0.72739,tu_choi,tu_choi,1,1680
query/P0565T03241A1/P0565T03241A1C3F02101.jpg,565032411,1860032410,gallery/P1860T03241A0/P1860T03241A0C0F22591.jpg,0.67079,0.67079,0.72739,tu_choi,tu_choi,1,2235
query/P0327T02220A0/P0327T02220A0C3F05731.jpg,327022200,327022200,gallery/P0327T02220A0/P0327T02220A0C0F11611.jpg,0.68168,0.5746,0.72739,tu_choi,tu_choi,1,1680
query/P1860T03241A0/P1860T03241A0C3F11311.jpg,1860032410,1860032410,gallery/P1860T03241A0/P1860T03241A0C0F22261.jpg,0.68407,0.64895,0.72739,tu_choi,tu_choi,0,2235
query/P1321T03220A1/P1321T03220A1C3F11131.jpg,1321032201,1321032201,gallery/P1321T03220A1/P1321T03220A1C0F19861.jpg,0.65957,0.62974,0.72739,tu_choi,tu_choi,1,909
query/P1124T03220A1/P1124T03220A1C3F08041.jpg,1124032201,1124032201,gallery/P1124T03220A1/P1124T03220A1C0F16591.jpg,0.74811,0.70904,0.72739,ban_giao,dung,0,909
query/P0821T02220A2/P0821T02220A2C3F12871.jpg,821022202,193022200,gallery/P0193T02220A0/P0193T02220A0C0F05641.jpg,0.66483,0.66483,0.72739,tu_choi,tu_choi,0,1680
query/P0343T02220A0/P0343T02220A0C3F12811.jpg,343022200,343022200,gallery/P0343T02220A0/P0343T02220A0C0F12661.jpg,0.78854,0.6341,0.72739,ban_giao,dung,1,1680
query/P0177T02220A2/P0177T02220A2C3F03001.jpg,177022202,191022200,gallery/P0191T02220A0/P0191T02220A0C0F05071.jpg,0.67991,0.67991,0.72739,tu_choi,tu_choi,0,1680
query/P0002T02140A0/P0002T02140A0C3F991.jpg,2021400,2021400,gallery/P0002T02140A0/P0002T02140A0C0F17101.jpg,0.76706,0.66079,0.72739,ban_giao,dung,0,358
query/P0774T03220A1/P0774T03220A1C3F05671.jpg,774032201,59032201,gallery/P0059T03220A1/P0059T03220A1C0F01381.jpg,0.60449,0.60449,0.72739,tu_choi,tu_choi,1,909
query/P1124T03220A1/P1124T03220A1C3F08251.jpg,1124032201,938032200,gallery/P0938T03220A0/P0938T03220A0C0F16891.jpg,0.6403,0.6403,0.72739,tu_choi,tu_choi,0,909
query/P0710T02220A2/P0710T02220A2C3F09691.jpg,710022202,710022202,gallery/P0710T02220A2/P0710T02220A2C0F19291.jpg,0.70067,0.66484,0.72739,tu_choi,tu_choi,0,1680
query/P0968T03220A1/P0968T03220A1C3F06901.jpg,968032201,1321032201,gallery/P1321T03220A1/P1321T03220A1C0F20041.jpg,0.61893,0.61893,0.72739,tu_choi,tu_choi,0,909
query/P1864T03241A1/P1864T03241A1C3F07771.jpg,1864032411,1864032411,gallery/P1864T03241A1/P1864T03241A1C0F14131.jpg,0.74178,0.72224,0.72739,ban_giao,dung,1,2235
query/P1740T03220A2/P1740T03220A2C3F10621.jpg,1740032202,399032200,gallery/P0399T03220A0/P0399T03220A0C0F05581.jpg,0.60084,0.60084,0.72739,tu_choi,tu_choi,1,909
query/P1137T03241A2/P1137T03241A2C3F09541.jpg,1137032412,1137032412,gallery/P1137T03241A2/P1137T03241A2C0F14881.jpg,0.62237,0.61424,0.72739,tu_choi,tu_choi,0,2235
query/P0416T02220A2/P0416T02220A2C3F06691.jpg,416022202,417022201,gallery/P0417T02220A1/P0417T02220A1C0F09661.jpg,0.61544,0.61544,0.72739,tu_choi,tu_choi,1,1680
query/P1611T03220A2/P1611T03220A2C3F10141.jpg,1611032202,1611032202,gallery/P1611T03220A2/P1611T03220A2C0F20161.jpg,0.60754,0.60517,0.72739,tu_choi,tu_choi,1,909
query/P0559T03241A2/P0559T03241A2C3F07321.jpg,559032412,1360032410,gallery/P1360T03241A0/P1360T03241A0C0F16021.jpg,0.68866,0.68866,0.72739,tu_choi,tu_choi,0,2235
query/P0416T02220A2/P0416T02220A2C3F07231.jpg,416022202,193022200,gallery/P0193T02220A0/P0193T02220A0C0F06061.jpg,0.71002,0.71002,0.72739,tu_choi,tu_choi,1,1680
query/P0938T03220A0/P0938T03220A0C3F09931.jpg,938032200,938032200,gallery/P0938T03220A0/P0938T03220A0C0F15901.jpg,0.744,0.67459,0.72739,ban_giao,dung,0,909
query/P2578T03241A1/P2578T03241A1C3F11191.jpg,2578032411,2578032411,gallery/P2578T03241A1/P2578T03241A1C0F19501.jpg,0.7229,0.62266,0.72739,tu_choi,tu_choi,1,2235
query/P1128T03220A1/P1128T03220A1C3F07951.jpg,1128032201,244032200,gallery/P0244T03220A0/P0244T03220A0C0F03301.jpg,0.70252,0.70252,0.72739,tu_choi,tu_choi,1,909
query/P0240T02210A2/P0240T02210A2C3F4201.jpg,240022102,240022102,gallery/P0240T02210A2/P0240T02210A2C0F7441.jpg,0.63422,0.62907,0.72739,tu_choi,tu_choi,0,1625
query/P0352T03241A1/P0352T03241A1C3F02041.jpg,352032411,139032410,gallery/P0139T03241A0/P0139T03241A0C0F02161.jpg,0.72013,0.72013,0.72739,tu_choi,tu_choi,1,2235
query/P1316T03241A1/P1316T03241A1C3F06001.jpg,1316032411,1860032410,gallery/P1860T03241A0/P1860T03241A0C0F23401.jpg,0.66987,0.66987,0.72739,tu_choi,tu_choi,0,2235
query/P0831T03241A2/P0831T03241A2C3F09721.jpg,831032412,831032412,gallery/P0831T03241A2/P0831T03241A2C0F11191.jpg,0.65074,0.63715,0.72739,tu_choi,tu_choi,1,2235
query/P0470T03220A0/P0470T03220A0C3F02821.jpg,470032200,938032200,gallery/P0938T03220A0/P0938T03220A0C0F15961.jpg,0.6001,0.6001,0.72739,tu_choi,tu_choi,1,909
query/P0573T02220A1/P0573T02220A1C3F08131.jpg,573022201,313022200,gallery/P0313T02220A0/P0313T02220A0C0F10381.jpg,0.73626,0.73626,0.72739,ban_giao,sai,0,1680
query/P0481T03220A1/P0481T03220A1C3F02431.jpg,481032201,481032201,gallery/P0481T03220A1/P0481T03220A1C0F05761.jpg,0.65185,0.60784,0.72739,tu_choi,tu_choi,0,909
query/P0411T03241A0/P0411T03241A0C3F02701.jpg,411032410,411032410,gallery/P0411T03241A0/P0411T03241A0C0F05821.jpg,0.70304,0.6204,0.72739,tu_choi,tu_choi,1,2235
query/P0831T03241A2/P0831T03241A2C3F09841.jpg,831032412,831032412,gallery/P0831T03241A2/P0831T03241A2C0F10501.jpg,0.63405,0.6126,0.72739,tu_choi,tu_choi,1,2235
query/P0470T03220A0/P0470T03220A0C3F02731.jpg,470032200,470032200,gallery/P0470T03220A0/P0470T03220A0C0F05821.jpg,0.81043,0.70823,0.72739,ban_giao,dung,1,909
query/P0763T03241A1/P0763T03241A1C3F02551.jpg,763032411,585032411,gallery/P0585T03241A1/P0585T03241A1C0F03601.jpg,0.70119,0.70119,0.72739,tu_choi,tu_choi,1,2235
query/P0789T02220A1/P0789T02220A1C3F12121.jpg,789022201,789022201,gallery/P0789T02220A1/P0789T02220A1C0F23731.jpg,0.77305,0.71245,0.72739,ban_giao,dung,0,1680
query/P1124T03220A1/P1124T03220A1C3F08131.jpg,1124032201,1124032201,gallery/P1124T03220A1/P1124T03220A1C0F16951.jpg,0.66173,0.6603,0.72739,tu_choi,tu_choi,0,909
query/P0956T02220A2/P0956T02220A2C3F13021.jpg,956022202,821022202,gallery/P0821T02220A2/P0821T02220A2C0F22561.jpg,0.65463,0.65463,0.72739,tu_choi,tu_choi,0,1680
query/P0487T02220A0/P0487T02220A0C3F09511.jpg,487022200,313022200,gallery/P0313T02220A0/P0313T02220A0C0F10411.jpg,0.61814,0.61814,0.72739,tu_choi,tu_choi,1,1680
query/P0313T02220A0/P0313T02220A0C3F07231.jpg,313022200,313022200,gallery/P0313T02220A0/P0313T02220A0C0F10411.jpg,0.74288,0.63609,0.72739,ban_giao,dung,0,1680
query/P1697T03220A2/P1697T03220A2C3F10471.jpg,1697032202,470032200,gallery/P0470T03220A0/P0470T03220A0C0F05431.jpg,0.67644,0.67644,0.72739,tu_choi,tu_choi,1,909
query/P1316T03241A1/P1316T03241A1C3F05461.jpg,1316032411,1860032410,gallery/P1860T03241A0/P1860T03241A0C0F23611.jpg,0.74596,0.74596,0.72739,ban_giao,sai,0,2235
query/P0755T03241A1/P0755T03241A1C3F03001.jpg,755032411,359032410,gallery/P0359T03241A0/P0359T03241A0C0F04051.jpg,0.6589,0.6589,0.72739,tu_choi,tu_choi,1,2235
query/P0470T03241A1/P0470T03241A1C3F02761.jpg,470032411,2041032411,gallery/P2041T03241A1/P2041T03241A1C0F16411.jpg,0.70701,0.70701,0.72739,tu_choi,tu_choi,1,2235
query/P1919T03220A2/P1919T03220A2C3F11371.jpg,1919032202,774032201,gallery/P0774T03220A1/P0774T03220A1C0F12631.jpg,0.60762,0.60762,0.72739,tu_choi,tu_choi,1,909
query/P0968T03220A1/P0968T03220A1C3F06991.jpg,968032201,171032202,gallery/P0171T03220A2/P0171T03220A2C0F01831.jpg,0.63711,0.63711,0.72739,tu_choi,tu_choi,0,909
query/P0844T03241A1/P0844T03241A1C3F03361.jpg,844032411,802032411,gallery/P0802T03241A1/P0802T03241A1C0F05521.jpg,0.69154,0.69154,0.72739,tu_choi,tu_choi,1,2235
query/P0227T04041A2/P0227T04041A2C3F2731.jpg,227040412,313040412,gallery/P0313T04041A2/P0313T04041A2C0F19651.jpg,0.7291,0.7291,0.72739,ban_giao,sai,1,1940
query/P0559T02220A2/P0559T02220A2C3F09781.jpg,559022202,193022200,gallery/P0193T02220A0/P0193T02220A0C0F06061.jpg,0.78276,0.78276,0.72739,ban_giao,sai,1,1680
query/P0422T03241A2/P0422T03241A2C3F05491.jpg,422032412,422032412,gallery/P0422T03241A2/P0422T03241A2C0F04861.jpg,0.75206,0.71249,0.72739,ban_giao,dung,0,2235
query/P0938T03220A1/P0938T03220A1C3F06541.jpg,938032201,938032200,gallery/P0938T03220A0/P0938T03220A0C0F15901.jpg,0.66571,0.66571,0.72739,tu_choi,tu_choi,0,909
query/P0313T02220A0/P0313T02220A0C3F07441.jpg,313022200,313022200,gallery/P0313T02220A0/P0313T02220A0C0F12151.jpg,0.71353,0.64135,0.72739,tu_choi,tu_choi,0,1680
query/P0326T02220A1/P0326T02220A1C3F03271.jpg,326022201,326022201,gallery/P0326T02220A1/P0326T02220A1C0F06241.jpg,0.62118,0.61567,0.72739,tu_choi,tu_choi,0,1680
query/P0938T03220A0/P0938T03220A0C3F09571.jpg,938032200,59032201,gallery/P0059T03220A1/P0059T03220A1C0F01351.jpg,0.62514,0.62514,0.72739,tu_choi,tu_choi,0,909
query/P0366T03241A2/P0366T03241A2C3F05101.jpg,366032412,1046032410,gallery/P1046T03241A0/P1046T03241A0C0F13561.jpg,0.80949,0.80949,0.72739,ban_giao,sai,1,2235
query/P0470T03220A0/P0470T03220A0C3F03031.jpg,470032200,470032200,gallery/P0470T03220A0/P0470T03220A0C0F06601.jpg,0.70688,0.66713,0.72739,tu_choi,tu_choi,1,909
query/P0631T03220A2/P0631T03220A2C3F04801.jpg,631032202,653032200,gallery/P0653T03220A0/P0653T03220A0C0F08191.jpg,0.69557,0.69557,0.72739,tu_choi,tu_choi,1,909
query/P0269T02220A0/P0269T02220A0C3F05701.jpg,269022200,269022200,gallery/P0269T02220A0/P0269T02220A0C0F08251.jpg,0.73569,0.68647,0.72739,ban_giao,dung,1,1680
query/P1261T03220A2/P1261T03220A2C3F09511.jpg,1261032202,1261032202,gallery/P1261T03220A2/P1261T03220A2C0F15271.jpg,0.719,0.6751,0.72739,tu_choi,tu_choi,0,909
query/P0316T04041A2/P0316T04041A2C3F11341.jpg,316040412,140040411,gallery/P0140T04041A1/P0140T04041A1C0F8671.jpg,0.74209,0.74209,0.72739,ban_giao,sai,0,1940
query/P0707T02220A1/P0707T02220A1C3F09451.jpg,707022201,177022202,gallery/P0177T02220A2/P0177T02220A2C0F05011.jpg,0.61462,0.61462,0.72739,tu_choi,tu_choi,0,1680
query/P2103T03241A0/P2103T03241A0C3F12631.jpg,2103032410,2103032410,gallery/P2103T03241A0/P2103T03241A0C0F25141.jpg,0.64004,0.615,0.72739,tu_choi,tu_choi,0,2235
query/P0302T03241A2/P0302T03241A2C3F05431.jpg,302032412,302032412,gallery/P0302T03241A2/P0302T03241A2C0F03871.jpg,0.68411,0.64201,0.72739,tu_choi,tu_choi,1,2235
query/P0121T02210A1/P0121T02210A1C3F3301.jpg,121022101,121022101,gallery/P0121T02210A1/P0121T02210A1C0F7291.jpg,0.7275,0.57018,0.72739,ban_giao,dung,0,1625
query/P0538T03241A1/P0538T03241A1C3F01951.jpg,538032411,288032412,gallery/P0288T03241A2/P0288T03241A2C0F03151.jpg,0.67428,0.67428,0.72739,tu_choi,tu_choi,0,2235
query/P0845T03241A0/P0845T03241A0C3F02881.jpg,845032410,845032410,gallery/P0845T03241A0/P0845T03241A0C0F10861.jpg,0.59043,0.58618,0.72739,tu_choi,tu_choi,1,2235
query/P0481T03220A1/P0481T03220A1C3F02611.jpg,481032201,678032201,gallery/P0678T03220A1/P0678T03220A1C0F08911.jpg,0.61818,0.61818,0.72739,tu_choi,tu_choi,0,909
query/P0177T02220A2/P0177T02220A2C3F03271.jpg,177022202,821022202,gallery/P0821T02220A2/P0821T02220A2C0F22921.jpg,0.63432,0.63432,0.72739,tu_choi,tu_choi,0,1680
query/P2448T03241A1/P2448T03241A1C3F09781.jpg,2448032411,1424032411,gallery/P1424T03241A1/P1424T03241A1C0F12631.jpg,0.67148,0.67148,0.72739,tu_choi,tu_choi,1,2235
query/P1321T03220A1/P1321T03220A1C3F11311.jpg,1321032201,59032201,gallery/P0059T03220A1/P0059T03220A1C0F01021.jpg,0.65195,0.65195,0.72739,tu_choi,tu_choi,1,909
query/P0565T03241A1/P0565T03241A1C3F02071.jpg,565032411,565032411,gallery/P0565T03241A1/P0565T03241A1C0F03961.jpg,0.68403,0.64911,0.72739,tu_choi,tu_choi,1,2235
query/P0367T02220A0/P0367T02220A0C3F07081.jpg,367022200,193022200,gallery/P0193T02220A0/P0193T02220A0C0F06151.jpg,0.65726,0.65726,0.72739,tu_choi,tu_choi,0,1680
query/P0417T02220A1/P0417T02220A1C3F04771.jpg,417022201,416022202,gallery/P0416T02220A2/P0416T02220A2C0F13891.jpg,0.63506,0.63506,0.72739,tu_choi,tu_choi,0,1680
query/P0194T04041A1/P0194T04041A1C3F11461.jpg,194040411,248040412,gallery/P0248T04041A2/P0248T04041A2C0F7561.jpg,0.63942,0.63942,0.72739,tu_choi,tu_choi,1,1940
query/P1630T03220A0/P1630T03220A0C3F14071.jpg,1630032200,1511032200,gallery/P1511T03220A0/P1511T03220A0C0F25621.jpg,0.70312,0.70312,0.72739,tu_choi,tu_choi,0,909
query/P0830T02220A1/P0830T02220A1C3F13351.jpg,830022201,330022200,gallery/P0330T02220A0/P0330T02220A0C0F11221.jpg,0.66409,0.66409,0.72739,tu_choi,tu_choi,0,1680
query/P0707T02220A1/P0707T02220A1C3F09481.jpg,707022201,707022201,gallery/P0707T02220A1/P0707T02220A1C0F19921.jpg,0.64581,0.5982,0.72739,tu_choi,tu_choi,0,1680
query/P0559T02220A2/P0559T02220A2C3F10141.jpg,559022202,269022200,gallery/P0269T02220A0/P0269T02220A0C0F08191.jpg,0.69015,0.69015,0.72739,tu_choi,tu_choi,1,1680
query/P0585T03241A1/P0585T03241A1C3F01951.jpg,585032411,585032411,gallery/P0585T03241A1/P0585T03241A1C0F04171.jpg,0.80483,0.62436,0.72739,ban_giao,dung,1,2235
query/P0139T03241A0/P0139T03241A0C3F00391.jpg,139032410,139032410,gallery/P0139T03241A0/P0139T03241A0C0F02161.jpg,0.72456,0.64051,0.72739,tu_choi,tu_choi,1,2235
query/P0189T02210A1/P0189T02210A1C3F13381.jpg,189022101,195022102,gallery/P0195T02210A2/P0195T02210A2C0F391.jpg,0.67036,0.67036,0.72739,tu_choi,tu_choi,0,1625
query/P0844T03241A1/P0844T03241A1C3F02791.jpg,844032411,93032411,gallery/P0093T03241A1/P0093T03241A1C0F01951.jpg,0.64236,0.64236,0.72739,tu_choi,tu_choi,1,2235
query/P0326T02220A1/P0326T02220A1C3F02431.jpg,326022201,326022201,gallery/P0326T02220A1/P0326T02220A1C0F05521.jpg,0.78809,0.64114,0.72739,ban_giao,dung,0,1680
query/P0399T03220A0/P0399T03220A0C3F02401.jpg,399032200,933032201,gallery/P0933T03220A1/P0933T03220A1C0F13861.jpg,0.62865,0.62865,0.72739,tu_choi,tu_choi,1,909
query/P2244T03241A1/P2244T03241A1C3F09331.jpg,2244032411,2244032411,gallery/P2244T03241A1/P2244T03241A1C0F17791.jpg,0.71477,0.62857,0.72739,tu_choi,tu_choi,1,2235
query/P0693T03241A2/P0693T03241A2C3F08071.jpg,693032412,693032412,gallery/P0693T03241A2/P0693T03241A2C0F08791.jpg,0.72308,0.69888,0.72739,tu_choi,tu_choi,1,2235
query/P0095T04041A0/P0095T04041A0C3F13891.jpg,95040410,140040411,gallery/P0140T04041A1/P0140T04041A1C0F10021.jpg,0.67915,0.67915,0.72739,tu_choi,tu_choi,1,1940
query/P0448T02220A0/P0448T02220A0C3F07531.jpg,448022200,448022200,gallery/P0448T02220A0/P0448T02220A0C0F15361.jpg,0.87491,0.63713,0.72739,ban_giao,dung,0,1680
query/P0582T03241A2/P0582T03241A2C3F07561.jpg,582032412,582032412,gallery/P0582T03241A2/P0582T03241A2C0F07591.jpg,0.74715,0.69047,0.72739,ban_giao,dung,1,2235
query/P0692T02220A0/P0692T02220A0C3F12511.jpg,692022200,692022200,gallery/P0692T02220A0/P0692T02220A0C0F25201.jpg,0.76471,0.65079,0.72739,ban_giao,dung,0,1680
query/P0004T03241A2/P0004T03241A2C3F00361.jpg,4032412,470032411,gallery/P0470T03241A1/P0470T03241A1C0F04801.jpg,0.66382,0.66382,0.72739,tu_choi,tu_choi,0,2235
query/P0470T03220A0/P0470T03220A0C3F02701.jpg,470032200,470032200,gallery/P0470T03220A0/P0470T03220A0C0F05941.jpg,0.79907,0.72017,0.72739,ban_giao,dung,1,909
query/P1539T03220A2/P1539T03220A2C3F09031.jpg,1539032202,1539032202,gallery/P1539T03220A2/P1539T03220A2C0F18601.jpg,0.63908,0.59867,0.72739,tu_choi,tu_choi,0,909
query/P0838T03241A2/P0838T03241A2C3F07771.jpg,838032412,2103032410,gallery/P2103T03241A0/P2103T03241A0C0F25141.jpg,0.55544,0.55544,0.72739,tu_choi,tu_choi,1,2235
query/P0313T04041A2/P0313T04041A2C3F9361.jpg,313040412,313040412,gallery/P0313T04041A2/P0313T04041A2C0F20101.jpg,0.72044,0.67806,0.72739,tu_choi,tu_choi,0,1940
query/P0118T02220A1/P0118T02220A1C3F01141.jpg,118022201,122022202,gallery/P0122T02220A2/P0122T02220A2C0F04561.jpg,0.60662,0.60662,0.72739,tu_choi,tu_choi,1,1680
query/P0173T04041A1/P0173T04041A1C3F10201.jpg,173040411,316040412,gallery/P0316T04041A2/P0316T04041A2C0F20701.jpg,0.67332,0.67332,0.72739,tu_choi,tu_choi,1,1940
query/P0320T02220A0/P0320T02220A0C3F06481.jpg,320022200,269022200,gallery/P0269T02220A0/P0269T02220A0C0F08581.jpg,0.69418,0.69418,0.72739,tu_choi,tu_choi,0,1680
query/P0367T02220A0/P0367T02220A0C3F06301.jpg,367022200,756022201,gallery/P0756T02220A1/P0756T02220A1C0F22021.jpg,0.68624,0.68624,0.72739,tu_choi,tu_choi,0,1680
query/P0933T03220A1/P0933T03220A1C3F06661.jpg,933032201,470032200,gallery/P0470T03220A0/P0470T03220A0C0F05821.jpg,0.75515,0.75515,0.72739,ban_giao,sai,1,909
query/P2406T03241A1/P2406T03241A1C3F09511.jpg,2406032411,447032410,gallery/P0447T03241A0/P0447T03241A0C0F06631.jpg,0.66491,0.66491,0.72739,tu_choi,tu_choi,1,2235
query/P0244T03220A0/P0244T03220A0C3F01561.jpg,244032200,244032200,gallery/P0244T03220A0/P0244T03220A0C0F03271.jpg,0.65609,0.65051,0.72739,tu_choi,tu_choi,1,909
query/P0001T03220A1/P0001T03220A1C3F01321.jpg,1032201,1032201,gallery/P0001T03220A1/P0001T03220A1C0F00121.jpg,0.75704,0.59581,0.72739,ban_giao,dung,0,909
query/P1150T03241A2/P1150T03241A2C3F11611.jpg,1150032412,1150032412,gallery/P1150T03241A2/P1150T03241A2C0F15121.jpg,0.71911,0.70666,0.72739,tu_choi,tu_choi,1,2235
query/P1900T03241A1/P1900T03241A1C3F08431.jpg,1900032411,1900032411,gallery/P1900T03241A1/P1900T03241A1C0F16291.jpg,0.71607,0.69659,0.72739,tu_choi,tu_choi,0,2235
query/P0122T02220A2/P0122T02220A2C3F02101.jpg,122022202,122022202,gallery/P0122T02220A2/P0122T02220A2C0F04291.jpg,0.78478,0.67533,0.72739,ban_giao,dung,1,1680
query/P0154T02220A1/P0154T02220A1C3F01141.jpg,154022201,821022202,gallery/P0821T02220A2/P0821T02220A2C0F24121.jpg,0.63906,0.63906,0.72739,tu_choi,tu_choi,0,1680
query/P1085T03220A1/P1085T03220A1C3F07741.jpg,1085032201,470032200,gallery/P0470T03220A0/P0470T03220A0C0F05431.jpg,0.65919,0.65919,0.72739,tu_choi,tu_choi,1,909
query/P0988T03241A1/P0988T03241A1C3F02941.jpg,988032411,988032411,gallery/P0988T03241A1/P0988T03241A1C0F06781.jpg,0.69034,0.68132,0.72739,tu_choi,tu_choi,0,2235
query/P1654T03220A1/P1654T03220A1C3F11821.jpg,1654032201,1925032202,gallery/P1925T03220A2/P1925T03220A2C0F23761.jpg,0.61778,0.61778,0.72739,tu_choi,tu_choi,0,909
query/P0455T03241A2/P0455T03241A2C3F06301.jpg,455032412,455032412,gallery/P0455T03241A2/P0455T03241A2C0F06421.jpg,0.68314,0.68152,0.72739,tu_choi,tu_choi,1,2235
query/P1150T03241A2/P1150T03241A2C3F11941.jpg,1150032412,1150032412,gallery/P1150T03241A2/P1150T03241A2C0F15121.jpg,0.71189,0.70509,0.72739,tu_choi,tu_choi,1,2235
query/P1046T03241A0/P1046T03241A0C3F04861.jpg,1046032410,1046032410,gallery/P1046T03241A0/P1046T03241A0C0F12691.jpg,0.81864,0.72382,0.72739,ban_giao,dung,1,2235
query/P0653T03220A0/P0653T03220A0C3F04531.jpg,653032200,1511032200,gallery/P1511T03220A0/P1511T03220A0C0F25621.jpg,0.62798,0.62798,0.72739,tu_choi,tu_choi,1,909
query/P0538T03241A1/P0538T03241A1C3F02461.jpg,538032411,149032410,gallery/P0149T03241A0/P0149T03241A0C0F02401.jpg,0.68994,0.68994,0.72739,tu_choi,tu_choi,0,2235
query/P0938T03220A1/P0938T03220A1C3F06571.jpg,938032201,938032200,gallery/P0938T03220A0/P0938T03220A0C0F15781.jpg,0.6407,0.6407,0.72739,tu_choi,tu_choi,0,909
query/P0860T02220A2/P0860T02220A2C3F12211.jpg,860022202,642022202,gallery/P0642T02220A2/P0642T02220A2C0F18031.jpg,0.69079,0.69079,0.72739,tu_choi,tu_choi,1,1680
query/P0582T03241A2/P0582T03241A2C3F07741.jpg,582032412,582032412,gallery/P0582T03241A2/P0582T03241A2C0F08131.jpg,0.68062,0.64505,0.72739,tu_choi,tu_choi,1,2235
query/P0631T03220A2/P0631T03220A2C3F04711.jpg,631032202,470032200,gallery/P0470T03220A0/P0470T03220A0C0F05821.jpg,0.70331,0.70331,0.72739,tu_choi,tu_choi,1,909
query/P0261T04041A2/P0261T04041A2C3F5281.jpg,261040412,214040412,gallery/P0214T04041A2/P0214T04041A2C0F391.jpg,0.69531,0.69531,0.72739,tu_choi,tu_choi,0,1940
query/P0239T04041A2/P0239T04041A2C3F3601.jpg,239040412,140040411,gallery/P0140T04041A1/P0140T04041A1C0F8911.jpg,0.7006,0.7006,0.72739,tu_choi,tu_choi,0,1940
query/P1127T03241A1/P1127T03241A1C3F04381.jpg,1127032411,1127032411,gallery/P1127T03241A1/P1127T03241A1C0F08521.jpg,0.7297,0.69982,0.72739,ban_giao,dung,0,2235
query/P0244T03220A0/P0244T03220A0C3F01921.jpg,244032200,27032201,gallery/P0027T03220A1/P0027T03220A1C0F01141.jpg,0.64788,0.64788,0.72739,tu_choi,tu_choi,1,909
query/P2041T03241A1/P2041T03241A1C3F08611.jpg,2041032411,2041032411,gallery/P2041T03241A1/P2041T03241A1C0F16111.jpg,0.67164,0.66742,0.72739,tu_choi,tu_choi,1,2235
query/P0938T03220A0/P0938T03220A0C3F09871.jpg,938032200,470032200,gallery/P0470T03220A0/P0470T03220A0C0F05851.jpg,0.62688,0.62688,0.72739,tu_choi,tu_choi,0,909
query/P0417T02220A1/P0417T02220A1C3F05311.jpg,417022201,338022200,gallery/P0338T02220A0/P0338T02220A0C0F13681.jpg,0.66992,0.66992,0.72739,tu_choi,tu_choi,0,1680
query/P1151T03241A2/P1151T03241A2C3F11461.jpg,1151032412,447032410,gallery/P0447T03241A0/P0447T03241A0C0F05701.jpg,0.65689,0.65689,0.72739,tu_choi,tu_choi,0,2235
query/P1150T03241A2/P1150T03241A2C3F11971.jpg,1150032412,1046032410,gallery/P1046T03241A0/P1046T03241A0C0F13381.jpg,0.73092,0.73092,0.72739,ban_giao,sai,1,2235
query/P2244T03241A1/P2244T03241A1C3F09241.jpg,2244032411,2244032411,gallery/P2244T03241A1/P2244T03241A1C0F17791.jpg,0.67746,0.61875,0.72739,tu_choi,tu_choi,1,2235
query/P0313T02220A0/P0313T02220A0C3F07171.jpg,313022200,313022200,gallery/P0313T02220A0/P0313T02220A0C0F10411.jpg,0.75934,0.67382,0.72739,ban_giao,dung,0,1680
query/P0517T02220A1/P0517T02220A1C3F07171.jpg,517022201,517022201,gallery/P0517T02220A1/P0517T02220A1C0F10531.jpg,0.64281,0.62885,0.72739,tu_choi,tu_choi,0,1680
query/P0343T02220A0/P0343T02220A0C3F12301.jpg,343022200,193022200,gallery/P0193T02220A0/P0193T02220A0C0F06061.jpg,0.6988,0.6988,0.72739,tu_choi,tu_choi,1,1680
query/P0034T03241A0/P0034T03241A0C3F00121.jpg,34032410,790032412,gallery/P0790T03241A2/P0790T03241A2C0F10981.jpg,0.65581,0.65581,0.72739,tu_choi,tu_choi,0,2235
query/P0147T02220A0/P0147T02220A0C3F02071.jpg,147022200,309022200,gallery/P0309T02220A0/P0309T02220A0C0F10501.jpg,0.71502,0.71502,0.72739,tu_choi,tu_choi,0,1680
query/P0780T03241A0/P0780T03241A0C3F04381.jpg,780032410,780032410,gallery/P0780T03241A0/P0780T03241A0C0F09931.jpg,0.71697,0.66378,0.72739,tu_choi,tu_choi,1,2235
query/P0579T02220A1/P0579T02220A1C3F07321.jpg,579022201,2022200,gallery/P0002T02220A0/P0002T02220A0C0F01441.jpg,0.67203,0.67203,0.72739,tu_choi,tu_choi,0,1680
query/P0222T03241A2/P0222T03241A2C3F04681.jpg,222032412,1046032410,gallery/P1046T03241A0/P1046T03241A0C0F13561.jpg,0.84049,0.84049,0.72739,ban_giao,sai,1,2235
query/P0422T03241A2/P0422T03241A2C3F05851.jpg,422032412,422032412,gallery/P0422T03241A2/P0422T03241A2C0F04861.jpg,0.70827,0.69395,0.72739,tu_choi,tu_choi,0,2235
query/P0790T03220A0/P0790T03220A0C3F05881.jpg,790032200,1511032200,gallery/P1511T03220A0/P1511T03220A0C0F24931.jpg,0.6935,0.6935,0.72739,tu_choi,tu_choi,1,909
query/P0125T04041A1/P0125T04041A1C3F1381.jpg,125040411,125040411,gallery/P0125T04041A1/P0125T04041A1C0F4411.jpg,0.73708,0.66293,0.72739,ban_giao,dung,1,1940
query/P0974T03241A1/P0974T03241A1C3F02971.jpg,974032411,679032410,gallery/P0679T03241A0/P0679T03241A0C0F07711.jpg,0.68089,0.68089,0.72739,tu_choi,tu_choi,1,2235
query/P0417T02220A1/P0417T02220A1C3F05401.jpg,417022201,193022200,gallery/P0193T02220A0/P0193T02220A0C0F06061.jpg,0.68983,0.68983,0.72739,tu_choi,tu_choi,0,1680
query/P2342T03241A1/P2342T03241A1C3F09421.jpg,2342032411,2342032411,gallery/P2342T03241A1/P2342T03241A1C0F18241.jpg,0.71387,0.70876,0.72739,tu_choi,tu_choi,1,2235
query/P0559T02220A2/P0559T02220A2C3F09871.jpg,559022202,309022200,gallery/P0309T02220A0/P0309T02220A0C0F10111.jpg,0.75271,0.75271,0.72739,ban_giao,sai,1,1680
query/P1360T03241A0/P1360T03241A0C3F06511.jpg,1360032410,1360032410,gallery/P1360T03241A0/P1360T03241A0C0F16291.jpg,0.6638,0.65265,0.72739,tu_choi,tu_choi,1,2235
query/P0326T02220A1/P0326T02220A1C3F02671.jpg,326022201,326022201,gallery/P0326T02220A1/P0326T02220A1C0F05491.jpg,0.75413,0.62027,0.72739,ban_giao,dung,0,1680
query/P0559T02220A2/P0559T02220A2C3F09811.jpg,559022202,193022200,gallery/P0193T02220A0/P0193T02220A0C0F06061.jpg,0.78036,0.78036,0.72739,ban_giao,sai,1,1680
query/P0653T03220A0/P0653T03220A0C3F04141.jpg,653032200,653032200,gallery/P0653T03220A0/P0653T03220A0C0F08251.jpg,0.74281,0.71084,0.72739,ban_giao,dung,1,909
query/P0448T02220A0/P0448T02220A0C3F07441.jpg,448022200,536022200,gallery/P0536T02220A0/P0536T02220A0C0F20401.jpg,0.65968,0.65968,0.72739,tu_choi,tu_choi,0,1680
query/P0004T03241A2/P0004T03241A2C3F00271.jpg,4032412,1283032410,gallery/P1283T03241A0/P1283T03241A0C0F15391.jpg,0.7256,0.7256,0.72739,tu_choi,tu_choi,0,2235
query/P1236T03220A2/P1236T03220A2C3F07051.jpg,1236032202,244032200,gallery/P0244T03220A0/P0244T03220A0C0F02911.jpg,0.70587,0.70587,0.72739,tu_choi,tu_choi,1,909
query/P0802T03241A1/P0802T03241A1C3F02131.jpg,802032411,802032411,gallery/P0802T03241A1/P0802T03241A1C0F05611.jpg,0.73837,0.69748,0.72739,ban_giao,dung,1,2235
query/P0163T02220A1/P0163T02220A1C3F01741.jpg,163022201,163022201,gallery/P0163T02220A1/P0163T02220A1C0F05101.jpg,0.68091,0.65775,0.72739,tu_choi,tu_choi,1,1680
query/P1236T03220A2/P1236T03220A2C3F07321.jpg,1236032202,1236032202,gallery/P1236T03220A2/P1236T03220A2C0F14701.jpg,0.63124,0.61464,0.72739,tu_choi,tu_choi,1,909
query/P0185T04041A1/P0185T04041A1C3F10381.jpg,185040411,186040411,gallery/P0186T04041A1/P0186T04041A1C0F21391.jpg,0.72328,0.72328,0.72739,tu_choi,tu_choi,1,1940
query/P0693T03241A2/P0693T03241A2C3F07381.jpg,693032412,780032410,gallery/P0780T03241A0/P0780T03241A0C0F10021.jpg,0.73352,0.73352,0.72739,ban_giao,sai,1,2235
query/P1355T03220A2/P1355T03220A2C3F07741.jpg,1355032202,1321032201,gallery/P1321T03220A1/P1321T03220A1C0F20071.jpg,0.67816,0.67816,0.72739,tu_choi,tu_choi,1,909
query/P0538T03241A1/P0538T03241A1C3F02011.jpg,538032411,585032411,gallery/P0585T03241A1/P0585T03241A1C0F04351.jpg,0.61939,0.61939,0.72739,tu_choi,tu_choi,0,2235
query/P0622T03241A1/P0622T03241A1C3F00931.jpg,622032411,622032411,gallery/P0622T03241A1/P0622T03241A1C0F04021.jpg,0.67979,0.56936,0.72739,tu_choi,tu_choi,0,2235
query/P1427T03241A0/P1427T03241A0C3F06931.jpg,1427032410,1427032410,gallery/P1427T03241A0/P1427T03241A0C0F16741.jpg,0.67115,0.65384,0.72739,tu_choi,tu_choi,1,2235
query/P0503T02220A2/P0503T02220A2C3F07651.jpg,503022202,503022202,gallery/P0503T02220A2/P0503T02220A2C0F15931.jpg,0.77273,0.70382,0.72739,ban_giao,dung,0,1680
query/P0094T02220A1/P0094T02220A1C3F02311.jpg,94022201,789022201,gallery/P0789T02220A1/P0789T02220A1C0F24661.jpg,0.70348,0.70348,0.72739,tu_choi,tu_choi,0,1680
query/P1900T03241A1/P1900T03241A1C3F08401.jpg,1900032411,1151032412,gallery/P1151T03241A2/P1151T03241A2C0F16531.jpg,0.72386,0.72386,0.72739,tu_choi,tu_choi,0,2235
query/P0193T02220A0/P0193T02220A0C3F02761.jpg,193022200,193022200,gallery/P0193T02220A0/P0193T02220A0C0F06061.jpg,0.81444,0.60898,0.72739,ban_giao,dung,1,1680
query/P1127T03241A1/P1127T03241A1C3F04411.jpg,1127032411,1788032410,gallery/P1788T03241A0/P1788T03241A0C0F21151.jpg,0.7323,0.7323,0.72739,ban_giao,sai,0,2235
query/P0573T02220A1/P0573T02220A1C3F08491.jpg,573022201,821022202,gallery/P0821T02220A2/P0821T02220A2C0F22951.jpg,0.61362,0.61362,0.72739,tu_choi,tu_choi,0,1680
query/P0163T02220A1/P0163T02220A1C3F01471.jpg,163022201,163022201,gallery/P0163T02220A1/P0163T02220A1C0F05071.jpg,0.72642,0.71631,0.72739,tu_choi,tu_choi,1,1680
query/P0849T03241A0/P0849T03241A0C3F03391.jpg,849032410,849032410,gallery/P0849T03241A0/P0849T03241A0C0F10981.jpg,0.69906,0.57006,0.72739,tu_choi,tu_choi,0,2235
query/P0327T02220A0/P0327T02220A0C3F05851.jpg,327022200,327022200,gallery/P0327T02220A0/P0327T02220A0C0F11311.jpg,0.75771,0.58312,0.72739,ban_giao,dung,1,1680
query/P1128T03220A1/P1128T03220A1C3F07831.jpg,1128032201,399032200,gallery/P0399T03220A0/P0399T03220A0C0F04501.jpg,0.66826,0.66826,0.72739,tu_choi,tu_choi,1,909
query/P0463T02220A0/P0463T02220A0C3F07891.jpg,463022200,661022202,gallery/P0661T02220A2/P0661T02220A2C0F18781.jpg,0.61919,0.61919,0.72739,tu_choi,tu_choi,1,1680
query/P1085T03220A1/P1085T03220A1C3F07951.jpg,1085032201,267032200,gallery/P0267T03220A0/P0267T03220A0C0F03511.jpg,0.60488,0.60488,0.72739,tu_choi,tu_choi,1,909
query/P0736T03241A2/P0736T03241A2C3F07861.jpg,736032412,736032412,gallery/P0736T03241A2/P0736T03241A2C0F09751.jpg,0.70842,0.61028,0.72739,tu_choi,tu_choi,0,2235
query/P0802T03241A1/P0802T03241A1C3F02191.jpg,802032411,802032411,gallery/P0802T03241A1/P0802T03241A1C0F05251.jpg,0.75945,0.70723,0.72739,ban_giao,dung,1,2235
query/P1151T03241A2/P1151T03241A2C3F11341.jpg,1151032412,679032410,gallery/P0679T03241A0/P0679T03241A0C0F08551.jpg,0.6334,0.6334,0.72739,tu_choi,tu_choi,0,2235
query/P0417T02220A1/P0417T02220A1C3F05131.jpg,417022201,342022202,gallery/P0342T02220A2/P0342T02220A2C0F17911.jpg,0.69383,0.69383,0.72739,tu_choi,tu_choi,0,1680
