truy_van,pid_that,pid_du_doan,anh_uav_chon,diem_co_mat,diem_vang_mat,nguong,quyet_dinh,ket_qua,giong_ao,so_ung_vien
query/P1179T04060A0/P1179T04060A0C2F14971.jpg,1179040600,1179040600,gallery/P1179T04060A0/P1179T04060A0C0F15961.jpg,0.6856,0.65966,0.74308,tu_choi,tu_choi,0,7463
query/P1748T04070A1/P1748T04070A1C2F19711.jpg,1748040701,783040711,gallery/P0783T04071A1/P0783T04071A1C0F09811.jpg,0.67133,0.67133,0.74308,tu_choi,tu_choi,0,7463
query/P0231T04051A1/P0231T04051A1C2F26191.jpg,231040511,973040710,gallery/P0973T04071A0/P0973T04071A0C0F10111.jpg,0.68061,0.68061,0.74308,tu_choi,tu_choi,1,7463
query/P0098T04041A0/P0098T04041A0C2F26251.jpg,98040410,1375040600,gallery/P1375T04060A0/P1375T04060A0C0F19321.jpg,0.70761,0.70761,0.74308,tu_choi,tu_choi,1,7463
query/P0518T04071A1/P0518T04071A1C2F05341.jpg,518040711,441040700,gallery/P0441T04070A0/P0441T04070A0C0F08671.jpg,0.67536,0.67536,0.74308,tu_choi,tu_choi,1,7463
query/P2003T04060A0/P2003T04060A0C2F26251.jpg,2003040600,2003040600,gallery/P2003T04060A0/P2003T04060A0C0F26581.jpg,0.78057,0.75065,0.74308,ban_giao,dung,1,7463
query/P0508T04051A2/P0508T04051A2C2F34861.jpg,508040512,508040512,gallery/P0508T04051A2/P0508T04051A2C0F23431.jpg,0.67495,0.65831,0.74308,tu_choi,tu_choi,1,7463
query/P1317T04060A0/P1317T04060A0C2F17941.jpg,1317040600,586040712,gallery/P0586T04071A2/P0586T04071A2C0F08551.jpg,0.67164,0.67164,0.74308,tu_choi,tu_choi,1,7463
query/P0905T04060A0/P0905T04060A0C2F10771.jpg,905040600,199040411,gallery/P0199T04041A1/P0199T04041A1C0F26281.jpg,0.67302,0.67302,0.74308,tu_choi,tu_choi,1,7463
query/P1211T04071A1/P1211T04071A1C2F18061.jpg,1211040711,1425040700,gallery/P1425T04070A0/P1425T04070A0C0F21901.jpg,0.72455,0.72455,0.74308,tu_choi,tu_choi,1,7463
query/P0518T04071A1/P0518T04071A1C2F06211.jpg,518040711,276040412,gallery/P0276T04041A2/P0276T04041A2C0F14371.jpg,0.60976,0.60976,0.74308,tu_choi,tu_choi,1,7463
query/P1895T04060A1/P1895T04060A1C2F28051.jpg,1895040601,1895040601,gallery/P1895T04060A1/P1895T04060A1C0F22441.jpg,0.68052,0.66479,0.74308,tu_choi,tu_choi,1,7463
query/P0184T04071A2/P0184T04071A2C2F08191.jpg,184040712,1622040712,gallery/P1622T04071A2/P1622T04071A2C0F22231.jpg,0.66329,0.66329,0.74308,tu_choi,tu_choi,1,7463
query/P0469T04060A2/P0469T04060A2C2F02371.jpg,469040602,1375040600,gallery/P1375T04060A0/P1375T04060A0C0F19681.jpg,0.70779,0.70779,0.74308,tu_choi,tu_choi,0,7463
query/P0313T04041A2/P0313T04041A2C2F18421.jpg,313040412,1375040600,gallery/P1375T04060A0/P1375T04060A0C0F20131.jpg,0.70219,0.70219,0.74308,tu_choi,tu_choi,0,7463
query/P0880T04071A2/P0880T04071A2C2F12031.jpg,880040712,395040600,gallery/P0395T04060A0/P0395T04060A0C0F06781.jpg,0.63927,0.63927,0.74308,tu_choi,tu_choi,1,7463
query/P0656T04071A0/P0656T04071A0C2F11761.jpg,656040710,656040710,gallery/P0656T04071A0/P0656T04071A0C0F07951.jpg,0.66226,0.61123,0.74308,tu_choi,tu_choi,1,7463
query/P0441T04071A1/P0441T04071A1C2F09601.jpg,441040711,1566040711,gallery/P1566T04071A1/P1566T04071A1C0F18901.jpg,0.64266,0.64266,0.74308,tu_choi,tu_choi,0,7463
query/P0119T04070A0/P0119T04070A0C2F09331.jpg,119040700,189040701,gallery/P0189T04070A1/P0189T04070A1C0F02281.jpg,0.62105,0.62105,0.74308,tu_choi,tu_choi,1,7463
query/P0656T04071A0/P0656T04071A0C2F11791.jpg,656040710,345040700,gallery/P0345T04070A0/P0345T04070A0C0F05521.jpg,0.60489,0.60489,0.74308,tu_choi,tu_choi,1,7463
query/P0303T04070A1/P0303T04070A1C2F02251.jpg,303040701,134040411,gallery/P0134T04041A1/P0134T04041A1C0F7021.jpg,0.66613,0.66613,0.74308,tu_choi,tu_choi,1,7463
query/P1404T04060A1/P1404T04060A1C2F21601.jpg,1404040601,783040711,gallery/P0783T04071A1/P0783T04071A1C0F09061.jpg,0.71372,0.71372,0.74308,tu_choi,tu_choi,0,7463
query/P1371T04060A0/P1371T04060A0C2F18331.jpg,1371040600,1371040600,gallery/P1371T04060A0/P1371T04060A0C0F18721.jpg,0.76376,0.7292,0.74308,ban_giao,dung,1,7463
query/P0623T04071A0/P0623T04071A0C2F13621.jpg,623040710,191040710,gallery/P0191T04071A0/P0191T04071A0C0F02191.jpg,0.6735,0.6735,0.74308,tu_choi,tu_choi,1,7463
query/P2230T04070A1/P2230T04070A1C2F25921.jpg,2230040701,973040710,gallery/P0973T04071A0/P0973T04071A0C0F10111.jpg,0.72059,0.72059,0.74308,tu_choi,tu_choi,1,7463
query/P0880T04071A2/P0880T04071A2C2F11971.jpg,880040712,1375040600,gallery/P1375T04060A0/P1375T04060A0C0F20221.jpg,0.67197,0.67197,0.74308,tu_choi,tu_choi,1,7463
query/P0959T04060A1/P0959T04060A1C2F11161.jpg,959040601,335040512,gallery/P0335T04051A2/P0335T04051A2C0F8191.jpg,0.62844,0.62844,0.74308,tu_choi,tu_choi,1,7463
query/P1559T04071A2/P1559T04071A2C2F24901.jpg,1559040712,594040710,gallery/P0594T04071A0/P0594T04071A0C0F07081.jpg,0.69174,0.69174,0.74308,tu_choi,tu_choi,1,7463
query/P1498T04071A1/P1498T04071A1C2F21991.jpg,1498040711,1498040711,gallery/P1498T04071A1/P1498T04071A1C0F17431.jpg,0.70006,0.69316,0.74308,tu_choi,tu_choi,0,7463
query/P2414T04071A0/P2414T04071A0C2F26371.jpg,2414040710,269040412,gallery/P0269T04041A2/P0269T04041A2C0F13891.jpg,0.70244,0.70244,0.74308,tu_choi,tu_choi,1,7463
query/P1375T04060A0/P1375T04060A0C2F18691.jpg,1375040600,1375040600,gallery/P1375T04060A0/P1375T04060A0C0F18811.jpg,0.76818,0.72469,0.74308,ban_giao,dung,1,7463
query/P0269T04041A2/P0269T04041A2C2F16021.jpg,269040412,269040412,gallery/P0269T04041A2/P0269T04041A2C0F12601.jpg,0.71547,0.70438,0.74308,tu_choi,tu_choi,1,7463
query/P0022T04041A0/P0022T04041A0C2F9661.jpg,22040410,22040410,gallery/P0022T04041A0/P0022T04041A0C0F5131.jpg,0.62534,0.59583,0.74308,tu_choi,tu_choi,0,7463
query/P1724T04070A1/P1724T04070A1C2F27601.jpg,1724040701,1375040600,gallery/P1375T04060A0/P1375T04060A0C0F20131.jpg,0.67626,0.67626,0.74308,tu_choi,tu_choi,1,7463
query/P1920T04060A1/P1920T04060A1C2F21451.jpg,1920040601,441040700,gallery/P0441T04070A0/P0441T04070A0C0F08641.jpg,0.75101,0.75101,0.74308,ban_giao,sai,1,7463
query/P0175T04071A0/P0175T04071A0C2F06931.jpg,175040710,175040710,gallery/P0175T04071A0/P0175T04071A0C0F02401.jpg,0.64217,0.61561,0.74308,tu_choi,tu_choi,0,7463
query/P0786T04071A1/P0786T04071A1C2F14221.jpg,786040711,2200040601,gallery/P2200T04060A1/P2200T04060A1C0F25321.jpg,0.74012,0.74012,0.74308,tu_choi,tu_choi,1,7463
query/P0586T04071A2/P0586T04071A2C2F13261.jpg,586040712,1042040600,gallery/P1042T04060A0/P1042T04060A0C0F13711.jpg,0.692,0.692,0.74308,tu_choi,tu_choi,1,7463
query/P1040T04060A0/P1040T04060A0C2F12661.jpg,1040040600,284040412,gallery/P0284T04041A2/P0284T04041A2C0F14761.jpg,0.78133,0.78133,0.74308,ban_giao,sai,1,7463
query/P0724T04060A1/P0724T04060A1C2F12481.jpg,724040601,1375040600,gallery/P1375T04060A0/P1375T04060A0C0F20101.jpg,0.63865,0.63865,0.74308,tu_choi,tu_choi,1,7463
query/P0188T04041A1/P0188T04041A1C2F26191.jpg,188040411,188040411,gallery/P0188T04041A1/P0188T04041A1C0F22951.jpg,0.69583,0.67985,0.74308,tu_choi,tu_choi,1,7463
query/P1748T04070A1/P1748T04070A1C2F18481.jpg,1748040701,441040700,gallery/P0441T04070A0/P0441T04070A0C0F08581.jpg,0.63233,0.63233,0.74308,tu_choi,tu_choi,0,7463
query/P0262T04041A2/P0262T04041A2C2F10381.jpg,262040412,262040412,gallery/P0262T04041A2/P0262T04041A2C0F11521.jpg,0.73694,0.73006,0.74308,tu_choi,tu_choi,1,7463
query/P0184T04071A2/P0184T04071A2C2F08461.jpg,184040712,1211040711,gallery/P1211T04071A1/P1211T04071A1C0F13381.jpg,0.65453,0.65453,0.74308,tu_choi,tu_choi,1,7463
query/P0657T04070A2/P0657T04070A2C2F09871.jpg,657040702,724040601,gallery/P0724T04060A1/P0724T04060A1C0F06691.jpg,0.70648,0.70648,0.74308,tu_choi,tu_choi,1,7463
query/P2290T04060A2/P2290T04060A2C2F19111.jpg,2290040602,588040600,gallery/P0588T04060A0/P0588T04060A0C0F08971.jpg,0.76304,0.76304,0.74308,ban_giao,sai,1,7463
query/P0819T04071A1/P0819T04071A1C2F11941.jpg,819040711,1706040712,gallery/P1706T04071A2/P1706T04071A2C0F23131.jpg,0.74966,0.74966,0.74308,ban_giao,sai,1,7463
query/P2230T04070A1/P2230T04070A1C2F26131.jpg,2230040701,1589040711,gallery/P1589T04071A1/P1589T04071A1C0F18511.jpg,0.66388,0.66388,0.74308,tu_choi,tu_choi,1,7463
query/P1176T04060A1/P1176T04060A1C2F12511.jpg,1176040601,1176040601,gallery/P1176T04060A1/P1176T04060A1C0F15031.jpg,0.75031,0.74434,0.74308,ban_giao,dung,0,7463
query/P1066T04071A2/P1066T04071A2C2F14671.jpg,1066040712,184040701,gallery/P0184T04070A1/P0184T04070A1C0F03181.jpg,0.74135,0.74135,0.74308,tu_choi,tu_choi,1,7463
query/P0739T04070A1/P0739T04070A1C2F12541.jpg,739040701,192040411,gallery/P0192T04041A1/P0192T04041A1C0F24781.jpg,0.67827,0.67827,0.74308,tu_choi,tu_choi,0,7463
query/P1360T04060A1/P1360T04060A1C2F08281.jpg,1360040601,133040510,gallery/P0133T04051A0/P0133T04051A0C0F23371.jpg,0.7689,0.7689,0.74308,ban_giao,sai,1,7463
query/P0191T04071A0/P0191T04071A0C2F01621.jpg,191040710,594040710,gallery/P0594T04071A0/P0594T04071A0C0F06991.jpg,0.71292,0.71292,0.74308,tu_choi,tu_choi,1,7463
query/P0127T04071A2/P0127T04071A2C2F00901.jpg,127040712,248040711,gallery/P0248T04071A1/P0248T04071A1C0F02791.jpg,0.72782,0.72782,0.74308,tu_choi,tu_choi,0,7463
query/P1615T04060A2/P1615T04060A2C2F09901.jpg,1615040602,284040412,gallery/P0284T04041A2/P0284T04041A2C0F14761.jpg,0.70976,0.70976,0.74308,tu_choi,tu_choi,1,7463
query/P1838T04071A2/P1838T04071A2C2F30691.jpg,1838040712,192040411,gallery/P0192T04041A1/P0192T04041A1C0F24691.jpg,0.71374,0.71374,0.74308,tu_choi,tu_choi,0,7463
query/P0414T04051A2/P0414T04051A2C2F19651.jpg,414040512,588040600,gallery/P0588T04060A0/P0588T04060A0C0F10411.jpg,0.68803,0.68803,0.74308,tu_choi,tu_choi,1,7463
query/P2512T04071A0/P2512T04071A0C2F26581.jpg,2512040710,1724040701,gallery/P1724T04070A1/P1724T04070A1C0F19531.jpg,0.64412,0.64412,0.74308,tu_choi,tu_choi,1,7463
query/P0590T04070A2/P0590T04070A2C2F03841.jpg,590040702,973040710,gallery/P0973T04071A0/P0973T04071A0C0F10111.jpg,0.69478,0.69478,0.74308,tu_choi,tu_choi,1,7463
query/P3727T04060A2/P3727T04060A2C2F21511.jpg,3727040602,3727040602,gallery/P3727T04060A2/P3727T04060A2C0F25081.jpg,0.78002,0.69542,0.74308,ban_giao,dung,0,7463
query/P0465T04051A2/P0465T04051A2C2F30721.jpg,465040512,465040512,gallery/P0465T04051A2/P0465T04051A2C0F18541.jpg,0.61645,0.61445,0.74308,tu_choi,tu_choi,1,7463
query/P0761T04070A0/P0761T04070A0C2F10501.jpg,761040700,1371040600,gallery/P1371T04060A0/P1371T04060A0C0F18721.jpg,0.673,0.673,0.74308,tu_choi,tu_choi,1,7463
query/P1556T04071A1/P1556T04071A1C2F22201.jpg,1556040711,124040411,gallery/P0124T04041A1/P0124T04041A1C0F4441.jpg,0.65644,0.65644,0.74308,tu_choi,tu_choi,1,7463
query/P0594T04071A0/P0594T04071A0C2F06721.jpg,594040710,594040710,gallery/P0594T04071A0/P0594T04071A0C0F07141.jpg,0.71438,0.63223,0.74308,tu_choi,tu_choi,1,7463
query/P0845T04071A0/P0845T04071A0C2F09181.jpg,845040710,845040710,gallery/P0845T04071A0/P0845T04071A0C0F09721.jpg,0.62167,0.61938,0.74308,tu_choi,tu_choi,1,7463
query/P1371T04060A0/P1371T04060A0C2F18721.jpg,1371040600,1371040600,gallery/P1371T04060A0/P1371T04060A0C0F18691.jpg,0.75531,0.73396,0.74308,ban_giao,dung,1,7463
query/P0133T04051A0/P0133T04051A0C2F20551.jpg,133040510,133040510,gallery/P0133T04051A0/P0133T04051A0C0F23311.jpg,0.73137,0.72796,0.74308,tu_choi,tu_choi,1,7463
query/P0606T04071A0/P0606T04071A0C2F07681.jpg,606040710,124040411,gallery/P0124T04041A1/P0124T04041A1C0F3901.jpg,0.75345,0.75345,0.74308,ban_giao,sai,1,7463
query/P0150T04071A1/P0150T04071A1C2F00961.jpg,150040711,150040711,gallery/P0150T04071A1/P0150T04071A1C0F02671.jpg,0.7373,0.67892,0.74308,tu_choi,tu_choi,0,7463
query/P1559T04071A2/P1559T04071A2C2F25471.jpg,1559040712,594040710,gallery/P0594T04071A0/P0594T04071A0C0F07741.jpg,0.71833,0.71833,0.74308,tu_choi,tu_choi,1,7463
query/P1333T04060A0/P1333T04060A0C2F16561.jpg,1333040600,1333040600,gallery/P1333T04060A0/P1333T04060A0C0F18001.jpg,0.63953,0.62756,0.74308,tu_choi,tu_choi,1,7463
query/P0330T04051A2/P0330T04051A2C2F12631.jpg,330040512,1375040600,gallery/P1375T04060A0/P1375T04060A0C0F20251.jpg,0.73057,0.73057,0.74308,tu_choi,tu_choi,1,7463
query/P0973T04071A0/P0973T04071A0C2F14791.jpg,973040710,292040412,gallery/P0292T04041A2/P0292T04041A2C0F15871.jpg,0.70623,0.70623,0.74308,tu_choi,tu_choi,1,7463
query/P0225T04071A0/P0225T04071A0C2F01561.jpg,225040710,192040411,gallery/P0192T04041A1/P0192T04041A1C0F24601.jpg,0.68538,0.68538,0.74308,tu_choi,tu_choi,1,7463
query/P0768T04071A2/P0768T04071A2C2F10111.jpg,768040712,199040411,gallery/P0199T04041A1/P0199T04041A1C0F26251.jpg,0.68001,0.68001,0.74308,tu_choi,tu_choi,1,7463
query/P0721T04070A1/P0721T04070A1C2F06631.jpg,721040701,594040710,gallery/P0594T04071A0/P0594T04071A0C0F07891.jpg,0.727,0.727,0.74308,tu_choi,tu_choi,1,7463
query/P2601T04071A0/P2601T04071A0C2F26791.jpg,2601040710,345040702,gallery/P0345T04070A2/P0345T04070A2C0F02761.jpg,0.66243,0.66243,0.74308,tu_choi,tu_choi,0,7463
query/P0362T04070A2/P0362T04070A2C2F02401.jpg,362040702,362040702,gallery/P0362T04070A2/P0362T04070A2C0F01981.jpg,0.61891,0.59922,0.74308,tu_choi,tu_choi,0,7463
query/P2414T04071A0/P2414T04071A0C2F26431.jpg,2414040710,1836040710,gallery/P1836T04071A0/P1836T04071A0C0F17041.jpg,0.71166,0.71166,0.74308,tu_choi,tu_choi,1,7463
query/P1730T04060A0/P1730T04060A0C2F22141.jpg,1730040600,120040411,gallery/P0120T04041A1/P0120T04041A1C0F4081.jpg,0.69153,0.69153,0.74308,tu_choi,tu_choi,1,7463
query/P2230T04070A1/P2230T04070A1C2F26191.jpg,2230040701,18040410,gallery/P0018T04041A0/P0018T04041A0C0F4411.jpg,0.64574,0.64574,0.74308,tu_choi,tu_choi,1,7463
query/P0959T04060A1/P0959T04060A1C2F10801.jpg,959040601,724040601,gallery/P0724T04060A1/P0724T04060A1C0F06691.jpg,0.65624,0.65624,0.74308,tu_choi,tu_choi,1,7463
query/P0606T04071A0/P0606T04071A0C2F07861.jpg,606040710,1371040600,gallery/P1371T04060A0/P1371T04060A0C0F18691.jpg,0.73446,0.73446,0.74308,tu_choi,tu_choi,1,7463
query/P0441T04070A0/P0441T04070A0C2F06841.jpg,441040700,134040411,gallery/P0134T04041A1/P0134T04041A1C0F6841.jpg,0.70884,0.70884,0.74308,tu_choi,tu_choi,1,7463
query/P0691T04071A2/P0691T04071A2C2F14191.jpg,691040712,691040712,gallery/P0691T04071A2/P0691T04071A2C0F09991.jpg,0.73587,0.64535,0.74308,tu_choi,tu_choi,0,7463
query/P0994T04071A1/P0994T04071A1C2F16921.jpg,994040711,175040710,gallery/P0175T04071A0/P0175T04071A0C0F02401.jpg,0.73134,0.73134,0.74308,tu_choi,tu_choi,0,7463
query/P2290T04060A2/P2290T04060A2C2F18421.jpg,2290040602,1425040700,gallery/P1425T04070A0/P1425T04070A0C0F22351.jpg,0.65957,0.65957,0.74308,tu_choi,tu_choi,1,7463
query/P0691T04071A2/P0691T04071A2C2F14281.jpg,691040712,1005040710,gallery/P1005T04071A0/P1005T04071A0C0F09811.jpg,0.67194,0.67194,0.74308,tu_choi,tu_choi,0,7463
query/P0588T04060A0/P0588T04060A0C2F08161.jpg,588040600,588040600,gallery/P0588T04060A0/P0588T04060A0C0F08971.jpg,0.72442,0.71342,0.74308,tu_choi,tu_choi,1,7463
query/P0127T04071A2/P0127T04071A2C2F01531.jpg,127040712,248040711,gallery/P0248T04071A1/P0248T04071A1C0F03181.jpg,0.67694,0.67694,0.74308,tu_choi,tu_choi,0,7463
query/P0994T04071A1/P0994T04071A1C2F16621.jpg,994040711,167040411,gallery/P0167T04041A1/P0167T04041A1C0F17941.jpg,0.68605,0.68605,0.74308,tu_choi,tu_choi,0,7463
query/P1748T04070A1/P1748T04070A1C2F18511.jpg,1748040701,1180040600,gallery/P1180T04060A0/P1180T04060A0C0F15841.jpg,0.64995,0.64995,0.74308,tu_choi,tu_choi,0,7463
query/P0186T04041A1/P0186T04041A1C2F19651.jpg,186040411,1488040600,gallery/P1488T04060A0/P1488T04060A0C0F20851.jpg,0.69634,0.69634,0.74308,tu_choi,tu_choi,0,7463
query/P0769T04060A2/P0769T04060A2C2F03961.jpg,769040602,441040700,gallery/P0441T04070A0/P0441T04070A0C0F08671.jpg,0.65636,0.65636,0.74308,tu_choi,tu_choi,1,7463
query/P0664T04060A1/P0664T04060A1C2F04951.jpg,664040601,191040511,gallery/P0191T04051A1/P0191T04051A1C0F9751.jpg,0.72984,0.72984,0.74308,tu_choi,tu_choi,1,7463
query/P1920T04060A1/P1920T04060A1C2F21571.jpg,1920040601,316040412,gallery/P0316T04041A2/P0316T04041A2C0F21721.jpg,0.68937,0.68937,0.74308,tu_choi,tu_choi,1,7463
query/P0430T04070A1/P0430T04070A1C2F09631.jpg,430040701,616040700,gallery/P0616T04070A0/P0616T04070A0C0F11191.jpg,0.69472,0.69472,0.74308,tu_choi,tu_choi,1,7463
query/P0944T04070A0/P0944T04070A0C2F19801.jpg,944040700,292040412,gallery/P0292T04041A2/P0292T04041A2C0F15991.jpg,0.66666,0.66666,0.74308,tu_choi,tu_choi,1,7463
query/P0578T04071A1/P0578T04071A1C2F06061.jpg,578040711,125040411,gallery/P0125T04041A1/P0125T04041A1C0F4441.jpg,0.74971,0.74971,0.74308,ban_giao,sai,1,7463
query/P0895T04060A1/P0895T04060A1C2F08251.jpg,895040601,2290040602,gallery/P2290T04060A2/P2290T04060A2C0F14281.jpg,0.7151,0.7151,0.74308,tu_choi,tu_choi,0,7463
query/P0335T04060A0/P0335T04060A0C2F06181.jpg,335040600,276040412,gallery/P0276T04041A2/P0276T04041A2C0F14191.jpg,0.69365,0.69365,0.74308,tu_choi,tu_choi,1,7463
query/P1180T04060A0/P1180T04060A0C2F15331.jpg,1180040600,1173040702,gallery/P1173T04070A2/P1173T04070A2C0F07891.jpg,0.68241,0.68241,0.74308,tu_choi,tu_choi,0,7463
query/P1851T04060A1/P1851T04060A1C2F04951.jpg,1851040601,1851040601,gallery/P1851T04060A1/P1851T04060A1C0F21901.jpg,0.71811,0.59245,0.74308,tu_choi,tu_choi,1,7463
query/P2375T04071A0/P2375T04071A0C2F25471.jpg,2375040710,191040710,gallery/P0191T04071A0/P0191T04071A0C0F02191.jpg,0.69347,0.69347,0.74308,tu_choi,tu_choi,0,7463
query/P0441T04070A0/P0441T04070A0C2F07021.jpg,441040700,441040700,gallery/P0441T04070A0/P0441T04070A0C0F08461.jpg,0.66282,0.63767,0.74308,tu_choi,tu_choi,1,7463
query/P0474T04060A2/P0474T04060A2C2F08851.jpg,474040602,139040411,gallery/P0139T04041A1/P0139T04041A1C0F8791.jpg,0.67281,0.67281,0.74308,tu_choi,tu_choi,1,7463
query/P1498T04071A1/P1498T04071A1C2F22651.jpg,1498040711,192040411,gallery/P0192T04041A1/P0192T04041A1C0F24481.jpg,0.68032,0.68032,0.74308,tu_choi,tu_choi,0,7463
query/P2601T04071A0/P2601T04071A0C2F26371.jpg,2601040710,166040411,gallery/P0166T04041A1/P0166T04041A1C0F17251.jpg,0.62331,0.62331,0.74308,tu_choi,tu_choi,0,7463
query/P0419T04071A2/P0419T04071A2C2F05941.jpg,419040712,1706040712,gallery/P1706T04071A2/P1706T04071A2C0F22801.jpg,0.68765,0.68765,0.74308,tu_choi,tu_choi,0,7463
query/P0692T04060A1/P0692T04060A1C2F06451.jpg,692040601,522040712,gallery/P0522T04071A2/P0522T04071A2C0F07651.jpg,0.69562,0.69562,0.74308,tu_choi,tu_choi,1,7463
query/P1851T04060A1/P1851T04060A1C2F04561.jpg,1851040601,1836040710,gallery/P1836T04071A0/P1836T04071A0C0F16081.jpg,0.66736,0.66736,0.74308,tu_choi,tu_choi,1,7463
query/P1040T04060A0/P1040T04060A0C2F12361.jpg,1040040600,1895040600,gallery/P1895T04060A0/P1895T04060A0C0F25111.jpg,0.71303,0.71303,0.74308,tu_choi,tu_choi,1,7463
query/P2210T04060A1/P2210T04060A1C2F24481.jpg,2210040601,1566040711,gallery/P1566T04071A1/P1566T04071A1C0F18691.jpg,0.69985,0.69985,0.74308,tu_choi,tu_choi,1,7463
query/P1846T04070A0/P1846T04070A0C2F26881.jpg,1846040700,124040411,gallery/P0124T04041A1/P0124T04041A1C0F4801.jpg,0.68858,0.68858,0.74308,tu_choi,tu_choi,1,7463
query/P0739T04070A1/P0739T04070A1C2F12901.jpg,739040701,441040700,gallery/P0441T04070A0/P0441T04070A0C0F08671.jpg,0.65836,0.65836,0.74308,tu_choi,tu_choi,0,7463
query/P0917T04071A1/P0917T04071A1C2F15241.jpg,917040711,191040710,gallery/P0191T04071A0/P0191T04071A0C0F02191.jpg,0.65586,0.65586,0.74308,tu_choi,tu_choi,0,7463
query/P0590T04070A2/P0590T04070A2C2F03631.jpg,590040702,973040710,gallery/P0973T04071A0/P0973T04071A0C0F10111.jpg,0.68604,0.68604,0.74308,tu_choi,tu_choi,1,7463
query/P0710T04060A1/P0710T04060A1C2F06151.jpg,710040601,710040601,gallery/P0710T04060A1/P0710T04060A1C0F08641.jpg,0.70983,0.64126,0.74308,tu_choi,tu_choi,1,7463
query/P2197T04070A1/P2197T04070A1C2F30031.jpg,2197040701,1851040601,gallery/P1851T04060A1/P1851T04060A1C0F23071.jpg,0.68389,0.68389,0.74308,tu_choi,tu_choi,0,7463
query/P1498T04071A1/P1498T04071A1C2F21901.jpg,1498040711,439040512,gallery/P0439T04051A2/P0439T04051A2C0F16651.jpg,0.65085,0.65085,0.74308,tu_choi,tu_choi,0,7463
query/P3880T04060A2/P3880T04060A2C2F23911.jpg,3880040602,441040700,gallery/P0441T04070A0/P0441T04070A0C0F08611.jpg,0.6921,0.6921,0.74308,tu_choi,tu_choi,1,7463
query/P0518T04071A1/P0518T04071A1C2F05581.jpg,518040711,192040411,gallery/P0192T04041A1/P0192T04041A1C0F24691.jpg,0.70281,0.70281,0.74308,tu_choi,tu_choi,1,7463
query/P1360T04060A1/P1360T04060A1C2F07471.jpg,1360040601,240040412,gallery/P0240T04041A2/P0240T04041A2C0F7171.jpg,0.73404,0.73404,0.74308,tu_choi,tu_choi,1,7463
query/P0262T04051A1/P0262T04051A1C2F25591.jpg,262040511,959040601,gallery/P0959T04060A1/P0959T04060A1C0F12451.jpg,0.6378,0.6378,0.74308,tu_choi,tu_choi,1,7463
query/P1846T04070A0/P1846T04070A0C2F26641.jpg,1846040700,284040412,gallery/P0284T04041A2/P0284T04041A2C0F14761.jpg,0.7287,0.7287,0.74308,tu_choi,tu_choi,1,7463
query/P0905T04060A0/P0905T04060A0C2F11281.jpg,905040600,905040600,gallery/P0905T04060A0/P0905T04060A0C0F11851.jpg,0.69086,0.66256,0.74308,tu_choi,tu_choi,1,7463
query/P0184T04070A1/P0184T04070A1C2F02221.jpg,184040701,184040701,gallery/P0184T04070A1/P0184T04070A1C0F02401.jpg,0.70799,0.66089,0.74308,tu_choi,tu_choi,1,7463
query/P2527T04070A2/P2527T04070A2C2F15481.jpg,2527040702,594040710,gallery/P0594T04071A0/P0594T04071A0C0F07891.jpg,0.6695,0.6695,0.74308,tu_choi,tu_choi,0,7463
query/P0692T04060A1/P0692T04060A1C2F05131.jpg,692040601,140040411,gallery/P0140T04041A1/P0140T04041A1C0F8701.jpg,0.67154,0.67154,0.74308,tu_choi,tu_choi,1,7463
query/P0936T04060A1/P0936T04060A1C2F10531.jpg,936040601,936040601,gallery/P0936T04060A1/P0936T04060A1C0F10321.jpg,0.61922,0.61724,0.74308,tu_choi,tu_choi,0,7463
query/P3880T04060A2/P3880T04060A2C2F23821.jpg,3880040602,845040710,gallery/P0845T04071A0/P0845T04071A0C0F09781.jpg,0.70253,0.70253,0.74308,tu_choi,tu_choi,1,7463
query/P0692T04060A1/P0692T04060A1C2F05761.jpg,692040601,1042040600,gallery/P1042T04060A0/P1042T04060A0C0F14491.jpg,0.74109,0.74109,0.74308,tu_choi,tu_choi,1,7463
query/P0184T04070A1/P0184T04070A1C2F01951.jpg,184040701,1375040600,gallery/P1375T04060A0/P1375T04060A0C0F20221.jpg,0.70587,0.70587,0.74308,tu_choi,tu_choi,1,7463
query/P0307T04051A2/P0307T04051A2C2F9241.jpg,307040512,1243040602,gallery/P1243T04060A2/P1243T04060A2C0F08881.jpg,0.71646,0.71646,0.74308,tu_choi,tu_choi,1,7463
query/P0059T04051A0/P0059T04051A0C2F13891.jpg,59040510,134040411,gallery/P0134T04041A1/P0134T04041A1C0F6571.jpg,0.6882,0.6882,0.74308,tu_choi,tu_choi,0,7463
query/P0575T04060A2/P0575T04060A2C2F09181.jpg,575040602,588040600,gallery/P0588T04060A0/P0588T04060A0C0F09661.jpg,0.69423,0.69423,0.74308,tu_choi,tu_choi,0,7463
query/P0145T04060A2/P0145T04060A2C2F05581.jpg,145040602,2414040710,gallery/P2414T04071A0/P2414T04071A0C0F21391.jpg,0.71877,0.71877,0.74308,tu_choi,tu_choi,1,7463
query/P0189T04051A1/P0189T04051A1C2F8281.jpg,189040511,666040710,gallery/P0666T04071A0/P0666T04071A0C0F09031.jpg,0.66867,0.66867,0.74308,tu_choi,tu_choi,1,7463
query/P1895T04060A1/P1895T04060A1C2F27901.jpg,1895040601,1895040601,gallery/P1895T04060A1/P1895T04060A1C0F22441.jpg,0.65815,0.64226,0.74308,tu_choi,tu_choi,1,7463
query/P1785T04071A2/P1785T04071A2C2F23311.jpg,1785040712,1785040712,gallery/P1785T04071A2/P1785T04071A2C0F24301.jpg,0.73683,0.62029,0.74308,tu_choi,tu_choi,0,7463
query/P0664T04060A1/P0664T04060A1C2F05401.jpg,664040601,125040411,gallery/P0125T04041A1/P0125T04041A1C0F4411.jpg,0.71837,0.71837,0.74308,tu_choi,tu_choi,1,7463
query/P0115T04041A1/P0115T04041A1C2F961.jpg,115040411,588040600,gallery/P0588T04060A0/P0588T04060A0C0F09091.jpg,0.6854,0.6854,0.74308,tu_choi,tu_choi,1,7463
query/P1793T04071A1/P1793T04071A1C2F24481.jpg,1793040711,2508040710,gallery/P2508T04071A0/P2508T04071A0C0F22051.jpg,0.68119,0.68119,0.74308,tu_choi,tu_choi,1,7463
query/P0420T04071A2/P0420T04071A2C2F06061.jpg,420040712,225040412,gallery/P0225T04041A2/P0225T04041A2C0F3991.jpg,0.67022,0.67022,0.74308,tu_choi,tu_choi,1,7463
query/P0994T04071A1/P0994T04071A1C2F16141.jpg,994040711,441040700,gallery/P0441T04070A0/P0441T04070A0C0F08461.jpg,0.66603,0.66603,0.74308,tu_choi,tu_choi,0,7463
query/P2508T04071A0/P2508T04071A0C2F27091.jpg,2508040710,1173040702,gallery/P1173T04070A2/P1173T04070A2C0F07891.jpg,0.65638,0.65638,0.74308,tu_choi,tu_choi,0,7463
query/P2265T04060A1/P2265T04060A1C2F25621.jpg,2265040601,761040700,gallery/P0761T04070A0/P0761T04070A0C0F12961.jpg,0.66139,0.66139,0.74308,tu_choi,tu_choi,1,7463
query/P1031T04070A0/P1031T04070A0C2F23701.jpg,1031040700,1706040712,gallery/P1706T04071A2/P1706T04071A2C0F23251.jpg,0.71549,0.71549,0.74308,tu_choi,tu_choi,1,7463
query/P0469T04060A2/P0469T04060A2C2F03481.jpg,469040602,250040511,gallery/P0250T04051A1/P0250T04051A1C0F23971.jpg,0.70817,0.70817,0.74308,tu_choi,tu_choi,0,7463
query/P0657T04060A1/P0657T04060A1C2F05491.jpg,657040601,1040712,gallery/P0001T04071A2/P0001T04071A2C0F00931.jpg,0.69423,0.69423,0.74308,tu_choi,tu_choi,0,7463
query/P3935T04060A2/P3935T04060A2C2F29911.jpg,3935040602,1040040600,gallery/P1040T04060A0/P1040T04060A0C0F13351.jpg,0.70463,0.70463,0.74308,tu_choi,tu_choi,1,7463
query/P0430T04070A1/P0430T04070A1C2F09511.jpg,430040701,1622040712,gallery/P1622T04071A2/P1622T04071A2C0F22231.jpg,0.65001,0.65001,0.74308,tu_choi,tu_choi,1,7463
query/P0306T04041A2/P0306T04041A2C2F18001.jpg,306040412,588040600,gallery/P0588T04060A0/P0588T04060A0C0F10411.jpg,0.73804,0.73804,0.74308,tu_choi,tu_choi,0,7463
query/P0656T04071A0/P0656T04071A0C2F12511.jpg,656040710,125040411,gallery/P0125T04041A1/P0125T04041A1C0F4441.jpg,0.71676,0.71676,0.74308,tu_choi,tu_choi,1,7463
query/P0345T04070A0/P0345T04070A0C2F10381.jpg,345040700,345040700,gallery/P0345T04070A0/P0345T04070A0C0F05911.jpg,0.70088,0.65566,0.74308,tu_choi,tu_choi,1,7463
query/P1724T04070A1/P1724T04070A1C2F26941.jpg,1724040701,588040600,gallery/P0588T04060A0/P0588T04060A0C0F10321.jpg,0.69475,0.69475,0.74308,tu_choi,tu_choi,1,7463
query/P0303T04070A1/P0303T04070A1C2F01891.jpg,303040701,1173040702,gallery/P1173T04070A2/P1173T04070A2C0F07891.jpg,0.66585,0.66585,0.74308,tu_choi,tu_choi,1,7463
query/P0590T04070A2/P0590T04070A2C2F03571.jpg,590040702,189040701,gallery/P0189T04070A1/P0189T04070A1C0F02011.jpg,0.67736,0.67736,0.74308,tu_choi,tu_choi,1,7463
query/P0522T04071A2/P0522T04071A2C2F12031.jpg,522040712,240040412,gallery/P0240T04041A2/P0240T04041A2C0F7171.jpg,0.7125,0.7125,0.74308,tu_choi,tu_choi,1,7463
query/P0574T04070A1/P0574T04070A1C2F09571.jpg,574040701,124040411,gallery/P0124T04041A1/P0124T04041A1C0F4771.jpg,0.73825,0.73825,0.74308,tu_choi,tu_choi,1,7463
query/P0739T04070A1/P0739T04070A1C2F13201.jpg,739040701,441040700,gallery/P0441T04070A0/P0441T04070A0C0F08641.jpg,0.65297,0.65297,0.74308,tu_choi,tu_choi,0,7463
query/P0150T04071A1/P0150T04071A1C2F01381.jpg,150040711,150040711,gallery/P0150T04071A1/P0150T04071A1C0F03241.jpg,0.73391,0.64835,0.74308,tu_choi,tu_choi,0,7463
query/P0606T04071A0/P0606T04071A0C2F07621.jpg,606040710,724040601,gallery/P0724T04060A1/P0724T04060A1C0F06691.jpg,0.72318,0.72318,0.74308,tu_choi,tu_choi,1,7463
query/P2210T04060A1/P2210T04060A1C2F24541.jpg,2210040601,167040411,gallery/P0167T04041A1/P0167T04041A1C0F17521.jpg,0.70745,0.70745,0.74308,tu_choi,tu_choi,1,7463
query/P0555T04071A1/P0555T04071A1C2F05311.jpg,555040711,18040410,gallery/P0018T04041A0/P0018T04041A0C0F5011.jpg,0.67229,0.67229,0.74308,tu_choi,tu_choi,1,7463
query/P2043T04071A0/P2043T04071A0C2F17971.jpg,2043040710,8040410,gallery/P0008T04041A0/P0008T04041A0C0F2371.jpg,0.64772,0.64772,0.74308,tu_choi,tu_choi,1,7463
query/P2527T04070A2/P2527T04070A2C2F15751.jpg,2527040702,190040411,gallery/P0190T04041A1/P0190T04041A1C0F24451.jpg,0.68724,0.68724,0.74308,tu_choi,tu_choi,0,7463
query/P0345T04070A0/P0345T04070A0C2F10711.jpg,345040700,389040512,gallery/P0389T04051A2/P0389T04051A2C0F13201.jpg,0.68719,0.68719,0.74308,tu_choi,tu_choi,1,7463
query/P0847T04071A0/P0847T04071A0C2F13951.jpg,847040710,125040411,gallery/P0125T04041A1/P0125T04041A1C0F4411.jpg,0.72075,0.72075,0.74308,tu_choi,tu_choi,1,7463
query/P1404T04060A1/P1404T04060A1C2F21301.jpg,1404040601,1566040711,gallery/P1566T04071A1/P1566T04071A1C0F18751.jpg,0.67398,0.67398,0.74308,tu_choi,tu_choi,0,7463
query/P2375T04071A0/P2375T04071A0C2F24721.jpg,2375040710,769040602,gallery/P0769T04060A2/P0769T04060A2C0F05791.jpg,0.64753,0.64753,0.74308,tu_choi,tu_choi,0,7463
query/P0973T04071A0/P0973T04071A0C2F14611.jpg,973040710,280040412,gallery/P0280T04041A2/P0280T04041A2C0F14341.jpg,0.72872,0.72872,0.74308,tu_choi,tu_choi,1,7463
query/P0259T04071A2/P0259T04071A2C2F02851.jpg,259040712,724040601,gallery/P0724T04060A1/P0724T04060A1C0F07021.jpg,0.6489,0.6489,0.74308,tu_choi,tu_choi,1,7463
query/P0184T04070A1/P0184T04070A1C2F02131.jpg,184040701,184040701,gallery/P0184T04070A1/P0184T04070A1C0F02461.jpg,0.70482,0.69544,0.74308,tu_choi,tu_choi,1,7463
query/P0248T04071A1/P0248T04071A1C2F08371.jpg,248040711,441040700,gallery/P0441T04070A0/P0441T04070A0C0F08641.jpg,0.66075,0.66075,0.74308,tu_choi,tu_choi,1,7463
query/P0616T04070A0/P0616T04070A0C2F10651.jpg,616040700,284040412,gallery/P0284T04041A2/P0284T04041A2C0F14761.jpg,0.76837,0.76837,0.74308,ban_giao,sai,1,7463
query/P0387T04071A1/P0387T04071A1C2F09121.jpg,387040711,192040411,gallery/P0192T04041A1/P0192T04041A1C0F24841.jpg,0.64502,0.64502,0.74308,tu_choi,tu_choi,1,7463
query/P0710T04060A1/P0710T04060A1C2F06901.jpg,710040601,710040601,gallery/P0710T04060A1/P0710T04060A1C0F08641.jpg,0.63382,0.60211,0.74308,tu_choi,tu_choi,1,7463
query/P1556T04071A1/P1556T04071A1C2F21991.jpg,1556040711,1556040711,gallery/P1556T04071A1/P1556T04071A1C0F18301.jpg,0.7172,0.69904,0.74308,tu_choi,tu_choi,1,7463
query/P1895T04060A1/P1895T04060A1C2F28351.jpg,1895040601,1895040601,gallery/P1895T04060A1/P1895T04060A1C0F22441.jpg,0.73619,0.66099,0.74308,tu_choi,tu_choi,1,7463
query/P2067T04071A1/P2067T04071A1C2F24301.jpg,2067040711,439040512,gallery/P0439T04051A2/P0439T04051A2C0F16681.jpg,0.62817,0.62817,0.74308,tu_choi,tu_choi,1,7463
query/P0977T04060A1/P0977T04060A1C2F10771.jpg,977040601,810040601,gallery/P0810T04060A1/P0810T04060A1C0F08191.jpg,0.68112,0.68112,0.74308,tu_choi,tu_choi,1,7463
query/P0420T04071A2/P0420T04071A2C2F05971.jpg,420040712,420040712,gallery/P0420T04071A2/P0420T04071A2C0F05911.jpg,0.69835,0.67964,0.74308,tu_choi,tu_choi,1,7463
query/P0664T04060A1/P0664T04060A1C2F05551.jpg,664040601,167040411,gallery/P0167T04041A1/P0167T04041A1C0F18271.jpg,0.69793,0.69793,0.74308,tu_choi,tu_choi,1,7463
query/P0189T04070A1/P0189T04070A1C2F01501.jpg,189040701,1785040712,gallery/P1785T04071A2/P1785T04071A2C0F24541.jpg,0.67965,0.67965,0.74308,tu_choi,tu_choi,1,7463
query/P1920T04060A1/P1920T04060A1C2F21151.jpg,1920040601,181040411,gallery/P0181T04041A1/P0181T04041A1C0F20401.jpg,0.70626,0.70626,0.74308,tu_choi,tu_choi,1,7463
query/P1292T04060A1/P1292T04060A1C2F19651.jpg,1292040601,1292040601,gallery/P1292T04060A1/P1292T04060A1C0F14761.jpg,0.67358,0.66989,0.74308,tu_choi,tu_choi,1,7463
query/P0786T04071A1/P0786T04071A1C2F13831.jpg,786040711,2200040601,gallery/P2200T04060A1/P2200T04060A1C0F25351.jpg,0.74671,0.74671,0.74308,ban_giao,sai,1,7463
query/P0132T04051A0/P0132T04051A0C2F20971.jpg,132040510,191040511,gallery/P0191T04051A1/P0191T04051A1C0F8881.jpg,0.77572,0.77572,0.74308,ban_giao,sai,1,7463
query/P0419T04071A2/P0419T04071A2C2F05101.jpg,419040712,1785040712,gallery/P1785T04071A2/P1785T04071A2C0F24541.jpg,0.71486,0.71486,0.74308,tu_choi,tu_choi,0,7463
query/P0145T04060A2/P0145T04060A2C2F05941.jpg,145040602,959040601,gallery/P0959T04060A1/P0959T04060A1C0F10621.jpg,0.71257,0.71257,0.74308,tu_choi,tu_choi,1,7463
query/P1031T04070A0/P1031T04070A0C2F23911.jpg,1031040700,1706040712,gallery/P1706T04071A2/P1706T04071A2C0F23251.jpg,0.71784,0.71784,0.74308,tu_choi,tu_choi,1,7463
query/P0927T04071A2/P0927T04071A2C2F17611.jpg,927040712,685040712,gallery/P0685T04071A2/P0685T04071A2C0F09451.jpg,0.64535,0.64535,0.74308,tu_choi,tu_choi,1,7463
query/P2265T04060A1/P2265T04060A1C2F25261.jpg,2265040601,190040411,gallery/P0190T04041A1/P0190T04041A1C0F24361.jpg,0.66003,0.66003,0.74308,tu_choi,tu_choi,1,7463
query/P0233T04041A2/P0233T04041A2C2F8371.jpg,233040412,284040412,gallery/P0284T04041A2/P0284T04041A2C0F14761.jpg,0.71782,0.71782,0.74308,tu_choi,tu_choi,1,7463
query/P1851T04060A1/P1851T04060A1C2F05101.jpg,1851040601,1851040601,gallery/P1851T04060A1/P1851T04060A1C0F21901.jpg,0.73102,0.60785,0.74308,tu_choi,tu_choi,1,7463
query/P0623T04071A0/P0623T04071A0C2F05221.jpg,623040710,1652040710,gallery/P1652T04071A0/P1652T04071A0C0F15391.jpg,0.68466,0.68466,0.74308,tu_choi,tu_choi,1,7463
query/P0441T04070A0/P0441T04070A0C2F06751.jpg,441040700,441040700,gallery/P0441T04070A0/P0441T04070A0C0F08461.jpg,0.69536,0.67007,0.74308,tu_choi,tu_choi,1,7463
query/P1785T04071A2/P1785T04071A2C2F23101.jpg,1785040712,325040702,gallery/P0325T04070A2/P0325T04070A2C0F01651.jpg,0.67733,0.67733,0.74308,tu_choi,tu_choi,0,7463
query/P1162T04071A1/P1162T04071A1C2F12451.jpg,1162040711,810040601,gallery/P0810T04060A1/P0810T04060A1C0F08311.jpg,0.63023,0.63023,0.74308,tu_choi,tu_choi,0,7463
query/P1292T04060A1/P1292T04060A1C2F19621.jpg,1292040601,2200040601,gallery/P2200T04060A1/P2200T04060A1C0F25351.jpg,0.669,0.669,0.74308,tu_choi,tu_choi,1,7463
query/P0299T04041A2/P0299T04041A2C2F18241.jpg,299040412,299040412,gallery/P0299T04041A2/P0299T04041A2C0F15721.jpg,0.72094,0.71921,0.74308,tu_choi,tu_choi,0,7463
query/P0905T04060A0/P0905T04060A0C2F10981.jpg,905040600,280040412,gallery/P0280T04041A2/P0280T04041A2C0F15361.jpg,0.68166,0.68166,0.74308,tu_choi,tu_choi,1,7463
query/P1805T04070A0/P1805T04070A0C2F29641.jpg,1805040700,189040701,gallery/P0189T04070A1/P0189T04070A1C0F02011.jpg,0.66665,0.66665,0.74308,tu_choi,tu_choi,0,7463
query/P2508T04071A0/P2508T04071A0C2F26671.jpg,2508040710,1147040601,gallery/P1147T04060A1/P1147T04060A1C0F13441.jpg,0.62076,0.62076,0.74308,tu_choi,tu_choi,0,7463
query/P1211T04071A1/P1211T04071A1C2F18751.jpg,1211040711,1895040600,gallery/P1895T04060A0/P1895T04060A0C0F25051.jpg,0.71607,0.71607,0.74308,tu_choi,tu_choi,1,7463
query/P0259T04071A2/P0259T04071A2C2F03361.jpg,259040712,652040710,gallery/P0652T04071A0/P0652T04071A0C0F07981.jpg,0.65859,0.65859,0.74308,tu_choi,tu_choi,1,7463
query/P0886T04070A2/P0886T04070A2C2F05041.jpg,886040702,1566040711,gallery/P1566T04071A1/P1566T04071A1C0F18751.jpg,0.66592,0.66592,0.74308,tu_choi,tu_choi,1,7463
query/P0518T04071A1/P0518T04071A1C2F06001.jpg,518040711,276040412,gallery/P0276T04041A2/P0276T04041A2C0F14281.jpg,0.69557,0.69557,0.74308,tu_choi,tu_choi,1,7463
query/P0819T04071A1/P0819T04071A1C2F12031.jpg,819040711,594040710,gallery/P0594T04071A0/P0594T04071A0C0F07141.jpg,0.71834,0.71834,0.74308,tu_choi,tu_choi,1,7463
query/P2200T04060A1/P2200T04060A1C2F24721.jpg,2200040601,973040710,gallery/P0973T04071A0/P0973T04071A0C0F10171.jpg,0.67763,0.67763,0.74308,tu_choi,tu_choi,1,7463
query/P0172T04041A1/P0172T04041A1C2F21001.jpg,172040411,317040412,gallery/P0317T04041A2/P0317T04041A2C0F21181.jpg,0.62232,0.62232,0.74308,tu_choi,tu_choi,0,7463
query/P1498T04071A1/P1498T04071A1C2F21961.jpg,1498040711,468040710,gallery/P0468T04071A0/P0468T04071A0C0F06271.jpg,0.67345,0.67345,0.74308,tu_choi,tu_choi,0,7463
query/P0685T04071A2/P0685T04071A2C2F14161.jpg,685040712,192040411,gallery/P0192T04041A1/P0192T04041A1C0F24781.jpg,0.67772,0.67772,0.74308,tu_choi,tu_choi,1,7463
query/P0225T04071A0/P0225T04071A0C2F02191.jpg,225040710,231040412,gallery/P0231T04041A2/P0231T04041A2C0F6481.jpg,0.64883,0.64883,0.74308,tu_choi,tu_choi,1,7463
query/P3433T04060A2/P3433T04060A2C2F20701.jpg,3433040602,1042040600,gallery/P1042T04060A0/P1042T04060A0C0F13711.jpg,0.70032,0.70032,0.74308,tu_choi,tu_choi,1,7463
query/P0761T04070A0/P0761T04070A0C2F10441.jpg,761040700,124040411,gallery/P0124T04041A1/P0124T04041A1C0F4741.jpg,0.70736,0.70736,0.74308,tu_choi,tu_choi,1,7463
query/P1031T04070A0/P1031T04070A0C2F23401.jpg,1031040700,1566040711,gallery/P1566T04071A1/P1566T04071A1C0F18901.jpg,0.68071,0.68071,0.74308,tu_choi,tu_choi,1,7463
query/P0241T04041A2/P0241T04041A2C2F11371.jpg,241040412,8040410,gallery/P0008T04041A0/P0008T04041A0C0F1381.jpg,0.67094,0.67094,0.74308,tu_choi,tu_choi,1,7463
query/P1147T04060A1/P1147T04060A1C2F14341.jpg,1147040601,1180040600,gallery/P1180T04060A0/P1180T04060A0C0F16081.jpg,0.67348,0.67348,0.74308,tu_choi,tu_choi,1,7463
query/P0944T04070A0/P0944T04070A0C2F19921.jpg,944040700,944040700,gallery/P0944T04070A0/P0944T04070A0C0F15751.jpg,0.70217,0.68187,0.74308,tu_choi,tu_choi,1,7463
query/P1360T04060A1/P1360T04060A1C2F07861.jpg,1360040601,588040600,gallery/P0588T04060A0/P0588T04060A0C0F10381.jpg,0.69993,0.69993,0.74308,tu_choi,tu_choi,1,7463
query/P0153T04070A1/P0153T04070A1C2F01201.jpg,153040701,140040411,gallery/P0140T04041A1/P0140T04041A1C0F9031.jpg,0.76033,0.76033,0.74308,ban_giao,sai,1,7463
query/P1317T04060A0/P1317T04060A0C2F17671.jpg,1317040600,1317040600,gallery/P1317T04060A0/P1317T04060A0C0F19681.jpg,0.69885,0.6857,0.74308,tu_choi,tu_choi,1,7463
query/P0739T04070A1/P0739T04070A1C2F13411.jpg,739040701,1652040710,gallery/P1652T04071A0/P1652T04071A0C0F15421.jpg,0.71756,0.71756,0.74308,tu_choi,tu_choi,0,7463
query/P1173T04070A2/P1173T04070A2C2F07471.jpg,1173040702,200040511,gallery/P0200T04051A1/P0200T04051A1C0F11581.jpg,0.64608,0.64608,0.74308,tu_choi,tu_choi,1,7463
query/P0739T04070A1/P0739T04070A1C2F13291.jpg,739040701,1375040600,gallery/P1375T04060A0/P1375T04060A0C0F20221.jpg,0.72169,0.72169,0.74308,tu_choi,tu_choi,0,7463
query/P0248T04041A2/P0248T04041A2C2F7621.jpg,248040412,248040412,gallery/P0248T04041A2/P0248T04041A2C0F7531.jpg,0.72164,0.6993,0.74308,tu_choi,tu_choi,0,7463
query/P0819T04071A1/P0819T04071A1C2F11911.jpg,819040711,1706040712,gallery/P1706T04071A2/P1706T04071A2C0F23131.jpg,0.7406,0.7406,0.74308,tu_choi,tu_choi,1,7463
query/P0011T04041A0/P0011T04041A0C2F24481.jpg,11040410,11040410,gallery/P0011T04041A0/P0011T04041A0C0F2701.jpg,0.73855,0.67707,0.74308,tu_choi,tu_choi,0,7463
query/P0213T04060A0/P0213T04060A0C2F17791.jpg,213040600,316040412,gallery/P0316T04041A2/P0316T04041A2C0F21481.jpg,0.72846,0.72846,0.74308,tu_choi,tu_choi,1,7463
query/P2265T04060A1/P2265T04060A1C2F25381.jpg,2265040601,431040512,gallery/P0431T04051A2/P0431T04051A2C0F15961.jpg,0.66356,0.66356,0.74308,tu_choi,tu_choi,1,7463
query/P0248T04071A1/P0248T04071A1C2F08311.jpg,248040711,441040700,gallery/P0441T04070A0/P0441T04070A0C0F08641.jpg,0.69687,0.69687,0.74308,tu_choi,tu_choi,1,7463
query/P0652T04071A0/P0652T04071A0C2F07741.jpg,652040710,1836040710,gallery/P1836T04071A0/P1836T04071A0C0F16111.jpg,0.7286,0.7286,0.74308,tu_choi,tu_choi,1,7463
query/P0685T04071A2/P0685T04071A2C2F13561.jpg,685040712,119040700,gallery/P0119T04070A0/P0119T04070A0C0F05041.jpg,0.66298,0.66298,0.74308,tu_choi,tu_choi,1,7463
query/P0695T04071A1/P0695T04071A1C2F13291.jpg,695040711,189040701,gallery/P0189T04070A1/P0189T04070A1C0F02311.jpg,0.7305,0.7305,0.74308,tu_choi,tu_choi,0,7463
query/P1488T04060A0/P1488T04060A0C2F19801.jpg,1488040600,1375040600,gallery/P1375T04060A0/P1375T04060A0C0F19651.jpg,0.71289,0.71289,0.74308,tu_choi,tu_choi,1,7463
query/P1615T04060A2/P1615T04060A2C2F09661.jpg,1615040602,1895040600,gallery/P1895T04060A0/P1895T04060A0C0F24331.jpg,0.68631,0.68631,0.74308,tu_choi,tu_choi,1,7463
query/P0309T04041A2/P0309T04041A2C2F19231.jpg,309040412,211040511,gallery/P0211T04051A1/P0211T04051A1C0F12931.jpg,0.70439,0.70439,0.74308,tu_choi,tu_choi,1,7463
query/P0123T04070A0/P0123T04070A0C2F09961.jpg,123040700,123040700,gallery/P0123T04070A0/P0123T04070A0C0F03031.jpg,0.70614,0.66843,0.74308,tu_choi,tu_choi,1,7463
query/P1796T04071A1/P1796T04071A1C2F24781.jpg,1796040711,1706040712,gallery/P1706T04071A2/P1706T04071A2C0F23251.jpg,0.68546,0.68546,0.74308,tu_choi,tu_choi,1,7463
query/P0666T04071A0/P0666T04071A0C2F07861.jpg,666040710,666040710,gallery/P0666T04071A0/P0666T04071A0C0F08791.jpg,0.70096,0.69973,0.74308,tu_choi,tu_choi,1,7463
query/P0297T04041A2/P0297T04041A2C2F19351.jpg,297040412,297040412,gallery/P0297T04041A2/P0297T04041A2C0F15841.jpg,0.68332,0.66704,0.74308,tu_choi,tu_choi,1,7463
query/P0847T04071A0/P0847T04071A0C2F13891.jpg,847040710,588040600,gallery/P0588T04060A0/P0588T04060A0C0F09691.jpg,0.73232,0.73232,0.74308,tu_choi,tu_choi,1,7463
query/P0847T04071A0/P0847T04071A0C2F14101.jpg,847040710,586040712,gallery/P0586T04071A2/P0586T04071A2C0F08491.jpg,0.71063,0.71063,0.74308,tu_choi,tu_choi,1,7463
query/P0927T04071A2/P0927T04071A2C2F18301.jpg,927040712,192040411,gallery/P0192T04041A1/P0192T04041A1C0F26011.jpg,0.68483,0.68483,0.74308,tu_choi,tu_choi,1,7463
query/P2290T04060A2/P2290T04060A2C2F19141.jpg,2290040602,588040600,gallery/P0588T04060A0/P0588T04060A0C0F08971.jpg,0.70142,0.70142,0.74308,tu_choi,tu_choi,1,7463
query/P1851T04060A1/P1851T04060A1C2F05161.jpg,1851040601,1851040601,gallery/P1851T04060A1/P1851T04060A1C0F21781.jpg,0.70446,0.57442,0.74308,tu_choi,tu_choi,1,7463
query/P0710T04060A1/P0710T04060A1C2F07111.jpg,710040601,710040601,gallery/P0710T04060A1/P0710T04060A1C0F06751.jpg,0.6989,0.62114,0.74308,tu_choi,tu_choi,1,7463
query/P0042T04041A0/P0042T04041A0C2F15871.jpg,42040410,42040410,gallery/P0042T04041A0/P0042T04041A0C0F10981.jpg,0.74733,0.72117,0.74308,ban_giao,dung,0,7463
query/P0522T04071A2/P0522T04071A2C2F12451.jpg,522040712,240040412,gallery/P0240T04041A2/P0240T04041A2C0F7171.jpg,0.67804,0.67804,0.74308,tu_choi,tu_choi,1,7463
query/P0578T04071A1/P0578T04071A1C2F05881.jpg,578040711,724040601,gallery/P0724T04060A1/P0724T04060A1C0F06691.jpg,0.74782,0.74782,0.74308,ban_giao,sai,1,7463
query/P1243T04060A2/P1243T04060A2C2F13681.jpg,1243040602,133040510,gallery/P0133T04051A0/P0133T04051A0C0F23821.jpg,0.64558,0.64558,0.74308,tu_choi,tu_choi,0,7463
query/P1317T04060A0/P1317T04060A0C2F17791.jpg,1317040600,1317040600,gallery/P1317T04060A0/P1317T04060A0C0F19531.jpg,0.69614,0.68777,0.74308,tu_choi,tu_choi,1,7463
query/P0175T04071A0/P0175T04071A0C2F06991.jpg,175040710,175040710,gallery/P0175T04071A0/P0175T04071A0C0F02101.jpg,0.69055,0.68893,0.74308,tu_choi,tu_choi,0,7463
query/P2414T04071A0/P2414T04071A0C2F26491.jpg,2414040710,1836040710,gallery/P1836T04071A0/P1836T04071A0C0F17041.jpg,0.73018,0.73018,0.74308,tu_choi,tu_choi,1,7463
query/P0209T04071A0/P0209T04071A0C2F01081.jpg,209040710,209040710,gallery/P0209T04071A0/P0209T04071A0C0F02401.jpg,0.72792,0.6991,0.74308,tu_choi,tu_choi,1,7463
query/P0623T04071A0/P0623T04071A0C2F12691.jpg,623040710,623040710,gallery/P0623T04071A0/P0623T04071A0C0F07501.jpg,0.72497,0.68138,0.74308,tu_choi,tu_choi,1,7463
query/P0880T04071A2/P0880T04071A2C2F11641.jpg,880040712,880040712,gallery/P0880T04071A2/P0880T04071A2C0F12631.jpg,0.67333,0.66481,0.74308,tu_choi,tu_choi,1,7463
query/P0276T04041A2/P0276T04041A2C2F16831.jpg,276040412,441040700,gallery/P0441T04070A0/P0441T04070A0C0F08641.jpg,0.69807,0.69807,0.74308,tu_choi,tu_choi,0,7463
query/P3434T04070A2/P3434T04070A2C2F20521.jpg,3434040702,166040411,gallery/P0166T04041A1/P0166T04041A1C0F17311.jpg,0.6993,0.6993,0.74308,tu_choi,tu_choi,1,7463
query/P0345T04070A2/P0345T04070A2C2F01711.jpg,345040702,167040411,gallery/P0167T04041A1/P0167T04041A1C0F17521.jpg,0.66219,0.66219,0.74308,tu_choi,tu_choi,1,7463
query/P0905T04060A0/P0905T04060A0C2F11371.jpg,905040600,231040412,gallery/P0231T04041A2/P0231T04041A2C0F5941.jpg,0.67155,0.67155,0.74308,tu_choi,tu_choi,1,7463
query/P0751T04070A2/P0751T04070A2C2F07951.jpg,751040702,124040411,gallery/P0124T04041A1/P0124T04041A1C0F4831.jpg,0.66961,0.66961,0.74308,tu_choi,tu_choi,1,7463
query/P0555T04071A1/P0555T04071A1C2F05581.jpg,555040711,2414040710,gallery/P2414T04071A0/P2414T04071A0C0F21031.jpg,0.70527,0.70527,0.74308,tu_choi,tu_choi,1,7463
query/P1425T04070A0/P1425T04070A0C2F26821.jpg,1425040700,594040710,gallery/P0594T04071A0/P0594T04071A0C0F07711.jpg,0.69737,0.69737,0.74308,tu_choi,tu_choi,1,7463
query/P0118T04051A0/P0118T04051A0C2F22051.jpg,118040510,586040712,gallery/P0586T04071A2/P0586T04071A2C0F08161.jpg,0.7485,0.7485,0.74308,ban_giao,sai,1,7463
query/P0271T04051A2/P0271T04051A2C2F4981.jpg,271040512,271040512,gallery/P0271T04051A2/P0271T04051A2C0F331.jpg,0.69199,0.68522,0.74308,tu_choi,tu_choi,1,7463
query/P2601T04071A0/P2601T04071A0C2F26431.jpg,2601040710,175040710,gallery/P0175T04071A0/P0175T04071A0C0F02401.jpg,0.62581,0.62581,0.74308,tu_choi,tu_choi,0,7463
query/P1836T04071A0/P1836T04071A0C2F22351.jpg,1836040710,1042040600,gallery/P1042T04060A0/P1042T04060A0C0F13711.jpg,0.74254,0.74254,0.74308,tu_choi,tu_choi,1,7463
query/P1005T04071A0/P1005T04071A0C2F14251.jpg,1005040710,706040702,gallery/P0706T04070A2/P0706T04070A2C0F03931.jpg,0.66335,0.66335,0.74308,tu_choi,tu_choi,1,7463
query/P1748T04070A1/P1748T04070A1C2F18871.jpg,1748040701,167040411,gallery/P0167T04041A1/P0167T04041A1C0F17521.jpg,0.70399,0.70399,0.74308,tu_choi,tu_choi,0,7463
query/P1046T04070A2/P1046T04070A2C2F05401.jpg,1046040702,2511040710,gallery/P2511T04071A0/P2511T04071A0C0F21901.jpg,0.68716,0.68716,0.74308,tu_choi,tu_choi,1,7463
query/P0153T04070A1/P0153T04070A1C2F01231.jpg,153040701,140040411,gallery/P0140T04041A1/P0140T04041A1C0F8521.jpg,0.73012,0.73012,0.74308,tu_choi,tu_choi,1,7463
query/P1730T04060A0/P1730T04060A0C2F22831.jpg,1730040600,1730040600,gallery/P1730T04060A0/P1730T04060A0C0F23431.jpg,0.74526,0.69712,0.74308,ban_giao,dung,1,7463
query/P0122T04041A1/P0122T04041A1C2F6061.jpg,122040411,345040700,gallery/P0345T04070A0/P0345T04070A0C0F05671.jpg,0.70138,0.70138,0.74308,tu_choi,tu_choi,1,7463
query/P0152T04051A1/P0152T04051A1C2F1471.jpg,152040511,231040412,gallery/P0231T04041A2/P0231T04041A2C0F6091.jpg,0.70776,0.70776,0.74308,tu_choi,tu_choi,1,7463
query/P1066T04071A2/P1066T04071A2C2F14641.jpg,1066040712,184040701,gallery/P0184T04070A1/P0184T04070A1C0F03181.jpg,0.69661,0.69661,0.74308,tu_choi,tu_choi,1,7463
query/P0819T04071A1/P0819T04071A1C2F12001.jpg,819040711,594040710,gallery/P0594T04071A0/P0594T04071A0C0F07171.jpg,0.72693,0.72693,0.74308,tu_choi,tu_choi,1,7463
query/P0259T04071A2/P0259T04071A2C2F02611.jpg,259040712,439040512,gallery/P0439T04051A2/P0439T04051A2C0F17401.jpg,0.67349,0.67349,0.74308,tu_choi,tu_choi,1,7463
query/P1191T04071A1/P1191T04071A1C2F19531.jpg,1191040711,306040412,gallery/P0306T04041A2/P0306T04041A2C0F18571.jpg,0.71315,0.71315,0.74308,tu_choi,tu_choi,0,7463
query/P0771T04060A2/P0771T04060A2C2F04051.jpg,771040602,441040700,gallery/P0441T04070A0/P0441T04070A0C0F08641.jpg,0.72708,0.72708,0.74308,tu_choi,tu_choi,0,7463
query/P1498T04071A1/P1498T04071A1C2F22081.jpg,1498040711,1622040712,gallery/P1622T04071A2/P1622T04071A2C0F21451.jpg,0.66036,0.66036,0.74308,tu_choi,tu_choi,0,7463
query/P0303T04070A1/P0303T04070A1C2F01771.jpg,303040701,139040411,gallery/P0139T04041A1/P0139T04041A1C0F8791.jpg,0.70922,0.70922,0.74308,tu_choi,tu_choi,1,7463
query/P1015T04071A1/P1015T04071A1C2F16711.jpg,1015040711,248040711,gallery/P0248T04071A1/P0248T04071A1C0F02971.jpg,0.65167,0.65167,0.74308,tu_choi,tu_choi,0,7463
query/P0652T04071A0/P0652T04071A0C2F07771.jpg,652040710,199040411,gallery/P0199T04041A1/P0199T04041A1C0F26281.jpg,0.75186,0.75186,0.74308,ban_giao,sai,1,7463
query/P1375T04060A0/P1375T04060A0C2F18391.jpg,1375040600,973040710,gallery/P0973T04071A0/P0973T04071A0C0F10111.jpg,0.70815,0.70815,0.74308,tu_choi,tu_choi,1,7463
query/P0123T04070A0/P0123T04070A0C2F10711.jpg,123040700,1375040600,gallery/P1375T04060A0/P1375T04060A0C0F20131.jpg,0.71156,0.71156,0.74308,tu_choi,tu_choi,1,7463
query/P0959T04060A1/P0959T04060A1C2F11131.jpg,959040601,231040412,gallery/P0231T04041A2/P0231T04041A2C0F5731.jpg,0.65797,0.65797,0.74308,tu_choi,tu_choi,1,7463
query/P1404T04060A1/P1404T04060A1C2F22141.jpg,1404040601,280040412,gallery/P0280T04041A2/P0280T04041A2C0F14431.jpg,0.70614,0.70614,0.74308,tu_choi,tu_choi,0,7463
query/P1005T04071A0/P1005T04071A0C2F15601.jpg,1005040710,199040411,gallery/P0199T04041A1/P0199T04041A1C0F26251.jpg,0.73877,0.73877,0.74308,tu_choi,tu_choi,1,7463
query/P0225T04071A0/P0225T04071A0C2F01681.jpg,225040710,248040711,gallery/P0248T04071A1/P0248T04071A1C0F02911.jpg,0.69483,0.69483,0.74308,tu_choi,tu_choi,1,7463
query/P0387T04071A1/P0387T04071A1C2F09301.jpg,387040711,191040710,gallery/P0191T04071A0/P0191T04071A0C0F02191.jpg,0.65103,0.65103,0.74308,tu_choi,tu_choi,1,7463
query/P0109T04051A0/P0109T04051A0C2F20641.jpg,109040510,109040510,gallery/P0109T04051A0/P0109T04051A0C0F18451.jpg,0.70426,0.63852,0.74308,tu_choi,tu_choi,1,7463
query/P0522T04071A2/P0522T04071A2C2F12571.jpg,522040712,414040512,gallery/P0414T04051A2/P0414T04051A2C0F14101.jpg,0.68935,0.68935,0.74308,tu_choi,tu_choi,1,7463
query/P1785T04071A2/P1785T04071A2C2F22681.jpg,1785040712,192040411,gallery/P0192T04041A1/P0192T04041A1C0F24811.jpg,0.67384,0.67384,0.74308,tu_choi,tu_choi,0,7463
query/P2043T04071A0/P2043T04071A0C2F17701.jpg,2043040710,276040412,gallery/P0276T04041A2/P0276T04041A2C0F14491.jpg,0.69561,0.69561,0.74308,tu_choi,tu_choi,1,7463
query/P2511T04071A0/P2511T04071A0C2F27091.jpg,2511040710,1556040711,gallery/P1556T04071A1/P1556T04071A1C0F18331.jpg,0.66311,0.66311,0.74308,tu_choi,tu_choi,1,7463
query/P0387T04071A1/P0387T04071A1C2F08641.jpg,387040711,1425040700,gallery/P1425T04070A0/P1425T04070A0C0F22351.jpg,0.60707,0.60707,0.74308,tu_choi,tu_choi,1,7463
query/P0721T04070A1/P0721T04070A1C2F06361.jpg,721040701,692040601,gallery/P0692T04060A1/P0692T04060A1C0F07831.jpg,0.71441,0.71441,0.74308,tu_choi,tu_choi,1,7463
query/P0213T04060A0/P0213T04060A0C2F17551.jpg,213040600,1589040711,gallery/P1589T04071A1/P1589T04071A1C0F18511.jpg,0.65627,0.65627,0.74308,tu_choi,tu_choi,1,7463
query/P2020T04071A2/P2020T04071A2C2F25801.jpg,2020040712,588040600,gallery/P0588T04060A0/P0588T04060A0C0F09661.jpg,0.71294,0.71294,0.74308,tu_choi,tu_choi,1,7463
query/P0153T04070A1/P0153T04070A1C2F01351.jpg,153040701,140040411,gallery/P0140T04041A1/P0140T04041A1C0F8761.jpg,0.65365,0.65365,0.74308,tu_choi,tu_choi,1,7463
query/P0623T04071A0/P0623T04071A0C2F05041.jpg,623040710,623040710,gallery/P0623T04071A0/P0623T04071A0C0F07471.jpg,0.68926,0.68629,0.74308,tu_choi,tu_choi,1,7463
query/P0880T04071A2/P0880T04071A2C2F11581.jpg,880040712,1375040600,gallery/P1375T04060A0/P1375T04060A0C0F20221.jpg,0.72266,0.72266,0.74308,tu_choi,tu_choi,1,7463
query/P0383T04051A2/P0383T04051A2C2F17131.jpg,383040512,845040710,gallery/P0845T04071A0/P0845T04071A0C0F09751.jpg,0.68215,0.68215,0.74308,tu_choi,tu_choi,1,7463
query/P1589T04071A1/P1589T04071A1C2F23941.jpg,1589040711,248040711,gallery/P0248T04071A1/P0248T04071A1C0F02791.jpg,0.75093,0.75093,0.74308,ban_giao,sai,1,7463
query/P2144T04070A2/P2144T04070A2C2F13381.jpg,2144040702,2144040702,gallery/P2144T04070A2/P2144T04070A2C0F13411.jpg,0.67153,0.63533,0.74308,tu_choi,tu_choi,1,7463
query/P0594T04060A1/P0594T04060A1C2F11701.jpg,594040601,257040511,gallery/P0257T04051A1/P0257T04051A1C0F23911.jpg,0.66452,0.66452,0.74308,tu_choi,tu_choi,0,7463
query/P0439T04051A2/P0439T04051A2C2F22561.jpg,439040512,657040601,gallery/P0657T04060A1/P0657T04060A1C0F06661.jpg,0.71226,0.71226,0.74308,tu_choi,tu_choi,0,7463
query/P0204T04041A1/P0204T04041A1C2F2281.jpg,204040411,588040600,gallery/P0588T04060A0/P0588T04060A0C0F08971.jpg,0.72445,0.72445,0.74308,tu_choi,tu_choi,0,7463
query/P0977T04060A1/P0977T04060A1C2F11221.jpg,977040601,1851040601,gallery/P1851T04060A1/P1851T04060A1C0F23161.jpg,0.63398,0.63398,0.74308,tu_choi,tu_choi,1,7463
query/P0751T04070A2/P0751T04070A2C2F08911.jpg,751040702,1652040710,gallery/P1652T04071A0/P1652T04071A0C0F15421.jpg,0.69855,0.69855,0.74308,tu_choi,tu_choi,1,7463
query/P0575T04060A2/P0575T04060A2C2F09271.jpg,575040602,1895040600,gallery/P1895T04060A0/P1895T04060A0C0F24271.jpg,0.70173,0.70173,0.74308,tu_choi,tu_choi,0,7463
query/P0265T04071A1/P0265T04071A1C2F07831.jpg,265040711,265040711,gallery/P0265T04071A1/P0265T04071A1C0F02971.jpg,0.71556,0.66247,0.74308,tu_choi,tu_choi,1,7463
query/P0616T04070A0/P0616T04070A0C2F10711.jpg,616040700,616040700,gallery/P0616T04070A0/P0616T04070A0C0F11191.jpg,0.74774,0.74418,0.74308,ban_giao,dung,1,7463
query/P2512T04071A0/P2512T04071A0C2F27001.jpg,2512040710,588040600,gallery/P0588T04060A0/P0588T04060A0C0F10411.jpg,0.65012,0.65012,0.74308,tu_choi,tu_choi,1,7463
query/P0150T04071A1/P0150T04071A1C2F00901.jpg,150040711,150040711,gallery/P0150T04071A1/P0150T04071A1C0F02671.jpg,0.69394,0.69089,0.74308,tu_choi,tu_choi,0,7463
query/P1761T04071A1/P1761T04071A1C2F24601.jpg,1761040711,847040710,gallery/P0847T04071A0/P0847T04071A0C0F09061.jpg,0.65304,0.65304,0.74308,tu_choi,tu_choi,1,7463
query/P1895T04060A1/P1895T04060A1C2F28471.jpg,1895040601,1895040601,gallery/P1895T04060A1/P1895T04060A1C0F22441.jpg,0.66229,0.64436,0.74308,tu_choi,tu_choi,1,7463
query/P0522T04071A2/P0522T04071A2C2F12631.jpg,522040712,1652040710,gallery/P1652T04071A0/P1652T04071A0C0F15391.jpg,0.73307,0.73307,0.74308,tu_choi,tu_choi,1,7463
query/P1191T04071A1/P1191T04071A1C2F19381.jpg,1191040711,133040510,gallery/P0133T04051A0/P0133T04051A0C0F22951.jpg,0.68158,0.68158,0.74308,tu_choi,tu_choi,0,7463
query/P0189T04070A1/P0189T04070A1C2F01591.jpg,189040701,189040701,gallery/P0189T04070A1/P0189T04070A1C0F02401.jpg,0.74346,0.70932,0.74308,ban_giao,dung,1,7463
query/P0810T04060A1/P0810T04060A1C2F13591.jpg,810040601,880040712,gallery/P0880T04071A2/P0880T04071A2C0F12601.jpg,0.64935,0.64935,0.74308,tu_choi,tu_choi,0,7463
query/P0594T04071A0/P0594T04071A0C2F06151.jpg,594040710,594040710,gallery/P0594T04071A0/P0594T04071A0C0F06901.jpg,0.7516,0.69636,0.74308,ban_giao,dung,1,7463
query/P1147T04060A1/P1147T04060A1C2F14431.jpg,1147040601,259040412,gallery/P0259T04041A2/P0259T04041A2C0F9721.jpg,0.61838,0.61838,0.74308,tu_choi,tu_choi,1,7463
query/P1523T04060A2/P1523T04060A2C2F09601.jpg,1523040602,124040411,gallery/P0124T04041A1/P0124T04041A1C0F4771.jpg,0.73229,0.73229,0.74308,tu_choi,tu_choi,1,7463
query/P0441T04071A1/P0441T04071A1C2F09721.jpg,441040711,297040412,gallery/P0297T04041A2/P0297T04041A2C0F14851.jpg,0.67391,0.67391,0.74308,tu_choi,tu_choi,0,7463
query/P0150T04071A1/P0150T04071A1C2F01411.jpg,150040711,150040711,gallery/P0150T04071A1/P0150T04071A1C0F03241.jpg,0.70552,0.66164,0.74308,tu_choi,tu_choi,0,7463
query/P1015T04071A1/P1015T04071A1C2F16501.jpg,1015040711,666040710,gallery/P0666T04071A0/P0666T04071A0C0F08251.jpg,0.65871,0.65871,0.74308,tu_choi,tu_choi,0,7463
query/P0586T04071A2/P0586T04071A2C2F13021.jpg,586040712,284040412,gallery/P0284T04041A2/P0284T04041A2C0F14761.jpg,0.73942,0.73942,0.74308,tu_choi,tu_choi,1,7463
query/P0253T04051A1/P0253T04051A1C2F30091.jpg,253040511,191040710,gallery/P0191T04071A0/P0191T04071A0C0F02491.jpg,0.66973,0.66973,0.74308,tu_choi,tu_choi,1,7463
query/P0691T04071A2/P0691T04071A2C2F14431.jpg,691040712,691040712,gallery/P0691T04071A2/P0691T04071A2C0F10351.jpg,0.65393,0.60255,0.74308,tu_choi,tu_choi,0,7463
query/P1774T04070A0/P1774T04070A0C2F26401.jpg,1774040700,905040600,gallery/P0905T04060A0/P0905T04060A0C0F11641.jpg,0.68666,0.68666,0.74308,tu_choi,tu_choi,1,7463
query/P0474T04060A2/P0474T04060A2C2F08011.jpg,474040602,439040512,gallery/P0439T04051A2/P0439T04051A2C0F17131.jpg,0.66172,0.66172,0.74308,tu_choi,tu_choi,1,7463
query/P0706T04070A2/P0706T04070A2C2F04261.jpg,706040702,191040511,gallery/P0191T04051A1/P0191T04051A1C0F9961.jpg,0.69673,0.69673,0.74308,tu_choi,tu_choi,1,7463
query/P2230T04070A1/P2230T04070A1C2F26161.jpg,2230040701,1375040600,gallery/P1375T04060A0/P1375T04060A0C0F19651.jpg,0.70399,0.70399,0.74308,tu_choi,tu_choi,1,7463
query/P1566T04071A1/P1566T04071A1C2F23581.jpg,1566040711,414040512,gallery/P0414T04051A2/P0414T04051A2C0F13771.jpg,0.67045,0.67045,0.74308,tu_choi,tu_choi,0,7463
query/P0161T04051A1/P0161T04051A1C2F2461.jpg,161040511,167040411,gallery/P0167T04041A1/P0167T04041A1C0F17521.jpg,0.67221,0.67221,0.74308,tu_choi,tu_choi,1,7463
query/P1425T04070A0/P1425T04070A0C2F26671.jpg,1425040700,594040710,gallery/P0594T04071A0/P0594T04071A0C0F07141.jpg,0.69454,0.69454,0.74308,tu_choi,tu_choi,1,7463
query/P0588T04060A0/P0588T04060A0C2F08371.jpg,588040600,124040411,gallery/P0124T04041A1/P0124T04041A1C0F4711.jpg,0.75618,0.75618,0.74308,ban_giao,sai,1,7463
query/P1176T04060A1/P1176T04060A1C2F12721.jpg,1176040601,1176040601,gallery/P1176T04060A1/P1176T04060A1C0F15031.jpg,0.77147,0.73126,0.74308,ban_giao,dung,0,7463
query/P0468T04071A0/P0468T04071A0C2F05071.jpg,468040710,468040710,gallery/P0468T04071A0/P0468T04071A0C0F05311.jpg,0.67219,0.66494,0.74308,tu_choi,tu_choi,1,7463
query/P0335T04060A0/P0335T04060A0C2F06241.jpg,335040600,1404040601,gallery/P1404T04060A1/P1404T04060A1C0F16531.jpg,0.71642,0.71642,0.74308,tu_choi,tu_choi,1,7463
query/P2414T04071A0/P2414T04071A0C2F26821.jpg,2414040710,330040512,gallery/P0330T04051A2/P0330T04051A2C0F6781.jpg,0.72549,0.72549,0.74308,tu_choi,tu_choi,1,7463
query/P1040T04060A0/P1040T04060A0C2F13051.jpg,1040040600,1040040600,gallery/P1040T04060A0/P1040T04060A0C0F13171.jpg,0.75438,0.72797,0.74308,ban_giao,dung,1,7463
query/P0191T04071A0/P0191T04071A0C2F01471.jpg,191040710,594040710,gallery/P0594T04071A0/P0594T04071A0C0F06961.jpg,0.73656,0.73656,0.74308,tu_choi,tu_choi,1,7463
query/P1559T04071A2/P1559T04071A2C2F24601.jpg,1559040712,139040411,gallery/P0139T04041A1/P0139T04041A1C0F8161.jpg,0.68627,0.68627,0.74308,tu_choi,tu_choi,1,7463
query/P0973T04071A0/P0973T04071A0C2F14251.jpg,973040710,1706040712,gallery/P1706T04071A2/P1706T04071A2C0F23251.jpg,0.71108,0.71108,0.74308,tu_choi,tu_choi,1,7463
query/P0936T04060A1/P0936T04060A1C2F09871.jpg,936040601,441040700,gallery/P0441T04070A0/P0441T04070A0C0F08641.jpg,0.72069,0.72069,0.74308,tu_choi,tu_choi,0,7463
query/P2527T04070A2/P2527T04070A2C2F15931.jpg,2527040702,118040510,gallery/P0118T04051A0/P0118T04051A0C0F18991.jpg,0.69168,0.69168,0.74308,tu_choi,tu_choi,0,7463
query/P0666T04071A0/P0666T04071A0C2F07741.jpg,666040710,783040711,gallery/P0783T04071A1/P0783T04071A1C0F08431.jpg,0.70692,0.70692,0.74308,tu_choi,tu_choi,1,7463
query/P0769T04060A2/P0769T04060A2C2F04051.jpg,769040602,133040510,gallery/P0133T04051A0/P0133T04051A0C0F23311.jpg,0.72606,0.72606,0.74308,tu_choi,tu_choi,1,7463
query/P1652T04071A0/P1652T04071A0C2F14701.jpg,1652040710,1652040710,gallery/P1652T04071A0/P1652T04071A0C0F15391.jpg,0.67835,0.65184,0.74308,tu_choi,tu_choi,0,7463
query/P1793T04071A1/P1793T04071A1C2F24811.jpg,1793040711,257040511,gallery/P0257T04051A1/P0257T04051A1C0F23221.jpg,0.66662,0.66662,0.74308,tu_choi,tu_choi,1,7463
query/P0594T04071A0/P0594T04071A0C2F06301.jpg,594040710,594040710,gallery/P0594T04071A0/P0594T04071A0C0F07141.jpg,0.73378,0.70623,0.74308,tu_choi,tu_choi,1,7463
query/P0257T04041A2/P0257T04041A2C2F11731.jpg,257040412,1622040712,gallery/P1622T04071A2/P1622T04071A2C0F21061.jpg,0.69429,0.69429,0.74308,tu_choi,tu_choi,1,7463
query/P0555T04071A1/P0555T04071A1C2F05431.jpg,555040711,214040412,gallery/P0214T04041A2/P0214T04041A2C0F1051.jpg,0.70499,0.70499,0.74308,tu_choi,tu_choi,1,7463
query/P1272T04070A2/P1272T04070A2C2F13111.jpg,1272040702,1785040712,gallery/P1785T04071A2/P1785T04071A2C0F23911.jpg,0.69499,0.69499,0.74308,tu_choi,tu_choi,0,7463
query/P2210T04060A1/P2210T04060A1C2F24241.jpg,2210040601,3935040602,gallery/P3935T04060A2/P3935T04060A2C0F24781.jpg,0.71298,0.71298,0.74308,tu_choi,tu_choi,1,7463
query/P0001T04071A2/P0001T04071A2C2F05551.jpg,1040712,173040411,gallery/P0173T04041A1/P0173T04041A1C0F19411.jpg,0.67751,0.67751,0.74308,tu_choi,tu_choi,1,7463
query/P2197T04070A1/P2197T04070A1C2F30151.jpg,2197040701,1851040601,gallery/P1851T04060A1/P1851T04060A1C0F23071.jpg,0.6726,0.6726,0.74308,tu_choi,tu_choi,0,7463
query/P0325T04070A2/P0325T04070A2C2F01471.jpg,325040702,186040411,gallery/P0186T04041A1/P0186T04041A1C0F21361.jpg,0.67536,0.67536,0.74308,tu_choi,tu_choi,1,7463
query/P2200T04060A1/P2200T04060A1C2F24751.jpg,2200040601,1040712,gallery/P0001T04071A2/P0001T04071A2C0F00541.jpg,0.69393,0.69393,0.74308,tu_choi,tu_choi,1,7463
query/P0213T04060A0/P0213T04060A0C2F18031.jpg,213040600,261040412,gallery/P0261T04041A2/P0261T04041A2C0F11701.jpg,0.69649,0.69649,0.74308,tu_choi,tu_choi,1,7463
query/P0368T04071A2/P0368T04071A2C2F03871.jpg,368040712,1375040600,gallery/P1375T04060A0/P1375T04060A0C0F20131.jpg,0.67913,0.67913,0.74308,tu_choi,tu_choi,1,7463
query/P0692T04060A1/P0692T04060A1C2F06361.jpg,692040601,1042040600,gallery/P1042T04060A0/P1042T04060A0C0F14491.jpg,0.68916,0.68916,0.74308,tu_choi,tu_choi,1,7463
query/P0944T04070A0/P0944T04070A0C2F19471.jpg,944040700,1706040712,gallery/P1706T04071A2/P1706T04071A2C0F23251.jpg,0.73364,0.73364,0.74308,tu_choi,tu_choi,1,7463
query/P0819T04071A1/P0819T04071A1C2F12241.jpg,819040711,606040710,gallery/P0606T04071A0/P0606T04071A0C0F08161.jpg,0.71397,0.71397,0.74308,tu_choi,tu_choi,1,7463
query/P0185T04041A1/P0185T04041A1C2F18451.jpg,185040411,139040411,gallery/P0139T04041A1/P0139T04041A1C0F8791.jpg,0.75082,0.75082,0.74308,ban_giao,sai,1,7463
query/P0335T04060A0/P0335T04060A0C2F06271.jpg,335040600,1404040601,gallery/P1404T04060A1/P1404T04060A1C0F16531.jpg,0.70771,0.70771,0.74308,tu_choi,tu_choi,1,7463
query/P1622T04071A2/P1622T04071A2C2F27481.jpg,1622040712,1622040712,gallery/P1622T04071A2/P1622T04071A2C0F21061.jpg,0.70634,0.69208,0.74308,tu_choi,tu_choi,1,7463
query/P1556T04071A1/P1556T04071A1C2F22831.jpg,1556040711,724040601,gallery/P0724T04060A1/P0724T04060A1C0F06691.jpg,0.70026,0.70026,0.74308,tu_choi,tu_choi,1,7463
query/P3880T04060A2/P3880T04060A2C2F24151.jpg,3880040602,768040712,gallery/P0768T04071A2/P0768T04071A2C0F10861.jpg,0.64288,0.64288,0.74308,tu_choi,tu_choi,1,7463
query/P1730T04060A0/P1730T04060A0C2F22231.jpg,1730040600,959040601,gallery/P0959T04060A1/P0959T04060A1C0F10621.jpg,0.68593,0.68593,0.74308,tu_choi,tu_choi,1,7463
query/P0810T04060A1/P0810T04060A1C2F13771.jpg,810040601,225040412,gallery/P0225T04041A2/P0225T04041A2C0F3811.jpg,0.69647,0.69647,0.74308,tu_choi,tu_choi,0,7463
query/P0285T04041A2/P0285T04041A2C2F14041.jpg,285040412,285040412,gallery/P0285T04041A2/P0285T04041A2C0F14701.jpg,0.78438,0.77119,0.74308,ban_giao,dung,1,7463
query/P0761T04070A0/P0761T04070A0C2F10291.jpg,761040700,191040511,gallery/P0191T04051A1/P0191T04051A1C0F9751.jpg,0.73228,0.73228,0.74308,tu_choi,tu_choi,1,7463
query/P1333T04060A0/P1333T04060A0C2F17281.jpg,1333040600,1333040600,gallery/P1333T04060A0/P1333T04060A0C0F18091.jpg,0.65475,0.61388,0.74308,tu_choi,tu_choi,1,7463
query/P0590T04070A2/P0590T04070A2C2F03601.jpg,590040702,973040710,gallery/P0973T04071A0/P0973T04071A0C0F10111.jpg,0.69976,0.69976,0.74308,tu_choi,tu_choi,1,7463
query/P0810T04060A1/P0810T04060A1C2F13141.jpg,810040601,810040601,gallery/P0810T04060A1/P0810T04060A1C0F08401.jpg,0.67758,0.67147,0.74308,tu_choi,tu_choi,0,7463
query/P0959T04060A1/P0959T04060A1C2F10831.jpg,959040601,724040601,gallery/P0724T04060A1/P0724T04060A1C0F06691.jpg,0.67517,0.67517,0.74308,tu_choi,tu_choi,1,7463
query/P2414T04071A0/P2414T04071A0C2F26911.jpg,2414040710,330040512,gallery/P0330T04051A2/P0330T04051A2C0F6751.jpg,0.72129,0.72129,0.74308,tu_choi,tu_choi,1,7463
query/P0368T04071A2/P0368T04071A2C2F04441.jpg,368040712,276040412,gallery/P0276T04041A2/P0276T04041A2C0F14281.jpg,0.69834,0.69834,0.74308,tu_choi,tu_choi,1,7463
query/P0927T04071A2/P0927T04071A2C2F18121.jpg,927040712,192040411,gallery/P0192T04041A1/P0192T04041A1C0F26011.jpg,0.68622,0.68622,0.74308,tu_choi,tu_choi,1,7463
query/P0751T04070A2/P0751T04070A2C2F08611.jpg,751040702,594040710,gallery/P0594T04071A0/P0594T04071A0C0F07741.jpg,0.75754,0.75754,0.74308,ban_giao,sai,1,7463
query/P0345T04070A2/P0345T04070A2C2F01591.jpg,345040702,1375040600,gallery/P1375T04060A0/P1375T04060A0C0F20131.jpg,0.71094,0.71094,0.74308,tu_choi,tu_choi,1,7463
query/P0387T04071A1/P0387T04071A1C2F09511.jpg,387040711,188040411,gallery/P0188T04041A1/P0188T04041A1C0F23641.jpg,0.65573,0.65573,0.74308,tu_choi,tu_choi,1,7463
query/P0575T04060A2/P0575T04060A2C2F09031.jpg,575040602,588040600,gallery/P0588T04060A0/P0588T04060A0C0F10441.jpg,0.6866,0.6866,0.74308,tu_choi,tu_choi,0,7463
query/P0886T04070A2/P0886T04070A2C2F04801.jpg,886040702,1243040602,gallery/P1243T04060A2/P1243T04060A2C0F09931.jpg,0.6337,0.6337,0.74308,tu_choi,tu_choi,1,7463
query/P1040T04060A0/P1040T04060A0C2F13171.jpg,1040040600,1042040600,gallery/P1042T04060A0/P1042T04060A0C0F13411.jpg,0.62569,0.62569,0.74308,tu_choi,tu_choi,1,7463
query/P0702T04070A0/P0702T04070A0C2F11611.jpg,702040700,441040711,gallery/P0441T04071A1/P0441T04071A1C0F05491.jpg,0.7096,0.7096,0.74308,tu_choi,tu_choi,1,7463
query/P0666T04071A0/P0666T04071A0C2F07801.jpg,666040710,666040710,gallery/P0666T04071A0/P0666T04071A0C0F08671.jpg,0.68446,0.67999,0.74308,tu_choi,tu_choi,1,7463
query/P1176T04060A1/P1176T04060A1C2F11731.jpg,1176040601,1176040601,gallery/P1176T04060A1/P1176T04060A1C0F13411.jpg,0.73475,0.73281,0.74308,tu_choi,tu_choi,0,7463
query/P0167T04041A1/P0167T04041A1C2F15721.jpg,167040411,847040710,gallery/P0847T04071A0/P0847T04071A0C0F09391.jpg,0.75679,0.75679,0.74308,ban_giao,sai,1,7463
query/P1176T04060A1/P1176T04060A1C2F11791.jpg,1176040601,1176040601,gallery/P1176T04060A1/P1176T04060A1C0F15031.jpg,0.75585,0.70455,0.74308,ban_giao,dung,0,7463
query/P4169T04060A2/P4169T04060A2C2F30661.jpg,4169040602,140040411,gallery/P0140T04041A1/P0140T04041A1C0F8521.jpg,0.63332,0.63332,0.74308,tu_choi,tu_choi,1,7463
query/P2003T04060A0/P2003T04060A0C2F26701.jpg,2003040600,2003040600,gallery/P2003T04060A0/P2003T04060A0C0F26251.jpg,0.73627,0.64743,0.74308,tu_choi,tu_choi,1,7463
query/P2200T04060A1/P2200T04060A1C2F24631.jpg,2200040601,588040600,gallery/P0588T04060A0/P0588T04060A0C0F09091.jpg,0.71009,0.71009,0.74308,tu_choi,tu_choi,1,7463
query/P0209T04071A0/P0209T04071A0C2F01171.jpg,209040710,209040710,gallery/P0209T04071A0/P0209T04071A0C0F02401.jpg,0.74296,0.70824,0.74308,tu_choi,tu_choi,1,7463
query/P0783T04071A1/P0783T04071A1C2F13891.jpg,783040711,297040412,gallery/P0297T04041A2/P0297T04041A2C0F16441.jpg,0.66541,0.66541,0.74308,tu_choi,tu_choi,1,7463
query/P1851T04060A1/P1851T04060A1C2F04921.jpg,1851040601,1851040601,gallery/P1851T04060A1/P1851T04060A1C0F21781.jpg,0.67861,0.64034,0.74308,tu_choi,tu_choi,1,7463
query/P0145T04060A2/P0145T04060A2C2F05371.jpg,145040602,132040510,gallery/P0132T04051A0/P0132T04051A0C0F23491.jpg,0.67791,0.67791,0.74308,tu_choi,tu_choi,1,7463
query/P1488T04060A0/P1488T04060A0C2F19591.jpg,1488040600,1375040600,gallery/P1375T04060A0/P1375T04060A0C0F20221.jpg,0.73513,0.73513,0.74308,tu_choi,tu_choi,1,7463
query/P0522T04071A2/P0522T04071A2C2F12361.jpg,522040712,240040412,gallery/P0240T04041A2/P0240T04041A2C0F7171.jpg,0.69009,0.69009,0.74308,tu_choi,tu_choi,1,7463
query/P0936T04060A1/P0936T04060A1C2F09601.jpg,936040601,783040711,gallery/P0783T04071A1/P0783T04071A1C0F08491.jpg,0.69075,0.69075,0.74308,tu_choi,tu_choi,0,7463
query/P1317T04060A0/P1317T04060A0C2F17581.jpg,1317040600,114040411,gallery/P0114T04041A1/P0114T04041A1C0F2551.jpg,0.70224,0.70224,0.74308,tu_choi,tu_choi,1,7463
query/P3434T04070A2/P3434T04070A2C2F21661.jpg,3434040702,1375040600,gallery/P1375T04060A0/P1375T04060A0C0F19531.jpg,0.69861,0.69861,0.74308,tu_choi,tu_choi,1,7463
query/P1040T04060A0/P1040T04060A0C2F12931.jpg,1040040600,1040040600,gallery/P1040T04060A0/P1040T04060A0C0F13201.jpg,0.74789,0.73666,0.74308,ban_giao,dung,1,7463
query/P1191T04071A1/P1191T04071A1C2F18751.jpg,1191040711,1191040711,gallery/P1191T04071A1/P1191T04071A1C0F13381.jpg,0.64641,0.63088,0.74308,tu_choi,tu_choi,0,7463
query/P0387T04071A1/P0387T04071A1C2F08911.jpg,387040711,188040411,gallery/P0188T04041A1/P0188T04041A1C0F23641.jpg,0.62403,0.62403,0.74308,tu_choi,tu_choi,1,7463
query/P0702T04070A0/P0702T04070A0C2F11431.jpg,702040700,199040411,gallery/P0199T04041A1/P0199T04041A1C0F26251.jpg,0.72044,0.72044,0.74308,tu_choi,tu_choi,1,7463
query/P1556T04071A1/P1556T04071A1C2F22381.jpg,1556040711,124040411,gallery/P0124T04041A1/P0124T04041A1C0F4441.jpg,0.63534,0.63534,0.74308,tu_choi,tu_choi,1,7463
query/P0184T04071A2/P0184T04071A2C2F08221.jpg,184040712,184040712,gallery/P0184T04071A2/P0184T04071A2C0F03061.jpg,0.68871,0.63303,0.74308,tu_choi,tu_choi,1,7463
query/P0400T04051A2/P0400T04051A2C2F18601.jpg,400040512,1375040600,gallery/P1375T04060A0/P1375T04060A0C0F19651.jpg,0.72178,0.72178,0.74308,tu_choi,tu_choi,1,7463
query/P0944T04070A0/P0944T04070A0C2F20371.jpg,944040700,211040412,gallery/P0211T04041A2/P0211T04041A2C0F931.jpg,0.68776,0.68776,0.74308,tu_choi,tu_choi,1,7463
query/P1595T04070A2/P1595T04070A2C2F11431.jpg,1595040702,211040412,gallery/P0211T04041A2/P0211T04041A2C0F961.jpg,0.66497,0.66497,0.74308,tu_choi,tu_choi,1,7463
query/P1793T04071A1/P1793T04071A1C2F24391.jpg,1793040711,2508040710,gallery/P2508T04071A0/P2508T04071A0C0F22051.jpg,0.68826,0.68826,0.74308,tu_choi,tu_choi,1,7463
query/P2375T04071A0/P2375T04071A0C2F25741.jpg,2375040710,317040412,gallery/P0317T04041A2/P0317T04041A2C0F21271.jpg,0.6619,0.6619,0.74308,tu_choi,tu_choi,0,7463
query/P0518T04071A1/P0518T04071A1C2F05971.jpg,518040711,276040412,gallery/P0276T04041A2/P0276T04041A2C0F14281.jpg,0.70175,0.70175,0.74308,tu_choi,tu_choi,1,7463
query/P1615T04060A2/P1615T04060A2C2F09811.jpg,1615040602,588040600,gallery/P0588T04060A0/P0588T04060A0C0F08971.jpg,0.70338,0.70338,0.74308,tu_choi,tu_choi,1,7463
query/P3935T04060A2/P3935T04060A2C2F29791.jpg,3935040602,271040512,gallery/P0271T04051A2/P0271T04051A2C0F91.jpg,0.67469,0.67469,0.74308,tu_choi,tu_choi,1,7463
query/P0555T04071A1/P0555T04071A1C2F05611.jpg,555040711,261040412,gallery/P0261T04041A2/P0261T04041A2C0F11311.jpg,0.69706,0.69706,0.74308,tu_choi,tu_choi,1,7463
query/P1703T04071A2/P1703T04071A2C2F21631.jpg,1703040712,8040410,gallery/P0008T04041A0/P0008T04041A0C0F1621.jpg,0.73459,0.73459,0.74308,tu_choi,tu_choi,1,7463
query/P1243T04060A2/P1243T04060A2C2F14371.jpg,1243040602,139040411,gallery/P0139T04041A1/P0139T04041A1C0F8791.jpg,0.66676,0.66676,0.74308,tu_choi,tu_choi,0,7463
query/P0724T04060A1/P0724T04060A1C2F11791.jpg,724040601,1375040600,gallery/P1375T04060A0/P1375T04060A0C0F19651.jpg,0.7242,0.7242,0.74308,tu_choi,tu_choi,1,7463
query/P0594T04071A0/P0594T04071A0C2F06001.jpg,594040710,594040710,gallery/P0594T04071A0/P0594T04071A0C0F06961.jpg,0.7094,0.6885,0.74308,tu_choi,tu_choi,1,7463
query/P1031T04070A0/P1031T04070A0C2F23521.jpg,1031040700,575040602,gallery/P0575T04060A2/P0575T04060A2C0F04531.jpg,0.69439,0.69439,0.74308,tu_choi,tu_choi,1,7463
query/P0441T04071A1/P0441T04071A1C2F10021.jpg,441040711,191040710,gallery/P0191T04071A0/P0191T04071A0C0F03211.jpg,0.67593,0.67593,0.74308,tu_choi,tu_choi,0,7463
query/P0345T04070A0/P0345T04070A0C2F10201.jpg,345040700,345040700,gallery/P0345T04070A0/P0345T04070A0C0F05911.jpg,0.70394,0.66726,0.74308,tu_choi,tu_choi,1,7463
query/P0706T04070A2/P0706T04070A2C2F04291.jpg,706040702,124040411,gallery/P0124T04041A1/P0124T04041A1C0F3871.jpg,0.70421,0.70421,0.74308,tu_choi,tu_choi,1,7463
query/P0739T04070A1/P0739T04070A1C2F12451.jpg,739040701,685040712,gallery/P0685T04071A2/P0685T04071A2C0F09451.jpg,0.68101,0.68101,0.74308,tu_choi,tu_choi,0,7463
query/P0139T04041A1/P0139T04041A1C2F9571.jpg,139040411,139040411,gallery/P0139T04041A1/P0139T04041A1C0F8521.jpg,0.68888,0.68001,0.74308,tu_choi,tu_choi,1,7463
query/P1846T04070A0/P1846T04070A0C2F27271.jpg,1846040700,1040040600,gallery/P1040T04060A0/P1040T04060A0C0F13171.jpg,0.69148,0.69148,0.74308,tu_choi,tu_choi,1,7463
query/P3727T04060A2/P3727T04060A2C2F21541.jpg,3727040602,3727040602,gallery/P3727T04060A2/P3727T04060A2C0F25081.jpg,0.79532,0.71518,0.74308,ban_giao,dung,0,7463
query/P2230T04070A1/P2230T04070A1C2F26011.jpg,2230040701,973040710,gallery/P0973T04071A0/P0973T04071A0C0F10111.jpg,0.66949,0.66949,0.74308,tu_choi,tu_choi,1,7463
query/P1805T04070A0/P1805T04070A0C2F30241.jpg,1805040700,280040412,gallery/P0280T04041A2/P0280T04041A2C0F14431.jpg,0.66268,0.66268,0.74308,tu_choi,tu_choi,0,7463
query/P0368T04071A2/P0368T04071A2C2F04021.jpg,368040712,139040411,gallery/P0139T04041A1/P0139T04041A1C0F8791.jpg,0.70677,0.70677,0.74308,tu_choi,tu_choi,1,7463
query/P1706T04071A2/P1706T04071A2C2F22501.jpg,1706040712,191040511,gallery/P0191T04051A1/P0191T04051A1C0F9511.jpg,0.78596,0.78596,0.74308,ban_giao,sai,1,7463
query/P0721T04070A1/P0721T04070A1C2F06811.jpg,721040701,125040411,gallery/P0125T04041A1/P0125T04041A1C0F4171.jpg,0.76781,0.76781,0.74308,ban_giao,sai,1,7463
query/P0184T04070A1/P0184T04070A1C2F01891.jpg,184040701,657040601,gallery/P0657T04060A1/P0657T04060A1C0F07561.jpg,0.70642,0.70642,0.74308,tu_choi,tu_choi,1,7463
query/P1761T04071A1/P1761T04071A1C2F24541.jpg,1761040711,847040710,gallery/P0847T04071A0/P0847T04071A0C0F09061.jpg,0.67065,0.67065,0.74308,tu_choi,tu_choi,1,7463
query/P0594T04060A1/P0594T04060A1C2F11941.jpg,594040601,1317040600,gallery/P1317T04060A0/P1317T04060A0C0F19531.jpg,0.6871,0.6871,0.74308,tu_choi,tu_choi,0,7463
query/P0495T04051A2/P0495T04051A2C2F28351.jpg,495040512,588040600,gallery/P0588T04060A0/P0588T04060A0C0F10231.jpg,0.71059,0.71059,0.74308,tu_choi,tu_choi,1,7463
query/P1774T04070A0/P1774T04070A0C2F25651.jpg,1774040700,284040412,gallery/P0284T04041A2/P0284T04041A2C0F14761.jpg,0.74507,0.74507,0.74308,ban_giao,sai,1,7463
query/P1046T04070A2/P1046T04070A2C2F05191.jpg,1046040702,1375040600,gallery/P1375T04060A0/P1375T04060A0C0F20221.jpg,0.75141,0.75141,0.74308,ban_giao,sai,1,7463
query/P1147T04060A1/P1147T04060A1C2F14221.jpg,1147040601,880040712,gallery/P0880T04071A2/P0880T04071A2C0F12631.jpg,0.65922,0.65922,0.74308,tu_choi,tu_choi,1,7463
query/P0344T04051A2/P0344T04051A2C2F13861.jpg,344040512,1375040600,gallery/P1375T04060A0/P1375T04060A0C0F19711.jpg,0.73621,0.73621,0.74308,tu_choi,tu_choi,0,7463
query/P0303T04070A1/P0303T04070A1C2F02071.jpg,303040701,692040601,gallery/P0692T04060A1/P0692T04060A1C0F07831.jpg,0.65614,0.65614,0.74308,tu_choi,tu_choi,1,7463
query/P1550T04060A0/P1550T04060A0C2F21361.jpg,1550040600,2414040710,gallery/P2414T04071A0/P2414T04071A0C0F21181.jpg,0.68516,0.68516,0.74308,tu_choi,tu_choi,1,7463
query/P1838T04071A2/P1838T04071A2C2F30991.jpg,1838040712,1652040710,gallery/P1652T04071A0/P1652T04071A0C0F15391.jpg,0.72112,0.72112,0.74308,tu_choi,tu_choi,0,7463
query/P1371T04060A0/P1371T04060A0C2F18421.jpg,1371040600,588040600,gallery/P0588T04060A0/P0588T04060A0C0F09661.jpg,0.70055,0.70055,0.74308,tu_choi,tu_choi,1,7463
query/P0416T04070A1/P0416T04070A1C2F03061.jpg,416040701,706040702,gallery/P0706T04070A2/P0706T04070A2C0F06391.jpg,0.66766,0.66766,0.74308,tu_choi,tu_choi,1,7463
query/P0420T04071A2/P0420T04071A2C2F06031.jpg,420040712,420040712,gallery/P0420T04071A2/P0420T04071A2C0F05911.jpg,0.75713,0.67561,0.74308,ban_giao,dung,1,7463
query/P0257T04051A1/P0257T04051A1C2F23011.jpg,257040511,1793040711,gallery/P1793T04071A1/P1793T04071A1C0F19561.jpg,0.6789,0.6789,0.74308,tu_choi,tu_choi,0,7463
query/P1191T04071A1/P1191T04071A1C2F19081.jpg,1191040711,1488040600,gallery/P1488T04060A0/P1488T04060A0C0F21001.jpg,0.6945,0.6945,0.74308,tu_choi,tu_choi,0,7463
query/P0895T04060A1/P0895T04060A1C2F08041.jpg,895040601,2290040602,gallery/P2290T04060A2/P2290T04060A2C0F14251.jpg,0.72013,0.72013,0.74308,tu_choi,tu_choi,0,7463
query/P0292T04041A2/P0292T04041A2C2F20131.jpg,292040412,292040412,gallery/P0292T04041A2/P0292T04041A2C0F15571.jpg,0.77397,0.72891,0.74308,ban_giao,dung,0,7463
query/P0917T04071A1/P0917T04071A1C2F15391.jpg,917040711,192040411,gallery/P0192T04041A1/P0192T04041A1C0F24691.jpg,0.65759,0.65759,0.74308,tu_choi,tu_choi,0,7463
query/P0666T04071A0/P0666T04071A0C2F07981.jpg,666040710,140040411,gallery/P0140T04041A1/P0140T04041A1C0F9061.jpg,0.66313,0.66313,0.74308,tu_choi,tu_choi,1,7463
query/P2121T04070A1/P2121T04070A1C2F28801.jpg,2121040701,973040710,gallery/P0973T04071A0/P0973T04071A0C0F10081.jpg,0.65087,0.65087,0.74308,tu_choi,tu_choi,1,7463
query/P0768T04071A2/P0768T04071A2C2F10381.jpg,768040712,1243040602,gallery/P1243T04060A2/P1243T04060A2C0F08881.jpg,0.66945,0.66945,0.74308,tu_choi,tu_choi,1,7463
query/P1566T04071A1/P1566T04071A1C2F23191.jpg,1566040711,209040710,gallery/P0209T04071A0/P0209T04071A0C0F31812.jpg,0.67186,0.67186,0.74308,tu_choi,tu_choi,0,7463
query/P0469T04060A2/P0469T04060A2C2F03151.jpg,469040602,250040511,gallery/P0250T04051A1/P0250T04051A1C0F23731.jpg,0.75423,0.75423,0.74308,ban_giao,sai,0,7463
query/P0751T04070A2/P0751T04070A2C2F08731.jpg,751040702,594040710,gallery/P0594T04071A0/P0594T04071A0C0F07891.jpg,0.75023,0.75023,0.74308,ban_giao,sai,1,7463
query/P1180T04060A0/P1180T04060A0C2F15601.jpg,1180040600,248040711,gallery/P0248T04071A1/P0248T04071A1C0F02791.jpg,0.65083,0.65083,0.74308,tu_choi,tu_choi,0,7463
query/P0127T04071A2/P0127T04071A2C2F01081.jpg,127040712,248040711,gallery/P0248T04071A1/P0248T04071A1C0F02791.jpg,0.71055,0.71055,0.74308,tu_choi,tu_choi,0,7463
query/P0130T04060A0/P0130T04060A0C2F07321.jpg,130040600,130040600,gallery/P0130T04060A0/P0130T04060A0C0F02341.jpg,0.72853,0.67555,0.74308,tu_choi,tu_choi,1,7463
query/P0184T04070A1/P0184T04070A1C2F01861.jpg,184040701,184040701,gallery/P0184T04070A1/P0184T04070A1C0F02131.jpg,0.68154,0.64891,0.74308,tu_choi,tu_choi,1,7463
query/P0390T04051A2/P0390T04051A2C2F17521.jpg,390040512,1042040600,gallery/P1042T04060A0/P1042T04060A0C0F13861.jpg,0.73035,0.73035,0.74308,tu_choi,tu_choi,1,7463
query/P3434T04070A2/P3434T04070A2C2F21001.jpg,3434040702,120040411,gallery/P0120T04041A1/P0120T04041A1C0F4081.jpg,0.68899,0.68899,0.74308,tu_choi,tu_choi,1,7463
query/P2003T04060A0/P2003T04060A0C2F26221.jpg,2003040600,2003040600,gallery/P2003T04060A0/P2003T04060A0C0F26401.jpg,0.77591,0.69814,0.74308,ban_giao,dung,1,7463
query/P0441T04071A1/P0441T04071A1C2F09961.jpg,441040711,297040412,gallery/P0297T04041A2/P0297T04041A2C0F15691.jpg,0.67914,0.67914,0.74308,tu_choi,tu_choi,0,7463
query/P0588T04060A0/P0588T04060A0C2F08401.jpg,588040600,124040411,gallery/P0124T04041A1/P0124T04041A1C0F4711.jpg,0.75663,0.75663,0.74308,ban_giao,sai,1,7463
query/P0010T04041A0/P0010T04041A0C2F391.jpg,10040410,1652040710,gallery/P1652T04071A0/P1652T04071A0C0F15391.jpg,0.71986,0.71986,0.74308,tu_choi,tu_choi,0,7463
query/P0189T04070A1/P0189T04070A1C2F01441.jpg,189040701,1785040712,gallery/P1785T04071A2/P1785T04071A2C0F24541.jpg,0.71806,0.71806,0.74308,tu_choi,tu_choi,1,7463
query/P0657T04070A2/P0657T04070A2C2F08971.jpg,657040702,335040512,gallery/P0335T04051A2/P0335T04051A2C0F7141.jpg,0.67115,0.67115,0.74308,tu_choi,tu_choi,1,7463
query/P0209T04071A0/P0209T04071A0C2F01261.jpg,209040710,209040710,gallery/P0209T04071A0/P0209T04071A0C0F02401.jpg,0.72505,0.68109,0.74308,tu_choi,tu_choi,1,7463
query/P1730T04060A0/P1730T04060A0C2F22111.jpg,1730040600,1706040712,gallery/P1706T04071A2/P1706T04071A2C0F23251.jpg,0.70514,0.70514,0.74308,tu_choi,tu_choi,1,7463
query/P0895T04060A1/P0895T04060A1C2F09271.jpg,895040601,1042040600,gallery/P1042T04060A0/P1042T04060A0C0F13711.jpg,0.70384,0.70384,0.74308,tu_choi,tu_choi,0,7463
query/P2527T04070A2/P2527T04070A2C2F14941.jpg,2527040702,2511040710,gallery/P2511T04071A0/P2511T04071A0C0F21931.jpg,0.69227,0.69227,0.74308,tu_choi,tu_choi,0,7463
query/P0685T04071A2/P0685T04071A2C2F14131.jpg,685040712,685040712,gallery/P0685T04071A2/P0685T04071A2C0F09931.jpg,0.68703,0.68359,0.74308,tu_choi,tu_choi,1,7463
query/P1595T04070A2/P1595T04070A2C2F10741.jpg,1595040702,1652040710,gallery/P1652T04071A0/P1652T04071A0C0F15391.jpg,0.71846,0.71846,0.74308,tu_choi,tu_choi,1,7463
query/P0008T04041A0/P0008T04041A0C2F24811.jpg,8040410,8040410,gallery/P0008T04041A0/P0008T04041A0C0F1021.jpg,0.72862,0.68434,0.74308,tu_choi,tu_choi,1,7463
query/P0761T04070A0/P0761T04070A0C2F10141.jpg,761040700,124040411,gallery/P0124T04041A1/P0124T04041A1C0F3871.jpg,0.67826,0.67826,0.74308,tu_choi,tu_choi,1,7463
query/P0927T04071A2/P0927T04071A2C2F17521.jpg,927040712,927040712,gallery/P0927T04071A2/P0927T04071A2C0F13201.jpg,0.66722,0.62842,0.74308,tu_choi,tu_choi,1,7463
query/P1179T04060A0/P1179T04060A0C2F15241.jpg,1179040600,1179040600,gallery/P1179T04060A0/P1179T04060A0C0F15961.jpg,0.78489,0.67252,0.74308,ban_giao,dung,0,7463
query/P0189T04070A1/P0189T04070A1C2F01681.jpg,189040701,189040701,gallery/P0189T04070A1/P0189T04070A1C0F02011.jpg,0.7686,0.69827,0.74308,ban_giao,dung,1,7463
query/P1774T04070A0/P1774T04070A0C2F25561.jpg,1774040700,508040512,gallery/P0508T04051A2/P0508T04051A2C0F23461.jpg,0.76276,0.76276,0.74308,ban_giao,sai,1,7463
query/P0810T04060A1/P0810T04060A1C2F13261.jpg,810040601,259040412,gallery/P0259T04041A2/P0259T04041A2C0F9871.jpg,0.63729,0.63729,0.74308,tu_choi,tu_choi,0,7463
query/P2020T04071A2/P2020T04071A2C2F25591.jpg,2020040712,880040712,gallery/P0880T04071A2/P0880T04071A2C0F12721.jpg,0.68799,0.68799,0.74308,tu_choi,tu_choi,1,7463
query/P1354T04060A2/P1354T04060A2C2F13231.jpg,1354040602,588040600,gallery/P0588T04060A0/P0588T04060A0C0F10411.jpg,0.69776,0.69776,0.74308,tu_choi,tu_choi,1,7463
query/P1031T04070A0/P1031T04070A0C2F23461.jpg,1031040700,1375040600,gallery/P1375T04060A0/P1375T04060A0C0F20101.jpg,0.675,0.675,0.74308,tu_choi,tu_choi,1,7463
query/P1796T04071A1/P1796T04071A1C2F24811.jpg,1796040711,1796040711,gallery/P1796T04071A1/P1796T04071A1C0F19681.jpg,0.67064,0.65011,0.74308,tu_choi,tu_choi,1,7463
query/P1015T04071A1/P1015T04071A1C2F16591.jpg,1015040711,1920040601,gallery/P1920T04060A1/P1920T04060A1C0F22621.jpg,0.65457,0.65457,0.74308,tu_choi,tu_choi,0,7463
query/P0298T04041A2/P0298T04041A2C2F18931.jpg,298040412,139040411,gallery/P0139T04041A1/P0139T04041A1C0F8521.jpg,0.6745,0.6745,0.74308,tu_choi,tu_choi,1,7463
query/P0191T04051A1/P0191T04051A1C2F9631.jpg,191040511,1895040600,gallery/P1895T04060A0/P1895T04060A0C0F24331.jpg,0.7333,0.7333,0.74308,tu_choi,tu_choi,0,7463
query/P0130T04060A0/P0130T04060A0C2F07711.jpg,130040600,692040601,gallery/P0692T04060A1/P0692T04060A1C0F07831.jpg,0.70669,0.70669,0.74308,tu_choi,tu_choi,1,7463
query/P1836T04071A0/P1836T04071A0C2F23221.jpg,1836040710,652040710,gallery/P0652T04071A0/P0652T04071A0C0F08761.jpg,0.72095,0.72095,0.74308,tu_choi,tu_choi,1,7463
query/P0387T04071A1/P0387T04071A1C2F09661.jpg,387040711,623040710,gallery/P0623T04071A0/P0623T04071A0C0F08041.jpg,0.66381,0.66381,0.74308,tu_choi,tu_choi,1,7463
query/P0419T04071A2/P0419T04071A2C2F05311.jpg,419040712,1785040712,gallery/P1785T04071A2/P1785T04071A2C0F24541.jpg,0.65704,0.65704,0.74308,tu_choi,tu_choi,0,7463
query/P0936T04060A1/P0936T04060A1C2F09901.jpg,936040601,441040700,gallery/P0441T04070A0/P0441T04070A0C0F08641.jpg,0.74772,0.74772,0.74308,ban_giao,sai,0,7463
query/P0702T04070A0/P0702T04070A0C2F11191.jpg,702040700,191040710,gallery/P0191T04071A0/P0191T04071A0C0F02371.jpg,0.68074,0.68074,0.74308,tu_choi,tu_choi,1,7463
query/P0345T04070A2/P0345T04070A2C2F02041.jpg,345040702,192040411,gallery/P0192T04041A1/P0192T04041A1C0F24451.jpg,0.62338,0.62338,0.74308,tu_choi,tu_choi,1,7463
query/P1793T04071A1/P1793T04071A1C2F24421.jpg,1793040711,1147040601,gallery/P1147T04060A1/P1147T04060A1C0F13441.jpg,0.66645,0.66645,0.74308,tu_choi,tu_choi,1,7463
query/P0191T04071A0/P0191T04071A0C2F01501.jpg,191040710,594040710,gallery/P0594T04071A0/P0594T04071A0C0F06961.jpg,0.67675,0.67675,0.74308,tu_choi,tu_choi,1,7463
query/P0474T04060A2/P0474T04060A2C2F07981.jpg,474040602,191040710,gallery/P0191T04071A0/P0191T04071A0C0F02371.jpg,0.66247,0.66247,0.74308,tu_choi,tu_choi,1,7463
query/P0905T04060A0/P0905T04060A0C2F11191.jpg,905040600,335040600,gallery/P0335T04060A0/P0335T04060A0C0F06991.jpg,0.68231,0.68231,0.74308,tu_choi,tu_choi,1,7463
query/P0623T04071A0/P0623T04071A0C2F05551.jpg,623040710,623040710,gallery/P0623T04071A0/P0623T04071A0C0F07471.jpg,0.67449,0.6646,0.74308,tu_choi,tu_choi,1,7463
query/P0783T04071A1/P0783T04071A1C2F14041.jpg,783040711,783040711,gallery/P0783T04071A1/P0783T04071A1C0F09961.jpg,0.72328,0.67353,0.74308,tu_choi,tu_choi,1,7463
query/P1796T04071A1/P1796T04071A1C2F25021.jpg,1796040711,1706040712,gallery/P1706T04071A2/P1706T04071A2C0F23131.jpg,0.67207,0.67207,0.74308,tu_choi,tu_choi,1,7463
query/P0175T04071A0/P0175T04071A0C2F07141.jpg,175040710,133040510,gallery/P0133T04051A0/P0133T04051A0C0F23341.jpg,0.70565,0.70565,0.74308,tu_choi,tu_choi,0,7463
query/P2020T04071A2/P2020T04071A2C2F25111.jpg,2020040712,594040710,gallery/P0594T04071A0/P0594T04071A0C0F07891.jpg,0.73175,0.73175,0.74308,tu_choi,tu_choi,1,7463
query/P3880T04060A2/P3880T04060A2C2F23941.jpg,3880040602,1375040600,gallery/P1375T04060A0/P1375T04060A0C0F20191.jpg,0.6684,0.6684,0.74308,tu_choi,tu_choi,1,7463
query/P2290T04060A2/P2290T04060A2C2F19051.jpg,2290040602,586040712,gallery/P0586T04071A2/P0586T04071A2C0F08161.jpg,0.72726,0.72726,0.74308,tu_choi,tu_choi,1,7463
query/P1272T04070A2/P1272T04070A2C2F13231.jpg,1272040702,276040412,gallery/P0276T04041A2/P0276T04041A2C0F14431.jpg,0.63126,0.63126,0.74308,tu_choi,tu_choi,0,7463
query/P1211T04071A1/P1211T04071A1C2F18031.jpg,1211040711,1425040700,gallery/P1425T04070A0/P1425T04070A0C0F21901.jpg,0.67076,0.67076,0.74308,tu_choi,tu_choi,1,7463
query/P0025T04041A0/P0025T04041A0C2F6631.jpg,25040410,1005040710,gallery/P1005T04071A0/P1005T04071A0C0F09361.jpg,0.69842,0.69842,0.74308,tu_choi,tu_choi,1,7463
query/P1211T04071A1/P1211T04071A1C2F18091.jpg,1211040711,847040710,gallery/P0847T04071A0/P0847T04071A0C0F10021.jpg,0.71724,0.71724,0.74308,tu_choi,tu_choi,1,7463
query/P1354T04060A2/P1354T04060A2C2F12811.jpg,1354040602,616040700,gallery/P0616T04070A0/P0616T04070A0C0F11191.jpg,0.72407,0.72407,0.74308,tu_choi,tu_choi,1,7463
query/P1748T04070A1/P1748T04070A1C2F18421.jpg,1748040701,441040700,gallery/P0441T04070A0/P0441T04070A0C0F08521.jpg,0.68972,0.68972,0.74308,tu_choi,tu_choi,0,7463
query/P2210T04060A1/P2210T04060A1C2F24451.jpg,2210040601,574040701,gallery/P0574T04070A1/P0574T04070A1C0F04951.jpg,0.67824,0.67824,0.74308,tu_choi,tu_choi,1,7463
query/P1272T04070A2/P1272T04070A2C2F12991.jpg,1272040702,1785040712,gallery/P1785T04071A2/P1785T04071A2C0F23791.jpg,0.70689,0.70689,0.74308,tu_choi,tu_choi,0,7463
query/P0664T04060A1/P0664T04060A1C2F05491.jpg,664040601,124040411,gallery/P0124T04041A1/P0124T04041A1C0F3871.jpg,0.70327,0.70327,0.74308,tu_choi,tu_choi,1,7463
query/P1589T04071A1/P1589T04071A1C2F23161.jpg,1589040711,18040410,gallery/P0018T04041A0/P0018T04041A0C0F2641.jpg,0.64472,0.64472,0.74308,tu_choi,tu_choi,1,7463
query/P1785T04071A2/P1785T04071A2C2F23491.jpg,1785040712,1785040712,gallery/P1785T04071A2/P1785T04071A2C0F24241.jpg,0.72032,0.63767,0.74308,tu_choi,tu_choi,0,7463
query/P0211T04041A2/P0211T04041A2C2F91.jpg,211040412,692040601,gallery/P0692T04060A1/P0692T04060A1C0F07171.jpg,0.74688,0.74688,0.74308,ban_giao,sai,1,7463
query/P1559T04071A2/P1559T04071A2C2F25051.jpg,1559040712,724040601,gallery/P0724T04060A1/P0724T04060A1C0F07021.jpg,0.68637,0.68637,0.74308,tu_choi,tu_choi,1,7463
query/P1566T04071A1/P1566T04071A1C2F23761.jpg,1566040711,1566040711,gallery/P1566T04071A1/P1566T04071A1C0F18331.jpg,0.69146,0.68068,0.74308,tu_choi,tu_choi,0,7463
query/P0594T04060A1/P0594T04060A1C2F11221.jpg,594040601,239040511,gallery/P0239T04051A1/P0239T04051A1C0F21391.jpg,0.68093,0.68093,0.74308,tu_choi,tu_choi,0,7463
query/P1724T04070A1/P1724T04070A1C2F27481.jpg,1724040701,1375040600,gallery/P1375T04060A0/P1375T04060A0C0F20221.jpg,0.67368,0.67368,0.74308,tu_choi,tu_choi,1,7463
query/P0769T04060A2/P0769T04060A2C2F03811.jpg,769040602,441040700,gallery/P0441T04070A0/P0441T04070A0C0F08641.jpg,0.72637,0.72637,0.74308,tu_choi,tu_choi,1,7463
query/P3433T04060A2/P3433T04060A2C2F20581.jpg,3433040602,586040712,gallery/P0586T04071A2/P0586T04071A2C0F09361.jpg,0.71545,0.71545,0.74308,tu_choi,tu_choi,1,7463
query/P0378T04051A2/P0378T04051A2C2F16141.jpg,378040512,1040712,gallery/P0001T04071A2/P0001T04071A2C0F00541.jpg,0.68557,0.68557,0.74308,tu_choi,tu_choi,1,7463
query/P2508T04071A0/P2508T04071A0C2F27241.jpg,2508040710,59040510,gallery/P0059T04051A0/P0059T04051A0C0F9751.jpg,0.69398,0.69398,0.74308,tu_choi,tu_choi,0,7463
query/P0238T04041A2/P0238T04041A2C2F10531.jpg,238040412,307040512,gallery/P0307T04051A2/P0307T04051A2C0F3901.jpg,0.69789,0.69789,0.74308,tu_choi,tu_choi,1,7463
query/P1354T04060A2/P1354T04060A2C2F12781.jpg,1354040602,847040710,gallery/P0847T04071A0/P0847T04071A0C0F09961.jpg,0.66801,0.66801,0.74308,tu_choi,tu_choi,1,7463
query/P1920T04060A1/P1920T04060A1C2F21421.jpg,1920040601,1589040711,gallery/P1589T04071A1/P1589T04071A1C0F18121.jpg,0.67778,0.67778,0.74308,tu_choi,tu_choi,1,7463
query/P1595T04070A2/P1595T04070A2C2F10951.jpg,1595040702,1595040702,gallery/P1595T04070A2/P1595T04070A2C0F11521.jpg,0.70427,0.70324,0.74308,tu_choi,tu_choi,1,7463
query/P0124T04041A1/P0124T04041A1C2F2221.jpg,124040411,1566040711,gallery/P1566T04071A1/P1566T04071A1C0F18901.jpg,0.65071,0.65071,0.74308,tu_choi,tu_choi,0,7463
query/P1761T04071A1/P1761T04071A1C2F24631.jpg,1761040711,215040511,gallery/P0215T04051A1/P0215T04051A1C0F13141.jpg,0.68966,0.68966,0.74308,tu_choi,tu_choi,1,7463
query/P1796T04071A1/P1796T04071A1C2F24391.jpg,1796040711,123040700,gallery/P0123T04070A0/P0123T04070A0C0F04921.jpg,0.55279,0.55279,0.74308,tu_choi,tu_choi,1,7463
query/P0167T04051A1/P0167T04051A1C2F8911.jpg,167040511,214040412,gallery/P0214T04041A2/P0214T04041A2C0F391.jpg,0.62944,0.62944,0.74308,tu_choi,tu_choi,1,7463
query/P0685T04071A2/P0685T04071A2C2F13891.jpg,685040712,1785040712,gallery/P1785T04071A2/P1785T04071A2C0F23881.jpg,0.69382,0.69382,0.74308,tu_choi,tu_choi,1,7463
query/P0131T04041A1/P0131T04041A1C2F7471.jpg,131040411,657040601,gallery/P0657T04060A1/P0657T04060A1C0F06901.jpg,0.68116,0.68116,0.74308,tu_choi,tu_choi,1,7463
query/P0724T04060A1/P0724T04060A1C2F11821.jpg,724040601,42040410,gallery/P0042T04041A0/P0042T04041A0C0F10981.jpg,0.71568,0.71568,0.74308,tu_choi,tu_choi,1,7463
query/P1425T04070A0/P1425T04070A0C2F26551.jpg,1425040700,588040600,gallery/P0588T04060A0/P0588T04060A0C0F09091.jpg,0.6897,0.6897,0.74308,tu_choi,tu_choi,1,7463
query/P1523T04060A2/P1523T04060A2C2F08881.jpg,1523040602,175040710,gallery/P0175T04071A0/P0175T04071A0C0F02401.jpg,0.75086,0.75086,0.74308,ban_giao,sai,1,7463
query/P0225T04041A2/P0225T04041A2C2F2971.jpg,225040412,225040412,gallery/P0225T04041A2/P0225T04041A2C0F4171.jpg,0.7661,0.68499,0.74308,ban_giao,dung,0,7463
query/P1761T04071A1/P1761T04071A1C2F24661.jpg,1761040711,215040511,gallery/P0215T04051A1/P0215T04051A1C0F13171.jpg,0.68726,0.68726,0.74308,tu_choi,tu_choi,1,7463
query/P1774T04070A0/P1774T04070A0C2F25771.jpg,1774040700,1042040600,gallery/P1042T04060A0/P1042T04060A0C0F13591.jpg,0.7668,0.7668,0.74308,ban_giao,sai,1,7463
query/P0420T04071A2/P0420T04071A2C2F05791.jpg,420040712,194040411,gallery/P0194T04041A1/P0194T04041A1C0F24901.jpg,0.74262,0.74262,0.74308,tu_choi,tu_choi,1,7463
query/P0574T04070A1/P0574T04070A1C2F09661.jpg,574040701,124040411,gallery/P0124T04041A1/P0124T04041A1C0F4741.jpg,0.73601,0.73601,0.74308,tu_choi,tu_choi,1,7463
query/P3434T04070A2/P3434T04070A2C2F21631.jpg,3434040702,1566040711,gallery/P1566T04071A1/P1566T04071A1C0F18751.jpg,0.68841,0.68841,0.74308,tu_choi,tu_choi,1,7463
query/P1173T04070A2/P1173T04070A2C2F05791.jpg,1173040702,167040411,gallery/P0167T04041A1/P0167T04041A1C0F17521.jpg,0.7035,0.7035,0.74308,tu_choi,tu_choi,1,7463
query/P1333T04060A0/P1333T04060A0C2F16981.jpg,1333040600,335040600,gallery/P0335T04060A0/P0335T04060A0C0F06871.jpg,0.6283,0.6283,0.74308,tu_choi,tu_choi,1,7463
query/P0239T04051A1/P0239T04051A1C2F28321.jpg,239040511,1785040712,gallery/P1785T04071A2/P1785T04071A2C0F24841.jpg,0.67727,0.67727,0.74308,tu_choi,tu_choi,0,7463
query/P1895T04060A1/P1895T04060A1C2F28651.jpg,1895040601,1040712,gallery/P0001T04071A2/P0001T04071A2C0F01051.jpg,0.66487,0.66487,0.74308,tu_choi,tu_choi,1,7463
query/P1796T04071A1/P1796T04071A1C2F24751.jpg,1796040711,1706040712,gallery/P1706T04071A2/P1706T04071A2C0F23251.jpg,0.66913,0.66913,0.74308,tu_choi,tu_choi,1,7463
query/P1488T04060A0/P1488T04060A0C2F20431.jpg,1488040600,1375040600,gallery/P1375T04060A0/P1375T04060A0C0F20221.jpg,0.69888,0.69888,0.74308,tu_choi,tu_choi,1,7463
query/P0973T04071A0/P0973T04071A0C2F14461.jpg,973040710,133040510,gallery/P0133T04051A0/P0133T04051A0C0F23671.jpg,0.71819,0.71819,0.74308,tu_choi,tu_choi,1,7463
query/P0771T04060A2/P0771T04060A2C2F04111.jpg,771040602,134040411,gallery/P0134T04041A1/P0134T04041A1C0F6571.jpg,0.70595,0.70595,0.74308,tu_choi,tu_choi,0,7463
query/P1615T04060A2/P1615T04060A2C2F09571.jpg,1615040602,1375040600,gallery/P1375T04060A0/P1375T04060A0C0F19711.jpg,0.69605,0.69605,0.74308,tu_choi,tu_choi,1,7463
query/P0578T04071A1/P0578T04071A1C2F05581.jpg,578040711,139040411,gallery/P0139T04041A1/P0139T04041A1C0F8551.jpg,0.69517,0.69517,0.74308,tu_choi,tu_choi,1,7463
query/P0656T04071A0/P0656T04071A0C2F12211.jpg,656040710,284040412,gallery/P0284T04041A2/P0284T04041A2C0F14761.jpg,0.75293,0.75293,0.74308,ban_giao,sai,1,7463
query/P0710T04060A1/P0710T04060A1C2F05791.jpg,710040601,657040702,gallery/P0657T04070A2/P0657T04070A2C0F03601.jpg,0.64083,0.64083,0.74308,tu_choi,tu_choi,1,7463
query/P2508T04071A0/P2508T04071A0C2F27001.jpg,2508040710,845040710,gallery/P0845T04071A0/P0845T04071A0C0F09781.jpg,0.64895,0.64895,0.74308,tu_choi,tu_choi,0,7463
query/P0810T04060A1/P0810T04060A1C2F13531.jpg,810040601,810040601,gallery/P0810T04060A1/P0810T04060A1C0F08731.jpg,0.65976,0.63984,0.74308,tu_choi,tu_choi,0,7463
query/P0134T04041A1/P0134T04041A1C2F4621.jpg,134040411,1243040602,gallery/P1243T04060A2/P1243T04060A2C0F09931.jpg,0.63328,0.63328,0.74308,tu_choi,tu_choi,1,7463
query/P1622T04071A2/P1622T04071A2C2F27211.jpg,1622040712,1622040712,gallery/P1622T04071A2/P1622T04071A2C0F21181.jpg,0.69695,0.68387,0.74308,tu_choi,tu_choi,1,7463
query/P0710T04060A1/P0710T04060A1C2F06631.jpg,710040601,710040601,gallery/P0710T04060A1/P0710T04060A1C0F07471.jpg,0.71101,0.65009,0.74308,tu_choi,tu_choi,1,7463
query/P1179T04060A0/P1179T04060A0C2F15001.jpg,1179040600,1179040600,gallery/P1179T04060A0/P1179T04060A0C0F15961.jpg,0.7302,0.70215,0.74308,tu_choi,tu_choi,0,7463
query/P0917T04071A1/P0917T04071A1C2F15331.jpg,917040711,192040411,gallery/P0192T04041A1/P0192T04041A1C0F24691.jpg,0.69126,0.69126,0.74308,tu_choi,tu_choi,0,7463
query/P0322T04051A2/P0322T04051A2C2F11581.jpg,322040512,132040510,gallery/P0132T04051A0/P0132T04051A0C0F22771.jpg,0.69736,0.69736,0.74308,tu_choi,tu_choi,1,7463
query/P0325T04070A2/P0325T04070A2C2F01411.jpg,325040702,325040702,gallery/P0325T04070A2/P0325T04070A2C0F02131.jpg,0.70698,0.67842,0.74308,tu_choi,tu_choi,1,7463
query/P0936T04060A1/P0936T04060A1C2F09421.jpg,936040601,441040700,gallery/P0441T04070A0/P0441T04070A0C0F08581.jpg,0.72624,0.72624,0.74308,tu_choi,tu_choi,0,7463
query/P2121T04070A1/P2121T04070A1C2F30031.jpg,2121040701,167040411,gallery/P0167T04041A1/P0167T04041A1C0F17521.jpg,0.72949,0.72949,0.74308,tu_choi,tu_choi,1,7463
query/P0769T04060A2/P0769T04060A2C2F04531.jpg,769040602,2414040710,gallery/P2414T04071A0/P2414T04071A0C0F21391.jpg,0.67596,0.67596,0.74308,tu_choi,tu_choi,1,7463
query/P1173T04070A2/P1173T04070A2C2F05521.jpg,1173040702,2511040710,gallery/P2511T04071A0/P2511T04071A0C0F22051.jpg,0.66243,0.66243,0.74308,tu_choi,tu_choi,1,7463
query/P0895T04060A1/P0895T04060A1C2F08851.jpg,895040601,284040412,gallery/P0284T04041A2/P0284T04041A2C0F14761.jpg,0.71555,0.71555,0.74308,tu_choi,tu_choi,0,7463
query/P0328T04041A2/P0328T04041A2C2F28771.jpg,328040412,1042040600,gallery/P1042T04060A0/P1042T04060A0C0F14491.jpg,0.66601,0.66601,0.74308,tu_choi,tu_choi,0,7463
query/P0225T04071A0/P0225T04071A0C2F01651.jpg,225040710,139040411,gallery/P0139T04041A1/P0139T04041A1C0F8791.jpg,0.75064,0.75064,0.74308,ban_giao,sai,1,7463
query/P1005T04071A0/P1005T04071A0C2F14401.jpg,1005040710,1005040710,gallery/P1005T04071A0/P1005T04071A0C0F10201.jpg,0.66124,0.63173,0.74308,tu_choi,tu_choi,1,7463
query/P0199T04041A1/P0199T04041A1C2F22081.jpg,199040411,199040411,gallery/P0199T04041A1/P0199T04041A1C0F25321.jpg,0.66273,0.65075,0.74308,tu_choi,tu_choi,1,7463
query/P2121T04070A1/P2121T04070A1C2F29641.jpg,2121040701,441040700,gallery/P0441T04070A0/P0441T04070A0C0F08641.jpg,0.68239,0.68239,0.74308,tu_choi,tu_choi,1,7463
query/P0345T04070A2/P0345T04070A2C2F01981.jpg,345040702,2043040710,gallery/P2043T04071A0/P2043T04071A0C0F17821.jpg,0.63451,0.63451,0.74308,tu_choi,tu_choi,1,7463
query/P0138T04041A1/P0138T04041A1C2F4711.jpg,138040411,138040411,gallery/P0138T04041A1/P0138T04041A1C0F7021.jpg,0.76417,0.68733,0.74308,ban_giao,dung,1,7463
query/P1173T04070A2/P1173T04070A2C2F07171.jpg,1173040702,769040602,gallery/P0769T04060A2/P0769T04060A2C0F05641.jpg,0.6399,0.6399,0.74308,tu_choi,tu_choi,1,7463
query/P1838T04071A2/P1838T04071A2C2F30661.jpg,1838040712,192040411,gallery/P0192T04041A1/P0192T04041A1C0F24691.jpg,0.72058,0.72058,0.74308,tu_choi,tu_choi,0,7463
query/P0468T04071A0/P0468T04071A0C2F05011.jpg,468040710,140040411,gallery/P0140T04041A1/P0140T04041A1C0F9061.jpg,0.66114,0.66114,0.74308,tu_choi,tu_choi,1,7463
query/P0574T04070A1/P0574T04070A1C2F09481.jpg,574040701,1895040600,gallery/P1895T04060A0/P1895T04060A0C0F24331.jpg,0.69311,0.69311,0.74308,tu_choi,tu_choi,1,7463
query/P0123T04070A0/P0123T04070A0C2F10831.jpg,123040700,389040512,gallery/P0389T04051A2/P0389T04051A2C0F13201.jpg,0.69985,0.69985,0.74308,tu_choi,tu_choi,1,7463
query/P0710T04060A1/P0710T04060A1C2F05971.jpg,710040601,710040601,gallery/P0710T04060A1/P0710T04060A1C0F08641.jpg,0.66433,0.62946,0.74308,tu_choi,tu_choi,1,7463
query/P1005T04071A0/P1005T04071A0C2F15271.jpg,1005040710,139040411,gallery/P0139T04041A1/P0139T04041A1C0F8791.jpg,0.69014,0.69014,0.74308,tu_choi,tu_choi,1,7463
query/P1179T04060A0/P1179T04060A0C2F15451.jpg,1179040600,1179040600,gallery/P1179T04060A0/P1179T04060A0C0F22171.jpg,0.77216,0.70051,0.74308,ban_giao,dung,0,7463
query/P0259T04071A2/P0259T04071A2C2F03301.jpg,259040712,1375040600,gallery/P1375T04060A0/P1375T04060A0C0F20131.jpg,0.65715,0.65715,0.74308,tu_choi,tu_choi,1,7463
query/P1652T04071A0/P1652T04071A0C2F14491.jpg,1652040710,1652040710,gallery/P1652T04071A0/P1652T04071A0C0F15391.jpg,0.66601,0.64888,0.74308,tu_choi,tu_choi,0,7463
query/P1176T04060A1/P1176T04060A1C2F12211.jpg,1176040601,1176040601,gallery/P1176T04060A1/P1176T04060A1C0F15031.jpg,0.74463,0.71118,0.74308,ban_giao,dung,0,7463
query/P0936T04060A1/P0936T04060A1C2F09481.jpg,936040601,139040411,gallery/P0139T04041A1/P0139T04041A1C0F8791.jpg,0.68118,0.68118,0.74308,tu_choi,tu_choi,0,7463
query/P1046T04070A2/P1046T04070A2C2F05551.jpg,1046040702,2511040710,gallery/P2511T04071A0/P2511T04071A0C0F21841.jpg,0.66694,0.66694,0.74308,tu_choi,tu_choi,1,7463
query/P0054T04051A0/P0054T04051A0C2F12001.jpg,54040510,54040510,gallery/P0054T04051A0/P0054T04051A0C0F9571.jpg,0.72428,0.68751,0.74308,tu_choi,tu_choi,0,7463
query/P0126T04041A1/P0126T04041A1C2F3031.jpg,126040411,215040511,gallery/P0215T04051A1/P0215T04051A1C0F13171.jpg,0.70713,0.70713,0.74308,tu_choi,tu_choi,0,7463
query/P0248T04071A1/P0248T04071A1C2F08581.jpg,248040711,441040700,gallery/P0441T04070A0/P0441T04070A0C0F08641.jpg,0.69029,0.69029,0.74308,tu_choi,tu_choi,1,7463
query/P0845T04071A0/P0845T04071A0C2F09301.jpg,845040710,10040410,gallery/P0010T04041A0/P0010T04041A0C0F151.jpg,0.60962,0.60962,0.74308,tu_choi,tu_choi,1,7463
query/P1838T04071A2/P1838T04071A2C2F30631.jpg,1838040712,192040411,gallery/P0192T04041A1/P0192T04041A1C0F24691.jpg,0.7056,0.7056,0.74308,tu_choi,tu_choi,0,7463
query/P1354T04060A2/P1354T04060A2C2F13141.jpg,1354040602,1895040600,gallery/P1895T04060A0/P1895T04060A0C0F24331.jpg,0.69814,0.69814,0.74308,tu_choi,tu_choi,1,7463
query/P2144T04070A2/P2144T04070A2C2F13591.jpg,2144040702,666040710,gallery/P0666T04071A0/P0666T04071A0C0F08941.jpg,0.6332,0.6332,0.74308,tu_choi,tu_choi,1,7463
query/P0616T04070A0/P0616T04070A0C2F10591.jpg,616040700,175040710,gallery/P0175T04071A0/P0175T04071A0C0F02401.jpg,0.74363,0.74363,0.74308,ban_giao,sai,1,7463
query/P2527T04070A2/P2527T04070A2C2F15901.jpg,2527040702,616040700,gallery/P0616T04070A0/P0616T04070A0C0F11191.jpg,0.71659,0.71659,0.74308,tu_choi,tu_choi,0,7463
query/P0345T04070A2/P0345T04070A2C2F01891.jpg,345040702,439040512,gallery/P0439T04051A2/P0439T04051A2C0F17071.jpg,0.6761,0.6761,0.74308,tu_choi,tu_choi,1,7463
query/P0685T04071A2/P0685T04071A2C2F14041.jpg,685040712,192040411,gallery/P0192T04041A1/P0192T04041A1C0F24781.jpg,0.66258,0.66258,0.74308,tu_choi,tu_choi,1,7463
query/P0847T04071A0/P0847T04071A0C2F14161.jpg,847040710,586040712,gallery/P0586T04071A2/P0586T04071A2C0F08491.jpg,0.72783,0.72783,0.74308,tu_choi,tu_choi,1,7463
query/P0316T04041A2/P0316T04041A2C2F25591.jpg,316040412,441040700,gallery/P0441T04070A0/P0441T04070A0C0F08641.jpg,0.70397,0.70397,0.74308,tu_choi,tu_choi,0,7463
query/P0265T04071A1/P0265T04071A1C2F07891.jpg,265040711,265040711,gallery/P0265T04071A1/P0265T04071A1C0F03241.jpg,0.74022,0.68585,0.74308,tu_choi,tu_choi,1,7463
query/P1589T04071A1/P1589T04071A1C2F23851.jpg,1589040711,313040412,gallery/P0313T04041A2/P0313T04041A2C0F19021.jpg,0.76088,0.76088,0.74308,ban_giao,sai,1,7463
query/P0578T04071A1/P0578T04071A1C2F06091.jpg,578040711,125040411,gallery/P0125T04041A1/P0125T04041A1C0F4441.jpg,0.73778,0.73778,0.74308,tu_choi,tu_choi,1,7463
query/P1066T04071A2/P1066T04071A2C2F14731.jpg,1066040712,184040701,gallery/P0184T04070A1/P0184T04070A1C0F03181.jpg,0.70036,0.70036,0.74308,tu_choi,tu_choi,1,7463
query/P0845T04071A0/P0845T04071A0C2F09061.jpg,845040710,441040700,gallery/P0441T04070A0/P0441T04070A0C0F08641.jpg,0.70088,0.70088,0.74308,tu_choi,tu_choi,1,7463
query/P0468T04071A0/P0468T04071A0C2F05041.jpg,468040710,468040710,gallery/P0468T04071A0/P0468T04071A0C0F06181.jpg,0.67056,0.6582,0.74308,tu_choi,tu_choi,1,7463
query/P0231T04041A2/P0231T04041A2C2F5521.jpg,231040412,231040412,gallery/P0231T04041A2/P0231T04041A2C0F6061.jpg,0.66379,0.63762,0.74308,tu_choi,tu_choi,1,7463
query/P0761T04070A0/P0761T04070A0C2F10321.jpg,761040700,1375040600,gallery/P1375T04060A0/P1375T04060A0C0F19741.jpg,0.71589,0.71589,0.74308,tu_choi,tu_choi,1,7463
query/P0259T04071A2/P0259T04071A2C2F03151.jpg,259040712,1375040600,gallery/P1375T04060A0/P1375T04060A0C0F20131.jpg,0.68485,0.68485,0.74308,tu_choi,tu_choi,1,7463
query/P2003T04060A0/P2003T04060A0C2F26311.jpg,2003040600,225040412,gallery/P0225T04041A2/P0225T04041A2C0F3541.jpg,0.77852,0.77852,0.74308,ban_giao,sai,1,7463
query/P2121T04070A1/P2121T04070A1C2F28651.jpg,2121040701,1040712,gallery/P0001T04071A2/P0001T04071A2C0F01051.jpg,0.64606,0.64606,0.74308,tu_choi,tu_choi,1,7463
query/P0184T04071A2/P0184T04071A2C2F08551.jpg,184040712,652040710,gallery/P0652T04071A0/P0652T04071A0C0F07891.jpg,0.63848,0.63848,0.74308,tu_choi,tu_choi,1,7463
query/P1425T04070A0/P1425T04070A0C2F26791.jpg,1425040700,588040600,gallery/P0588T04060A0/P0588T04060A0C0F09481.jpg,0.68769,0.68769,0.74308,tu_choi,tu_choi,1,7463
query/P1622T04071A2/P1622T04071A2C2F27271.jpg,1622040712,1375040600,gallery/P1375T04060A0/P1375T04060A0C0F19651.jpg,0.69882,0.69882,0.74308,tu_choi,tu_choi,1,7463
query/P0977T04060A1/P0977T04060A1C2F10651.jpg,977040601,810040601,gallery/P0810T04060A1/P0810T04060A1C0F08191.jpg,0.67317,0.67317,0.74308,tu_choi,tu_choi,1,7463
query/P1292T04060A1/P1292T04060A1C2F19051.jpg,1292040601,1292040601,gallery/P1292T04060A1/P1292T04060A1C0F15121.jpg,0.73563,0.69068,0.74308,tu_choi,tu_choi,1,7463
query/P1292T04060A1/P1292T04060A1C2F19381.jpg,1292040601,1179040600,gallery/P1179T04060A0/P1179T04060A0C0F15961.jpg,0.71852,0.71852,0.74308,tu_choi,tu_choi,1,7463
query/P0886T04070A2/P0886T04070A2C2F04891.jpg,886040702,783040711,gallery/P0783T04071A1/P0783T04071A1C0F09781.jpg,0.66782,0.66782,0.74308,tu_choi,tu_choi,1,7463
query/P0001T04071A2/P0001T04071A2C2F05401.jpg,1040712,140040411,gallery/P0140T04041A1/P0140T04041A1C0F9061.jpg,0.64656,0.64656,0.74308,tu_choi,tu_choi,1,7463
query/P2210T04060A1/P2210T04060A1C2F24421.jpg,2210040601,588040600,gallery/P0588T04060A0/P0588T04060A0C0F09661.jpg,0.7186,0.7186,0.74308,tu_choi,tu_choi,1,7463
query/P0657T04070A2/P0657T04070A2C2F08371.jpg,657040702,657040702,gallery/P0657T04070A2/P0657T04070A2C0F04951.jpg,0.64087,0.61576,0.74308,tu_choi,tu_choi,1,7463
query/P0153T04070A1/P0153T04070A1C2F01081.jpg,153040701,140040411,gallery/P0140T04041A1/P0140T04041A1C0F8521.jpg,0.67221,0.67221,0.74308,tu_choi,tu_choi,1,7463
query/P0152T04041A1/P0152T04041A1C2F15931.jpg,152040411,1404040601,gallery/P1404T04060A1/P1404T04060A1C0F16141.jpg,0.68283,0.68283,0.74308,tu_choi,tu_choi,1,7463
query/P0325T04070A2/P0325T04070A2C2F01681.jpg,325040702,185040411,gallery/P0185T04041A1/P0185T04041A1C0F21361.jpg,0.6508,0.6508,0.74308,tu_choi,tu_choi,1,7463
query/P0125T04041A1/P0125T04041A1C2F2371.jpg,125040411,606040710,gallery/P0606T04071A0/P0606T04071A0C0F08101.jpg,0.70473,0.70473,0.74308,tu_choi,tu_choi,1,7463
query/P0419T04071A2/P0419T04071A2C2F05791.jpg,419040712,1785040712,gallery/P1785T04071A2/P1785T04071A2C0F24541.jpg,0.67349,0.67349,0.74308,tu_choi,tu_choi,0,7463
query/P0140T04041A1/P0140T04041A1C2F11311.jpg,140040411,2003040600,gallery/P2003T04060A0/P2003T04060A0C0F26821.jpg,0.66025,0.66025,0.74308,tu_choi,tu_choi,1,7463
query/P0325T04070A2/P0325T04070A2C2F01351.jpg,325040702,325040702,gallery/P0325T04070A2/P0325T04070A2C0F02131.jpg,0.71877,0.6379,0.74308,tu_choi,tu_choi,1,7463
query/P1292T04060A1/P1292T04060A1C2F19411.jpg,1292040601,1179040600,gallery/P1179T04060A0/P1179T04060A0C0F15961.jpg,0.7067,0.7067,0.74308,tu_choi,tu_choi,1,7463
query/P1836T04071A0/P1836T04071A0C2F22141.jpg,1836040710,1042040600,gallery/P1042T04060A0/P1042T04060A0C0F13711.jpg,0.68359,0.68359,0.74308,tu_choi,tu_choi,1,7463
query/P1774T04070A0/P1774T04070A0C2F26101.jpg,1774040700,125040411,gallery/P0125T04041A1/P0125T04041A1C0F4441.jpg,0.71166,0.71166,0.74308,tu_choi,tu_choi,1,7463
query/P1488T04060A0/P1488T04060A0C2F19891.jpg,1488040600,1375040600,gallery/P1375T04060A0/P1375T04060A0C0F19651.jpg,0.70832,0.70832,0.74308,tu_choi,tu_choi,1,7463
query/P1724T04070A1/P1724T04070A1C2F27211.jpg,1724040701,652040710,gallery/P0652T04071A0/P0652T04071A0C0F07981.jpg,0.64177,0.64177,0.74308,tu_choi,tu_choi,1,7463
query/P0416T04070A1/P0416T04070A1C2F03181.jpg,416040701,167040511,gallery/P0167T04051A1/P0167T04051A1C0F2701.jpg,0.67771,0.67771,0.74308,tu_choi,tu_choi,1,7463
query/P0270T04041A2/P0270T04041A2C2F16261.jpg,270040412,270040412,gallery/P0270T04041A2/P0270T04041A2C0F12841.jpg,0.73953,0.71656,0.74308,tu_choi,tu_choi,1,7463
query/P0189T04070A1/P0189T04070A1C2F01741.jpg,189040701,189040701,gallery/P0189T04070A1/P0189T04070A1C0F02011.jpg,0.72413,0.66551,0.74308,tu_choi,tu_choi,1,7463
query/P0771T04060A2/P0771T04060A2C2F04411.jpg,771040602,441040700,gallery/P0441T04070A0/P0441T04070A0C0F08641.jpg,0.72217,0.72217,0.74308,tu_choi,tu_choi,0,7463
query/P0362T04070A2/P0362T04070A2C2F02281.jpg,362040702,200040511,gallery/P0200T04051A1/P0200T04051A1C0F11371.jpg,0.65065,0.65065,0.74308,tu_choi,tu_choi,0,7463
query/P2375T04071A0/P2375T04071A0C2F25081.jpg,2375040710,2511040710,gallery/P2511T04071A0/P2511T04071A0C0F21931.jpg,0.69022,0.69022,0.74308,tu_choi,tu_choi,0,7463
query/P2375T04071A0/P2375T04071A0C2F25651.jpg,2375040710,276040412,gallery/P0276T04041A2/P0276T04041A2C0F14671.jpg,0.66566,0.66566,0.74308,tu_choi,tu_choi,0,7463
query/P0917T04071A1/P0917T04071A1C2F15601.jpg,917040711,186040411,gallery/P0186T04041A1/P0186T04041A1C0F21361.jpg,0.70034,0.70034,0.74308,tu_choi,tu_choi,0,7463
query/P0578T04071A1/P0578T04071A1C2F06481.jpg,578040711,847040710,gallery/P0847T04071A0/P0847T04071A0C0F09241.jpg,0.72759,0.72759,0.74308,tu_choi,tu_choi,1,7463
query/P0166T04041A1/P0166T04041A1C2F16261.jpg,166040411,166040411,gallery/P0166T04041A1/P0166T04041A1C0F17281.jpg,0.6673,0.64937,0.74308,tu_choi,tu_choi,1,7463
query/P1333T04060A0/P1333T04060A0C2F16831.jpg,1333040600,1333040600,gallery/P1333T04060A0/P1333T04060A0C0F18001.jpg,0.67465,0.64279,0.74308,tu_choi,tu_choi,1,7463
query/P0657T04070A2/P0657T04070A2C2F09691.jpg,657040702,1173040702,gallery/P1173T04070A2/P1173T04070A2C0F07861.jpg,0.70307,0.70307,0.74308,tu_choi,tu_choi,1,7463
query/P3935T04060A2/P3935T04060A2C2F29851.jpg,3935040602,508040512,gallery/P0508T04051A2/P0508T04051A2C0F23431.jpg,0.71262,0.71262,0.74308,tu_choi,tu_choi,1,7463
query/P1895T04060A0/P1895T04060A0C2F24241.jpg,1895040600,588040600,gallery/P0588T04060A0/P0588T04060A0C0F10411.jpg,0.76072,0.76072,0.74308,ban_giao,sai,1,7463
query/P0430T04070A1/P0430T04070A1C2F10021.jpg,430040701,1652040710,gallery/P1652T04071A0/P1652T04071A0C0F15391.jpg,0.6672,0.6672,0.74308,tu_choi,tu_choi,1,7463
query/P1851T04060A1/P1851T04060A1C2F05221.jpg,1851040601,1851040601,gallery/P1851T04060A1/P1851T04060A1C0F21781.jpg,0.70488,0.61592,0.74308,tu_choi,tu_choi,1,7463
query/P0695T04071A1/P0695T04071A1C2F13171.jpg,695040711,8040410,gallery/P0008T04041A0/P0008T04041A0C0F1621.jpg,0.70187,0.70187,0.74308,tu_choi,tu_choi,0,7463
query/P2043T04071A0/P2043T04071A0C2F18151.jpg,2043040710,248040412,gallery/P0248T04041A2/P0248T04041A2C0F8701.jpg,0.61503,0.61503,0.74308,tu_choi,tu_choi,1,7463
query/P1173T04070A2/P1173T04070A2C2F05431.jpg,1173040702,124040411,gallery/P0124T04041A1/P0124T04041A1C0F3721.jpg,0.72575,0.72575,0.74308,tu_choi,tu_choi,1,7463
query/P3727T04060A2/P3727T04060A2C2F22051.jpg,3727040602,3727040602,gallery/P3727T04060A2/P3727T04060A2C0F25081.jpg,0.82244,0.71798,0.74308,ban_giao,dung,0,7463
query/P1375T04060A0/P1375T04060A0C2F18451.jpg,1375040600,1375040600,gallery/P1375T04060A0/P1375T04060A0C0F20131.jpg,0.66132,0.63997,0.74308,tu_choi,tu_choi,1,7463
query/P0119T04070A0/P0119T04070A0C2F09481.jpg,119040700,1375040600,gallery/P1375T04060A0/P1375T04060A0C0F19591.jpg,0.70237,0.70237,0.74308,tu_choi,tu_choi,1,7463
query/P0656T04071A0/P0656T04071A0C2F12151.jpg,656040710,125040411,gallery/P0125T04041A1/P0125T04041A1C0F4411.jpg,0.73617,0.73617,0.74308,tu_choi,tu_choi,1,7463
query/P0616T04070A0/P0616T04070A0C2F10861.jpg,616040700,1371040600,gallery/P1371T04060A0/P1371T04060A0C0F18721.jpg,0.69858,0.69858,0.74308,tu_choi,tu_choi,1,7463
query/P0261T04041A2/P0261T04041A2C2F9961.jpg,261040412,213040600,gallery/P0213T04060A0/P0213T04060A0C0F04021.jpg,0.67425,0.67425,0.74308,tu_choi,tu_choi,0,7463
query/P1404T04060A1/P1404T04060A1C2F22051.jpg,1404040601,441040700,gallery/P0441T04070A0/P0441T04070A0C0F08611.jpg,0.687,0.687,0.74308,tu_choi,tu_choi,0,7463
query/P0395T04060A0/P0395T04060A0C2F00451.jpg,395040600,1895040600,gallery/P1895T04060A0/P1895T04060A0C0F24331.jpg,0.71644,0.71644,0.74308,tu_choi,tu_choi,1,7463
query/P0368T04071A2/P0368T04071A2C2F04291.jpg,368040712,199040411,gallery/P0199T04041A1/P0199T04041A1C0F26281.jpg,0.68148,0.68148,0.74308,tu_choi,tu_choi,1,7463
query/P3727T04060A2/P3727T04060A2C2F22351.jpg,3727040602,3727040602,gallery/P3727T04060A2/P3727T04060A2C0F24031.jpg,0.77249,0.71323,0.74308,ban_giao,dung,0,7463
query/P0209T04071A0/P0209T04071A0C2F01051.jpg,209040710,186040411,gallery/P0186T04041A1/P0186T04041A1C0F21361.jpg,0.65027,0.65027,0.74308,tu_choi,tu_choi,1,7463
query/P3433T04060A2/P3433T04060A2C2F20791.jpg,3433040602,1211040711,gallery/P1211T04071A1/P1211T04071A1C0F13501.jpg,0.72971,0.72971,0.74308,tu_choi,tu_choi,1,7463
query/P0657T04060A1/P0657T04060A1C2F05281.jpg,657040601,1040712,gallery/P0001T04071A2/P0001T04071A2C0F00931.jpg,0.7252,0.7252,0.74308,tu_choi,tu_choi,0,7463
query/P0190T04041A1/P0190T04041A1C2F26341.jpg,190040411,190040411,gallery/P0190T04041A1/P0190T04041A1C0F24601.jpg,0.69803,0.66419,0.74308,tu_choi,tu_choi,1,7463
query/P2003T04060A0/P2003T04060A0C2F26341.jpg,2003040600,2003040600,gallery/P2003T04060A0/P2003T04060A0C0F26461.jpg,0.74833,0.72046,0.74308,ban_giao,dung,1,7463
query/P0317T04041A2/P0317T04041A2C2F21121.jpg,317040412,973040710,gallery/P0973T04071A0/P0973T04071A0C0F10111.jpg,0.70135,0.70135,0.74308,tu_choi,tu_choi,1,7463
query/P0200T04051A1/P0200T04051A1C2F16951.jpg,200040511,465040512,gallery/P0465T04051A2/P0465T04051A2C0F18331.jpg,0.66258,0.66258,0.74308,tu_choi,tu_choi,0,7463
query/P0692T04060A1/P0692T04060A1C2F06421.jpg,692040601,1042040600,gallery/P1042T04060A0/P1042T04060A0C0F13861.jpg,0.70966,0.70966,0.74308,tu_choi,tu_choi,1,7463
query/P1805T04070A0/P1805T04070A0C2F30481.jpg,1805040700,1176040601,gallery/P1176T04060A1/P1176T04060A1C0F15121.jpg,0.67663,0.67663,0.74308,tu_choi,tu_choi,0,7463
query/P0123T04070A0/P0123T04070A0C2F10411.jpg,123040700,123040700,gallery/P0123T04070A0/P0123T04070A0C0F05251.jpg,0.77163,0.72438,0.74308,ban_giao,dung,1,7463
query/P0268T04041A2/P0268T04041A2C2F12361.jpg,268040412,588040600,gallery/P0588T04060A0/P0588T04060A0C0F09961.jpg,0.77867,0.77867,0.74308,ban_giao,sai,1,7463
query/P1836T04071A0/P1836T04071A0C2F21811.jpg,1836040710,847040710,gallery/P0847T04071A0/P0847T04071A0C0F09811.jpg,0.70622,0.70622,0.74308,tu_choi,tu_choi,1,7463
query/P0325T04070A2/P0325T04070A2C2F01831.jpg,325040702,325040702,gallery/P0325T04070A2/P0325T04070A2C0F02131.jpg,0.65246,0.64549,0.74308,tu_choi,tu_choi,1,7463
query/P0335T04060A0/P0335T04060A0C2F06001.jpg,335040600,1404040601,gallery/P1404T04060A1/P1404T04060A1C0F16471.jpg,0.7029,0.7029,0.74308,tu_choi,tu_choi,1,7463
query/P0959T04060A1/P0959T04060A1C2F11071.jpg,959040601,335040512,gallery/P0335T04051A2/P0335T04051A2C0F8191.jpg,0.70599,0.70599,0.74308,tu_choi,tu_choi,1,7463
query/P0130T04060A0/P0130T04060A0C2F07501.jpg,130040600,431040512,gallery/P0431T04051A2/P0431T04051A2C0F15961.jpg,0.73988,0.73988,0.74308,tu_choi,tu_choi,1,7463
query/P0258T04041A2/P0258T04041A2C2F9691.jpg,258040412,258040412,gallery/P0258T04041A2/P0258T04041A2C0F10111.jpg,0.7209,0.6787,0.74308,tu_choi,tu_choi,0,7463
query/P0033T04051A0/P0033T04051A0C2F3001.jpg,33040510,124040411,gallery/P0124T04041A1/P0124T04041A1C0F3871.jpg,0.73073,0.73073,0.74308,tu_choi,tu_choi,0,7463
query/P1774T04070A0/P1774T04070A0C2F25981.jpg,1774040700,191040511,gallery/P0191T04051A1/P0191T04051A1C0F9811.jpg,0.70626,0.70626,0.74308,tu_choi,tu_choi,1,7463
query/P1615T04060A2/P1615T04060A2C2F10171.jpg,1615040602,588040600,gallery/P0588T04060A0/P0588T04060A0C0F09091.jpg,0.68695,0.68695,0.74308,tu_choi,tu_choi,1,7463
query/P1375T04060A0/P1375T04060A0C2F18511.jpg,1375040600,119040510,gallery/P0119T04051A0/P0119T04051A0C0F19291.jpg,0.69959,0.69959,0.74308,tu_choi,tu_choi,1,7463
query/P2290T04060A2/P2290T04060A2C2F18841.jpg,2290040602,586040712,gallery/P0586T04071A2/P0586T04071A2C0F08161.jpg,0.73528,0.73528,0.74308,tu_choi,tu_choi,1,7463
query/P1550T04060A0/P1550T04060A0C2F21301.jpg,1550040600,1550040600,gallery/P1550T04060A0/P1550T04060A0C0F22081.jpg,0.70214,0.69159,0.74308,tu_choi,tu_choi,1,7463
query/P0265T04071A1/P0265T04071A1C2F07561.jpg,265040711,265040711,gallery/P0265T04071A1/P0265T04071A1C0F02971.jpg,0.69462,0.67915,0.74308,tu_choi,tu_choi,1,7463
query/P1846T04070A0/P1846T04070A0C2F26611.jpg,1846040700,284040412,gallery/P0284T04041A2/P0284T04041A2C0F14761.jpg,0.76324,0.76324,0.74308,ban_giao,sai,1,7463
query/P0594T04060A1/P0594T04060A1C2F11341.jpg,594040601,284040412,gallery/P0284T04041A2/P0284T04041A2C0F14761.jpg,0.705,0.705,0.74308,tu_choi,tu_choi,0,7463
query/P0430T04070A1/P0430T04070A1C2F10561.jpg,430040701,594040710,gallery/P0594T04071A0/P0594T04071A0C0F07741.jpg,0.73401,0.73401,0.74308,tu_choi,tu_choi,1,7463
query/P3434T04070A2/P3434T04070A2C2F21181.jpg,3434040702,1566040711,gallery/P1566T04071A1/P1566T04071A1C0F18751.jpg,0.70206,0.70206,0.74308,tu_choi,tu_choi,1,7463
query/P0335T04060A0/P0335T04060A0C2F06361.jpg,335040600,905040600,gallery/P0905T04060A0/P0905T04060A0C0F11641.jpg,0.65419,0.65419,0.74308,tu_choi,tu_choi,1,7463
query/P1559T04071A2/P1559T04071A2C2F24751.jpg,1559040712,1559040712,gallery/P1559T04071A2/P1559T04071A2C0F20611.jpg,0.70223,0.69829,0.74308,tu_choi,tu_choi,1,7463
query/P0325T04070A2/P0325T04070A2C2F01501.jpg,325040702,1040712,gallery/P0001T04071A2/P0001T04071A2C0F01081.jpg,0.64488,0.64488,0.74308,tu_choi,tu_choi,1,7463
query/P0127T04071A2/P0127T04071A2C2F01021.jpg,127040712,248040711,gallery/P0248T04071A1/P0248T04071A1C0F02791.jpg,0.72764,0.72764,0.74308,tu_choi,tu_choi,0,7463
query/P0303T04070A1/P0303T04070A1C2F02431.jpg,303040701,574040701,gallery/P0574T04070A1/P0574T04070A1C0F05251.jpg,0.6714,0.6714,0.74308,tu_choi,tu_choi,1,7463
query/P1180T04060A0/P1180T04060A0C2F15091.jpg,1180040600,248040711,gallery/P0248T04071A1/P0248T04071A1C0F02791.jpg,0.70928,0.70928,0.74308,tu_choi,tu_choi,0,7463
query/P0248T04071A1/P0248T04071A1C2F08971.jpg,248040711,1589040711,gallery/P1589T04071A1/P1589T04071A1C0F18151.jpg,0.70805,0.70805,0.74308,tu_choi,tu_choi,1,7463
query/P1498T04071A1/P1498T04071A1C2F22021.jpg,1498040711,1652040710,gallery/P1652T04071A0/P1652T04071A0C0F15391.jpg,0.69724,0.69724,0.74308,tu_choi,tu_choi,0,7463
query/P1179T04060A0/P1179T04060A0C2F15691.jpg,1179040600,1179040600,gallery/P1179T04060A0/P1179T04060A0C0F22141.jpg,0.85704,0.65253,0.74308,ban_giao,dung,0,7463
query/P0001T04071A2/P0001T04071A2C2F05101.jpg,1040712,1040712,gallery/P0001T04071A2/P0001T04071A2C0F01081.jpg,0.6786,0.67605,0.74308,tu_choi,tu_choi,1,7463
query/P1066T04071A2/P1066T04071A2C2F14761.jpg,1066040712,1031040700,gallery/P1031T04070A0/P1031T04070A0C0F17191.jpg,0.7089,0.7089,0.74308,tu_choi,tu_choi,1,7463
query/P0768T04071A2/P0768T04071A2C2F10021.jpg,768040712,139040411,gallery/P0139T04041A1/P0139T04041A1C0F8791.jpg,0.67386,0.67386,0.74308,tu_choi,tu_choi,1,7463
query/P2107T04060A2/P2107T04060A2C2F12631.jpg,2107040602,1375040600,gallery/P1375T04060A0/P1375T04060A0C0F19531.jpg,0.73407,0.73407,0.74308,tu_choi,tu_choi,1,7463
query/P0706T04070A2/P0706T04070A2C2F04381.jpg,706040702,1566040711,gallery/P1566T04071A1/P1566T04071A1C0F18751.jpg,0.7089,0.7089,0.74308,tu_choi,tu_choi,1,7463
query/P0586T04071A2/P0586T04071A2C2F13621.jpg,586040712,586040712,gallery/P0586T04071A2/P0586T04071A2C0F08161.jpg,0.69702,0.66725,0.74308,tu_choi,tu_choi,1,7463
query/P2265T04060A1/P2265T04060A1C2F25291.jpg,2265040601,431040512,gallery/P0431T04051A2/P0431T04051A2C0F15961.jpg,0.64177,0.64177,0.74308,tu_choi,tu_choi,1,7463
query/P1566T04071A1/P1566T04071A1C2F23491.jpg,1566040711,414040512,gallery/P0414T04051A2/P0414T04051A2C0F13771.jpg,0.66852,0.66852,0.74308,tu_choi,tu_choi,0,7463
query/P0225T04071A0/P0225T04071A0C2F02011.jpg,225040710,173040411,gallery/P0173T04041A1/P0173T04041A1C0F19621.jpg,0.71459,0.71459,0.74308,tu_choi,tu_choi,1,7463
query/P0175T04071A0/P0175T04071A0C2F07171.jpg,175040710,133040510,gallery/P0133T04051A0/P0133T04051A0C0F23371.jpg,0.73591,0.73591,0.74308,tu_choi,tu_choi,0,7463
query/P1354T04060A2/P1354T04060A2C2F13081.jpg,1354040602,175040710,gallery/P0175T04071A0/P0175T04071A0C0F02401.jpg,0.67792,0.67792,0.74308,tu_choi,tu_choi,1,7463
query/P0783T04071A1/P0783T04071A1C2F13981.jpg,783040711,783040711,gallery/P0783T04071A1/P0783T04071A1C0F09961.jpg,0.76511,0.69894,0.74308,ban_giao,dung,1,7463
query/P0657T04070A2/P0657T04070A2C2F09571.jpg,657040702,1173040702,gallery/P1173T04070A2/P1173T04070A2C0F07861.jpg,0.64692,0.64692,0.74308,tu_choi,tu_choi,1,7463
query/P2508T04071A0/P2508T04071A0C2F26581.jpg,2508040710,2508040710,gallery/P2508T04071A0/P2508T04071A0C0F22021.jpg,0.60329,0.59827,0.74308,tu_choi,tu_choi,0,7463
query/P0657T04060A1/P0657T04060A1C2F05671.jpg,657040601,1040712,gallery/P0001T04071A2/P0001T04071A2C0F00931.jpg,0.71159,0.71159,0.74308,tu_choi,tu_choi,0,7463
query/P0623T04071A0/P0623T04071A0C2F12571.jpg,623040710,239040511,gallery/P0239T04051A1/P0239T04051A1C0F21391.jpg,0.65254,0.65254,0.74308,tu_choi,tu_choi,1,7463
query/P2527T04070A2/P2527T04070A2C2F15121.jpg,2527040702,1652040710,gallery/P1652T04071A0/P1652T04071A0C0F15391.jpg,0.71509,0.71509,0.74308,tu_choi,tu_choi,0,7463
query/P0474T04060A2/P0474T04060A2C2F07921.jpg,474040602,335040512,gallery/P0335T04051A2/P0335T04051A2C0F6571.jpg,0.65928,0.65928,0.74308,tu_choi,tu_choi,1,7463
query/P1333T04060A0/P1333T04060A0C2F17431.jpg,1333040600,1333040600,gallery/P1333T04060A0/P1333T04060A0C0F18001.jpg,0.65896,0.58508,0.74308,tu_choi,tu_choi,1,7463
query/P0905T04060A0/P0905T04060A0C2F11461.jpg,905040600,905040600,gallery/P0905T04060A0/P0905T04060A0C0F11641.jpg,0.68959,0.59418,0.74308,tu_choi,tu_choi,1,7463
query/P1425T04070A0/P1425T04070A0C2F27061.jpg,1425040700,191040511,gallery/P0191T04051A1/P0191T04051A1C0F9991.jpg,0.70599,0.70599,0.74308,tu_choi,tu_choi,1,7463
query/P0150T04071A1/P0150T04071A1C2F01021.jpg,150040711,8040410,gallery/P0008T04041A0/P0008T04041A0C0F1351.jpg,0.71628,0.71628,0.74308,tu_choi,tu_choi,0,7463
query/P1162T04071A1/P1162T04071A1C2F12781.jpg,1162040711,847040710,gallery/P0847T04071A0/P0847T04071A0C0F10051.jpg,0.64183,0.64183,0.74308,tu_choi,tu_choi,0,7463
query/P1615T04060A2/P1615T04060A2C2F10261.jpg,1615040602,588040600,gallery/P0588T04060A0/P0588T04060A0C0F09091.jpg,0.69953,0.69953,0.74308,tu_choi,tu_choi,1,7463
query/P1243T04060A2/P1243T04060A2C2F13381.jpg,1243040602,1566040711,gallery/P1566T04071A1/P1566T04071A1C0F18901.jpg,0.63528,0.63528,0.74308,tu_choi,tu_choi,0,7463
query/P0518T04071A1/P0518T04071A1C2F05701.jpg,518040711,1589040711,gallery/P1589T04071A1/P1589T04071A1C0F18121.jpg,0.67845,0.67845,0.74308,tu_choi,tu_choi,1,7463
query/P0771T04060A2/P0771T04060A2C2F04771.jpg,771040602,441040700,gallery/P0441T04070A0/P0441T04070A0C0F08461.jpg,0.64509,0.64509,0.74308,tu_choi,tu_choi,0,7463
query/P1589T04071A1/P1589T04071A1C2F24301.jpg,1589040711,441040700,gallery/P0441T04070A0/P0441T04070A0C0F08611.jpg,0.70634,0.70634,0.74308,tu_choi,tu_choi,1,7463
query/P1559T04071A2/P1559T04071A2C2F25441.jpg,1559040712,594040710,gallery/P0594T04071A0/P0594T04071A0C0F07741.jpg,0.69198,0.69198,0.74308,tu_choi,tu_choi,1,7463
query/P1595T04070A2/P1595T04070A2C2F10831.jpg,1595040702,1895040600,gallery/P1895T04060A0/P1895T04060A0C0F25321.jpg,0.70153,0.70153,0.74308,tu_choi,tu_choi,1,7463
query/P0191T04071A0/P0191T04071A0C2F01831.jpg,191040710,173040411,gallery/P0173T04041A1/P0173T04041A1C0F19711.jpg,0.62713,0.62713,0.74308,tu_choi,tu_choi,1,7463
query/P0944T04070A0/P0944T04070A0C2F19111.jpg,944040700,944040700,gallery/P0944T04070A0/P0944T04070A0C0F15751.jpg,0.64502,0.63403,0.74308,tu_choi,tu_choi,1,7463
query/P2144T04070A2/P2144T04070A2C2F13051.jpg,2144040702,441040700,gallery/P0441T04070A0/P0441T04070A0C0F08641.jpg,0.68439,0.68439,0.74308,tu_choi,tu_choi,1,7463
query/P0345T04070A0/P0345T04070A0C2F10861.jpg,345040700,284040412,gallery/P0284T04041A2/P0284T04041A2C0F14761.jpg,0.74282,0.74282,0.74308,tu_choi,tu_choi,1,7463
query/P0213T04060A0/P0213T04060A0C2F17851.jpg,213040600,1589040711,gallery/P1589T04071A1/P1589T04071A1C0F18751.jpg,0.67002,0.67002,0.74308,tu_choi,tu_choi,1,7463
query/P1360T04060A1/P1360T04060A1C2F08161.jpg,1360040601,133040510,gallery/P0133T04051A0/P0133T04051A0C0F23371.jpg,0.75218,0.75218,0.74308,ban_giao,sai,1,7463
query/P3433T04060A2/P3433T04060A2C2F20131.jpg,3433040602,588040600,gallery/P0588T04060A0/P0588T04060A0C0F10381.jpg,0.6938,0.6938,0.74308,tu_choi,tu_choi,1,7463
query/P1015T04071A1/P1015T04071A1C2F16201.jpg,1015040711,518040711,gallery/P0518T04071A1/P0518T04071A1C0F06091.jpg,0.67085,0.67085,0.74308,tu_choi,tu_choi,0,7463
query/P0606T04071A0/P0606T04071A0C2F07531.jpg,606040710,124040411,gallery/P0124T04041A1/P0124T04041A1C0F3721.jpg,0.7237,0.7237,0.74308,tu_choi,tu_choi,1,7463
query/P2144T04070A2/P2144T04070A2C2F13111.jpg,2144040702,248040711,gallery/P0248T04071A1/P0248T04071A1C0F02881.jpg,0.65482,0.65482,0.74308,tu_choi,tu_choi,1,7463
query/P0184T04071A2/P0184T04071A2C2F08041.jpg,184040712,761040700,gallery/P0761T04070A0/P0761T04070A0C0F13021.jpg,0.61896,0.61896,0.74308,tu_choi,tu_choi,1,7463
query/P0768T04071A2/P0768T04071A2C2F10561.jpg,768040712,395040600,gallery/P0395T04060A0/P0395T04060A0C0F06781.jpg,0.63968,0.63968,0.74308,tu_choi,tu_choi,1,7463
query/P0001T04071A2/P0001T04071A2C2F05371.jpg,1040712,140040411,gallery/P0140T04041A1/P0140T04041A1C0F9061.jpg,0.66898,0.66898,0.74308,tu_choi,tu_choi,1,7463
query/P0389T04051A2/P0389T04051A2C2F17251.jpg,389040512,588040600,gallery/P0588T04060A0/P0588T04060A0C0F10381.jpg,0.68565,0.68565,0.74308,tu_choi,tu_choi,0,7463
query/P0994T04071A1/P0994T04071A1C2F17431.jpg,994040711,175040710,gallery/P0175T04071A0/P0175T04071A0C0F02401.jpg,0.71099,0.71099,0.74308,tu_choi,tu_choi,0,7463
query/P2067T04071A1/P2067T04071A1C2F23941.jpg,2067040711,439040512,gallery/P0439T04051A2/P0439T04051A2C0F17371.jpg,0.68337,0.68337,0.74308,tu_choi,tu_choi,1,7463
query/P4169T04060A2/P4169T04060A2C2F30721.jpg,4169040602,345040702,gallery/P0345T04070A2/P0345T04070A2C0F02431.jpg,0.63934,0.63934,0.74308,tu_choi,tu_choi,1,7463
query/P1724T04070A1/P1724T04070A1C2F26731.jpg,1724040701,1724040701,gallery/P1724T04070A1/P1724T04070A1C0F20191.jpg,0.66125,0.66026,0.74308,tu_choi,tu_choi,1,7463
query/P1015T04071A1/P1015T04071A1C2F16441.jpg,1015040711,140040411,gallery/P0140T04041A1/P0140T04041A1C0F9031.jpg,0.65303,0.65303,0.74308,tu_choi,tu_choi,0,7463
query/P1488T04060A0/P1488T04060A0C2F20701.jpg,1488040600,1375040600,gallery/P1375T04060A0/P1375T04060A0C0F20191.jpg,0.72768,0.72768,0.74308,tu_choi,tu_choi,1,7463
query/P1556T04071A1/P1556T04071A1C2F22051.jpg,1556040711,1556040711,gallery/P1556T04071A1/P1556T04071A1C0F18301.jpg,0.68787,0.6807,0.74308,tu_choi,tu_choi,1,7463
query/P0685T04071A2/P0685T04071A2C2F14251.jpg,685040712,192040411,gallery/P0192T04041A1/P0192T04041A1C0F24811.jpg,0.67037,0.67037,0.74308,tu_choi,tu_choi,1,7463
query/P2512T04071A0/P2512T04071A0C2F26641.jpg,2512040710,2512040710,gallery/P2512T04071A0/P2512T04071A0C0F21871.jpg,0.66544,0.64306,0.74308,tu_choi,tu_choi,1,7463
query/P0173T04041A1/P0173T04041A1C2F20761.jpg,173040411,173040411,gallery/P0173T04041A1/P0173T04041A1C0F19081.jpg,0.67553,0.65095,0.74308,tu_choi,tu_choi,0,7463
query/P1652T04071A0/P1652T04071A0C2F14791.jpg,1652040710,594040710,gallery/P0594T04071A0/P0594T04071A0C0F06991.jpg,0.69935,0.69935,0.74308,tu_choi,tu_choi,0,7463
query/P0127T04071A2/P0127T04071A2C2F01201.jpg,127040712,248040711,gallery/P0248T04071A1/P0248T04071A1C0F02971.jpg,0.74611,0.74611,0.74308,ban_giao,sai,0,7463
query/P0181T04041A1/P0181T04041A1C2F18961.jpg,181040411,140040411,gallery/P0140T04041A1/P0140T04041A1C0F8521.jpg,0.6678,0.6678,0.74308,tu_choi,tu_choi,0,7463
query/P1042T04060A0/P1042T04060A0C2F19411.jpg,1042040600,1042040600,gallery/P1042T04060A0/P1042T04060A0C0F13621.jpg,0.816,0.71977,0.74308,ban_giao,dung,1,7463
query/P1176T04060A1/P1176T04060A1C2F12181.jpg,1176040601,1176040601,gallery/P1176T04060A1/P1176T04060A1C0F15031.jpg,0.74603,0.70448,0.74308,ban_giao,dung,0,7463
query/P1748T04070A1/P1748T04070A1C2F19291.jpg,1748040701,508040512,gallery/P0508T04051A2/P0508T04051A2C0F23791.jpg,0.65159,0.65159,0.74308,tu_choi,tu_choi,0,7463
query/P0977T04060A1/P0977T04060A1C2F10681.jpg,977040601,2290040602,gallery/P2290T04060A2/P2290T04060A2C0F14581.jpg,0.68195,0.68195,0.74308,tu_choi,tu_choi,1,7463
query/P1031T04070A0/P1031T04070A0C2F23821.jpg,1031040700,1706040712,gallery/P1706T04071A2/P1706T04071A2C0F23251.jpg,0.70421,0.70421,0.74308,tu_choi,tu_choi,1,7463
query/P1523T04060A2/P1523T04060A2C2F09001.jpg,1523040602,190040411,gallery/P0190T04041A1/P0190T04041A1C0F24451.jpg,0.68811,0.68811,0.74308,tu_choi,tu_choi,1,7463
query/P0652T04071A0/P0652T04071A0C2F07711.jpg,652040710,199040411,gallery/P0199T04041A1/P0199T04041A1C0F26281.jpg,0.7643,0.7643,0.74308,ban_giao,sai,1,7463
query/P0973T04071A0/P0973T04071A0C2F14581.jpg,973040710,211040412,gallery/P0211T04041A2/P0211T04041A2C0F391.jpg,0.70825,0.70825,0.74308,tu_choi,tu_choi,1,7463
query/P1173T04070A2/P1173T04070A2C2F06481.jpg,1173040702,2511040710,gallery/P2511T04071A0/P2511T04071A0C0F21931.jpg,0.66045,0.66045,0.74308,tu_choi,tu_choi,1,7463
query/P0303T04070A1/P0303T04070A1C2F02371.jpg,303040701,140040411,gallery/P0140T04041A1/P0140T04041A1C0F9031.jpg,0.65469,0.65469,0.74308,tu_choi,tu_choi,1,7463
query/P0761T04070A0/P0761T04070A0C2F10171.jpg,761040700,191040511,gallery/P0191T04051A1/P0191T04051A1C0F9751.jpg,0.68157,0.68157,0.74308,tu_choi,tu_choi,1,7463
query/P0574T04070A1/P0574T04070A1C2F09421.jpg,574040701,588040600,gallery/P0588T04060A0/P0588T04060A0C0F08941.jpg,0.67997,0.67997,0.74308,tu_choi,tu_choi,1,7463
query/P1180T04060A0/P1180T04060A0C2F14941.jpg,1180040600,248040711,gallery/P0248T04071A1/P0248T04071A1C0F02791.jpg,0.71513,0.71513,0.74308,tu_choi,tu_choi,0,7463
query/P1162T04071A1/P1162T04071A1C2F12721.jpg,1162040711,1042040600,gallery/P1042T04060A0/P1042T04060A0C0F13411.jpg,0.62308,0.62308,0.74308,tu_choi,tu_choi,0,7463
query/P1550T04060A0/P1550T04060A0C2F21151.jpg,1550040600,1550040600,gallery/P1550T04060A0/P1550T04060A0C0F21781.jpg,0.68361,0.66606,0.74308,tu_choi,tu_choi,1,7463
query/P0265T04071A1/P0265T04071A1C2F07441.jpg,265040711,1724040701,gallery/P1724T04070A1/P1724T04070A1C0F20701.jpg,0.64535,0.64535,0.74308,tu_choi,tu_choi,1,7463
query/P0248T04071A1/P0248T04071A1C2F08611.jpg,248040711,441040700,gallery/P0441T04070A0/P0441T04070A0C0F08641.jpg,0.73138,0.73138,0.74308,tu_choi,tu_choi,1,7463
query/P1243T04060A2/P1243T04060A2C2F13591.jpg,1243040602,1243040602,gallery/P1243T04060A2/P1243T04060A2C0F10081.jpg,0.6708,0.62641,0.74308,tu_choi,tu_choi,0,7463
query/P0123T04070A0/P0123T04070A0C2F10291.jpg,123040700,123040700,gallery/P0123T04070A0/P0123T04070A0C0F03031.jpg,0.7528,0.72543,0.74308,ban_giao,dung,1,7463
query/P2601T04071A0/P2601T04071A0C2F26701.jpg,2601040710,258040412,gallery/P0258T04041A2/P0258T04041A2C0F9571.jpg,0.6237,0.6237,0.74308,tu_choi,tu_choi,0,7463
query/P0588T04060A0/P0588T04060A0C2F08521.jpg,588040600,124040411,gallery/P0124T04041A1/P0124T04041A1C0F4711.jpg,0.77727,0.77727,0.74308,ban_giao,sai,1,7463
query/P2020T04071A2/P2020T04071A2C2F25471.jpg,2020040712,588040600,gallery/P0588T04060A0/P0588T04060A0C0F10381.jpg,0.73077,0.73077,0.74308,tu_choi,tu_choi,1,7463
query/P1589T04071A1/P1589T04071A1C2F24331.jpg,1589040711,248040711,gallery/P0248T04071A1/P0248T04071A1C0F02881.jpg,0.72513,0.72513,0.74308,tu_choi,tu_choi,1,7463
query/P0362T04070A2/P0362T04070A2C2F02311.jpg,362040702,18040410,gallery/P0018T04041A0/P0018T04041A0C0F2641.jpg,0.6765,0.6765,0.74308,tu_choi,tu_choi,0,7463
query/P0335T04060A0/P0335T04060A0C2F06121.jpg,335040600,1404040601,gallery/P1404T04060A1/P1404T04060A1C0F16531.jpg,0.68495,0.68495,0.74308,tu_choi,tu_choi,1,7463
query/P0771T04060A2/P0771T04060A2C2F04081.jpg,771040602,441040700,gallery/P0441T04070A0/P0441T04070A0C0F08461.jpg,0.69746,0.69746,0.74308,tu_choi,tu_choi,0,7463
query/P0994T04071A1/P0994T04071A1C2F16681.jpg,994040711,175040710,gallery/P0175T04071A0/P0175T04071A0C0F02401.jpg,0.74435,0.74435,0.74308,ban_giao,sai,0,7463
query/P2107T04060A2/P2107T04060A2C2F12571.jpg,2107040602,1040040600,gallery/P1040T04060A0/P1040T04060A0C0F13201.jpg,0.73095,0.73095,0.74308,tu_choi,tu_choi,1,7463
query/P1796T04071A1/P1796T04071A1C2F24931.jpg,1796040711,1796040711,gallery/P1796T04071A1/P1796T04071A1C0F19681.jpg,0.67295,0.66207,0.74308,tu_choi,tu_choi,1,7463
query/P1556T04071A1/P1556T04071A1C2F22651.jpg,1556040711,1556040711,gallery/P1556T04071A1/P1556T04071A1C0F18241.jpg,0.64175,0.63796,0.74308,tu_choi,tu_choi,1,7463
query/P1793T04071A1/P1793T04071A1C2F24571.jpg,1793040711,1147040601,gallery/P1147T04060A1/P1147T04060A1C0F13771.jpg,0.66926,0.66926,0.74308,tu_choi,tu_choi,1,7463
query/P1211T04071A1/P1211T04071A1C2F18721.jpg,1211040711,258040412,gallery/P0258T04041A2/P0258T04041A2C0F10201.jpg,0.7311,0.7311,0.74308,tu_choi,tu_choi,1,7463
query/P0724T04060A1/P0724T04060A1C2F12001.jpg,724040601,594040710,gallery/P0594T04071A0/P0594T04071A0C0F07741.jpg,0.67034,0.67034,0.74308,tu_choi,tu_choi,1,7463
query/P1191T04071A1/P1191T04071A1C2F18781.jpg,1191040711,1191040711,gallery/P1191T04071A1/P1191T04071A1C0F13411.jpg,0.65182,0.62619,0.74308,tu_choi,tu_choi,0,7463
query/P0880T04071A2/P0880T04071A2C2F12001.jpg,880040712,1375040600,gallery/P1375T04060A0/P1375T04060A0C0F20131.jpg,0.69413,0.69413,0.74308,tu_choi,tu_choi,1,7463
query/P0691T04071A2/P0691T04071A2C2F14101.jpg,691040712,691040712,gallery/P0691T04071A2/P0691T04071A2C0F10351.jpg,0.69088,0.67393,0.74308,tu_choi,tu_choi,0,7463
query/P2043T04071A0/P2043T04071A0C2F18091.jpg,2043040710,248040412,gallery/P0248T04041A2/P0248T04041A2C0F8821.jpg,0.61284,0.61284,0.74308,tu_choi,tu_choi,1,7463
query/P0575T04060A2/P0575T04060A2C2F08791.jpg,575040602,1488040600,gallery/P1488T04060A0/P1488T04060A0C0F20851.jpg,0.62141,0.62141,0.74308,tu_choi,tu_choi,0,7463
query/P0214T04041A2/P0214T04041A2C2F3481.jpg,214040412,213040600,gallery/P0213T04060A0/P0213T04060A0C0F04021.jpg,0.66499,0.66499,0.74308,tu_choi,tu_choi,1,7463
query/P0847T04071A0/P0847T04071A0C2F13921.jpg,847040710,847040710,gallery/P0847T04071A0/P0847T04071A0C0F09901.jpg,0.70246,0.68732,0.74308,tu_choi,tu_choi,1,7463
query/P2043T04071A0/P2043T04071A0C2F18211.jpg,2043040710,847040710,gallery/P0847T04071A0/P0847T04071A0C0F10051.jpg,0.64771,0.64771,0.74308,tu_choi,tu_choi,1,7463
query/P1425T04070A0/P1425T04070A0C2F26581.jpg,1425040700,588040600,gallery/P0588T04060A0/P0588T04060A0C0F09691.jpg,0.69947,0.69947,0.74308,tu_choi,tu_choi,1,7463
query/P3434T04070A2/P3434T04070A2C2F21301.jpg,3434040702,1566040711,gallery/P1566T04071A1/P1566T04071A1C0F18721.jpg,0.69845,0.69845,0.74308,tu_choi,tu_choi,1,7463
query/P0845T04071A0/P0845T04071A0C2F09151.jpg,845040710,845040710,gallery/P0845T04071A0/P0845T04071A0C0F09751.jpg,0.72703,0.71462,0.74308,tu_choi,tu_choi,1,7463
query/P1042T04060A0/P1042T04060A0C2F19501.jpg,1042040600,1042040600,gallery/P1042T04060A0/P1042T04060A0C0F13621.jpg,0.74329,0.63804,0.74308,ban_giao,dung,1,7463
query/P0664T04060A1/P0664T04060A1C2F05311.jpg,664040601,1042040600,gallery/P1042T04060A0/P1042T04060A0C0F14491.jpg,0.72506,0.72506,0.74308,tu_choi,tu_choi,1,7463
query/P0555T04071A1/P0555T04071A1C2F05641.jpg,555040711,248040711,gallery/P0248T04071A1/P0248T04071A1C0F03181.jpg,0.68066,0.68066,0.74308,tu_choi,tu_choi,1,7463
query/P1147T04060A1/P1147T04060A1C2F14401.jpg,1147040601,761040700,gallery/P0761T04070A0/P0761T04070A0C0F13201.jpg,0.6491,0.6491,0.74308,tu_choi,tu_choi,1,7463
query/P0666T04071A0/P0666T04071A0C2F07711.jpg,666040710,783040711,gallery/P0783T04071A1/P0783T04071A1C0F08431.jpg,0.69675,0.69675,0.74308,tu_choi,tu_choi,1,7463
query/P0664T04060A1/P0664T04060A1C2F05371.jpg,664040601,1040040600,gallery/P1040T04060A0/P1040T04060A0C0F13261.jpg,0.68807,0.68807,0.74308,tu_choi,tu_choi,1,7463
query/P0259T04041A2/P0259T04041A2C2F11641.jpg,259040412,1040712,gallery/P0001T04071A2/P0001T04071A2C0F00541.jpg,0.59446,0.59446,0.74308,tu_choi,tu_choi,0,7463
query/P0768T04071A2/P0768T04071A2C2F10321.jpg,768040712,276040412,gallery/P0276T04041A2/P0276T04041A2C0F13471.jpg,0.69433,0.69433,0.74308,tu_choi,tu_choi,1,7463
query/P0441T04070A0/P0441T04070A0C2F07111.jpg,441040700,276040412,gallery/P0276T04041A2/P0276T04041A2C0F14371.jpg,0.64772,0.64772,0.74308,tu_choi,tu_choi,1,7463
query/P1895T04060A0/P1895T04060A0C2F24151.jpg,1895040600,588040600,gallery/P0588T04060A0/P0588T04060A0C0F10381.jpg,0.71776,0.71776,0.74308,tu_choi,tu_choi,1,7463
query/P1046T04070A2/P1046T04070A2C2F05761.jpg,1046040702,225040412,gallery/P0225T04041A2/P0225T04041A2C0F3421.jpg,0.71029,0.71029,0.74308,tu_choi,tu_choi,1,7463
query/P0120T04041A1/P0120T04041A1C2F5581.jpg,120040411,120040411,gallery/P0120T04041A1/P0120T04041A1C0F4081.jpg,0.7146,0.71377,0.74308,tu_choi,tu_choi,1,7463
query/P1706T04071A2/P1706T04071A2C2F22711.jpg,1706040712,1895040600,gallery/P1895T04060A0/P1895T04060A0C0F24331.jpg,0.73303,0.73303,0.74308,tu_choi,tu_choi,1,7463
query/P0786T04071A1/P0786T04071A1C2F14161.jpg,786040711,2200040601,gallery/P2200T04060A1/P2200T04060A1C0F25321.jpg,0.6802,0.6802,0.74308,tu_choi,tu_choi,1,7463
query/P3880T04060A2/P3880T04060A2C2F23881.jpg,3880040602,127040712,gallery/P0127T04071A2/P0127T04071A2C0F02731.jpg,0.69522,0.69522,0.74308,tu_choi,tu_choi,1,7463
query/P0706T04070A2/P0706T04070A2C2F04201.jpg,706040702,1836040710,gallery/P1836T04071A0/P1836T04071A0C0F17191.jpg,0.68507,0.68507,0.74308,tu_choi,tu_choi,1,7463
query/P0191T04071A0/P0191T04071A0C2F01861.jpg,191040710,1622040712,gallery/P1622T04071A2/P1622T04071A2C0F22231.jpg,0.61097,0.61097,0.74308,tu_choi,tu_choi,1,7463
query/P1589T04071A1/P1589T04071A1C2F24061.jpg,1589040711,441040700,gallery/P0441T04070A0/P0441T04070A0C0F08611.jpg,0.76588,0.76588,0.74308,ban_giao,sai,1,7463
query/P0320T04041A2/P0320T04041A2C2F24301.jpg,320040412,1375040600,gallery/P1375T04060A0/P1375T04060A0C0F20101.jpg,0.72629,0.72629,0.74308,tu_choi,tu_choi,1,7463
query/P0578T04071A1/P0578T04071A1C2F06271.jpg,578040711,2511040710,gallery/P2511T04071A0/P2511T04071A0C0F22831.jpg,0.76961,0.76961,0.74308,ban_giao,sai,1,7463
query/P1211T04071A1/P1211T04071A1C2F18451.jpg,1211040711,1042040600,gallery/P1042T04060A0/P1042T04060A0C0F13711.jpg,0.74741,0.74741,0.74308,ban_giao,sai,1,7463
query/P1360T04060A1/P1360T04060A1C2F07501.jpg,1360040601,139040411,gallery/P0139T04041A1/P0139T04041A1C0F8791.jpg,0.73483,0.73483,0.74308,tu_choi,tu_choi,1,7463
query/P2511T04071A0/P2511T04071A0C2F27121.jpg,2511040710,167040411,gallery/P0167T04041A1/P0167T04041A1C0F17521.jpg,0.6558,0.6558,0.74308,tu_choi,tu_choi,1,7463
query/P1895T04060A1/P1895T04060A1C2F27781.jpg,1895040601,150040711,gallery/P0150T04071A1/P0150T04071A1C0F02671.jpg,0.6288,0.6288,0.74308,tu_choi,tu_choi,1,7463
query/P0977T04060A1/P0977T04060A1C2F10471.jpg,977040601,666040710,gallery/P0666T04071A0/P0666T04071A0C0F08671.jpg,0.63087,0.63087,0.74308,tu_choi,tu_choi,1,7463
query/P0127T04071A2/P0127T04071A2C2F01351.jpg,127040712,248040711,gallery/P0248T04071A1/P0248T04071A1C0F03181.jpg,0.70252,0.70252,0.74308,tu_choi,tu_choi,0,7463
query/P0213T04060A0/P0213T04060A0C2F17431.jpg,213040600,59040510,gallery/P0059T04051A0/P0059T04051A0C0F9601.jpg,0.67299,0.67299,0.74308,tu_choi,tu_choi,1,7463
query/P0721T04070A1/P0721T04070A1C2F06961.jpg,721040701,284040412,gallery/P0284T04041A2/P0284T04041A2C0F14761.jpg,0.70559,0.70559,0.74308,tu_choi,tu_choi,1,7463
query/P0973T04071A0/P0973T04071A0C2F14761.jpg,973040710,280040412,gallery/P0280T04041A2/P0280T04041A2C0F14881.jpg,0.69484,0.69484,0.74308,tu_choi,tu_choi,1,7463
query/P2121T04070A1/P2121T04070A1C2F29101.jpg,2121040701,414040512,gallery/P0414T04051A2/P0414T04051A2C0F13981.jpg,0.68363,0.68363,0.74308,tu_choi,tu_choi,1,7463
query/P0692T04060A1/P0692T04060A1C2F05881.jpg,692040601,284040412,gallery/P0284T04041A2/P0284T04041A2C0F14851.jpg,0.7143,0.7143,0.74308,tu_choi,tu_choi,1,7463
query/P0130T04060A0/P0130T04060A0C2F07651.jpg,130040600,431040512,gallery/P0431T04051A2/P0431T04051A2C0F15961.jpg,0.71483,0.71483,0.74308,tu_choi,tu_choi,1,7463
query/P2290T04060A2/P2290T04060A2C2F18451.jpg,2290040602,588040600,gallery/P0588T04060A0/P0588T04060A0C0F08971.jpg,0.72242,0.72242,0.74308,tu_choi,tu_choi,1,7463
query/P0469T04060A2/P0469T04060A2C2F02581.jpg,469040602,250040511,gallery/P0250T04051A1/P0250T04051A1C0F23731.jpg,0.74147,0.74147,0.74308,tu_choi,tu_choi,0,7463
query/P0702T04070A0/P0702T04070A0C2F11521.jpg,702040700,191040710,gallery/P0191T04071A0/P0191T04071A0C0F02191.jpg,0.70599,0.70599,0.74308,tu_choi,tu_choi,1,7463
query/P0192T04041A1/P0192T04041A1C2F20761.jpg,192040411,192040411,gallery/P0192T04041A1/P0192T04041A1C0F25891.jpg,0.66373,0.6614,0.74308,tu_choi,tu_choi,0,7463
query/P1375T04060A0/P1375T04060A0C2F18751.jpg,1375040600,1375040600,gallery/P1375T04060A0/P1375T04060A0C0F18811.jpg,0.74375,0.70862,0.74308,ban_giao,dung,1,7463
query/P0590T04070A2/P0590T04070A2C2F03691.jpg,590040702,973040710,gallery/P0973T04071A0/P0973T04071A0C0F10111.jpg,0.70823,0.70823,0.74308,tu_choi,tu_choi,1,7463
query/P0001T04071A2/P0001T04071A2C2F05191.jpg,1040712,586040712,gallery/P0586T04071A2/P0586T04071A2C0F08491.jpg,0.65206,0.65206,0.74308,tu_choi,tu_choi,1,7463
query/P0184T04071A2/P0184T04071A2C2F08341.jpg,184040712,184040712,gallery/P0184T04071A2/P0184T04071A2C0F03061.jpg,0.67959,0.64166,0.74308,tu_choi,tu_choi,1,7463
query/P0419T04071A2/P0419T04071A2C2F05641.jpg,419040712,1040712,gallery/P0001T04071A2/P0001T04071A2C0F01051.jpg,0.64656,0.64656,0.74308,tu_choi,tu_choi,0,7463
query/P1523T04060A2/P1523T04060A2C2F09391.jpg,1523040602,133040510,gallery/P0133T04051A0/P0133T04051A0C0F23311.jpg,0.70787,0.70787,0.74308,tu_choi,tu_choi,1,7463
query/P1046T04070A2/P1046T04070A2C2F05851.jpg,1046040702,191040511,gallery/P0191T04051A1/P0191T04051A1C0F9991.jpg,0.68169,0.68169,0.74308,tu_choi,tu_choi,1,7463
query/P2067T04071A1/P2067T04071A1C2F24061.jpg,2067040711,439040512,gallery/P0439T04051A2/P0439T04051A2C0F16711.jpg,0.71041,0.71041,0.74308,tu_choi,tu_choi,1,7463
query/P1042T04060A0/P1042T04060A0C2F19351.jpg,1042040600,1042040600,gallery/P1042T04060A0/P1042T04060A0C0F13711.jpg,0.80973,0.72053,0.74308,ban_giao,dung,1,7463
query/P0175T04071A0/P0175T04071A0C2F07201.jpg,175040710,1652040710,gallery/P1652T04071A0/P1652T04071A0C0F15391.jpg,0.67676,0.67676,0.74308,tu_choi,tu_choi,0,7463
query/P0395T04060A0/P0395T04060A0C2F00601.jpg,395040600,395040600,gallery/P0395T04060A0/P0395T04060A0C0F06781.jpg,0.73133,0.7017,0.74308,tu_choi,tu_choi,1,7463
query/P0616T04070A0/P0616T04070A0C2F10801.jpg,616040700,124040411,gallery/P0124T04041A1/P0124T04041A1C0F4711.jpg,0.7053,0.7053,0.74308,tu_choi,tu_choi,1,7463
query/P1317T04060A0/P1317T04060A0C2F17551.jpg,1317040600,140040411,gallery/P0140T04041A1/P0140T04041A1C0F8701.jpg,0.72428,0.72428,0.74308,tu_choi,tu_choi,1,7463
query/P0283T04041A2/P0283T04041A2C2F11371.jpg,283040412,441040711,gallery/P0441T04071A1/P0441T04071A1C0F05281.jpg,0.66502,0.66502,0.74308,tu_choi,tu_choi,1,7463
query/P4169T04060A2/P4169T04060A2C2F30811.jpg,4169040602,1040712,gallery/P0001T04071A2/P0001T04071A2C0F00541.jpg,0.65648,0.65648,0.74308,tu_choi,tu_choi,1,7463
query/P2200T04060A1/P2200T04060A1C2F24421.jpg,2200040601,973040710,gallery/P0973T04071A0/P0973T04071A0C0F10171.jpg,0.69815,0.69815,0.74308,tu_choi,tu_choi,1,7463
query/P0114T04041A1/P0114T04041A1C2F721.jpg,114040411,1566040711,gallery/P1566T04071A1/P1566T04071A1C0F18901.jpg,0.69462,0.69462,0.74308,tu_choi,tu_choi,1,7463
query/P0724T04060A1/P0724T04060A1C2F11641.jpg,724040601,139040411,gallery/P0139T04041A1/P0139T04041A1C0F7411.jpg,0.63599,0.63599,0.74308,tu_choi,tu_choi,1,7463
query/P0886T04070A2/P0886T04070A2C2F04501.jpg,886040702,1317040600,gallery/P1317T04060A0/P1317T04060A0C0F19531.jpg,0.65236,0.65236,0.74308,tu_choi,tu_choi,1,7463
query/P1805T04070A0/P1805T04070A0C2F30151.jpg,1805040700,1805040700,gallery/P1805T04070A0/P1805T04070A0C0F26491.jpg,0.67914,0.67111,0.74308,tu_choi,tu_choi,0,7463
query/P0250T04051A1/P0250T04051A1C2F30331.jpg,250040511,469040602,gallery/P0469T04060A2/P0469T04060A2C0F04501.jpg,0.71179,0.71179,0.74308,tu_choi,tu_choi,1,7463
query/P0345T04070A0/P0345T04070A0C2F11011.jpg,345040700,191040511,gallery/P0191T04051A1/P0191T04051A1C0F9811.jpg,0.75525,0.75525,0.74308,ban_giao,sai,1,7463
query/P0786T04071A1/P0786T04071A1C2F14071.jpg,786040711,2200040601,gallery/P2200T04060A1/P2200T04060A1C0F25321.jpg,0.69429,0.69429,0.74308,tu_choi,tu_choi,1,7463
query/P0886T04070A2/P0886T04070A2C2F04531.jpg,886040702,1317040600,gallery/P1317T04060A0/P1317T04060A0C0F19531.jpg,0.66092,0.66092,0.74308,tu_choi,tu_choi,1,7463
query/P0522T04071A2/P0522T04071A2C2F11941.jpg,522040712,1785040712,gallery/P1785T04071A2/P1785T04071A2C0F24271.jpg,0.6355,0.6355,0.74308,tu_choi,tu_choi,1,7463
query/P0606T04071A0/P0606T04071A0C2F07831.jpg,606040710,175040710,gallery/P0175T04071A0/P0175T04071A0C0F02401.jpg,0.73426,0.73426,0.74308,tu_choi,tu_choi,1,7463
query/P0395T04060A0/P0395T04060A0C2F01261.jpg,395040600,395040600,gallery/P0395T04060A0/P0395T04060A0C0F06811.jpg,0.73642,0.62293,0.74308,tu_choi,tu_choi,1,7463
query/P0265T04071A1/P0265T04071A1C2F07951.jpg,265040711,265040711,gallery/P0265T04071A1/P0265T04071A1C0F03241.jpg,0.7496,0.67779,0.74308,ban_giao,dung,1,7463
query/P2512T04071A0/P2512T04071A0C2F26971.jpg,2512040710,1895040600,gallery/P1895T04060A0/P1895T04060A0C0F24331.jpg,0.67479,0.67479,0.74308,tu_choi,tu_choi,1,7463
query/P0153T04070A1/P0153T04070A1C2F01381.jpg,153040701,280040412,gallery/P0280T04041A2/P0280T04041A2C0F15391.jpg,0.65481,0.65481,0.74308,tu_choi,tu_choi,1,7463
query/P2121T04070A1/P2121T04070A1C2F29761.jpg,2121040701,167040411,gallery/P0167T04041A1/P0167T04041A1C0F17521.jpg,0.66602,0.66602,0.74308,tu_choi,tu_choi,1,7463
query/P1920T04060A1/P1920T04060A1C2F21871.jpg,1920040601,140040411,gallery/P0140T04041A1/P0140T04041A1C0F9031.jpg,0.65784,0.65784,0.74308,tu_choi,tu_choi,1,7463
query/P0248T04071A1/P0248T04071A1C2F09151.jpg,248040711,441040700,gallery/P0441T04070A0/P0441T04070A0C0F08611.jpg,0.6965,0.6965,0.74308,tu_choi,tu_choi,1,7463
query/P1333T04060A0/P1333T04060A0C2F16531.jpg,1333040600,1333040600,gallery/P1333T04060A0/P1333T04060A0C0F18031.jpg,0.64299,0.63294,0.74308,tu_choi,tu_choi,1,7463
query/P0416T04070A1/P0416T04070A1C2F03541.jpg,416040701,706040702,gallery/P0706T04070A2/P0706T04070A2C0F03931.jpg,0.63959,0.63959,0.74308,tu_choi,tu_choi,1,7463
query/P2265T04060A1/P2265T04060A1C2F25741.jpg,2265040601,761040700,gallery/P0761T04070A0/P0761T04070A0C0F12901.jpg,0.69253,0.69253,0.74308,tu_choi,tu_choi,1,7463
query/P1162T04071A1/P1162T04071A1C2F12541.jpg,1162040711,1042040600,gallery/P1042T04060A0/P1042T04060A0C0F13411.jpg,0.6843,0.6843,0.74308,tu_choi,tu_choi,0,7463
query/P0244T04041A2/P0244T04041A2C2F10831.jpg,244040412,1785040712,gallery/P1785T04071A2/P1785T04071A2C0F24841.jpg,0.63452,0.63452,0.74308,tu_choi,tu_choi,0,7463
query/P1180T04060A0/P1180T04060A0C2F15451.jpg,1180040600,574040701,gallery/P0574T04070A1/P0574T04070A1C0F05161.jpg,0.67233,0.67233,0.74308,tu_choi,tu_choi,0,7463
query/P1703T04071A2/P1703T04071A2C2F22591.jpg,1703040712,1703040712,gallery/P1703T04071A2/P1703T04071A2C0F22771.jpg,0.76847,0.68046,0.74308,ban_giao,dung,1,7463
query/P0123T04070A0/P0123T04070A0C2F09601.jpg,123040700,123040700,gallery/P0123T04070A0/P0123T04070A0C0F03031.jpg,0.72731,0.696,0.74308,tu_choi,tu_choi,1,7463
query/P0430T04070A1/P0430T04070A1C2F10261.jpg,430040701,1895040600,gallery/P1895T04060A0/P1895T04060A0C0F25321.jpg,0.69147,0.69147,0.74308,tu_choi,tu_choi,1,7463
query/P0574T04070A1/P0574T04070A1C2F09751.jpg,574040701,1895040600,gallery/P1895T04060A0/P1895T04060A0C0F24331.jpg,0.70326,0.70326,0.74308,tu_choi,tu_choi,1,7463
query/P0606T04071A0/P0606T04071A0C2F07801.jpg,606040710,586040712,gallery/P0586T04071A2/P0586T04071A2C0F08491.jpg,0.68857,0.68857,0.74308,tu_choi,tu_choi,1,7463
query/P1622T04071A2/P1622T04071A2C2F27691.jpg,1622040712,1622040712,gallery/P1622T04071A2/P1622T04071A2C0F21121.jpg,0.66939,0.66773,0.74308,tu_choi,tu_choi,1,7463
query/P0184T04070A1/P0184T04070A1C2F02101.jpg,184040701,184040701,gallery/P0184T04070A1/P0184T04070A1C0F02491.jpg,0.70557,0.66367,0.74308,tu_choi,tu_choi,1,7463
query/P0334T04051A2/P0334T04051A2C2F12331.jpg,334040512,1652040710,gallery/P1652T04071A0/P1652T04071A0C0F15391.jpg,0.67785,0.67785,0.74308,tu_choi,tu_choi,1,7463
query/P0130T04060A0/P0130T04060A0C2F07351.jpg,130040600,431040512,gallery/P0431T04051A2/P0431T04051A2C0F15961.jpg,0.68828,0.68828,0.74308,tu_choi,tu_choi,1,7463
query/P2197T04070A1/P2197T04070A1C2F29941.jpg,2197040701,1851040601,gallery/P1851T04060A1/P1851T04060A1C0F22921.jpg,0.62929,0.62929,0.74308,tu_choi,tu_choi,0,7463
query/P1805T04070A0/P1805T04070A0C2F30361.jpg,1805040700,8040410,gallery/P0008T04041A0/P0008T04041A0C0F3121.jpg,0.70765,0.70765,0.74308,tu_choi,tu_choi,0,7463
query/P0441T04071A1/P0441T04071A1C2F09751.jpg,441040711,191040710,gallery/P0191T04071A0/P0191T04071A0C0F02191.jpg,0.70041,0.70041,0.74308,tu_choi,tu_choi,0,7463
query/P0880T04071A2/P0880T04071A2C2F11911.jpg,880040712,1375040600,gallery/P1375T04060A0/P1375T04060A0C0F20221.jpg,0.69745,0.69745,0.74308,tu_choi,tu_choi,1,7463
query/P1793T04071A1/P1793T04071A1C2F24511.jpg,1793040711,1147040601,gallery/P1147T04060A1/P1147T04060A1C0F13441.jpg,0.65819,0.65819,0.74308,tu_choi,tu_choi,1,7463
query/P0590T04070A2/P0590T04070A2C2F03751.jpg,590040702,973040710,gallery/P0973T04071A0/P0973T04071A0C0F10111.jpg,0.71468,0.71468,0.74308,tu_choi,tu_choi,1,7463
query/P0706T04070A2/P0706T04070A2C2F04171.jpg,706040702,973040710,gallery/P0973T04071A0/P0973T04071A0C0F10111.jpg,0.69456,0.69456,0.74308,tu_choi,tu_choi,1,7463
query/P0088T04041A0/P0088T04041A0C2F29551.jpg,88040410,1622040712,gallery/P1622T04071A2/P1622T04071A2C0F21631.jpg,0.70921,0.70921,0.74308,tu_choi,tu_choi,0,7463
query/P1046T04070A2/P1046T04070A2C2F05251.jpg,1046040702,124040411,gallery/P0124T04041A1/P0124T04041A1C0F3721.jpg,0.66372,0.66372,0.74308,tu_choi,tu_choi,1,7463
query/P1162T04071A1/P1162T04071A1C2F12751.jpg,1162040711,1042040600,gallery/P1042T04060A0/P1042T04060A0C0F13411.jpg,0.61094,0.61094,0.74308,tu_choi,tu_choi,0,7463
query/P0586T04071A2/P0586T04071A2C2F13411.jpg,586040712,297040412,gallery/P0297T04041A2/P0297T04041A2C0F15871.jpg,0.62881,0.62881,0.74308,tu_choi,tu_choi,1,7463
query/P1838T04071A2/P1838T04071A2C2F30541.jpg,1838040712,192040411,gallery/P0192T04041A1/P0192T04041A1C0F24811.jpg,0.71406,0.71406,0.74308,tu_choi,tu_choi,0,7463
query/P1404T04060A1/P1404T04060A1C2F21541.jpg,1404040601,441040700,gallery/P0441T04070A0/P0441T04070A0C0F08581.jpg,0.64494,0.64494,0.74308,tu_choi,tu_choi,0,7463
query/P0265T04071A1/P0265T04071A1C2F07651.jpg,265040711,265040711,gallery/P0265T04071A1/P0265T04071A1C0F03241.jpg,0.76485,0.69031,0.74308,ban_giao,dung,1,7463
query/P0431T04051A2/P0431T04051A2C2F25921Z.jpg,431040512,2200040601,gallery/P2200T04060A1/P2200T04060A1C0F25321.jpg,0.7249,0.7249,0.74308,tu_choi,tu_choi,1,7463
query/P1243T04060A2/P1243T04060A2C2F14581.jpg,1243040602,307040512,gallery/P0307T04051A2/P0307T04051A2C0F4171.jpg,0.70496,0.70496,0.74308,tu_choi,tu_choi,0,7463
query/P1488T04060A0/P1488T04060A0C2F20881.jpg,1488040600,1566040711,gallery/P1566T04071A1/P1566T04071A1C0F18901.jpg,0.67074,0.67074,0.74308,tu_choi,tu_choi,1,7463
query/P2375T04071A0/P2375T04071A0C2F25861.jpg,2375040710,11040410,gallery/P0011T04041A0/P0011T04041A0C0F6241.jpg,0.69395,0.69395,0.74308,tu_choi,tu_choi,0,7463
query/P1360T04060A1/P1360T04060A1C2F08071.jpg,1360040601,133040510,gallery/P0133T04051A0/P0133T04051A0C0F23341.jpg,0.77937,0.77937,0.74308,ban_giao,sai,1,7463
query/P0441T04070A0/P0441T04070A0C2F07051.jpg,441040700,167040411,gallery/P0167T04041A1/P0167T04041A1C0F17311.jpg,0.63501,0.63501,0.74308,tu_choi,tu_choi,1,7463
query/P0771T04060A2/P0771T04060A2C2F04141.jpg,771040602,134040411,gallery/P0134T04041A1/P0134T04041A1C0F6571.jpg,0.67064,0.67064,0.74308,tu_choi,tu_choi,0,7463
query/P0652T04071A0/P0652T04071A0C2F07831.jpg,652040710,973040710,gallery/P0973T04071A0/P0973T04071A0C0F10111.jpg,0.77718,0.77718,0.74308,ban_giao,sai,1,7463
query/P0222T04041A2/P0222T04041A2C2F5521.jpg,222040412,588040600,gallery/P0588T04060A0/P0588T04060A0C0F09661.jpg,0.7035,0.7035,0.74308,tu_choi,tu_choi,1,7463
query/P0441T04071A1/P0441T04071A1C2F10351.jpg,441040711,186040411,gallery/P0186T04041A1/P0186T04041A1C0F21361.jpg,0.69693,0.69693,0.74308,tu_choi,tu_choi,0,7463
query/P0150T04071A1/P0150T04071A1C2F00871.jpg,150040711,1785040712,gallery/P1785T04071A2/P1785T04071A2C0F24661.jpg,0.65805,0.65805,0.74308,tu_choi,tu_choi,0,7463
query/P0691T04071A2/P0691T04071A2C2F14161.jpg,691040712,691040712,gallery/P0691T04071A2/P0691T04071A2C0F09991.jpg,0.71234,0.64695,0.74308,tu_choi,tu_choi,0,7463
query/P0395T04060A0/P0395T04060A0C2F01051.jpg,395040600,395040600,gallery/P0395T04060A0/P0395T04060A0C0F07801.jpg,0.67495,0.63335,0.74308,tu_choi,tu_choi,1,7463
query/P0555T04071A1/P0555T04071A1C2F06061.jpg,555040711,18040410,gallery/P0018T04041A0/P0018T04041A0C0F4321.jpg,0.7329,0.7329,0.74308,tu_choi,tu_choi,1,7463
query/P2601T04071A0/P2601T04071A0C2F26581.jpg,2601040710,175040710,gallery/P0175T04071A0/P0175T04071A0C0F02401.jpg,0.63862,0.63862,0.74308,tu_choi,tu_choi,0,7463
query/P2508T04071A0/P2508T04071A0C2F27151.jpg,2508040710,2290040602,gallery/P2290T04060A2/P2290T04060A2C0F14341.jpg,0.63746,0.63746,0.74308,tu_choi,tu_choi,0,7463
query/P0994T04071A1/P0994T04071A1C2F16711.jpg,994040711,414040512,gallery/P0414T04051A2/P0414T04051A2C0F13981.jpg,0.69933,0.69933,0.74308,tu_choi,tu_choi,0,7463
query/P2107T04060A2/P2107T04060A2C2F12871.jpg,2107040602,240040412,gallery/P0240T04041A2/P0240T04041A2C0F7501.jpg,0.70838,0.70838,0.74308,tu_choi,tu_choi,1,7463
query/P3935T04060A2/P3935T04060A2C2F30151.jpg,3935040602,1895040600,gallery/P1895T04060A0/P1895T04060A0C0F25051.jpg,0.69749,0.69749,0.74308,tu_choi,tu_choi,1,7463
query/P1652T04071A0/P1652T04071A0C2F14521.jpg,1652040710,1652040710,gallery/P1652T04071A0/P1652T04071A0C0F15391.jpg,0.73209,0.68571,0.74308,tu_choi,tu_choi,0,7463
query/P0594T04071A0/P0594T04071A0C2F05761.jpg,594040710,1652040710,gallery/P1652T04071A0/P1652T04071A0C0F15391.jpg,0.77783,0.77783,0.74308,ban_giao,sai,1,7463
query/P0155T04041A1/P0155T04041A1C2F11251.jpg,155040411,155040411,gallery/P0155T04041A1/P0155T04041A1C0F13171.jpg,0.76351,0.74631,0.74308,ban_giao,dung,1,7463
query/P1523T04060A2/P1523T04060A2C2F09721.jpg,1523040602,1566040711,gallery/P1566T04071A1/P1566T04071A1C0F18901.jpg,0.68907,0.68907,0.74308,tu_choi,tu_choi,1,7463
query/P0209T04071A0/P0209T04071A0C2F01621.jpg,209040710,325040702,gallery/P0325T04070A2/P0325T04070A2C0F02161.jpg,0.70159,0.70159,0.74308,tu_choi,tu_choi,1,7463
query/P2200T04060A1/P2200T04060A1C2F24301.jpg,2200040601,1375040600,gallery/P1375T04060A0/P1375T04060A0C0F19741.jpg,0.7088,0.7088,0.74308,tu_choi,tu_choi,1,7463
query/P1292T04060A1/P1292T04060A1C2F19321.jpg,1292040601,1179040600,gallery/P1179T04060A0/P1179T04060A0C0F15961.jpg,0.6922,0.6922,0.74308,tu_choi,tu_choi,1,7463
query/P2512T04071A0/P2512T04071A0C2F27181.jpg,2512040710,588040600,gallery/P0588T04060A0/P0588T04060A0C0F10411.jpg,0.68693,0.68693,0.74308,tu_choi,tu_choi,1,7463
query/P1730T04060A0/P1730T04060A0C2F22651.jpg,1730040600,1730040600,gallery/P1730T04060A0/P1730T04060A0C0F23431.jpg,0.7819,0.70304,0.74308,ban_giao,dung,1,7463
query/P2512T04071A0/P2512T04071A0C2F27151.jpg,2512040710,588040600,gallery/P0588T04060A0/P0588T04060A0C0F10411.jpg,0.66051,0.66051,0.74308,tu_choi,tu_choi,1,7463
query/P2200T04060A1/P2200T04060A1C2F24841.jpg,2200040601,973040710,gallery/P0973T04071A0/P0973T04071A0C0F10171.jpg,0.65446,0.65446,0.74308,tu_choi,tu_choi,1,7463
query/P0277T04041A2/P0277T04041A2C2F17401.jpg,277040412,623040710,gallery/P0623T04071A0/P0623T04071A0C0F07891.jpg,0.61415,0.61415,0.74308,tu_choi,tu_choi,1,7463
query/P1595T04070A2/P1595T04070A2C2F10921.jpg,1595040702,292040412,gallery/P0292T04041A2/P0292T04041A2C0F15541.jpg,0.71495,0.71495,0.74308,tu_choi,tu_choi,1,7463
query/P0751T04070A2/P0751T04070A2C2F08311.jpg,751040702,1706040712,gallery/P1706T04071A2/P1706T04071A2C0F22891.jpg,0.72472,0.72472,0.74308,tu_choi,tu_choi,1,7463
query/P2230T04070A1/P2230T04070A1C2F25861.jpg,2230040701,1375040600,gallery/P1375T04060A0/P1375T04060A0C0F19651.jpg,0.71179,0.71179,0.74308,tu_choi,tu_choi,1,7463
query/P3727T04060A2/P3727T04060A2C2F22531.jpg,3727040602,1005040710,gallery/P1005T04071A0/P1005T04071A0C0F10111.jpg,0.74385,0.74385,0.74308,ban_giao,sai,0,7463
query/P3433T04060A2/P3433T04060A2C2F20161.jpg,3433040602,588040600,gallery/P0588T04060A0/P0588T04060A0C0F10381.jpg,0.70296,0.70296,0.74308,tu_choi,tu_choi,1,7463
query/P0917T04071A1/P0917T04071A1C2F15211.jpg,917040711,439040512,gallery/P0439T04051A2/P0439T04051A2C0F17131.jpg,0.69474,0.69474,0.74308,tu_choi,tu_choi,0,7463
query/P0657T04060A1/P0657T04060A1C2F05551.jpg,657040601,1040712,gallery/P0001T04071A2/P0001T04071A2C0F00931.jpg,0.70626,0.70626,0.74308,tu_choi,tu_choi,0,7463
query/P0474T04060A2/P0474T04060A2C2F08431.jpg,474040602,1652040710,gallery/P1652T04071A0/P1652T04071A0C0F15391.jpg,0.67918,0.67918,0.74308,tu_choi,tu_choi,1,7463
query/P2107T04060A2/P2107T04060A2C2F12301.jpg,2107040602,1375040600,gallery/P1375T04060A0/P1375T04060A0C0F19531.jpg,0.71672,0.71672,0.74308,tu_choi,tu_choi,1,7463
query/P0586T04071A2/P0586T04071A2C2F13081.jpg,586040712,586040712,gallery/P0586T04071A2/P0586T04071A2C0F08311.jpg,0.74121,0.7402,0.74308,tu_choi,tu_choi,1,7463
query/P1595T04070A2/P1595T04070A2C2F10711.jpg,1595040702,594040710,gallery/P0594T04071A0/P0594T04071A0C0F07891.jpg,0.72715,0.72715,0.74308,tu_choi,tu_choi,1,7463
query/P0474T04060A2/P0474T04060A2C2F08791.jpg,474040602,657040601,gallery/P0657T04060A1/P0657T04060A1C0F06661.jpg,0.69278,0.69278,0.74308,tu_choi,tu_choi,1,7463
query/P1836T04071A0/P1836T04071A0C2F22651.jpg,1836040710,769040602,gallery/P0769T04060A2/P0769T04060A2C0F05641.jpg,0.65548,0.65548,0.74308,tu_choi,tu_choi,1,7463
query/P1846T04070A0/P1846T04070A0C2F27241.jpg,1846040700,1040040600,gallery/P1040T04060A0/P1040T04060A0C0F13201.jpg,0.73458,0.73458,0.74308,tu_choi,tu_choi,1,7463
query/P1652T04071A0/P1652T04071A0C2F14821.jpg,1652040710,594040710,gallery/P0594T04071A0/P0594T04071A0C0F06991.jpg,0.67648,0.67648,0.74308,tu_choi,tu_choi,0,7463
query/P0886T04070A2/P0886T04070A2C2F04441.jpg,886040702,886040702,gallery/P0886T04070A2/P0886T04070A2C0F05341.jpg,0.65473,0.6544,0.74308,tu_choi,tu_choi,1,7463
query/P1706T04071A2/P1706T04071A2C2F22561.jpg,1706040712,1706040712,gallery/P1706T04071A2/P1706T04071A2C0F22891.jpg,0.72599,0.70863,0.74308,tu_choi,tu_choi,1,7463
query/P0927T04071A2/P0927T04071A2C2F18031.jpg,927040712,685040712,gallery/P0685T04071A2/P0685T04071A2C0F09931.jpg,0.6657,0.6657,0.74308,tu_choi,tu_choi,1,7463
query/P2107T04060A2/P2107T04060A2C2F12181.jpg,2107040602,692040601,gallery/P0692T04060A1/P0692T04060A1C0F07831.jpg,0.71846,0.71846,0.74308,tu_choi,tu_choi,1,7463
query/P2067T04071A1/P2067T04071A1C2F24031.jpg,2067040711,623040710,gallery/P0623T04071A0/P0623T04071A0C0F07471.jpg,0.69734,0.69734,0.74308,tu_choi,tu_choi,1,7463
query/P1371T04060A0/P1371T04060A0C2F18661.jpg,1371040600,1371040600,gallery/P1371T04060A0/P1371T04060A0C0F18691.jpg,0.75878,0.7397,0.74308,ban_giao,dung,1,7463
query/P0189T04070A1/P0189T04070A1C2F01951.jpg,189040701,189040701,gallery/P0189T04070A1/P0189T04070A1C0F02581.jpg,0.75699,0.74228,0.74308,ban_giao,dung,1,7463
query/P0145T04060A2/P0145T04060A2C2F05611.jpg,145040602,240040412,gallery/P0240T04041A2/P0240T04041A2C0F6841.jpg,0.69927,0.69927,0.74308,tu_choi,tu_choi,1,7463
query/P0395T04060A0/P0395T04060A0C2F00661.jpg,395040600,395040600,gallery/P0395T04060A0/P0395T04060A0C0F06781.jpg,0.70498,0.67897,0.74308,tu_choi,tu_choi,1,7463
query/P1371T04060A0/P1371T04060A0C2F18211.jpg,1371040600,1371040600,gallery/P1371T04060A0/P1371T04060A0C0F18721.jpg,0.72142,0.6925,0.74308,tu_choi,tu_choi,1,7463
query/P0594T04060A1/P0594T04060A1C2F11911.jpg,594040601,1040712,gallery/P0001T04071A2/P0001T04071A2C0F00541.jpg,0.71797,0.71797,0.74308,tu_choi,tu_choi,0,7463
query/P0695T04071A1/P0695T04071A1C2F12481.jpg,695040711,189040701,gallery/P0189T04070A1/P0189T04070A1C0F02341.jpg,0.71169,0.71169,0.74308,tu_choi,tu_choi,0,7463
query/P0345T04070A0/P0345T04070A0C2F09841.jpg,345040700,191040511,gallery/P0191T04051A1/P0191T04051A1C0F9691.jpg,0.73619,0.73619,0.74308,tu_choi,tu_choi,1,7463
query/P0656T04071A0/P0656T04071A0C2F11911.jpg,656040710,656040710,gallery/P0656T04071A0/P0656T04071A0C0F07921.jpg,0.71798,0.71158,0.74308,tu_choi,tu_choi,1,7463
query/P0702T04070A0/P0702T04070A0C2F11761.jpg,702040700,191040710,gallery/P0191T04071A0/P0191T04071A0C0F02371.jpg,0.63942,0.63942,0.74308,tu_choi,tu_choi,1,7463
query/P1179T04060A0/P1179T04060A0C2F15061.jpg,1179040600,1179040600,gallery/P1179T04060A0/P1179T04060A0C0F15811.jpg,0.72168,0.68312,0.74308,tu_choi,tu_choi,0,7463
query/P0145T04060A2/P0145T04060A2C2F05641.jpg,145040602,133040510,gallery/P0133T04051A0/P0133T04051A0C0F23851.jpg,0.67899,0.67899,0.74308,tu_choi,tu_choi,1,7463
query/P1317T04060A0/P1317T04060A0C2F17881.jpg,1317040600,114040411,gallery/P0114T04041A1/P0114T04041A1C0F2551.jpg,0.64726,0.64726,0.74308,tu_choi,tu_choi,1,7463
query/P0724T04060A1/P0724T04060A1C2F11701.jpg,724040601,1425040700,gallery/P1425T04070A0/P1425T04070A0C0F21901.jpg,0.69597,0.69597,0.74308,tu_choi,tu_choi,1,7463
query/P1566T04071A1/P1566T04071A1C2F23401.jpg,1566040711,1566040711,gallery/P1566T04071A1/P1566T04071A1C0F18361.jpg,0.68866,0.68439,0.74308,tu_choi,tu_choi,0,7463
query/P2107T04060A2/P2107T04060A2C2F12961.jpg,2107040602,1846040700,gallery/P1846T04070A0/P1846T04070A0C0F27061.jpg,0.66882,0.66882,0.74308,tu_choi,tu_choi,1,7463
query/P1371T04060A0/P1371T04060A0C2F18481.jpg,1371040600,1371040600,gallery/P1371T04060A0/P1371T04060A0C0F18691.jpg,0.77154,0.70669,0.74308,ban_giao,dung,1,7463
query/P0657T04060A1/P0657T04060A1C2F05791.jpg,657040601,1040712,gallery/P0001T04071A2/P0001T04071A2C0F00931.jpg,0.67967,0.67967,0.74308,tu_choi,tu_choi,0,7463
query/P0430T04070A1/P0430T04070A1C2F10411.jpg,430040701,1895040600,gallery/P1895T04060A0/P1895T04060A0C0F24331.jpg,0.68867,0.68867,0.74308,tu_choi,tu_choi,1,7463
query/P2144T04070A2/P2144T04070A2C2F13441.jpg,2144040702,588040600,gallery/P0588T04060A0/P0588T04060A0C0F10231.jpg,0.64758,0.64758,0.74308,tu_choi,tu_choi,1,7463
query/P2067T04071A1/P2067T04071A1C2F24151.jpg,2067040711,623040710,gallery/P0623T04071A0/P0623T04071A0C0F07471.jpg,0.68459,0.68459,0.74308,tu_choi,tu_choi,1,7463
query/P1040T04060A0/P1040T04060A0C2F12811.jpg,1040040600,1040040600,gallery/P1040T04060A0/P1040T04060A0C0F13171.jpg,0.7662,0.73409,0.74308,ban_giao,dung,1,7463
query/P3880T04060A2/P3880T04060A2C2F24301.jpg,3880040602,140040411,gallery/P0140T04041A1/P0140T04041A1C0F9031.jpg,0.69824,0.69824,0.74308,tu_choi,tu_choi,1,7463
query/P0153T04070A1/P0153T04070A1C2F01411.jpg,153040701,124040411,gallery/P0124T04041A1/P0124T04041A1C0F3871.jpg,0.64763,0.64763,0.74308,tu_choi,tu_choi,1,7463
query/P1404T04060A1/P1404T04060A1C2F21361.jpg,1404040601,1566040711,gallery/P1566T04071A1/P1566T04071A1C0F18751.jpg,0.68259,0.68259,0.74308,tu_choi,tu_choi,0,7463
query/P1005T04071A0/P1005T04071A0C2F14851.jpg,1005040710,1243040602,gallery/P1243T04060A2/P1243T04060A2C0F08671.jpg,0.67693,0.67693,0.74308,tu_choi,tu_choi,1,7463
query/P1895T04060A0/P1895T04060A0C2F24301.jpg,1895040600,588040600,gallery/P0588T04060A0/P0588T04060A0C0F10381.jpg,0.73335,0.73335,0.74308,tu_choi,tu_choi,1,7463
query/P1703T04071A2/P1703T04071A2C2F21841.jpg,1703040712,692040601,gallery/P0692T04060A1/P0692T04060A1C0F07771.jpg,0.67645,0.67645,0.74308,tu_choi,tu_choi,1,7463
query/P3433T04060A2/P3433T04060A2C2F21061.jpg,3433040602,1566040711,gallery/P1566T04071A1/P1566T04071A1C0F18751.jpg,0.61284,0.61284,0.74308,tu_choi,tu_choi,1,7463
query/P0469T04060A2/P0469T04060A2C2F02791.jpg,469040602,250040511,gallery/P0250T04051A1/P0250T04051A1C0F23731.jpg,0.76314,0.76314,0.74308,ban_giao,sai,0,7463
query/P0927T04071A2/P0927T04071A2C2F17581.jpg,927040712,325040702,gallery/P0325T04070A2/P0325T04070A2C0F02131.jpg,0.65874,0.65874,0.74308,tu_choi,tu_choi,1,7463
query/P0345T04070A2/P0345T04070A2C2F01681.jpg,345040702,225040412,gallery/P0225T04041A2/P0225T04041A2C0F3691.jpg,0.66044,0.66044,0.74308,tu_choi,tu_choi,1,7463
query/P0786T04071A1/P0786T04071A1C2F14041.jpg,786040711,2200040601,gallery/P2200T04060A1/P2200T04060A1C0F25321.jpg,0.70175,0.70175,0.74308,tu_choi,tu_choi,1,7463
query/P0416T04070A1/P0416T04070A1C2F03391.jpg,416040701,18040410,gallery/P0018T04041A0/P0018T04041A0C0F2641.jpg,0.63168,0.63168,0.74308,tu_choi,tu_choi,1,7463
query/P1523T04060A2/P1523T04060A2C2F09331.jpg,1523040602,133040510,gallery/P0133T04051A0/P0133T04051A0C0F23311.jpg,0.75006,0.75006,0.74308,ban_giao,sai,1,7463
query/P1272T04070A2/P1272T04070A2C2F13141.jpg,1272040702,1785040712,gallery/P1785T04071A2/P1785T04071A2C0F24121.jpg,0.70144,0.70144,0.74308,tu_choi,tu_choi,0,7463
query/P1703T04071A2/P1703T04071A2C2F22531.jpg,1703040712,1703040712,gallery/P1703T04071A2/P1703T04071A2C0F22771.jpg,0.77809,0.70323,0.74308,ban_giao,dung,1,7463
query/P1706T04071A2/P1706T04071A2C2F22651.jpg,1706040712,1371040600,gallery/P1371T04060A0/P1371T04060A0C0F18721.jpg,0.74989,0.74989,0.74308,ban_giao,sai,1,7463
query/P0695T04071A1/P0695T04071A1C2F12991.jpg,695040711,8040410,gallery/P0008T04041A0/P0008T04041A0C0F1651.jpg,0.69693,0.69693,0.74308,tu_choi,tu_choi,0,7463
query/P1272T04070A2/P1272T04070A2C2F13081.jpg,1272040702,276040412,gallery/P0276T04041A2/P0276T04041A2C0F14371.jpg,0.69052,0.69052,0.74308,tu_choi,tu_choi,0,7463
query/P2020T04071A2/P2020T04071A2C2F25351.jpg,2020040712,139040411,gallery/P0139T04041A1/P0139T04041A1C0F8791.jpg,0.70126,0.70126,0.74308,tu_choi,tu_choi,1,7463
query/P0385T04051A2/P0385T04051A2C2F17941.jpg,385040512,2414040710,gallery/P2414T04071A0/P2414T04071A0C0F21721.jpg,0.65912,0.65912,0.74308,tu_choi,tu_choi,1,7463
query/P0895T04060A1/P0895T04060A1C2F07981.jpg,895040601,656040710,gallery/P0656T04071A0/P0656T04071A0C0F07591.jpg,0.70618,0.70618,0.74308,tu_choi,tu_choi,0,7463
query/P2197T04070A1/P2197T04070A1C2F30001.jpg,2197040701,152040411,gallery/P0152T04041A1/P0152T04041A1C0F12811.jpg,0.61937,0.61937,0.74308,tu_choi,tu_choi,0,7463
query/P0145T04060A2/P0145T04060A2C2F05791.jpg,145040602,10040410,gallery/P0010T04041A0/P0010T04041A0C0F181.jpg,0.68397,0.68397,0.74308,tu_choi,tu_choi,1,7463
query/P1895T04060A0/P1895T04060A0C2F24421.jpg,1895040600,1895040600,gallery/P1895T04060A0/P1895T04060A0C0F24721.jpg,0.66924,0.65132,0.74308,tu_choi,tu_choi,1,7463
query/P2020T04071A2/P2020T04071A2C2F25711.jpg,2020040712,124040411,gallery/P0124T04041A1/P0124T04041A1C0F5221.jpg,0.71121,0.71121,0.74308,tu_choi,tu_choi,1,7463
query/P0691T04071A2/P0691T04071A2C2F14341.jpg,691040712,691040712,gallery/P0691T04071A2/P0691T04071A2C0F10351.jpg,0.66108,0.65142,0.74308,tu_choi,tu_choi,0,7463
query/P0259T04071A2/P0259T04071A2C2F02821.jpg,259040712,1375040600,gallery/P1375T04060A0/P1375T04060A0C0F20131.jpg,0.64759,0.64759,0.74308,tu_choi,tu_choi,1,7463
query/P0119T04070A0/P0119T04070A0C2F10141.jpg,119040700,1375040600,gallery/P1375T04060A0/P1375T04060A0C0F20131.jpg,0.67119,0.67119,0.74308,tu_choi,tu_choi,1,7463
query/P0194T04041A1/P0194T04041A1C2F22891.jpg,194040411,194040411,gallery/P0194T04041A1/P0194T04041A1C0F25081.jpg,0.72074,0.68445,0.74308,tu_choi,tu_choi,1,7463
query/P1191T04071A1/P1191T04071A1C2F18691.jpg,1191040711,1191040711,gallery/P1191T04071A1/P1191T04071A1C0F13381.jpg,0.65074,0.60916,0.74308,tu_choi,tu_choi,0,7463
query/P0944T04070A0/P0944T04070A0C2F20041.jpg,944040700,1706040712,gallery/P1706T04071A2/P1706T04071A2C0F22891.jpg,0.79109,0.79109,0.74308,ban_giao,sai,1,7463
query/P1354T04060A2/P1354T04060A2C2F13291.jpg,1354040602,588040600,gallery/P0588T04060A0/P0588T04060A0C0F10381.jpg,0.70976,0.70976,0.74308,tu_choi,tu_choi,1,7463
query/P0225T04071A0/P0225T04071A0C2F02131.jpg,225040710,810040601,gallery/P0810T04060A1/P0810T04060A1C0F08191.jpg,0.64779,0.64779,0.74308,tu_choi,tu_choi,1,7463
query/P1375T04060A0/P1375T04060A0C2F18541.jpg,1375040600,1375040600,gallery/P1375T04060A0/P1375T04060A0C0F18811.jpg,0.73778,0.6922,0.74308,tu_choi,tu_choi,1,7463
query/P0586T04071A2/P0586T04071A2C2F13321.jpg,586040712,586040712,gallery/P0586T04071A2/P0586T04071A2C0F08311.jpg,0.65834,0.65227,0.74308,tu_choi,tu_choi,1,7463
query/P0769T04060A2/P0769T04060A2C2F04621.jpg,769040602,132040510,gallery/P0132T04051A0/P0132T04051A0C0F23491.jpg,0.70986,0.70986,0.74308,tu_choi,tu_choi,1,7463
query/P0695T04071A1/P0695T04071A1C2F13531.jpg,695040711,695040711,gallery/P0695T04071A1/P0695T04071A1C0F08371.jpg,0.69485,0.68997,0.74308,tu_choi,tu_choi,0,7463
query/P0574T04070A1/P0574T04070A1C2F09631.jpg,574040701,1895040600,gallery/P1895T04060A0/P1895T04060A0C0F24331.jpg,0.73294,0.73294,0.74308,tu_choi,tu_choi,1,7463
query/P0959T04060A1/P0959T04060A1C2F11011.jpg,959040601,335040512,gallery/P0335T04051A2/P0335T04051A2C0F8191.jpg,0.69711,0.69711,0.74308,tu_choi,tu_choi,1,7463
query/P1785T04071A2/P1785T04071A2C2F22621.jpg,1785040712,1785040712,gallery/P1785T04071A2/P1785T04071A2C0F24391.jpg,0.6914,0.68534,0.74308,tu_choi,tu_choi,0,7463
query/P2067T04071A1/P2067T04071A1C2F23791.jpg,2067040711,1652040710,gallery/P1652T04071A0/P1652T04071A0C0F15391.jpg,0.65027,0.65027,0.74308,tu_choi,tu_choi,1,7463
query/P0721T04070A1/P0721T04070A1C2F06661.jpg,721040701,124040411,gallery/P0124T04041A1/P0124T04041A1C0F3901.jpg,0.7899,0.7899,0.74308,ban_giao,sai,1,7463
query/P0215T04051A1/P0215T04051A1C2F19771.jpg,215040511,724040601,gallery/P0724T04060A1/P0724T04060A1C0F07771.jpg,0.73465,0.73465,0.74308,tu_choi,tu_choi,1,7463
query/P1042T04060A0/P1042T04060A0C2F19381.jpg,1042040600,1042040600,gallery/P1042T04060A0/P1042T04060A0C0F13711.jpg,0.77215,0.7289,0.74308,ban_giao,dung,1,7463
query/P1920T04060A1/P1920T04060A1C2F21481.jpg,1920040601,441040700,gallery/P0441T04070A0/P0441T04070A0C0F08641.jpg,0.72147,0.72147,0.74308,tu_choi,tu_choi,1,7463
query/P0119T04070A0/P0119T04070A0C2F10651.jpg,119040700,724040601,gallery/P0724T04060A1/P0724T04060A1C0F07021.jpg,0.70828,0.70828,0.74308,tu_choi,tu_choi,1,7463
query/P1272T04070A2/P1272T04070A2C2F13321.jpg,1272040702,1404040601,gallery/P1404T04060A1/P1404T04060A1C0F16471.jpg,0.63897,0.63897,0.74308,tu_choi,tu_choi,0,7463
query/P0695T04071A1/P0695T04071A1C2F12361.jpg,695040711,189040701,gallery/P0189T04070A1/P0189T04070A1C0F02341.jpg,0.74451,0.74451,0.74308,ban_giao,sai,0,7463
query/P1550T04060A0/P1550T04060A0C2F21451.jpg,1550040600,1550040600,gallery/P1550T04060A0/P1550T04060A0C0F21271.jpg,0.69831,0.67537,0.74308,tu_choi,tu_choi,1,7463
query/P0783T04071A1/P0783T04071A1C2F14101.jpg,783040711,783040711,gallery/P0783T04071A1/P0783T04071A1C0F09061.jpg,0.75641,0.69611,0.74308,ban_giao,dung,1,7463
query/P1042T04060A0/P1042T04060A0C2F19441.jpg,1042040600,1042040600,gallery/P1042T04060A0/P1042T04060A0C0F13711.jpg,0.81692,0.72465,0.74308,ban_giao,dung,1,7463
query/P0652T04071A0/P0652T04071A0C2F07561.jpg,652040710,139040411,gallery/P0139T04041A1/P0139T04041A1C0F8791.jpg,0.75422,0.75422,0.74308,ban_giao,sai,1,7463
query/P4169T04060A2/P4169T04060A2C2F31111.jpg,4169040602,191040710,gallery/P0191T04071A0/P0191T04071A0C0F02371.jpg,0.68366,0.68366,0.74308,tu_choi,tu_choi,1,7463
query/P0213T04060A0/P0213T04060A0C2F18091.jpg,213040600,261040412,gallery/P0261T04041A2/P0261T04041A2C0F11641.jpg,0.69571,0.69571,0.74308,tu_choi,tu_choi,1,7463
query/P0119T04070A0/P0119T04070A0C2F10711.jpg,119040700,1375040600,gallery/P1375T04060A0/P1375T04060A0C0F20221.jpg,0.69872,0.69872,0.74308,tu_choi,tu_choi,1,7463
query/P1243T04060A2/P1243T04060A2C2F14401.jpg,1243040602,1243040602,gallery/P1243T04060A2/P1243T04060A2C0F08701.jpg,0.69984,0.67611,0.74308,tu_choi,tu_choi,0,7463
query/P1015T04071A1/P1015T04071A1C2F16891.jpg,1015040711,8040410,gallery/P0008T04041A0/P0008T04041A0C0F931.jpg,0.69857,0.69857,0.74308,tu_choi,tu_choi,0,7463
query/P1703T04071A2/P1703T04071A2C2F22471.jpg,1703040712,1703040712,gallery/P1703T04071A2/P1703T04071A2C0F22801.jpg,0.74246,0.67584,0.74308,tu_choi,tu_choi,1,7463
query/P0616T04070A0/P0616T04070A0C2F10321.jpg,616040700,167040411,gallery/P0167T04041A1/P0167T04041A1C0F17521.jpg,0.75219,0.75219,0.74308,ban_giao,sai,1,7463
query/P1550T04060A0/P1550T04060A0C2F20971.jpg,1550040600,395040600,gallery/P0395T04060A0/P0395T04060A0C0F06781.jpg,0.67791,0.67791,0.74308,tu_choi,tu_choi,1,7463
query/P0657T04070A2/P0657T04070A2C2F08251.jpg,657040702,119040700,gallery/P0119T04070A0/P0119T04070A0C0F04981.jpg,0.63416,0.63416,0.74308,tu_choi,tu_choi,1,7463
query/P2414T04071A0/P2414T04071A0C2F26131.jpg,2414040710,1523040602,gallery/P1523T04060A2/P1523T04060A2C0F09991.jpg,0.71036,0.71036,0.74308,tu_choi,tu_choi,1,7463
query/P0280T04041A2/P0280T04041A2C2F18151.jpg,280040412,280040412,gallery/P0280T04041A2/P0280T04041A2C0F14731.jpg,0.71418,0.71042,0.74308,tu_choi,tu_choi,1,7463
query/P1706T04071A2/P1706T04071A2C2F22681.jpg,1706040712,588040600,gallery/P0588T04060A0/P0588T04060A0C0F08911.jpg,0.74525,0.74525,0.74308,ban_giao,sai,1,7463
query/P0420T04071A2/P0420T04071A2C2F05881.jpg,420040712,522040712,gallery/P0522T04071A2/P0522T04071A2C0F08281.jpg,0.65562,0.65562,0.74308,tu_choi,tu_choi,1,7463
query/P0594T04060A1/P0594T04060A1C2F11251.jpg,594040601,594040601,gallery/P0594T04060A1/P0594T04060A1C0F06061.jpg,0.6588,0.64158,0.74308,tu_choi,tu_choi,0,7463
query/P0119T04070A0/P0119T04070A0C2F09811.jpg,119040700,2200040601,gallery/P2200T04060A1/P2200T04060A1C0F25081.jpg,0.68904,0.68904,0.74308,tu_choi,tu_choi,1,7463
query/P3935T04060A2/P3935T04060A2C2F29821.jpg,3935040602,1895040600,gallery/P1895T04060A0/P1895T04060A0C0F24391.jpg,0.70362,0.70362,0.74308,tu_choi,tu_choi,1,7463
query/P0368T04071A2/P0368T04071A2C2F04381.jpg,368040712,199040411,gallery/P0199T04041A1/P0199T04041A1C0F26251.jpg,0.71121,0.71121,0.74308,tu_choi,tu_choi,1,7463
query/P0819T04071A1/P0819T04071A1C2F12061.jpg,819040711,8040410,gallery/P0008T04041A0/P0008T04041A0C0F2611.jpg,0.73911,0.73911,0.74308,tu_choi,tu_choi,1,7463
query/P0001T04071A2/P0001T04071A2C2F05161.jpg,1040712,1040712,gallery/P0001T04071A2/P0001T04071A2C0F00601.jpg,0.65505,0.6096,0.74308,tu_choi,tu_choi,1,7463
query/P0419T04071A2/P0419T04071A2C2F05281.jpg,419040712,1785040712,gallery/P1785T04071A2/P1785T04071A2C0F24541.jpg,0.69207,0.69207,0.74308,tu_choi,tu_choi,0,7463
query/P0977T04060A1/P0977T04060A1C2F10711.jpg,977040601,225040710,gallery/P0225T04071A0/P0225T04071A0C0F03961.jpg,0.68127,0.68127,0.74308,tu_choi,tu_choi,1,7463
query/P0783T04071A1/P0783T04071A1C2F13861.jpg,783040711,4169040602,gallery/P4169T04060A2/P4169T04060A2C0F26341.jpg,0.67825,0.67825,0.74308,tu_choi,tu_choi,1,7463
query/P0191T04071A0/P0191T04071A0C2F01171.jpg,191040710,594040710,gallery/P0594T04071A0/P0594T04071A0C0F07741.jpg,0.7576,0.7576,0.74308,ban_giao,sai,1,7463
query/P0209T04071A0/P0209T04071A0C2F01861.jpg,209040710,209040710,gallery/P0209T04071A0/P0209T04071A0C0F02341.jpg,0.70182,0.66598,0.74308,tu_choi,tu_choi,1,7463
query/P0702T04070A0/P0702T04070A0C2F11641.jpg,702040700,702040700,gallery/P0702T04070A0/P0702T04070A0C0F13831.jpg,0.659,0.65206,0.74308,tu_choi,tu_choi,1,7463
query/P0810T04060A1/P0810T04060A1C2F13441.jpg,810040601,335040512,gallery/P0335T04051A2/P0335T04051A2C0F8251.jpg,0.64827,0.64827,0.74308,tu_choi,tu_choi,0,7463
query/P0368T04071A2/P0368T04071A2C2F04081.jpg,368040712,199040411,gallery/P0199T04041A1/P0199T04041A1C0F26251.jpg,0.67672,0.67672,0.74308,tu_choi,tu_choi,1,7463
query/P0768T04071A2/P0768T04071A2C2F10441.jpg,768040712,335040600,gallery/P0335T04060A0/P0335T04060A0C0F06511.jpg,0.65036,0.65036,0.74308,tu_choi,tu_choi,1,7463
query/P0119T04051A0/P0119T04051A0C2F22681.jpg,119040510,1375040600,gallery/P1375T04060A0/P1375T04060A0C0F19651.jpg,0.66198,0.66198,0.74308,tu_choi,tu_choi,1,7463
query/P2003T04060A0/P2003T04060A0C2F26641.jpg,2003040600,2003040600,gallery/P2003T04060A0/P2003T04060A0C0F26401.jpg,0.81441,0.67929,0.74308,ban_giao,dung,1,7463
query/P1566T04071A1/P1566T04071A1C2F23281.jpg,1566040711,1566040711,gallery/P1566T04071A1/P1566T04071A1C0F18751.jpg,0.7105,0.68112,0.74308,tu_choi,tu_choi,0,7463
query/P1550T04060A0/P1550T04060A0C2F21091.jpg,1550040600,1550040600,gallery/P1550T04060A0/P1550T04060A0C0F21751.jpg,0.66488,0.66156,0.74308,tu_choi,tu_choi,1,7463
query/P0751T04070A2/P0751T04070A2C2F08131.jpg,751040702,1895040600,gallery/P1895T04060A0/P1895T04060A0C0F24331.jpg,0.68427,0.68427,0.74308,tu_choi,tu_choi,1,7463
query/P0657T04060A1/P0657T04060A1C2F05731.jpg,657040601,586040712,gallery/P0586T04071A2/P0586T04071A2C0F08521.jpg,0.66893,0.66893,0.74308,tu_choi,tu_choi,0,7463
query/P2144T04070A2/P2144T04070A2C2F13291.jpg,2144040702,316040412,gallery/P0316T04041A2/P0316T04041A2C0F21301.jpg,0.66135,0.66135,0.74308,tu_choi,tu_choi,1,7463
query/P1846T04070A0/P1846T04070A0C2F26341.jpg,1846040700,124040411,gallery/P0124T04041A1/P0124T04041A1C0F3721.jpg,0.73179,0.73179,0.74308,tu_choi,tu_choi,1,7463
query/P1730T04060A0/P1730T04060A0C2F22291.jpg,1730040600,1566040711,gallery/P1566T04071A1/P1566T04071A1C0F18691.jpg,0.69707,0.69707,0.74308,tu_choi,tu_choi,1,7463
query/P0895T04060A1/P0895T04060A1C2F08551.jpg,895040601,1211040711,gallery/P1211T04071A1/P1211T04071A1C0F13501.jpg,0.75755,0.75755,0.74308,ban_giao,sai,0,7463
query/P0335T04051A2/P0335T04051A2C2F12271.jpg,335040512,191040710,gallery/P0191T04071A0/P0191T04071A0C0F02371.jpg,0.74023,0.74023,0.74308,tu_choi,tu_choi,0,7463
query/P1703T04071A2/P1703T04071A2C2F22711.jpg,1703040712,189040701,gallery/P0189T04070A1/P0189T04070A1C0F02011.jpg,0.72448,0.72448,0.74308,tu_choi,tu_choi,1,7463
query/P1838T04071A2/P1838T04071A2C2F30241.jpg,1838040712,192040411,gallery/P0192T04041A1/P0192T04041A1C0F24691.jpg,0.68492,0.68492,0.74308,tu_choi,tu_choi,0,7463
query/P0240T04041A2/P0240T04041A2C2F6991.jpg,240040412,414040512,gallery/P0414T04051A2/P0414T04051A2C0F13771.jpg,0.7142,0.7142,0.74308,tu_choi,tu_choi,0,7463
query/P0588T04060A0/P0588T04060A0C2F08431.jpg,588040600,124040411,gallery/P0124T04041A1/P0124T04041A1C0F4741.jpg,0.74649,0.74649,0.74308,ban_giao,sai,1,7463
query/P0786T04071A1/P0786T04071A1C2F13681.jpg,786040711,2200040601,gallery/P2200T04060A1/P2200T04060A1C0F25321.jpg,0.74598,0.74598,0.74308,ban_giao,sai,1,7463
query/P4169T04060A2/P4169T04060A2C2F30841.jpg,4169040602,1040712,gallery/P0001T04071A2/P0001T04071A2C0F00841.jpg,0.65989,0.65989,0.74308,tu_choi,tu_choi,1,7463
query/P1622T04071A2/P1622T04071A2C2F26641.jpg,1622040712,1622040712,gallery/P1622T04071A2/P1622T04071A2C0F22051.jpg,0.68373,0.68321,0.74308,tu_choi,tu_choi,1,7463
query/P0018T04041A0/P0018T04041A0C2F25411.jpg,18040410,192040411,gallery/P0192T04041A1/P0192T04041A1C0F24601.jpg,0.74249,0.74249,0.74308,tu_choi,tu_choi,1,7463
query/P0469T04060A2/P0469T04060A2C2F03511.jpg,469040602,250040511,gallery/P0250T04051A1/P0250T04051A1C0F23761.jpg,0.69797,0.69797,0.74308,tu_choi,tu_choi,0,7463
query/P1895T04060A0/P1895T04060A0C2F23971.jpg,1895040600,1895040600,gallery/P1895T04060A0/P1895T04060A0C0F25321.jpg,0.74823,0.69901,0.74308,ban_giao,dung,1,7463
query/P2043T04071A0/P2043T04071A0C2F18061.jpg,2043040710,248040412,gallery/P0248T04041A2/P0248T04041A2C0F8251.jpg,0.64557,0.64557,0.74308,tu_choi,tu_choi,1,7463
query/P0175T04071A0/P0175T04071A0C2F07081.jpg,175040710,175040710,gallery/P0175T04071A0/P0175T04071A0C0F02401.jpg,0.70158,0.66921,0.74308,tu_choi,tu_choi,0,7463
query/P2210T04060A1/P2210T04060A1C2F24901.jpg,2210040601,1211040711,gallery/P1211T04071A1/P1211T04071A1C0F13501.jpg,0.76382,0.76382,0.74308,ban_giao,sai,1,7463
query/P0652T04071A0/P0652T04071A0C2F07861.jpg,652040710,973040710,gallery/P0973T04071A0/P0973T04071A0C0F10171.jpg,0.71635,0.71635,0.74308,tu_choi,tu_choi,1,7463
query/P0575T04060A2/P0575T04060A2C2F08851.jpg,575040602,1425040700,gallery/P1425T04070A0/P1425T04070A0C0F21901.jpg,0.67328,0.67328,0.74308,tu_choi,tu_choi,0,7463
query/P2601T04071A0/P2601T04071A0C2F26551.jpg,2601040710,586040712,gallery/P0586T04071A2/P0586T04071A2C0F08161.jpg,0.63779,0.63779,0.74308,tu_choi,tu_choi,0,7463
query/P0395T04060A0/P0395T04060A0C2F01321.jpg,395040600,1566040711,gallery/P1566T04071A1/P1566T04071A1C0F18781.jpg,0.67685,0.67685,0.74308,tu_choi,tu_choi,1,7463
query/P3935T04060A2/P3935T04060A2C2F30211.jpg,3935040602,1622040712,gallery/P1622T04071A2/P1622T04071A2C0F21331.jpg,0.70355,0.70355,0.74308,tu_choi,tu_choi,1,7463
query/P1180T04060A0/P1180T04060A0C2F15001.jpg,1180040600,248040711,gallery/P0248T04071A1/P0248T04071A1C0F02791.jpg,0.75976,0.75976,0.74308,ban_giao,sai,0,7463
query/P0917T04071A1/P0917T04071A1C2F16081.jpg,917040711,283040412,gallery/P0283T04041A2/P0283T04041A2C0F15961.jpg,0.67872,0.67872,0.74308,tu_choi,tu_choi,0,7463
query/P1836T04071A0/P1836T04071A0C2F23521.jpg,1836040710,2511040710,gallery/P2511T04071A0/P2511T04071A0C0F21811.jpg,0.67137,0.67137,0.74308,tu_choi,tu_choi,1,7463
query/P0416T04070A1/P0416T04070A1C2F03571.jpg,416040701,706040702,gallery/P0706T04070A2/P0706T04070A2C0F03931.jpg,0.65131,0.65131,0.74308,tu_choi,tu_choi,1,7463
query/P0666T04071A0/P0666T04071A0C2F07921.jpg,666040710,2043040710,gallery/P2043T04071A0/P2043T04071A0C0F18271.jpg,0.68919,0.68919,0.74308,tu_choi,tu_choi,1,7463
query/P1724T04070A1/P1724T04070A1C2F26521.jpg,1724040701,1724040701,gallery/P1724T04070A1/P1724T04070A1C0F19651.jpg,0.636,0.61828,0.74308,tu_choi,tu_choi,1,7463
query/P1622T04071A2/P1622T04071A2C2F27601.jpg,1622040712,1375040600,gallery/P1375T04060A0/P1375T04060A0C0F20221.jpg,0.70454,0.70454,0.74308,tu_choi,tu_choi,1,7463
query/P0588T04060A0/P0588T04060A0C2F08611.jpg,588040600,588040600,gallery/P0588T04060A0/P0588T04060A0C0F08941.jpg,0.73069,0.69129,0.74308,tu_choi,tu_choi,1,7463
query/P2197T04070A1/P2197T04070A1C2F30211.jpg,2197040701,1488040600,gallery/P1488T04060A0/P1488T04060A0C0F21001.jpg,0.64346,0.64346,0.74308,tu_choi,tu_choi,0,7463
query/P1162T04071A1/P1162T04071A1C2F12601.jpg,1162040711,1042040600,gallery/P1042T04060A0/P1042T04060A0C0F13411.jpg,0.62225,0.62225,0.74308,tu_choi,tu_choi,0,7463
query/P0284T04041A2/P0284T04041A2C2F10561.jpg,284040412,594040710,gallery/P0594T04071A0/P0594T04071A0C0F07741.jpg,0.70681,0.70681,0.74308,tu_choi,tu_choi,0,7463
query/P0441T04070A0/P0441T04070A0C2F06871.jpg,441040700,134040411,gallery/P0134T04041A1/P0134T04041A1C0F6841.jpg,0.76144,0.76144,0.74308,ban_giao,sai,1,7463
query/P1652T04071A0/P1652T04071A0C2F14551.jpg,1652040710,1652040710,gallery/P1652T04071A0/P1652T04071A0C0F15391.jpg,0.67918,0.67825,0.74308,tu_choi,tu_choi,0,7463
query/P0721T04070A1/P0721T04070A1C2F06541.jpg,721040701,125040411,gallery/P0125T04041A1/P0125T04041A1C0F4441.jpg,0.75175,0.75175,0.74308,ban_giao,sai,1,7463
query/P1005T04071A0/P1005T04071A0C2F15151.jpg,1005040710,199040411,gallery/P0199T04041A1/P0199T04041A1C0F26251.jpg,0.66778,0.66778,0.74308,tu_choi,tu_choi,1,7463
query/P2265T04060A1/P2265T04060A1C2F25711.jpg,2265040601,761040700,gallery/P0761T04070A0/P0761T04070A0C0F12961.jpg,0.67899,0.67899,0.74308,tu_choi,tu_choi,1,7463
query/P0211T04051A1/P0211T04051A1C2F14491.jpg,211040511,441040700,gallery/P0441T04070A0/P0441T04070A0C0F08641.jpg,0.68303,0.68303,0.74308,tu_choi,tu_choi,1,7463
query/P3727T04060A2/P3727T04060A2C2F22441.jpg,3727040602,3727040602,gallery/P3727T04060A2/P3727T04060A2C0F25081.jpg,0.73367,0.72551,0.74308,tu_choi,tu_choi,0,7463
query/P0594T04071A0/P0594T04071A0C2F06421.jpg,594040710,594040710,gallery/P0594T04071A0/P0594T04071A0C0F07141.jpg,0.70162,0.6812,0.74308,tu_choi,tu_choi,1,7463
query/P1805T04070A0/P1805T04070A0C2F30271.jpg,1805040700,150040711,gallery/P0150T04071A1/P0150T04071A1C0F04951.jpg,0.69565,0.69565,0.74308,tu_choi,tu_choi,0,7463
query/P0416T04070A1/P0416T04070A1C2F03211.jpg,416040701,167040511,gallery/P0167T04051A1/P0167T04051A1C0F3241.jpg,0.69394,0.69394,0.74308,tu_choi,tu_choi,1,7463
query/P2511T04071A0/P2511T04071A0C2F27181.jpg,2511040710,710040601,gallery/P0710T04060A1/P0710T04060A1C0F08641.jpg,0.72367,0.72367,0.74308,tu_choi,tu_choi,1,7463
query/P0130T04060A0/P0130T04060A0C2F07621.jpg,130040600,431040512,gallery/P0431T04051A2/P0431T04051A2C0F15961.jpg,0.71765,0.71765,0.74308,tu_choi,tu_choi,1,7463
query/P1785T04071A2/P1785T04071A2C2F23191.jpg,1785040712,1785040712,gallery/P1785T04071A2/P1785T04071A2C0F24301.jpg,0.74552,0.63014,0.74308,ban_giao,dung,0,7463
query/P4169T04060A2/P4169T04060A2C2F30931.jpg,4169040602,1040712,gallery/P0001T04071A2/P0001T04071A2C0F00541.jpg,0.6764,0.6764,0.74308,tu_choi,tu_choi,1,7463
query/P0769T04060A2/P0769T04060A2C2F04171.jpg,769040602,414040512,gallery/P0414T04051A2/P0414T04051A2C0F14101.jpg,0.69463,0.69463,0.74308,tu_choi,tu_choi,1,7463
query/P0575T04060A2/P0575T04060A2C2F09121.jpg,575040602,692040601,gallery/P0692T04060A1/P0692T04060A1C0F07171.jpg,0.69818,0.69818,0.74308,tu_choi,tu_choi,0,7463
query/P1895T04060A0/P1895T04060A0C2F24061.jpg,1895040600,588040600,gallery/P0588T04060A0/P0588T04060A0C0F10381.jpg,0.70908,0.70908,0.74308,tu_choi,tu_choi,1,7463
