truy_van,pid_that,pid_du_doan,anh_uav_chon,diem_co_mat,diem_vang_mat,nguong,quyet_dinh,ket_qua,giong_ao,so_ung_vien
query/P0399T03220A0/P0399T03220A0C3F02311.jpg,399032200,399032200,gallery/P0399T03220A0/P0399T03220A0C0F04711.jpg,0.65246,0.6437,0.75009,tu_choi,tu_choi,1,8747
query/P0010T02210A0/P0010T02210A0C3F1441.jpg,10022100,10022100,gallery/P0010T02210A0/P0010T02210A0C0F1981.jpg,0.63661,0.61079,0.75009,tu_choi,tu_choi,1,8747
query/P1005T03220A0/P1005T03220A0C3F09631.jpg,1005032200,140040411,gallery/P0140T04041A1/P0140T04041A1C0F10021.jpg,0.6887,0.6887,0.75009,tu_choi,tu_choi,1,8747
query/P0851T03241A2/P0851T03241A2C3F08671.jpg,851032412,269040412,gallery/P0269T04041A2/P0269T04041A2C0F13861.jpg,0.68387,0.68387,0.75009,tu_choi,tu_choi,1,8747
query/P0244T03220A0/P0244T03220A0C3F01891.jpg,244032200,193022200,gallery/P0193T02220A0/P0193T02220A0C0F06001.jpg,0.6561,0.6561,0.75009,tu_choi,tu_choi,1,8747
query/P0139T03241A0/P0139T03241A0C3F00481.jpg,139032410,1798032410,gallery/P1798T03241A0/P1798T03241A0C0F21061.jpg,0.67721,0.67721,0.75009,tu_choi,tu_choi,1,8747
query/P0576T03241A1/P0576T03241A1C3F01831.jpg,576032411,240040412,gallery/P0240T04041A2/P0240T04041A2C0F7261.jpg,0.76644,0.76644,0.75009,ban_giao,sai,1,8747
query/P0789T02220A1/P0789T02220A1C3F12451.jpg,789022201,789022201,gallery/P0789T02220A1/P0789T02220A1C0F24781.jpg,0.74184,0.68903,0.75009,tu_choi,tu_choi,0,8747
query/P0748T02220A2/P0748T02220A2C3F12211.jpg,748022202,184040411,gallery/P0184T04041A1/P0184T04041A1C0F21631.jpg,0.72505,0.72505,0.75009,tu_choi,tu_choi,1,8747
query/P0135T02210A1/P0135T02210A1C3F5521.jpg,135022101,330022200,gallery/P0330T02220A0/P0330T02220A0C0F11851.jpg,0.6894,0.6894,0.75009,tu_choi,tu_choi,0,8747
query/P0244T03220A0/P0244T03220A0C3F01981.jpg,244032200,1427032410,gallery/P1427T03241A0/P1427T03241A0C0F16561.jpg,0.67656,0.67656,0.75009,tu_choi,tu_choi,1,8747
query/P0851T03241A2/P0851T03241A2C3F08641.jpg,851032412,269040412,gallery/P0269T04041A2/P0269T04041A2C0F13651.jpg,0.70724,0.70724,0.75009,tu_choi,tu_choi,1,8747
query/P0988T03241A1/P0988T03241A1C3F03001.jpg,988032411,938032200,gallery/P0938T03220A0/P0938T03220A0C0F14971.jpg,0.7962,0.7962,0.75009,ban_giao,sai,0,8747
query/P1137T03241A2/P1137T03241A2C3F09481.jpg,1137032412,653032200,gallery/P0653T03220A0/P0653T03220A0C0F08251.jpg,0.6299,0.6299,0.75009,tu_choi,tu_choi,0,8747
query/P0342T02220A2/P0342T02220A2C3F08521.jpg,342022202,342022202,gallery/P0342T02220A2/P0342T02220A2C0F15151.jpg,0.67491,0.65852,0.75009,tu_choi,tu_choi,0,8747
query/P0763T03241A1/P0763T03241A1C3F01921.jpg,763032411,763032411,gallery/P0763T03241A1/P0763T03241A1C0F04351.jpg,0.80042,0.71465,0.75009,ban_giao,dung,1,8747
query/P0422T03241A2/P0422T03241A2C3F05521.jpg,422032412,422032412,gallery/P0422T03241A2/P0422T03241A2C0F04921.jpg,0.72421,0.70686,0.75009,tu_choi,tu_choi,0,8747
query/P0748T02220A2/P0748T02220A2C3F12091.jpg,748022202,22021400,gallery/P0022T02140A0/P0022T02140A0C0F18811.jpg,0.67855,0.67855,0.75009,tu_choi,tu_choi,1,8747
query/P0988T03241A1/P0988T03241A1C3F03481.jpg,988032411,284040412,gallery/P0284T04041A2/P0284T04041A2C0F16141.jpg,0.72732,0.72732,0.75009,tu_choi,tu_choi,0,8747
query/P1316T03241A1/P1316T03241A1C3F05401.jpg,1316032411,214040412,gallery/P0214T04041A2/P0214T04041A2C0F841.jpg,0.77049,0.77049,0.75009,ban_giao,sai,0,8747
query/P1925T03220A2/P1925T03220A2C3F13411.jpg,1925032202,2021400,gallery/P0002T02140A0/P0002T02140A0C0F361.jpg,0.67869,0.67869,0.75009,tu_choi,tu_choi,1,8747
query/P1202T03241A1/P1202T03241A1C3F04201.jpg,1202032411,204040411,gallery/P0204T04041A1/P0204T04041A1C0F5011.jpg,0.70725,0.70725,0.75009,tu_choi,tu_choi,1,8747
query/P2448T03241A1/P2448T03241A1C3F10021.jpg,2448032411,2448032411,gallery/P2448T03241A1/P2448T03241A1C0F18661.jpg,0.7481,0.72927,0.75009,tu_choi,tu_choi,1,8747
query/P2041T03241A1/P2041T03241A1C3F08461.jpg,2041032411,470032200,gallery/P0470T03220A0/P0470T03220A0C0F06571.jpg,0.69954,0.69954,0.75009,tu_choi,tu_choi,1,8747
query/P0582T03220A1/P0582T03220A1C3F04021.jpg,582032201,582032201,gallery/P0582T03220A1/P0582T03220A1C0F08401.jpg,0.64751,0.63344,0.75009,tu_choi,tu_choi,1,8747
query/P0780T03241A0/P0780T03241A0C3F04441.jpg,780032410,269022200,gallery/P0269T02220A0/P0269T02220A0C0F08311.jpg,0.70095,0.70095,0.75009,tu_choi,tu_choi,1,8747
query/P1630T03220A0/P1630T03220A0C3F13921.jpg,1630032200,844032411,gallery/P0844T03241A1/P0844T03241A1C0F05281.jpg,0.66804,0.66804,0.75009,tu_choi,tu_choi,0,8747
query/P1654T03220A1/P1654T03220A1C3F12061.jpg,1654032201,1798032410,gallery/P1798T03241A0/P1798T03241A0C0F20971.jpg,0.64835,0.64835,0.75009,tu_choi,tu_choi,0,8747
query/P1248T03241A0/P1248T03241A0C3F11131.jpg,1248032410,30040410,gallery/P0030T04041A0/P0030T04041A0C0F7591.jpg,0.7132,0.7132,0.75009,tu_choi,tu_choi,1,8747
query/P0552T02220A1/P0552T02220A1C3F06661.jpg,552022201,552022201,gallery/P0552T02220A1/P0552T02220A1C0F13201.jpg,0.7125,0.68831,0.75009,tu_choi,tu_choi,1,8747
query/P0968T03220A1/P0968T03220A1C3F07051.jpg,968032201,181040411,gallery/P0181T04041A1/P0181T04041A1C0F20791.jpg,0.66186,0.66186,0.75009,tu_choi,tu_choi,1,8747
query/P1740T03220A2/P1740T03220A2C3F10471.jpg,1740032202,184040411,gallery/P0184T04041A1/P0184T04041A1C0F21601.jpg,0.67396,0.67396,0.75009,tu_choi,tu_choi,1,8747
query/P0653T03220A0/P0653T03220A0C3F04501.jpg,653032200,1046032410,gallery/P1046T03241A0/P1046T03241A0C0F12421.jpg,0.7366,0.7366,0.75009,tu_choi,tu_choi,1,8747
query/P0517T02220A1/P0517T02220A1C3F07231.jpg,517022201,517022201,gallery/P0517T02220A1/P0517T02220A1C0F10921.jpg,0.71776,0.68077,0.75009,tu_choi,tu_choi,1,8747
query/P2342T03241A1/P2342T03241A1C3F09451.jpg,2342032411,2342032411,gallery/P2342T03241A1/P2342T03241A1C0F18241.jpg,0.71648,0.7107,0.75009,tu_choi,tu_choi,1,8747
query/P0269T02220A0/P0269T02220A0C3F05731.jpg,269022200,269022200,gallery/P0269T02220A0/P0269T02220A0C0F08611.jpg,0.71721,0.6819,0.75009,tu_choi,tu_choi,1,8747
query/P1316T03241A1/P1316T03241A1C3F05131.jpg,1316032411,748022202,gallery/P0748T02220A2/P0748T02220A2C0F20551.jpg,0.65967,0.65967,0.75009,tu_choi,tu_choi,0,8747
query/P0313T02220A0/P0313T02220A0C3F07111.jpg,313022200,313022200,gallery/P0313T02220A0/P0313T02220A0C0F10411.jpg,0.71354,0.69504,0.75009,tu_choi,tu_choi,1,8747
query/P0094T02220A1/P0094T02220A1C3F02221.jpg,94022201,470032200,gallery/P0470T03220A0/P0470T03220A0C0F06571.jpg,0.7394,0.7394,0.75009,tu_choi,tu_choi,1,8747
query/P0581T03220A2/P0581T03220A2C3F03151.jpg,581032202,124040411,gallery/P0124T04041A1/P0124T04041A1C0F3901.jpg,0.70944,0.70944,0.75009,tu_choi,tu_choi,1,8747
query/P0422T03241A2/P0422T03241A2C3F05551.jpg,422032412,422032412,gallery/P0422T03241A2/P0422T03241A2C0F04861.jpg,0.76146,0.74216,0.75009,ban_giao,dung,0,8747
query/P0575T03241A2/P0575T03241A2C3F07111.jpg,575032412,575032412,gallery/P0575T03241A2/P0575T03241A2C0F07651.jpg,0.74403,0.70599,0.75009,tu_choi,tu_choi,1,8747
query/P1655T03220A1/P1655T03220A1C3F12121.jpg,1655032201,279022102,gallery/P0279T02210A2/P0279T02210A2C0F21271.jpg,0.6351,0.6351,0.75009,tu_choi,tu_choi,1,8747
query/P0470T03241A1/P0470T03241A1C3F03061.jpg,470032411,896032410,gallery/P0896T03241A0/P0896T03241A0C0F11731.jpg,0.72445,0.72445,0.75009,tu_choi,tu_choi,1,8747
query/P0845T03241A0/P0845T03241A0C3F02851.jpg,845032410,326022201,gallery/P0326T02220A1/P0326T02220A1C0F05161.jpg,0.63862,0.63862,0.75009,tu_choi,tu_choi,1,8747
query/P1630T03220A0/P1630T03220A0C3F13801.jpg,1630032200,2448032411,gallery/P2448T03241A1/P2448T03241A1C0F18901.jpg,0.67638,0.67638,0.75009,tu_choi,tu_choi,0,8747
query/P1337T03220A2/P1337T03220A2C3F09511.jpg,1337032202,573022201,gallery/P0573T02220A1/P0573T02220A1C0F14551.jpg,0.6203,0.6203,0.75009,tu_choi,tu_choi,0,8747
query/P0851T03241A2/P0851T03241A2C3F08191.jpg,851032412,851032412,gallery/P0851T03241A2/P0851T03241A2C0F10861.jpg,0.73598,0.72636,0.75009,tu_choi,tu_choi,1,8747
query/P0056T02140A1/P0056T02140A1C3F12541.jpg,56021401,56021401,gallery/P0056T02140A1/P0056T02140A1C0F24781.jpg,0.72264,0.59437,0.75009,tu_choi,tu_choi,1,8747
query/P2207T03241A0/P2207T03241A0C3F12241.jpg,2207032410,120022201,gallery/P0120T02220A1/P0120T02220A1C0F03091.jpg,0.6269,0.6269,0.75009,tu_choi,tu_choi,1,8747
query/P0123T02210A1/P0123T02210A1C3F3721.jpg,123022101,123022101,gallery/P0123T02210A1/P0123T02210A1C0F11851.jpg,0.65868,0.64531,0.75009,tu_choi,tu_choi,1,8747
query/P0780T03241A0/P0780T03241A0C3F04321.jpg,780032410,184040411,gallery/P0184T04041A1/P0184T04041A1C0F21631.jpg,0.78662,0.78662,0.75009,ban_giao,sai,1,8747
query/P0544T02220A0/P0544T02220A0C3F09931.jpg,544022200,544022200,gallery/P0544T02220A0/P0544T02220A0C0F20011.jpg,0.77411,0.73357,0.75009,ban_giao,dung,1,8747
query/P0276T04041A2/P0276T04041A2C3F7411.jpg,276040412,1427032410,gallery/P1427T03241A0/P1427T03241A0C0F16681.jpg,0.72911,0.72911,0.75009,tu_choi,tu_choi,0,8747
query/P0288T03241A2/P0288T03241A2C3F05401.jpg,288032412,780032410,gallery/P0780T03241A0/P0780T03241A0C0F10651.jpg,0.66407,0.66407,0.75009,tu_choi,tu_choi,0,8747
query/P0790T03220A0/P0790T03220A0C3F05911.jpg,790032200,790032200,gallery/P0790T03220A0/P0790T03220A0C0F12751.jpg,0.72263,0.70881,0.75009,tu_choi,tu_choi,1,8747
query/P0860T02220A2/P0860T02220A2C3F12811.jpg,860022202,780032410,gallery/P0780T03241A0/P0780T03241A0C0F09811.jpg,0.73768,0.73768,0.75009,tu_choi,tu_choi,1,8747
query/P0565T03241A1/P0565T03241A1C3F01831.jpg,565032411,565032411,gallery/P0565T03241A1/P0565T03241A1C0F03961.jpg,0.75108,0.73173,0.75009,ban_giao,dung,1,8747
query/P1130T03241A2/P1130T03241A2C3F11581.jpg,1130032412,22021400,gallery/P0022T02140A0/P0022T02140A0C0F18961.jpg,0.69895,0.69895,0.75009,tu_choi,tu_choi,1,8747
query/P0371T03241A2/P0371T03241A2C3F04861.jpg,371032412,318040412,gallery/P0318T04041A2/P0318T04041A2C0F24241.jpg,0.69235,0.69235,0.75009,tu_choi,tu_choi,1,8747
query/P0860T02220A2/P0860T02220A2C3F12241.jpg,860022202,359032410,gallery/P0359T03241A0/P0359T03241A0C0F03991.jpg,0.68566,0.68566,0.75009,tu_choi,tu_choi,1,8747
query/P0455T03241A0/P0455T03241A0C3F03031.jpg,455032410,455032410,gallery/P0455T03241A0/P0455T03241A0C0F06511.jpg,0.8004,0.72085,0.75009,ban_giao,dung,0,8747
query/P0184T04041A1/P0184T04041A1C3F10561.jpg,184040411,330022200,gallery/P0330T02220A0/P0330T02220A0C0F11851.jpg,0.77689,0.77689,0.75009,ban_giao,sai,1,8747
query/P0763T03241A1/P0763T03241A1C3F02041.jpg,763032411,763032411,gallery/P0763T03241A1/P0763T03241A1C0F04351.jpg,0.84663,0.76776,0.75009,ban_giao,dung,1,8747
query/P1925T03220A2/P1925T03220A2C3F13321.jpg,1925032202,149032410,gallery/P0149T03241A0/P0149T03241A0C0F02401.jpg,0.71194,0.71194,0.75009,tu_choi,tu_choi,1,8747
query/P0692T02220A0/P0692T02220A0C3F12421.jpg,692022200,692022200,gallery/P0692T02220A0/P0692T02220A0C0F25201.jpg,0.80097,0.71451,0.75009,ban_giao,dung,1,8747
query/P0728T02220A1/P0728T02220A1C3F11971.jpg,728022201,844032411,gallery/P0844T03241A1/P0844T03241A1C0F05581.jpg,0.73888,0.73888,0.75009,tu_choi,tu_choi,1,8747
query/P0838T03241A2/P0838T03241A2C3F07891.jpg,838032412,838032412,gallery/P0838T03241A2/P0838T03241A2C0F10951.jpg,0.67633,0.67408,0.75009,tu_choi,tu_choi,1,8747
query/P0094T02220A1/P0094T02220A1C3F01831.jpg,94022201,1427032410,gallery/P1427T03241A0/P1427T03241A0C0F16561.jpg,0.68037,0.68037,0.75009,tu_choi,tu_choi,1,8747
query/P0320T02220A0/P0320T02220A0C3F06301.jpg,320022200,790032200,gallery/P0790T03220A0/P0790T03220A0C0F13141.jpg,0.7652,0.7652,0.75009,ban_giao,sai,1,8747
query/P0802T03241A1/P0802T03241A1C3F02311.jpg,802032411,54021401,gallery/P0054T02140A1/P0054T02140A1C0F23491.jpg,0.74819,0.74819,0.75009,tu_choi,tu_choi,1,8747
query/P0367T02220A0/P0367T02220A0C3F06241.jpg,367022200,790032200,gallery/P0790T03220A0/P0790T03220A0C0F11791.jpg,0.64039,0.64039,0.75009,tu_choi,tu_choi,1,8747
query/P0409T03241A2/P0409T03241A2C3F05581.jpg,409032412,1907032410,gallery/P1907T03241A0/P1907T03241A0C0F23971.jpg,0.63724,0.63724,0.75009,tu_choi,tu_choi,0,8747
query/P0552T02220A1/P0552T02220A1C3F07141.jpg,552022201,313022200,gallery/P0313T02220A0/P0313T02220A0C0F10321.jpg,0.68959,0.68959,0.75009,tu_choi,tu_choi,1,8747
query/P0417T02220A1/P0417T02220A1C3F04861.jpg,417022201,417022201,gallery/P0417T02220A1/P0417T02220A1C0F09541.jpg,0.6928,0.68161,0.75009,tu_choi,tu_choi,1,8747
query/P0579T02220A1/P0579T02220A1C3F07291.jpg,579022201,579022201,gallery/P0579T02220A1/P0579T02220A1C0F14101.jpg,0.68603,0.67065,0.75009,tu_choi,tu_choi,0,8747
query/P0417T02220A1/P0417T02220A1C3F04681.jpg,417022201,559032412,gallery/P0559T03241A2/P0559T03241A2C0F07471.jpg,0.68436,0.68436,0.75009,tu_choi,tu_choi,1,8747
query/P0693T03241A2/P0693T03241A2C3F07981.jpg,693032412,34032410,gallery/P0034T03241A0/P0034T03241A0C0F00331.jpg,0.66447,0.66447,0.75009,tu_choi,tu_choi,1,8747
query/P1005T03220A0/P1005T03220A0C3F09991.jpg,1005032200,678032201,gallery/P0678T03220A1/P0678T03220A1C0F09301.jpg,0.69694,0.69694,0.75009,tu_choi,tu_choi,1,8747
query/P0462T02220A0/P0462T02220A0C3F08041.jpg,462022200,462022200,gallery/P0462T02220A0/P0462T02220A0C0F16441.jpg,0.84363,0.72247,0.75009,ban_giao,dung,1,8747
query/P0470T03241A1/P0470T03241A1C3F02671.jpg,470032411,276040412,gallery/P0276T04041A2/P0276T04041A2C0F13711.jpg,0.76732,0.76732,0.75009,ban_giao,sai,1,8747
query/P0269T02220A0/P0269T02220A0C3F05221.jpg,269022200,1511032200,gallery/P1511T03220A0/P1511T03220A0C0F25561.jpg,0.70675,0.70675,0.75009,tu_choi,tu_choi,1,8747
query/P0631T03220A2/P0631T03220A2C3F05221.jpg,631032202,802032411,gallery/P0802T03241A1/P0802T03241A1C0F04801.jpg,0.73255,0.73255,0.75009,tu_choi,tu_choi,1,8747
query/P0028T02140A0/P0028T02140A0C3F11821.jpg,28021400,149032410,gallery/P0149T03241A0/P0149T03241A0C0F02401.jpg,0.71491,0.71491,0.75009,tu_choi,tu_choi,1,8747
query/P0096T03220A1/P0096T03220A1C3F00511.jpg,96032201,34040410,gallery/P0034T04041A0/P0034T04041A0C0F7381.jpg,0.70528,0.70528,0.75009,tu_choi,tu_choi,1,8747
query/P0860T02220A2/P0860T02220A2C3F12871.jpg,860022202,130022201,gallery/P0130T02220A1/P0130T02220A1C0F03031.jpg,0.70236,0.70236,0.75009,tu_choi,tu_choi,1,8747
query/P1630T03220A0/P1630T03220A0C3F14011.jpg,1630032200,2021400,gallery/P0002T02140A0/P0002T02140A0C0F751.jpg,0.72661,0.72661,0.75009,tu_choi,tu_choi,0,8747
query/P1907T03241A0/P1907T03241A0C3F11311.jpg,1907032410,261040412,gallery/P0261T04041A2/P0261T04041A2C0F11311.jpg,0.68657,0.68657,0.75009,tu_choi,tu_choi,1,8747
query/P1261T03220A2/P1261T03220A2C3F09421.jpg,1261032202,447032410,gallery/P0447T03241A0/P0447T03241A0C0F06211.jpg,0.73369,0.73369,0.75009,tu_choi,tu_choi,0,8747
query/P0001T03220A1/P0001T03220A1C3F01201.jpg,1032201,679032410,gallery/P0679T03241A0/P0679T03241A0C0F08551.jpg,0.71597,0.71597,0.75009,tu_choi,tu_choi,1,8747
query/P0581T03220A2/P0581T03220A2C3F03091.jpg,581032202,191022200,gallery/P0191T02220A0/P0191T02220A0C0F05671.jpg,0.72584,0.72584,0.75009,tu_choi,tu_choi,1,8747
query/P0449T03241A1/P0449T03241A1C3F02341.jpg,449032411,313022200,gallery/P0313T02220A0/P0313T02220A0C0F11791.jpg,0.70571,0.70571,0.75009,tu_choi,tu_choi,1,8747
query/P0130T02220A1/P0130T02220A1C3F01141.jpg,130022201,63032412,gallery/P0063T03241A2/P0063T03241A2C0F00391.jpg,0.68221,0.68221,0.75009,tu_choi,tu_choi,1,8747
query/P0581T03220A2/P0581T03220A2C3F03121.jpg,581032202,191022200,gallery/P0191T02220A0/P0191T02220A0C0F05671.jpg,0.71387,0.71387,0.75009,tu_choi,tu_choi,1,8747
query/P1151T03241A2/P1151T03241A2C3F11611.jpg,1151032412,1151032412,gallery/P1151T03241A2/P1151T03241A2C0F15541.jpg,0.67347,0.6702,0.75009,tu_choi,tu_choi,1,8747
query/P0186T04041A1/P0186T04041A1C3F9781.jpg,186040411,34022101,gallery/P0034T02210A1/P0034T02210A1C0F15271.jpg,0.71085,0.71085,0.75009,tu_choi,tu_choi,0,8747
query/P0204T04041A1/P0204T04041A1C3F1051.jpg,204040411,244032200,gallery/P0244T03220A0/P0244T03220A0C0F03271.jpg,0.78373,0.78373,0.75009,ban_giao,sai,0,8747
query/P1128T03220A1/P1128T03220A1C3F07921.jpg,1128032201,2342032411,gallery/P2342T03241A1/P2342T03241A1C0F18181.jpg,0.73412,0.73412,0.75009,tu_choi,tu_choi,1,8747
query/P0517T02220A1/P0517T02220A1C3F06871.jpg,517022201,470032200,gallery/P0470T03220A0/P0470T03220A0C0F06781.jpg,0.754,0.754,0.75009,ban_giao,sai,1,8747
query/P1539T03220A2/P1539T03220A2C3F09271.jpg,1539032202,279022102,gallery/P0279T02210A2/P0279T02210A2C0F21031.jpg,0.69284,0.69284,0.75009,tu_choi,tu_choi,1,8747
query/P0319T02220A0/P0319T02220A0C3F06241.jpg,319022200,193022200,gallery/P0193T02220A0/P0193T02220A0C0F06061.jpg,0.7422,0.7422,0.75009,tu_choi,tu_choi,1,8747
query/P0278T02210A2/P0278T02210A2C3F10021.jpg,278022102,278022102,gallery/P0278T02210A2/P0278T02210A2C0F21001.jpg,0.78329,0.72396,0.75009,ban_giao,dung,0,8747
query/P0130T02220A1/P0130T02220A1C3F01111.jpg,130022201,2103032410,gallery/P2103T03241A0/P2103T03241A0C0F25471.jpg,0.67697,0.67697,0.75009,tu_choi,tu_choi,1,8747
query/P0302T03241A2/P0302T03241A2C3F05101.jpg,302032412,302032412,gallery/P0302T03241A2/P0302T03241A2C0F04831.jpg,0.71818,0.71543,0.75009,tu_choi,tu_choi,1,8747
query/P0802T03241A1/P0802T03241A1C3F02371.jpg,802032411,2103032410,gallery/P2103T03241A0/P2103T03241A0C0F25141.jpg,0.74372,0.74372,0.75009,tu_choi,tu_choi,1,8747
query/P0244T03220A0/P0244T03220A0C3F01681.jpg,244032200,244032200,gallery/P0244T03220A0/P0244T03220A0C0F03271.jpg,0.71165,0.67677,0.75009,tu_choi,tu_choi,1,8747
query/P0774T03220A1/P0774T03220A1C3F05641.jpg,774032201,30040410,gallery/P0030T04041A0/P0030T04041A0C0F7411.jpg,0.67328,0.67328,0.75009,tu_choi,tu_choi,1,8747
query/P0193T02220A0/P0193T02220A0C3F02701.jpg,193022200,193022200,gallery/P0193T02220A0/P0193T02220A0C0F06181.jpg,0.77591,0.7188,0.75009,ban_giao,dung,1,8747
query/P2207T03241A0/P2207T03241A0C3F12001.jpg,2207032410,34032410,gallery/P0034T03241A0/P0034T03241A0C0F00451.jpg,0.60378,0.60378,0.75009,tu_choi,tu_choi,1,8747
query/P0096T03220A1/P0096T03220A1C3F00391.jpg,96032201,34040410,gallery/P0034T04041A0/P0034T04041A0C0F8251.jpg,0.65529,0.65529,0.75009,tu_choi,tu_choi,1,8747
query/P0790T03241A2/P0790T03241A2C3F09061.jpg,790032412,2041032411,gallery/P2041T03241A1/P2041T03241A1C0F16111.jpg,0.73003,0.73003,0.75009,tu_choi,tu_choi,1,8747
query/P0225T04041A2/P0225T04041A2C3F1981.jpg,225040412,225040412,gallery/P0225T04041A2/P0225T04041A2C0F3481.jpg,0.75767,0.67354,0.75009,ban_giao,dung,0,8747
query/P1261T03220A2/P1261T03220A2C3F09271.jpg,1261032202,447032410,gallery/P0447T03241A0/P0447T03241A0C0F05761.jpg,0.69341,0.69341,0.75009,tu_choi,tu_choi,0,8747
query/P1900T03241A1/P1900T03241A1C3F08131.jpg,1900032411,581032202,gallery/P0581T03220A2/P0581T03220A2C0F05971.jpg,0.72463,0.72463,0.75009,tu_choi,tu_choi,0,8747
query/P0503T02220A2/P0503T02220A2C3F07621.jpg,503022202,107040411,gallery/P0107T04041A1/P0107T04041A1C0F1291.jpg,0.77657,0.77657,0.75009,ban_giao,sai,1,8747
query/P0790T03241A2/P0790T03241A2C3F08581.jpg,790032412,844032411,gallery/P0844T03241A1/P0844T03241A1C0F05671.jpg,0.70377,0.70377,0.75009,tu_choi,tu_choi,1,8747
query/P1708T03241A0/P1708T03241A0C3F08521.jpg,1708032410,288032412,gallery/P0288T03241A2/P0288T03241A2C0F03511.jpg,0.70152,0.70152,0.75009,tu_choi,tu_choi,0,8747
query/P0059T03220A1/P0059T03220A1C3F00331.jpg,59032201,59032201,gallery/P0059T03220A1/P0059T03220A1C0F00961.jpg,0.75786,0.67621,0.75009,ban_giao,dung,1,8747
query/P1337T03220A2/P1337T03220A2C3F09631.jpg,1337032202,573022201,gallery/P0573T02220A1/P0573T02220A1C0F14581.jpg,0.68298,0.68298,0.75009,tu_choi,tu_choi,0,8747
query/P0790T03241A2/P0790T03241A2C3F08611.jpg,790032412,844032411,gallery/P0844T03241A1/P0844T03241A1C0F05671.jpg,0.72913,0.72913,0.75009,tu_choi,tu_choi,1,8747
query/P1447T03220A0/P1447T03220A0C3F12541.jpg,1447032200,1046032410,gallery/P1046T03241A0/P1046T03241A0C0F12391.jpg,0.64451,0.64451,0.75009,tu_choi,tu_choi,1,8747
query/P1128T03220A1/P1128T03220A1C3F08071.jpg,1128032201,244032200,gallery/P0244T03220A0/P0244T03220A0C0F03211.jpg,0.70737,0.70737,0.75009,tu_choi,tu_choi,1,8747
query/P0903T03241A0/P0903T03241A0C3F05461.jpg,903032410,30040410,gallery/P0030T04041A0/P0030T04041A0C0F8881.jpg,0.66207,0.66207,0.75009,tu_choi,tu_choi,0,8747
query/P0575T03241A2/P0575T03241A2C3F07141.jpg,575032412,849032410,gallery/P0849T03241A0/P0849T03241A0C0F10501.jpg,0.73202,0.73202,0.75009,tu_choi,tu_choi,1,8747
query/P0093T03241A1/P0093T03241A1C3F00991.jpg,93032411,1860032410,gallery/P1860T03241A0/P1860T03241A0C0F23011.jpg,0.73827,0.73827,0.75009,tu_choi,tu_choi,1,8747
query/P1702T03241A0/P1702T03241A0C3F10231.jpg,1702032410,1702032410,gallery/P1702T03241A0/P1702T03241A0C0F20401.jpg,0.63802,0.6231,0.75009,tu_choi,tu_choi,0,8747
query/P0481T03220A1/P0481T03220A1C3F02551.jpg,481032201,139032410,gallery/P0139T03241A0/P0139T03241A0C0F02161.jpg,0.67665,0.67665,0.75009,tu_choi,tu_choi,1,8747
query/P1611T03220A2/P1611T03220A2C3F10111.jpg,1611032202,1427032410,gallery/P1427T03241A0/P1427T03241A0C0F16501.jpg,0.73817,0.73817,0.75009,tu_choi,tu_choi,1,8747
query/P1168T03241A0/P1168T03241A0C3F05851.jpg,1168032410,1168032410,gallery/P1168T03241A0/P1168T03241A0C0F14011.jpg,0.71294,0.69515,0.75009,tu_choi,tu_choi,1,8747
query/P2041T03241A1/P2041T03241A1C3F08521.jpg,2041032411,330022200,gallery/P0330T02220A0/P0330T02220A0C0F11851.jpg,0.71685,0.71685,0.75009,tu_choi,tu_choi,1,8747
query/P0518T02220A0/P0518T02220A0C3F09511.jpg,518022200,2103032410,gallery/P2103T03241A0/P2103T03241A0C0F25141.jpg,0.71591,0.71591,0.75009,tu_choi,tu_choi,1,8747
query/P0576T03241A1/P0576T03241A1C3F01591.jpg,576032411,1860032410,gallery/P1860T03241A0/P1860T03241A0C0F23581.jpg,0.75196,0.75196,0.75009,ban_giao,sai,1,8747
query/P1283T03241A0/P1283T03241A0C3F10651.jpg,1283032410,187022101,gallery/P0187T02210A1/P0187T02210A1C0F26341.jpg,0.64258,0.64258,0.75009,tu_choi,tu_choi,0,8747
query/P0059T03220A1/P0059T03220A1C3F00181.jpg,59032201,59032201,gallery/P0059T03220A1/P0059T03220A1C0F00961.jpg,0.65023,0.63709,0.75009,tu_choi,tu_choi,1,8747
query/P0755T03241A1/P0755T03241A1C3F02791.jpg,755032411,755032411,gallery/P0755T03241A1/P0755T03241A1C0F05281.jpg,0.7549,0.74661,0.75009,ban_giao,dung,1,8747
query/P2386T03241A1/P2386T03241A1C3F08701.jpg,2386032411,802032411,gallery/P0802T03241A1/P0802T03241A1C0F05611.jpg,0.69399,0.69399,0.75009,tu_choi,tu_choi,1,8747
query/P0029T02140A0/P0029T02140A0C3F11251.jpg,29021400,29021400,gallery/P0029T02140A0/P0029T02140A0C0F22771.jpg,0.80143,0.68009,0.75009,ban_giao,dung,1,8747
query/P2578T03241A1/P2578T03241A1C3F11281.jpg,2578032411,269022200,gallery/P0269T02220A0/P0269T02220A0C0F08281.jpg,0.75171,0.75171,0.75009,ban_giao,sai,1,8747
query/P0190T04041A1/P0190T04041A1C3F12361.jpg,190040411,693032412,gallery/P0693T03241A2/P0693T03241A2C0F24721.jpg,0.68487,0.68487,0.75009,tu_choi,tu_choi,1,8747
query/P2386T03241A1/P2386T03241A1C3F08881.jpg,2386032411,780032410,gallery/P0780T03241A0/P0780T03241A0C0F09931.jpg,0.73489,0.73489,0.75009,tu_choi,tu_choi,1,8747
query/P0559T03241A2/P0559T03241A2C3F06841.jpg,559032412,559032412,gallery/P0559T03241A2/P0559T03241A2C0F07861.jpg,0.7433,0.68775,0.75009,tu_choi,tu_choi,0,8747
query/P2244T03241A1/P2244T03241A1C3F09211.jpg,2244032411,190040411,gallery/P0190T04041A1/P0190T04041A1C0F24391.jpg,0.69237,0.69237,0.75009,tu_choi,tu_choi,1,8747
query/P0449T03241A1/P0449T03241A1C3F02251.jpg,449032411,30040410,gallery/P0030T04041A0/P0030T04041A0C0F8401.jpg,0.73607,0.73607,0.75009,tu_choi,tu_choi,1,8747
query/P1355T03220A2/P1355T03220A2C3F07831.jpg,1355032202,399032200,gallery/P0399T03220A0/P0399T03220A0C0F05071.jpg,0.68152,0.68152,0.75009,tu_choi,tu_choi,1,8747
query/P0182T02220A0/P0182T02220A0C3F02101.jpg,182022200,182022200,gallery/P0182T02220A0/P0182T02220A0C0F04261.jpg,0.74447,0.71823,0.75009,tu_choi,tu_choi,1,8747
query/P0455T03241A2/P0455T03241A2C3F05761.jpg,455032412,93032411,gallery/P0093T03241A1/P0093T03241A1C0F01321.jpg,0.74645,0.74645,0.75009,tu_choi,tu_choi,1,8747
query/P0163T02220A1/P0163T02220A1C3F01801.jpg,163022201,313022200,gallery/P0313T02220A0/P0313T02220A0C0F10321.jpg,0.646,0.646,0.75009,tu_choi,tu_choi,1,8747
query/P0938T03220A1/P0938T03220A1C3F06631.jpg,938032201,938032201,gallery/P0938T03220A1/P0938T03220A1C0F13891.jpg,0.71766,0.68927,0.75009,tu_choi,tu_choi,1,8747
query/P0736T03241A2/P0736T03241A2C3F07771.jpg,736032412,186022101,gallery/P0186T02210A1/P0186T02210A1C0F26671.jpg,0.68518,0.68518,0.75009,tu_choi,tu_choi,0,8747
query/P0163T02220A1/P0163T02220A1C3F01681.jpg,163022201,163022201,gallery/P0163T02220A1/P0163T02220A1C0F03271.jpg,0.72712,0.69706,0.75009,tu_choi,tu_choi,1,8747
query/P1925T03220A2/P1925T03220A2C3F13441.jpg,1925032202,679032410,gallery/P0679T03241A0/P0679T03241A0C0F08551.jpg,0.67652,0.67652,0.75009,tu_choi,tu_choi,1,8747
query/P0269T02220A0/P0269T02220A0C3F05341.jpg,269022200,190040411,gallery/P0190T04041A1/P0190T04041A1C0F24451.jpg,0.70507,0.70507,0.75009,tu_choi,tu_choi,1,8747
query/P0134T04041A1/P0134T04041A1C3F2311.jpg,134040411,296040412,gallery/P0296T04041A2/P0296T04041A2C0F16111.jpg,0.73378,0.73378,0.75009,tu_choi,tu_choi,1,8747
query/P0366T03241A2/P0366T03241A2C3F05221.jpg,366032412,790032200,gallery/P0790T03220A0/P0790T03220A0C0F13171.jpg,0.74461,0.74461,0.75009,tu_choi,tu_choi,1,8747
query/P1424T03241A1/P1424T03241A1C3F06481.jpg,1424032411,1424032411,gallery/P1424T03241A1/P1424T03241A1C0F12631.jpg,0.74634,0.69804,0.75009,tu_choi,tu_choi,1,8747
query/P0790T03220A0/P0790T03220A0C3F06091.jpg,790032200,1046032410,gallery/P1046T03241A0/P1046T03241A0C0F12691.jpg,0.74092,0.74092,0.75009,tu_choi,tu_choi,1,8747
query/P0030T04041A0/P0030T04041A0C3F4171.jpg,30040410,149032410,gallery/P0149T03241A0/P0149T03241A0C0F02431.jpg,0.67637,0.67637,0.75009,tu_choi,tu_choi,1,8747
query/P0463T02220A0/P0463T02220A0C3F07981.jpg,463022200,463022200,gallery/P0463T02220A0/P0463T02220A0C0F17041.jpg,0.79036,0.7305,0.75009,ban_giao,dung,1,8747
query/P0576T03241A1/P0576T03241A1C3F02161.jpg,576032411,185040411,gallery/P0185T04041A1/P0185T04041A1C0F21511.jpg,0.70595,0.70595,0.75009,tu_choi,tu_choi,1,8747
query/P0844T03241A1/P0844T03241A1C3F03301.jpg,844032411,802032411,gallery/P0802T03241A1/P0802T03241A1C0F04741.jpg,0.71532,0.71532,0.75009,tu_choi,tu_choi,1,8747
query/P1154T03241A2/P1154T03241A2C3F11611.jpg,1154032412,802032411,gallery/P0802T03241A1/P0802T03241A1C0F05611.jpg,0.60377,0.60377,0.75009,tu_choi,tu_choi,1,8747
query/P1313T03241A1/P1313T03241A1C3F05371.jpg,1313032411,288032412,gallery/P0288T03241A2/P0288T03241A2C0F03151.jpg,0.75025,0.75025,0.75009,ban_giao,sai,0,8747
query/P0351T02220A1/P0351T02220A1C3F03871.jpg,351022201,190040411,gallery/P0190T04041A1/P0190T04041A1C0F24361.jpg,0.7003,0.7003,0.75009,tu_choi,tu_choi,1,8747
query/P0462T02220A0/P0462T02220A0C3F07891.jpg,462022200,790032200,gallery/P0790T03220A0/P0790T03220A0C0F11791.jpg,0.66178,0.66178,0.75009,tu_choi,tu_choi,1,8747
query/P0093T03241A1/P0093T03241A1C3F01021.jpg,93032411,2041032411,gallery/P2041T03241A1/P2041T03241A1C0F16501.jpg,0.74695,0.74695,0.75009,tu_choi,tu_choi,1,8747
query/P0517T02220A1/P0517T02220A1C3F06931.jpg,517022201,193022200,gallery/P0193T02220A0/P0193T02220A0C0F06151.jpg,0.70784,0.70784,0.75009,tu_choi,tu_choi,1,8747
query/P0326T02220A1/P0326T02220A1C3F03091.jpg,326022201,326022201,gallery/P0326T02220A1/P0326T02220A1C0F05581.jpg,0.75171,0.66813,0.75009,ban_giao,dung,0,8747
query/P0470T03241A1/P0470T03241A1C3F02521.jpg,470032411,470032411,gallery/P0470T03241A1/P0470T03241A1C0F04261.jpg,0.68555,0.67789,0.75009,tu_choi,tu_choi,1,8747
query/P0297T04041A2/P0297T04041A2C3F9211.jpg,297040412,581032202,gallery/P0581T03220A2/P0581T03220A2C0F05971.jpg,0.73206,0.73206,0.75009,tu_choi,tu_choi,1,8747
query/P0269T02220A0/P0269T02220A0C3F05551.jpg,269022200,184040411,gallery/P0184T04041A1/P0184T04041A1C0F21601.jpg,0.728,0.728,0.75009,tu_choi,tu_choi,1,8747
query/P1427T03241A0/P1427T03241A0C3F06871.jpg,1427032410,1427032410,gallery/P1427T03241A0/P1427T03241A0C0F16741.jpg,0.7248,0.67928,0.75009,tu_choi,tu_choi,1,8747
query/P0639T03220A2/P0639T03220A2C3F03241.jpg,639032202,326022201,gallery/P0326T02220A1/P0326T02220A1C0F05221.jpg,0.65537,0.65537,0.75009,tu_choi,tu_choi,1,8747
query/P1511T03220A0/P1511T03220A0C3F11851.jpg,1511032200,1511032200,gallery/P1511T03220A0/P1511T03220A0C0F24931.jpg,0.78358,0.73631,0.75009,ban_giao,dung,1,8747
query/P0034T03241A0/P0034T03241A0C3F00091.jpg,34032410,790032412,gallery/P0790T03241A2/P0790T03241A2C0F10981.jpg,0.65465,0.65465,0.75009,tu_choi,tu_choi,1,8747
query/P0320T02220A0/P0320T02220A0C3F06361.jpg,320022200,366032412,gallery/P0366T03241A2/P0366T03241A2C0F04561.jpg,0.77468,0.77468,0.75009,ban_giao,sai,1,8747
query/P0559T02220A2/P0559T02220A2C3F10201.jpg,559022202,191022200,gallery/P0191T02220A0/P0191T02220A0C0F05581.jpg,0.68743,0.68743,0.75009,tu_choi,tu_choi,1,8747
query/P0342T02220A2/P0342T02220A2C3F08941.jpg,342022202,149032410,gallery/P0149T03241A0/P0149T03241A0C0F02431.jpg,0.64424,0.64424,0.75009,tu_choi,tu_choi,0,8747
query/P0269T02220A0/P0269T02220A0C3F05521.jpg,269022200,844032411,gallery/P0844T03241A1/P0844T03241A1C0F05311.jpg,0.68547,0.68547,0.75009,tu_choi,tu_choi,1,8747
query/P1447T03220A0/P1447T03220A0C3F12331.jpg,1447032200,34040410,gallery/P0034T04041A0/P0034T04041A0C0F7381.jpg,0.69212,0.69212,0.75009,tu_choi,tu_choi,1,8747
query/P0059T03220A1/P0059T03220A1C3F00421.jpg,59032201,585032411,gallery/P0585T03241A1/P0585T03241A1C0F03631.jpg,0.69683,0.69683,0.75009,tu_choi,tu_choi,1,8747
query/P0958T03220A1/P0958T03220A1C3F06901.jpg,958032201,462022200,gallery/P0462T02220A0/P0462T02220A0C0F17041.jpg,0.72935,0.72935,0.75009,tu_choi,tu_choi,1,8747
query/P2244T03241A1/P2244T03241A1C3F09511.jpg,2244032411,2244032411,gallery/P2244T03241A1/P2244T03241A1C0F17701.jpg,0.74175,0.72138,0.75009,tu_choi,tu_choi,1,8747
query/P0755T03241A1/P0755T03241A1C3F03031.jpg,755032411,790032200,gallery/P0790T03220A0/P0790T03220A0C0F11821.jpg,0.61786,0.61786,0.75009,tu_choi,tu_choi,1,8747
query/P0002T02220A0/P0002T02220A0C3F00661.jpg,2022200,168022200,gallery/P0168T02220A0/P0168T02220A0C0F03571.jpg,0.67745,0.67745,0.75009,tu_choi,tu_choi,1,8747
query/P0756T02220A1/P0756T02220A1C3F11521.jpg,756022201,190040411,gallery/P0190T04041A1/P0190T04041A1C0F24391.jpg,0.65637,0.65637,0.75009,tu_choi,tu_choi,1,8747
query/P2342T03241A1/P2342T03241A1C3F09691.jpg,2342032411,581032202,gallery/P0581T03220A2/P0581T03220A2C0F05941.jpg,0.69441,0.69441,0.75009,tu_choi,tu_choi,1,8747
query/P0096T03220A1/P0096T03220A1C3F00211.jpg,96032201,96032201,gallery/P0096T03220A1/P0096T03220A1C0F00931.jpg,0.71802,0.68074,0.75009,tu_choi,tu_choi,1,8747
query/P1085T03220A1/P1085T03220A1C3F07621.jpg,1085032201,328040412,gallery/P0328T04041A2/P0328T04041A2C0F25441.jpg,0.65953,0.65953,0.75009,tu_choi,tu_choi,1,8747
query/P1860T03241A0/P1860T03241A0C3F11281.jpg,1860032410,1860032410,gallery/P1860T03241A0/P1860T03241A0C0F22951.jpg,0.65859,0.64784,0.75009,tu_choi,tu_choi,0,8747
query/P1337T03220A2/P1337T03220A2C3F09601.jpg,1337032202,1337032202,gallery/P1337T03220A2/P1337T03220A2C0F16081.jpg,0.71635,0.70807,0.75009,tu_choi,tu_choi,0,8747
query/P0830T02220A1/P0830T02220A1C3F13201.jpg,830022201,830022201,gallery/P0830T02220A1/P0830T02220A1C0F26161.jpg,0.77086,0.65953,0.75009,ban_giao,dung,0,8747
query/P0096T03220A1/P0096T03220A1C3F00361.jpg,96032201,96032201,gallery/P0096T03220A1/P0096T03220A1C0F01171.jpg,0.70306,0.6742,0.75009,tu_choi,tu_choi,1,8747
query/P0693T03241A2/P0693T03241A2C3F07411.jpg,693032412,693032412,gallery/P0693T03241A2/P0693T03241A2C0F09391.jpg,0.75534,0.75398,0.75009,ban_giao,dung,1,8747
query/P0755T03241A1/P0755T03241A1C3F02911.jpg,755032411,581032202,gallery/P0581T03220A2/P0581T03220A2C0F05971.jpg,0.75987,0.75987,0.75009,ban_giao,sai,1,8747
query/P0845T03241A0/P0845T03241A0C3F02821.jpg,845032410,168022200,gallery/P0168T02220A0/P0168T02220A0C0F03841.jpg,0.62138,0.62138,0.75009,tu_choi,tu_choi,1,8747
query/P0774T03220A1/P0774T03220A1C3F05431.jpg,774032201,774032201,gallery/P0774T03220A1/P0774T03220A1C0F11461.jpg,0.72275,0.72236,0.75009,tu_choi,tu_choi,1,8747
query/P1424T03241A1/P1424T03241A1C3F06991.jpg,1424032411,1424032411,gallery/P1424T03241A1/P1424T03241A1C0F12721.jpg,0.6941,0.69202,0.75009,tu_choi,tu_choi,1,8747
query/P0559T03241A2/P0559T03241A2C3F07081.jpg,559032412,168022200,gallery/P0168T02220A0/P0168T02220A0C0F03751.jpg,0.69211,0.69211,0.75009,tu_choi,tu_choi,0,8747
query/P1864T03241A1/P1864T03241A1C3F07531.jpg,1864032411,56021401,gallery/P0056T02140A1/P0056T02140A1C0F23791.jpg,0.684,0.684,0.75009,tu_choi,tu_choi,1,8747
query/P0517T02220A1/P0517T02220A1C3F07141.jpg,517022201,2021400,gallery/P0002T02140A0/P0002T02140A0C0F751.jpg,0.68343,0.68343,0.75009,tu_choi,tu_choi,1,8747
query/P1919T03220A2/P1919T03220A2C3F11341.jpg,1919032202,131040411,gallery/P0131T04041A1/P0131T04041A1C0F5941.jpg,0.70032,0.70032,0.75009,tu_choi,tu_choi,1,8747
query/P0790T03241A2/P0790T03241A2C3F08791.jpg,790032412,95040410,gallery/P0095T04041A0/P0095T04041A0C0F26881.jpg,0.68838,0.68838,0.75009,tu_choi,tu_choi,1,8747
query/P0320T02220A0/P0320T02220A0C3F06451.jpg,320022200,125040411,gallery/P0125T04041A1/P0125T04041A1C0F4411.jpg,0.75744,0.75744,0.75009,ban_giao,sai,1,8747
query/P0916T03241A1/P0916T03241A1C3F04081.jpg,916032411,30040410,gallery/P0030T04041A0/P0030T04041A0C0F8131.jpg,0.67666,0.67666,0.75009,tu_choi,tu_choi,0,8747
query/P0326T02220A1/P0326T02220A1C3F02971.jpg,326022201,326022201,gallery/P0326T02220A1/P0326T02220A1C0F06121.jpg,0.75156,0.68186,0.75009,ban_giao,dung,0,8747
query/P0099T02210A1/P0099T02210A1C3F1801.jpg,99022101,780032410,gallery/P0780T03241A0/P0780T03241A0C0F10351.jpg,0.632,0.632,0.75009,tu_choi,tu_choi,0,8747
query/P0132T02210A1/P0132T02210A1C3F5041.jpg,132022101,1427032410,gallery/P1427T03241A0/P1427T03241A0C0F16501.jpg,0.68626,0.68626,0.75009,tu_choi,tu_choi,1,8747
query/P0774T03220A1/P0774T03220A1C3F05461.jpg,774032201,30040410,gallery/P0030T04041A0/P0030T04041A0C0F7981.jpg,0.69889,0.69889,0.75009,tu_choi,tu_choi,1,8747
query/P0177T02220A2/P0177T02220A2C3F02731.jpg,177022202,2342032411,gallery/P2342T03241A1/P2342T03241A1C0F18181.jpg,0.72285,0.72285,0.75009,tu_choi,tu_choi,0,8747
query/P0728T02220A1/P0728T02220A1C3F11551.jpg,728022201,790032200,gallery/P0790T03220A0/P0790T03220A0C0F13021.jpg,0.76227,0.76227,0.75009,ban_giao,sai,1,8747
query/P0763T03241A1/P0763T03241A1C3F02221.jpg,763032411,763032411,gallery/P0763T03241A1/P0763T03241A1C0F04591.jpg,0.82708,0.73327,0.75009,ban_giao,dung,1,8747
query/P0323T03220A1/P0323T03220A1C3F02761.jpg,323032201,323032201,gallery/P0323T03220A1/P0323T03220A1C0F03001.jpg,0.75548,0.70078,0.75009,ban_giao,dung,1,8747
query/P0552T02220A1/P0552T02220A1C3F06511.jpg,552022201,22021400,gallery/P0022T02140A0/P0022T02140A0C0F18751.jpg,0.7104,0.7104,0.75009,tu_choi,tu_choi,1,8747
query/P1604T03220A1/P1604T03220A1C3F13561.jpg,1604032201,1604032201,gallery/P1604T03220A1/P1604T03220A1C0F23641.jpg,0.65993,0.62425,0.75009,tu_choi,tu_choi,1,8747
query/P0536T02220A0/P0536T02220A0C3F11611.jpg,536022200,661022202,gallery/P0661T02220A2/P0661T02220A2C0F19411.jpg,0.76465,0.76465,0.75009,ban_giao,sai,1,8747
query/P0192T02210A1/P0192T02210A1C3F12961.jpg,192022101,192022101,gallery/P0192T02210A1/P0192T02210A1C0F26161.jpg,0.68594,0.65854,0.75009,tu_choi,tu_choi,1,8747
query/P1313T03241A1/P1313T03241A1C3F05071.jpg,1313032411,503022202,gallery/P0503T02220A2/P0503T02220A2C0F15961.jpg,0.65838,0.65838,0.75009,tu_choi,tu_choi,0,8747
query/P0774T03220A1/P0774T03220A1C3F05701.jpg,774032201,30040410,gallery/P0030T04041A0/P0030T04041A0C0F7411.jpg,0.65115,0.65115,0.75009,tu_choi,tu_choi,1,8747
query/P0789T02220A1/P0789T02220A1C3F12151.jpg,789022201,789022201,gallery/P0789T02220A1/P0789T02220A1C0F24781.jpg,0.76137,0.72201,0.75009,ban_giao,dung,0,8747
query/P0211T04041A2/P0211T04041A2C3F661.jpg,211040412,565032411,gallery/P0565T03241A1/P0565T03241A1C0F03571.jpg,0.70111,0.70111,0.75009,tu_choi,tu_choi,1,8747
query/P0851T03241A2/P0851T03241A2C3F08401.jpg,851032412,269040412,gallery/P0269T04041A2/P0269T04041A2C0F13861.jpg,0.72526,0.72526,0.75009,tu_choi,tu_choi,1,8747
query/P1907T03241A0/P1907T03241A0C3F11491.jpg,1907032410,1798032410,gallery/P1798T03241A0/P1798T03241A0C0F21091.jpg,0.71478,0.71478,0.75009,tu_choi,tu_choi,1,8747
query/P0812T03241A1/P0812T03241A1C3F02881.jpg,812032411,1427032410,gallery/P1427T03241A0/P1427T03241A0C0F16951.jpg,0.77174,0.77174,0.75009,ban_giao,sai,1,8747
query/P1278T03241A1/P1278T03241A1C3F04531.jpg,1278032411,1278032411,gallery/P1278T03241A1/P1278T03241A1C0F10411.jpg,0.61666,0.6061,0.75009,tu_choi,tu_choi,1,8747
query/P0182T02220A0/P0182T02220A0C3F02041.jpg,182022200,182022200,gallery/P0182T02220A0/P0182T02220A0C0F04261.jpg,0.75854,0.75525,0.75009,ban_giao,dung,1,8747
query/P0573T02220A1/P0573T02220A1C3F08551.jpg,573022201,313022200,gallery/P0313T02220A0/P0313T02220A0C0F10231.jpg,0.68001,0.68001,0.75009,tu_choi,tu_choi,1,8747
query/P1697T03220A2/P1697T03220A2C3F10411.jpg,1697032202,1511032200,gallery/P1511T03220A0/P1511T03220A0C0F24511.jpg,0.63566,0.63566,0.75009,tu_choi,tu_choi,1,8747
query/P1085T03220A1/P1085T03220A1C3F07831.jpg,1085032201,184040411,gallery/P0184T04041A1/P0184T04041A1C0F21631.jpg,0.66338,0.66338,0.75009,tu_choi,tu_choi,1,8747
query/P0177T02220A2/P0177T02220A2C3F02791.jpg,177022202,184040411,gallery/P0184T04041A1/P0184T04041A1C0F21631.jpg,0.73209,0.73209,0.75009,tu_choi,tu_choi,0,8747
query/P1236T03220A2/P1236T03220A2C3F07201.jpg,1236032202,1236032202,gallery/P1236T03220A2/P1236T03220A2C0F14641.jpg,0.69165,0.68483,0.75009,tu_choi,tu_choi,1,8747
query/P0830T02220A1/P0830T02220A1C3F12331.jpg,830022201,830022201,gallery/P0830T02220A1/P0830T02220A1C0F26341.jpg,0.68925,0.67158,0.75009,tu_choi,tu_choi,0,8747
query/P0004T03241A2/P0004T03241A2C3F00031.jpg,4032412,27021401,gallery/P0027T02140A1/P0027T02140A1C0F2701.jpg,0.71807,0.71807,0.75009,tu_choi,tu_choi,0,8747
query/P2244T03241A1/P2244T03241A1C3F09091.jpg,2244032411,131040411,gallery/P0131T04041A1/P0131T04041A1C0F5941.jpg,0.69307,0.69307,0.75009,tu_choi,tu_choi,1,8747
query/P0115T04041A1/P0115T04041A1C3F331.jpg,115040411,789022201,gallery/P0789T02220A1/P0789T02220A1C0F24661.jpg,0.69761,0.69761,0.75009,tu_choi,tu_choi,0,8747
query/P0343T02220A0/P0343T02220A0C3F12871.jpg,343022200,343022200,gallery/P0343T02220A0/P0343T02220A0C0F12631.jpg,0.79637,0.71994,0.75009,ban_giao,dung,1,8747
query/P0416T02220A2/P0416T02220A2C3F07411.jpg,416022202,193022200,gallery/P0193T02220A0/P0193T02220A0C0F06151.jpg,0.6476,0.6476,0.75009,tu_choi,tu_choi,1,8747
query/P0455T03241A0/P0455T03241A0C3F03061.jpg,455032410,455032410,gallery/P0455T03241A0/P0455T03241A0C0F06481.jpg,0.7943,0.68314,0.75009,ban_giao,dung,0,8747
query/P0579T02220A1/P0579T02220A1C3F07711.jpg,579022201,139032410,gallery/P0139T03241A0/P0139T03241A0C0F02371.jpg,0.64698,0.64698,0.75009,tu_choi,tu_choi,0,8747
query/P0974T03241A1/P0974T03241A1C3F03121.jpg,974032411,679032410,gallery/P0679T03241A0/P0679T03241A0C0F07741.jpg,0.76594,0.76594,0.75009,ban_giao,sai,1,8747
query/P0576T03241A1/P0576T03241A1C3F01561.jpg,576032411,124040411,gallery/P0124T04041A1/P0124T04041A1C0F4021.jpg,0.75605,0.75605,0.75009,ban_giao,sai,1,8747
query/P0661T02220A2/P0661T02220A2C3F09211.jpg,661022202,661022202,gallery/P0661T02220A2/P0661T02220A2C0F18361.jpg,0.76551,0.75162,0.75009,ban_giao,dung,1,8747
query/P0728T02220A1/P0728T02220A1C3F11461.jpg,728022201,790032200,gallery/P0790T03220A0/P0790T03220A0C0F13171.jpg,0.74246,0.74246,0.75009,tu_choi,tu_choi,1,8747
query/P1655T03220A1/P1655T03220A1C3F12031.jpg,1655032201,120040411,gallery/P0120T04041A1/P0120T04041A1C0F3571.jpg,0.66289,0.66289,0.75009,tu_choi,tu_choi,1,8747
query/P1864T03241A1/P1864T03241A1C3F07891.jpg,1864032411,1864032411,gallery/P1864T03241A1/P1864T03241A1C0F14161.jpg,0.68039,0.63771,0.75009,tu_choi,tu_choi,1,8747
query/P1127T03241A1/P1127T03241A1C3F04501.jpg,1127032411,1127032411,gallery/P1127T03241A1/P1127T03241A1C0F08521.jpg,0.71502,0.71064,0.75009,tu_choi,tu_choi,0,8747
query/P1187T03241A2/P1187T03241A2C3F11071.jpg,1187032412,1321032201,gallery/P1321T03220A1/P1321T03220A1C0F19171.jpg,0.66746,0.66746,0.75009,tu_choi,tu_choi,0,8747
query/P0559T03241A2/P0559T03241A2C3F07261.jpg,559032412,624022201,gallery/P0624T02220A1/P0624T02220A1C0F15691.jpg,0.64478,0.64478,0.75009,tu_choi,tu_choi,0,8747
query/P0182T02220A0/P0182T02220A0C3F02731.jpg,182022200,168022200,gallery/P0168T02220A0/P0168T02220A0C0F03571.jpg,0.6287,0.6287,0.75009,tu_choi,tu_choi,1,8747
query/P0269T04041A2/P0269T04041A2C3F7681.jpg,269040412,330022200,gallery/P0330T02220A0/P0330T02220A0C0F12121.jpg,0.70276,0.70276,0.75009,tu_choi,tu_choi,1,8747
query/P2386T03241A1/P2386T03241A1C3F08851.jpg,2386032411,780032410,gallery/P0780T03241A0/P0780T03241A0C0F09871.jpg,0.74678,0.74678,0.75009,tu_choi,tu_choi,1,8747
query/P0624T02220A1/P0624T02220A1C3F09031.jpg,624022201,149032410,gallery/P0149T03241A0/P0149T03241A0C0F02431.jpg,0.6931,0.6931,0.75009,tu_choi,tu_choi,0,8747
query/P0860T02220A2/P0860T02220A2C3F12631.jpg,860022202,190040411,gallery/P0190T04041A1/P0190T04041A1C0F24361.jpg,0.69752,0.69752,0.75009,tu_choi,tu_choi,1,8747
query/P1539T03220A2/P1539T03220A2C3F09421.jpg,1539032202,552022201,gallery/P0552T02220A1/P0552T02220A1C0F13711.jpg,0.70789,0.70789,0.75009,tu_choi,tu_choi,1,8747
query/P0122T02220A2/P0122T02220A2C3F02431.jpg,122022202,184040411,gallery/P0184T04041A1/P0184T04041A1C0F21631.jpg,0.70024,0.70024,0.75009,tu_choi,tu_choi,1,8747
query/P1630T03220A0/P1630T03220A0C3F13831.jpg,1630032200,95040410,gallery/P0095T04041A0/P0095T04041A0C0F26221.jpg,0.68146,0.68146,0.75009,tu_choi,tu_choi,0,8747
query/P0076T02140A2/P0076T02140A2C3F2191.jpg,76021402,679032410,gallery/P0679T03241A0/P0679T03241A0C0F08581.jpg,0.68366,0.68366,0.75009,tu_choi,tu_choi,1,8747
query/P1151T03241A2/P1151T03241A2C3F11641.jpg,1151032412,470032200,gallery/P0470T03220A0/P0470T03220A0C0F06571.jpg,0.71153,0.71153,0.75009,tu_choi,tu_choi,1,8747
query/P0171T03220A2/P0171T03220A2C3F00811.jpg,171032202,167040411,gallery/P0167T04041A1/P0167T04041A1C0F17881.jpg,0.6776,0.6776,0.75009,tu_choi,tu_choi,1,8747
query/P1128T03220A1/P1128T03220A1C3F07891.jpg,1128032201,653032200,gallery/P0653T03220A0/P0653T03220A0C0F08191.jpg,0.71456,0.71456,0.75009,tu_choi,tu_choi,1,8747
query/P0449T03241A1/P0449T03241A1C3F02131.jpg,449032411,283040412,gallery/P0283T04041A2/P0283T04041A2C0F14851.jpg,0.69947,0.69947,0.75009,tu_choi,tu_choi,1,8747
query/P0581T03220A2/P0581T03220A2C3F02941.jpg,581032202,192022101,gallery/P0192T02210A1/P0192T02210A1C0F25711.jpg,0.67379,0.67379,0.75009,tu_choi,tu_choi,1,8747
query/P0034T02140A0/P0034T02140A0C3F12961.jpg,34021400,958032201,gallery/P0958T03220A1/P0958T03220A1C0F14011.jpg,0.67238,0.67238,0.75009,tu_choi,tu_choi,1,8747
query/P0343T02220A0/P0343T02220A0C3F12631.jpg,343022200,343022200,gallery/P0343T02220A0/P0343T02220A0C0F12661.jpg,0.73461,0.66411,0.75009,tu_choi,tu_choi,1,8747
query/P0802T03241A1/P0802T03241A1C3F02101.jpg,802032411,1024032410,gallery/P1024T03241A0/P1024T03241A0C0F12271.jpg,0.66678,0.66678,0.75009,tu_choi,tu_choi,1,8747
query/P0371T03241A2/P0371T03241A2C3F05041.jpg,371032412,371032412,gallery/P0371T03241A2/P0371T03241A2C0F04831.jpg,0.7446,0.71749,0.75009,tu_choi,tu_choi,1,8747
query/P0538T03241A1/P0538T03241A1C3F02551.jpg,538032411,125040411,gallery/P0125T04041A1/P0125T04041A1C0F4201.jpg,0.69041,0.69041,0.75009,tu_choi,tu_choi,0,8747
query/P0343T02220A0/P0343T02220A0C3F12841.jpg,343022200,343022200,gallery/P0343T02220A0/P0343T02220A0C0F23461.jpg,0.82037,0.70021,0.75009,ban_giao,dung,1,8747
query/P1864T03241A1/P1864T03241A1C3F07561.jpg,1864032411,679032410,gallery/P0679T03241A0/P0679T03241A0C0F08431.jpg,0.7194,0.7194,0.75009,tu_choi,tu_choi,1,8747
query/P0323T03220A1/P0323T03220A1C3F02701.jpg,323032201,359032410,gallery/P0359T03241A0/P0359T03241A0C0F04051.jpg,0.69147,0.69147,0.75009,tu_choi,tu_choi,1,8747
query/P0094T02220A1/P0094T02220A1C3F02281.jpg,94022201,938032200,gallery/P0938T03220A0/P0938T03220A0C0F16441.jpg,0.75358,0.75358,0.75009,ban_giao,sai,1,8747
query/P0559T03241A2/P0559T03241A2C3F07201.jpg,559032412,1925032202,gallery/P1925T03220A2/P1925T03220A2C0F23431.jpg,0.68128,0.68128,0.75009,tu_choi,tu_choi,0,8747
query/P0552T02220A1/P0552T02220A1C3F06781.jpg,552022201,552022201,gallery/P0552T02220A1/P0552T02220A1C0F12811.jpg,0.70929,0.64621,0.75009,tu_choi,tu_choi,1,8747
query/P1424T03241A1/P1424T03241A1C3F06871.jpg,1424032411,1424032411,gallery/P1424T03241A1/P1424T03241A1C0F12721.jpg,0.69827,0.66531,0.75009,tu_choi,tu_choi,1,8747
query/P0319T02220A0/P0319T02220A0C3F06301.jpg,319022200,191022200,gallery/P0191T02220A0/P0191T02220A0C0F05671.jpg,0.75955,0.75955,0.75009,ban_giao,sai,1,8747
query/P0812T03241A1/P0812T03241A1C3F02761.jpg,812032411,1427032410,gallery/P1427T03241A0/P1427T03241A0C0F16681.jpg,0.75454,0.75454,0.75009,ban_giao,sai,1,8747
query/P0692T02220A0/P0692T02220A0C3F12991.jpg,692022200,692022200,gallery/P0692T02220A0/P0692T02220A0C0F25321.jpg,0.67293,0.65495,0.75009,tu_choi,tu_choi,1,8747
query/P2448T03241A1/P2448T03241A1C3F10051.jpg,2448032411,802032411,gallery/P0802T03241A1/P0802T03241A1C0F05341.jpg,0.75869,0.75869,0.75009,ban_giao,sai,1,8747
query/P1187T03241A2/P1187T03241A2C3F11191.jpg,1187032412,1925032202,gallery/P1925T03220A2/P1925T03220A2C0F23521.jpg,0.69675,0.69675,0.75009,tu_choi,tu_choi,0,8747
query/P0789T02220A1/P0789T02220A1C3F12571.jpg,789022201,789022201,gallery/P0789T02220A1/P0789T02220A1C0F24961.jpg,0.72254,0.68292,0.75009,tu_choi,tu_choi,0,8747
query/P2207T03241A0/P2207T03241A0C3F11971.jpg,2207032410,34021400,gallery/P0034T02140A0/P0034T02140A0C0F26461.jpg,0.68504,0.68504,0.75009,tu_choi,tu_choi,1,8747
query/P0790T03241A2/P0790T03241A2C3F08731.jpg,790032412,790032412,gallery/P0790T03241A2/P0790T03241A2C0F09811.jpg,0.69424,0.6718,0.75009,tu_choi,tu_choi,1,8747
query/P0182T02220A0/P0182T02220A0C3F02671.jpg,182022200,184040411,gallery/P0184T04041A1/P0184T04041A1C0F21391.jpg,0.68628,0.68628,0.75009,tu_choi,tu_choi,1,8747
query/P1539T03220A2/P1539T03220A2C3F09091.jpg,1539032202,552022201,gallery/P0552T02220A1/P0552T02220A1C0F13591.jpg,0.6968,0.6968,0.75009,tu_choi,tu_choi,1,8747
query/P0582T03241A2/P0582T03241A2C3F07471.jpg,582032412,261040412,gallery/P0261T04041A2/P0261T04041A2C0F11311.jpg,0.72869,0.72869,0.75009,tu_choi,tu_choi,1,8747
query/P1655T03220A1/P1655T03220A1C3F11911.jpg,1655032201,166040411,gallery/P0166T04041A1/P0166T04041A1C0F17431.jpg,0.63864,0.63864,0.75009,tu_choi,tu_choi,1,8747
query/P1655T03220A1/P1655T03220A1C3F12001.jpg,1655032201,120040411,gallery/P0120T04041A1/P0120T04041A1C0F3571.jpg,0.61237,0.61237,0.75009,tu_choi,tu_choi,1,8747
query/P0231T04041A2/P0231T04041A2C3F2701.jpg,231040412,34021400,gallery/P0034T02140A0/P0034T02140A0C0F26461.jpg,0.75887,0.75887,0.75009,ban_giao,sai,1,8747
query/P1654T03220A1/P1654T03220A1C3F12181.jpg,1654032201,134040411,gallery/P0134T04041A1/P0134T04041A1C0F6421.jpg,0.63748,0.63748,0.75009,tu_choi,tu_choi,0,8747
query/P0214T04041A2/P0214T04041A2C3F1081.jpg,214040412,56021401,gallery/P0056T02140A1/P0056T02140A1C0F24301.jpg,0.68979,0.68979,0.75009,tu_choi,tu_choi,1,8747
query/P0233T02210A2/P0233T02210A2C3F2101.jpg,233022102,167040411,gallery/P0167T04041A1/P0167T04041A1C0F17581.jpg,0.67006,0.67006,0.75009,tu_choi,tu_choi,0,8747
query/P1127T03241A1/P1127T03241A1C3F04561.jpg,1127032411,1127032411,gallery/P1127T03241A1/P1127T03241A1C0F08521.jpg,0.71988,0.69897,0.75009,tu_choi,tu_choi,0,8747
query/P0180T02210A1/P0180T02210A1C3F11101.jpg,180022101,10022100,gallery/P0010T02210A0/P0010T02210A0C0F2941.jpg,0.75446,0.75446,0.75009,ban_giao,sai,1,8747
query/P0171T03220A2/P0171T03220A2C3F00931.jpg,171032202,125040411,gallery/P0125T04041A1/P0125T04041A1C0F4141.jpg,0.70942,0.70942,0.75009,tu_choi,tu_choi,1,8747
query/P0518T02220A0/P0518T02220A0C3F09601.jpg,518022200,518022200,gallery/P0518T02220A0/P0518T02220A0C0F19621.jpg,0.78535,0.75009,0.75009,ban_giao,dung,1,8747
query/P0661T02220A2/P0661T02220A2C3F09331.jpg,661022202,536022200,gallery/P0536T02220A0/P0536T02220A0C0F20551.jpg,0.79303,0.79303,0.75009,ban_giao,sai,1,8747
query/P0830T02220A1/P0830T02220A1C3F12421.jpg,830022201,830022201,gallery/P0830T02220A1/P0830T02220A1C0F25351.jpg,0.70159,0.68049,0.75009,tu_choi,tu_choi,0,8747
query/P0763T03241A0/P0763T03241A0C3F04021.jpg,763032410,679032410,gallery/P0679T03241A0/P0679T03241A0C0F08551.jpg,0.68683,0.68683,0.75009,tu_choi,tu_choi,1,8747
query/P0693T03241A2/P0693T03241A2C3F07321.jpg,693032412,780032410,gallery/P0780T03241A0/P0780T03241A0C0F09661.jpg,0.73873,0.73873,0.75009,tu_choi,tu_choi,1,8747
query/P0455T03241A2/P0455T03241A2C3F06031.jpg,455032412,1860032410,gallery/P1860T03241A0/P1860T03241A0C0F22351.jpg,0.69233,0.69233,0.75009,tu_choi,tu_choi,1,8747
query/P0351T02220A1/P0351T02220A1C3F04261.jpg,351022201,168022200,gallery/P0168T02220A0/P0168T02220A0C0F03571.jpg,0.6558,0.6558,0.75009,tu_choi,tu_choi,1,8747
query/P0653T03220A0/P0653T03220A0C3F03991.jpg,653032200,653032200,gallery/P0653T03220A0/P0653T03220A0C0F08251.jpg,0.66267,0.65229,0.75009,tu_choi,tu_choi,1,8747
query/P0365T03241A0/P0365T03241A0C3F02401.jpg,365032410,470032200,gallery/P0470T03220A0/P0470T03220A0C0F05431.jpg,0.70882,0.70882,0.75009,tu_choi,tu_choi,1,8747
query/P0192T04041A1/P0192T04041A1C3F11221.jpg,192040411,163022201,gallery/P0163T02220A1/P0163T02220A1C0F02971.jpg,0.70254,0.70254,0.75009,tu_choi,tu_choi,1,8747
query/P1907T03241A0/P1907T03241A0C3F11131.jpg,1907032410,1907032410,gallery/P1907T03241A0/P1907T03241A0C0F24331.jpg,0.72312,0.70599,0.75009,tu_choi,tu_choi,1,8747
query/P0536T02220A0/P0536T02220A0C3F11911.jpg,536022200,536022200,gallery/P0536T02220A0/P0536T02220A0C0F26281.jpg,0.77319,0.74043,0.75009,ban_giao,dung,1,8747
query/P0552T02220A1/P0552T02220A1C3F06361.jpg,552022201,536022200,gallery/P0536T02220A0/P0536T02220A0C0F19861.jpg,0.69439,0.69439,0.75009,tu_choi,tu_choi,1,8747
query/P0002T02220A0/P0002T02220A0C3F00781.jpg,2022200,149032410,gallery/P0149T03241A0/P0149T03241A0C0F02401.jpg,0.76033,0.76033,0.75009,ban_giao,sai,1,8747
query/P0166T04041A1/P0166T04041A1C3F8341.jpg,166040411,313040412,gallery/P0313T04041A2/P0313T04041A2C0F19471.jpg,0.73184,0.73184,0.75009,tu_choi,tu_choi,1,8747
query/P0582T03241A2/P0582T03241A2C3F07351.jpg,582032412,134040411,gallery/P0134T04041A1/P0134T04041A1C0F6901.jpg,0.68044,0.68044,0.75009,tu_choi,tu_choi,1,8747
query/P1313T03241A1/P1313T03241A1C3F05731.jpg,1313032411,503022202,gallery/P0503T02220A2/P0503T02220A2C0F15961.jpg,0.69869,0.69869,0.75009,tu_choi,tu_choi,0,8747
query/P0447T03241A0/P0447T03241A0C3F00841.jpg,447032410,447032410,gallery/P0447T03241A0/P0447T03241A0C0F06871.jpg,0.79457,0.72546,0.75009,ban_giao,dung,0,8747
query/P1864T03241A1/P1864T03241A1C3F07831.jpg,1864032411,168022200,gallery/P0168T02220A0/P0168T02220A0C0F04291.jpg,0.7164,0.7164,0.75009,tu_choi,tu_choi,1,8747
query/P0199T04041A1/P0199T04041A1C3F11521.jpg,199040411,27032201,gallery/P0027T03220A1/P0027T03220A1C0F00421.jpg,0.68255,0.68255,0.75009,tu_choi,tu_choi,0,8747
query/P0536T02220A0/P0536T02220A0C3F12271.jpg,536022200,536022200,gallery/P0536T02220A0/P0536T02220A0C0F21451.jpg,0.72785,0.69111,0.75009,tu_choi,tu_choi,1,8747
query/P0988T03241A1/P0988T03241A1C3F03541.jpg,988032411,653032200,gallery/P0653T03220A0/P0653T03220A0C0F08191.jpg,0.73474,0.73474,0.75009,tu_choi,tu_choi,0,8747
query/P0763T03241A1/P0763T03241A1C3F01861.jpg,763032411,763032411,gallery/P0763T03241A1/P0763T03241A1C0F04351.jpg,0.75876,0.71563,0.75009,ban_giao,dung,1,8747
query/P1137T03241A2/P1137T03241A2C3F10141.jpg,1137032412,1278032411,gallery/P1278T03241A1/P1278T03241A1C0F10501.jpg,0.66211,0.66211,0.75009,tu_choi,tu_choi,0,8747
query/P1137T03241A2/P1137T03241A2C3F10081.jpg,1137032412,1278032411,gallery/P1278T03241A1/P1278T03241A1C0F10411.jpg,0.6812,0.6812,0.75009,tu_choi,tu_choi,0,8747
query/P0114T04041A1/P0114T04041A1C3F241.jpg,114040411,244032200,gallery/P0244T03220A0/P0244T03220A0C0F03271.jpg,0.72349,0.72349,0.75009,tu_choi,tu_choi,1,8747
query/P0678T03220A1/P0678T03220A1C3F04231.jpg,678032201,585032411,gallery/P0585T03241A1/P0585T03241A1C0F03931.jpg,0.69047,0.69047,0.75009,tu_choi,tu_choi,0,8747
query/P0177T02220A2/P0177T02220A2C3F03211.jpg,177022202,653032200,gallery/P0653T03220A0/P0653T03220A0C0F08191.jpg,0.69877,0.69877,0.75009,tu_choi,tu_choi,0,8747
query/P2448T03241A1/P2448T03241A1C3F10291.jpg,2448032411,2448032411,gallery/P2448T03241A1/P2448T03241A1C0F18661.jpg,0.76226,0.72241,0.75009,ban_giao,dung,1,8747
query/P0653T03220A0/P0653T03220A0C3F04201.jpg,653032200,124040411,gallery/P0124T04041A1/P0124T04041A1C0F3991.jpg,0.76143,0.76143,0.75009,ban_giao,sai,1,8747
query/P0565T03241A1/P0565T03241A1C3F01951.jpg,565032411,1860032410,gallery/P1860T03241A0/P1860T03241A0C0F23491.jpg,0.75349,0.75349,0.75009,ban_giao,sai,1,8747
query/P0193T02220A0/P0193T02220A0C3F03121.jpg,193022200,193022200,gallery/P0193T02220A0/P0193T02220A0C0F06061.jpg,0.80467,0.6886,0.75009,ban_giao,dung,1,8747
query/P1278T03241A1/P1278T03241A1C3F04501.jpg,1278032411,186022101,gallery/P0186T02210A1/P0186T02210A1C0F25381.jpg,0.62606,0.62606,0.75009,tu_choi,tu_choi,1,8747
query/P1611T03220A2/P1611T03220A2C3F10051.jpg,1611032202,1427032410,gallery/P1427T03241A0/P1427T03241A0C0F16501.jpg,0.7405,0.7405,0.75009,tu_choi,tu_choi,1,8747
query/P0736T03241A2/P0736T03241A2C3F08281.jpg,736032412,736032412,gallery/P0736T03241A2/P0736T03241A2C0F10111.jpg,0.73168,0.69191,0.75009,tu_choi,tu_choi,0,8747
query/P1360T03241A0/P1360T03241A0C3F06661.jpg,1360032410,1360032410,gallery/P1360T03241A0/P1360T03241A0C0F16291.jpg,0.68632,0.68248,0.75009,tu_choi,tu_choi,1,8747
query/P0285T02210A2/P0285T02210A2C3F10801.jpg,285022102,285022102,gallery/P0285T02210A2/P0285T02210A2C0F22441.jpg,0.735,0.68519,0.75009,tu_choi,tu_choi,0,8747
query/P1362T03220A1/P1362T03220A1C3F11611.jpg,1362032201,316040412,gallery/P0316T04041A2/P0316T04041A2C0F20851.jpg,0.65871,0.65871,0.75009,tu_choi,tu_choi,1,8747
query/P0579T02220A1/P0579T02220A1C3F07351.jpg,579022201,184040411,gallery/P0184T04041A1/P0184T04041A1C0F21601.jpg,0.68901,0.68901,0.75009,tu_choi,tu_choi,0,8747
query/P1236T03220A2/P1236T03220A2C3F07231.jpg,1236032202,140040411,gallery/P0140T04041A1/P0140T04041A1C0F9991.jpg,0.68167,0.68167,0.75009,tu_choi,tu_choi,1,8747
query/P2448T03241A1/P2448T03241A1C3F10261.jpg,2448032411,518022200,gallery/P0518T02220A0/P0518T02220A0C0F19351.jpg,0.71692,0.71692,0.75009,tu_choi,tu_choi,1,8747
query/P0903T03241A0/P0903T03241A0C3F05251.jpg,903032410,1630032200,gallery/P1630T03220A0/P1630T03220A0C0F27691.jpg,0.67464,0.67464,0.75009,tu_choi,tu_choi,0,8747
query/P0298T04041A2/P0298T04041A2C3F8851.jpg,298040412,802032411,gallery/P0802T03241A1/P0802T03241A1C0F05611.jpg,0.71368,0.71368,0.75009,tu_choi,tu_choi,1,8747
query/P0812T03241A1/P0812T03241A1C3F02941.jpg,812032411,240040412,gallery/P0240T04041A2/P0240T04041A2C0F7261.jpg,0.70751,0.70751,0.75009,tu_choi,tu_choi,1,8747
query/P0974T03241A1/P0974T03241A1C3F02941.jpg,974032411,679032410,gallery/P0679T03241A0/P0679T03241A0C0F08431.jpg,0.68562,0.68562,0.75009,tu_choi,tu_choi,1,8747
query/P0177T02220A2/P0177T02220A2C3F03151.jpg,177022202,653032200,gallery/P0653T03220A0/P0653T03220A0C0F08191.jpg,0.70619,0.70619,0.75009,tu_choi,tu_choi,0,8747
query/P1127T03241A1/P1127T03241A1C3F04681.jpg,1127032411,313022200,gallery/P0313T02220A0/P0313T02220A0C0F11341.jpg,0.68455,0.68455,0.75009,tu_choi,tu_choi,0,8747
query/P0409T03241A2/P0409T03241A2C3F05551.jpg,409032412,582032201,gallery/P0582T03220A1/P0582T03220A1C0F09241.jpg,0.65206,0.65206,0.75009,tu_choi,tu_choi,0,8747
query/P0366T03241A2/P0366T03241A2C3F05281.jpg,366032412,790032200,gallery/P0790T03220A0/P0790T03220A0C0F12991.jpg,0.74863,0.74863,0.75009,tu_choi,tu_choi,1,8747
query/P0323T03220A1/P0323T03220A1C3F02641.jpg,323032201,359032410,gallery/P0359T03241A0/P0359T03241A0C0F04051.jpg,0.70658,0.70658,0.75009,tu_choi,tu_choi,1,8747
query/P0139T03241A0/P0139T03241A0C3F00301.jpg,139032410,195040411,gallery/P0195T04041A1/P0195T04041A1C0F26011.jpg,0.68017,0.68017,0.75009,tu_choi,tu_choi,1,8747
query/P1236T03220A2/P1236T03220A2C3F07291.jpg,1236032202,244032200,gallery/P0244T03220A0/P0244T03220A0C0F03301.jpg,0.69987,0.69987,0.75009,tu_choi,tu_choi,1,8747
query/P1654T03220A1/P1654T03220A1C3F11881.jpg,1654032201,1654032201,gallery/P1654T03220A1/P1654T03220A1C0F24391.jpg,0.6555,0.64267,0.75009,tu_choi,tu_choi,0,8747
query/P0119T02220A1/P0119T02220A1C3F01051.jpg,119022201,399032200,gallery/P0399T03220A0/P0399T03220A0C0F05161.jpg,0.61468,0.61468,0.75009,tu_choi,tu_choi,1,8747
query/P0896T03241A0/P0896T03241A0C3F03721.jpg,896032410,1860032410,gallery/P1860T03241A0/P1860T03241A0C0F23071.jpg,0.74336,0.74336,0.75009,tu_choi,tu_choi,1,8747
query/P1655T03220A1/P1655T03220A1C3F11881.jpg,1655032201,120040411,gallery/P0120T04041A1/P0120T04041A1C0F3571.jpg,0.65238,0.65238,0.75009,tu_choi,tu_choi,1,8747
query/P1046T03241A0/P1046T03241A0C3F04741.jpg,1046032410,1046032410,gallery/P1046T03241A0/P1046T03241A0C0F12691.jpg,0.77277,0.74081,0.75009,ban_giao,dung,1,8747
query/P0582T03241A2/P0582T03241A2C3F07621.jpg,582032412,582032412,gallery/P0582T03241A2/P0582T03241A2C0F07681.jpg,0.75922,0.71563,0.75009,ban_giao,dung,1,8747
query/P0756T02220A1/P0756T02220A1C3F11371.jpg,756022201,54021401,gallery/P0054T02140A1/P0054T02140A1C0F23701.jpg,0.70858,0.70858,0.75009,tu_choi,tu_choi,1,8747
query/P1511T03220A0/P1511T03220A0C3F11821.jpg,1511032200,790032200,gallery/P0790T03220A0/P0790T03220A0C0F11851.jpg,0.74465,0.74465,0.75009,tu_choi,tu_choi,1,8747
query/P1860T03241A0/P1860T03241A0C3F10981.jpg,1860032410,167040411,gallery/P0167T04041A1/P0167T04041A1C0F18541.jpg,0.62981,0.62981,0.75009,tu_choi,tu_choi,0,8747
query/P0323T03220A1/P0323T03220A1C3F02881.jpg,323032201,211040412,gallery/P0211T04041A2/P0211T04041A2C0F631.jpg,0.7179,0.7179,0.75009,tu_choi,tu_choi,1,8747
query/P2342T03241A1/P2342T03241A1C3F09601.jpg,2342032411,2342032411,gallery/P2342T03241A1/P2342T03241A1C0F18241.jpg,0.69653,0.69449,0.75009,tu_choi,tu_choi,1,8747
query/P0258T04041A2/P0258T04041A2C3F4891.jpg,258040412,790032412,gallery/P0790T03241A2/P0790T03241A2C0F10741.jpg,0.76875,0.76875,0.75009,ban_giao,sai,0,8747
query/P0536T02220A0/P0536T02220A0C3F12391.jpg,536022200,536022200,gallery/P0536T02220A0/P0536T02220A0C0F21451.jpg,0.73569,0.69592,0.75009,tu_choi,tu_choi,1,8747
query/P0167T04041A1/P0167T04041A1C3F8371.jpg,167040411,470032200,gallery/P0470T03220A0/P0470T03220A0C0F05431.jpg,0.72988,0.72988,0.75009,tu_choi,tu_choi,1,8747
query/P0140T04041A1/P0140T04041A1C3F3931.jpg,140040411,1046032410,gallery/P1046T03241A0/P1046T03241A0C0F12511.jpg,0.76235,0.76235,0.75009,ban_giao,sai,1,8747
query/P0582T03220A1/P0582T03220A1C3F03961.jpg,582032201,582032201,gallery/P0582T03220A1/P0582T03220A1C0F08581.jpg,0.67072,0.65052,0.75009,tu_choi,tu_choi,1,8747
query/P1427T03241A0/P1427T03241A0C3F06991.jpg,1427032410,1427032410,gallery/P1427T03241A0/P1427T03241A0C0F16711.jpg,0.74067,0.72206,0.75009,tu_choi,tu_choi,1,8747
query/P0296T04041A2/P0296T04041A2C3F7711.jpg,296040412,296040412,gallery/P0296T04041A2/P0296T04041A2C0F16051.jpg,0.72577,0.70313,0.75009,tu_choi,tu_choi,0,8747
query/P1907T03241A0/P1907T03241A0C3F11611.jpg,1907032410,27021401,gallery/P0027T02140A1/P0027T02140A1C0F361.jpg,0.69891,0.69891,0.75009,tu_choi,tu_choi,1,8747
query/P1503T03241A1/P1503T03241A1C3F08281.jpg,1503032411,185040411,gallery/P0185T04041A1/P0185T04041A1C0F22081.jpg,0.70225,0.70225,0.75009,tu_choi,tu_choi,1,8747
query/P0748T02220A2/P0748T02220A2C3F11971.jpg,748022202,1860032410,gallery/P1860T03241A0/P1860T03241A0C0F23611.jpg,0.67795,0.67795,0.75009,tu_choi,tu_choi,1,8747
query/P1427T03241A0/P1427T03241A0C3F06781.jpg,1427032410,1427032410,gallery/P1427T03241A0/P1427T03241A0C0F17641.jpg,0.68619,0.68145,0.75009,tu_choi,tu_choi,1,8747
query/P0107T04041A1/P0107T04041A1C3F451.jpg,107040411,184040411,gallery/P0184T04041A1/P0184T04041A1C0F21391.jpg,0.66992,0.66992,0.75009,tu_choi,tu_choi,1,8747
query/P0802T03241A1/P0802T03241A1C3F02641.jpg,802032411,56021401,gallery/P0056T02140A1/P0056T02140A1C0F23791.jpg,0.68208,0.68208,0.75009,tu_choi,tu_choi,1,8747
query/P0240T04041A2/P0240T04041A2C3F3541.jpg,240040412,1860032410,gallery/P1860T03241A0/P1860T03241A0C0F22921.jpg,0.74076,0.74076,0.75009,tu_choi,tu_choi,0,8747
query/P1187T03241A2/P1187T03241A2C3F10861.jpg,1187032412,1321032201,gallery/P1321T03220A1/P1321T03220A1C0F19051.jpg,0.66402,0.66402,0.75009,tu_choi,tu_choi,0,8747
query/P0565T03241A1/P0565T03241A1C3F01801.jpg,565032411,1860032410,gallery/P1860T03241A0/P1860T03241A0C0F23521.jpg,0.72938,0.72938,0.75009,tu_choi,tu_choi,1,8747
query/P1907T03241A0/P1907T03241A0C3F11461.jpg,1907032410,181040411,gallery/P0181T04041A1/P0181T04041A1C0F20641.jpg,0.70075,0.70075,0.75009,tu_choi,tu_choi,1,8747
query/P0292T04041A2/P0292T04041A2C3F8791.jpg,292040412,292040412,gallery/P0292T04041A2/P0292T04041A2C0F15721.jpg,0.7223,0.67115,0.75009,tu_choi,tu_choi,0,8747
query/P0142T02210A1/P0142T02210A1C3F6421.jpg,142022101,313022200,gallery/P0313T02220A0/P0313T02220A0C0F10231.jpg,0.65814,0.65814,0.75009,tu_choi,tu_choi,1,8747
query/P0631T03220A2/P0631T03220A2C3F04501.jpg,631032202,1860032410,gallery/P1860T03241A0/P1860T03241A0C0F23701.jpg,0.75105,0.75105,0.75009,ban_giao,sai,1,8747
query/P0974T03241A1/P0974T03241A1C3F03361.jpg,974032411,342022202,gallery/P0342T02220A2/P0342T02220A2C0F16111.jpg,0.74265,0.74265,0.75009,tu_choi,tu_choi,1,8747
query/P0455T03241A2/P0455T03241A2C3F05431.jpg,455032412,1860032410,gallery/P1860T03241A0/P1860T03241A0C0F22501.jpg,0.67713,0.67713,0.75009,tu_choi,tu_choi,1,8747
query/P0692T02220A0/P0692T02220A0C3F12721.jpg,692022200,193022200,gallery/P0193T02220A0/P0193T02220A0C0F06151.jpg,0.68679,0.68679,0.75009,tu_choi,tu_choi,1,8747
query/P0330T02220A0/P0330T02220A0C3F07771.jpg,330022200,330022200,gallery/P0330T02220A0/P0330T02220A0C0F11851.jpg,0.76792,0.70473,0.75009,ban_giao,dung,1,8747
query/P0763T03241A0/P0763T03241A0C3F03931.jpg,763032410,763032410,gallery/P0763T03241A0/P0763T03241A0C0F09481.jpg,0.71373,0.68622,0.75009,tu_choi,tu_choi,1,8747
query/P1313T03241A1/P1313T03241A1C3F06121.jpg,1313032411,1661032202,gallery/P1661T03220A2/P1661T03220A2C0F21121.jpg,0.66299,0.66299,0.75009,tu_choi,tu_choi,0,8747
query/P0352T03241A1/P0352T03241A1C3F02071.jpg,352032411,139032410,gallery/P0139T03241A0/P0139T03241A0C0F02161.jpg,0.69275,0.69275,0.75009,tu_choi,tu_choi,1,8747
query/P0171T03220A2/P0171T03220A2C3F00541.jpg,171032202,790032200,gallery/P0790T03220A0/P0790T03220A0C0F13141.jpg,0.72102,0.72102,0.75009,tu_choi,tu_choi,1,8747
query/P1261T03220A2/P1261T03220A2C3F09331.jpg,1261032202,323032201,gallery/P0323T03220A1/P0323T03220A1C0F03061.jpg,0.70318,0.70318,0.75009,tu_choi,tu_choi,0,8747
query/P0579T02220A1/P0579T02220A1C3F07231.jpg,579022201,455032410,gallery/P0455T03241A0/P0455T03241A0C0F06211.jpg,0.65606,0.65606,0.75009,tu_choi,tu_choi,0,8747
query/P0916T03241A1/P0916T03241A1C3F04171.jpg,916032411,2022200,gallery/P0002T02220A0/P0002T02220A0C0F00271.jpg,0.64269,0.64269,0.75009,tu_choi,tu_choi,0,8747
query/P0284T04041A2/P0284T04041A2C3F6721.jpg,284040412,320022200,gallery/P0320T02220A0/P0320T02220A0C0F10621.jpg,0.75448,0.75448,0.75009,ban_giao,sai,0,8747
query/P0416T02220A2/P0416T02220A2C3F07051.jpg,416022202,416022202,gallery/P0416T02220A2/P0416T02220A2C0F14311.jpg,0.66794,0.65573,0.75009,tu_choi,tu_choi,1,8747
query/P1697T03220A2/P1697T03220A2C3F10681.jpg,1697032202,95040410,gallery/P0095T04041A0/P0095T04041A0C0F26401.jpg,0.68481,0.68481,0.75009,tu_choi,tu_choi,1,8747
query/P1697T03220A2/P1697T03220A2C3F10501.jpg,1697032202,642022202,gallery/P0642T02220A2/P0642T02220A2C0F18691.jpg,0.6899,0.6899,0.75009,tu_choi,tu_choi,1,8747
query/P0849T03241A0/P0849T03241A0C3F03421.jpg,849032410,849032410,gallery/P0849T03241A0/P0849T03241A0C0F10561.jpg,0.78401,0.64228,0.75009,ban_giao,dung,0,8747
query/P1900T03241A1/P1900T03241A1C3F08311.jpg,1900032411,1511032200,gallery/P1511T03220A0/P1511T03220A0C0F25591.jpg,0.78726,0.78726,0.75009,ban_giao,sai,0,8747
query/P0565T03241A1/P0565T03241A1C3F01411.jpg,565032411,22021400,gallery/P0022T02140A0/P0022T02140A0C0F18991.jpg,0.76341,0.76341,0.75009,ban_giao,sai,1,8747
query/P0933T03220A1/P0933T03220A1C3F06751.jpg,933032201,1046032410,gallery/P1046T03241A0/P1046T03241A0C0F13351.jpg,0.77597,0.77597,0.75009,ban_giao,sai,1,8747
query/P0470T03220A0/P0470T03220A0C3F02791.jpg,470032200,470032200,gallery/P0470T03220A0/P0470T03220A0C0F06601.jpg,0.67844,0.67125,0.75009,tu_choi,tu_choi,1,8747
query/P0903T03241A0/P0903T03241A0C3F05371.jpg,903032410,330022200,gallery/P0330T02220A0/P0330T02220A0C0F11881.jpg,0.6929,0.6929,0.75009,tu_choi,tu_choi,0,8747
query/P1261T03220A2/P1261T03220A2C3F09541.jpg,1261032202,1630032200,gallery/P1630T03220A0/P1630T03220A0C0F27631.jpg,0.69231,0.69231,0.75009,tu_choi,tu_choi,0,8747
query/P0118T02220A1/P0118T02220A1C3F01081.jpg,118022201,2103032410,gallery/P2103T03241A0/P2103T03241A0C0F25591.jpg,0.64505,0.64505,0.75009,tu_choi,tu_choi,1,8747
query/P0027T03220A1/P0027T03220A1C3F00061.jpg,27032201,27032201,gallery/P0027T03220A1/P0027T03220A1C0F00751.jpg,0.75458,0.68093,0.75009,ban_giao,dung,1,8747
query/P0059T03220A1/P0059T03220A1C3F00271.jpg,59032201,99022101,gallery/P0099T02210A1/P0099T02210A1C0F1201.jpg,0.67051,0.67051,0.75009,tu_choi,tu_choi,1,8747
query/P0693T03241A2/P0693T03241A2C3F07861.jpg,693032412,267032200,gallery/P0267T03220A0/P0267T03220A0C0F04651.jpg,0.69111,0.69111,0.75009,tu_choi,tu_choi,1,8747
query/P0191T02220A0/P0191T02220A0C3F04261.jpg,191022200,191022200,gallery/P0191T02220A0/P0191T02220A0C0F05671.jpg,0.72734,0.70434,0.75009,tu_choi,tu_choi,1,8747
query/P0938T03220A0/P0938T03220A0C3F09991.jpg,938032200,938032200,gallery/P0938T03220A0/P0938T03220A0C0F15901.jpg,0.78392,0.68251,0.75009,ban_giao,dung,1,8747
query/P0138T04041A1/P0138T04041A1C3F2521.jpg,138040411,138040411,gallery/P0138T04041A1/P0138T04041A1C0F7021.jpg,0.69811,0.68017,0.75009,tu_choi,tu_choi,1,8747
query/P0573T02220A1/P0573T02220A1C3F08521.jpg,573022201,573022201,gallery/P0573T02220A1/P0573T02220A1C0F14581.jpg,0.68402,0.63231,0.75009,tu_choi,tu_choi,1,8747
query/P0306T04041A2/P0306T04041A2C3F9301.jpg,306040412,123022101,gallery/P0123T02210A1/P0123T02210A1C0F13351.jpg,0.70593,0.70593,0.75009,tu_choi,tu_choi,0,8747
query/P1005T03220A0/P1005T03220A0C3F09961.jpg,1005032200,1005032200,gallery/P1005T03220A0/P1005T03220A0C0F17101.jpg,0.68761,0.68272,0.75009,tu_choi,tu_choi,1,8747
query/P0422T03241A2/P0422T03241A2C3F05881.jpg,422032412,1360032410,gallery/P1360T03241A0/P1360T03241A0C0F15781.jpg,0.67707,0.67707,0.75009,tu_choi,tu_choi,0,8747
query/P0312T03241A1/P0312T03241A1C3F01261.jpg,312032411,312032411,gallery/P0312T03241A1/P0312T03241A1C0F02311.jpg,0.65952,0.65258,0.75009,tu_choi,tu_choi,1,8747
query/P0338T02220A0/P0338T02220A0C3F06601.jpg,338022200,933032201,gallery/P0933T03220A1/P0933T03220A1C0F14911.jpg,0.68884,0.68884,0.75009,tu_choi,tu_choi,1,8747
query/P0093T03241A1/P0093T03241A1C3F00961.jpg,93032411,1860032410,gallery/P1860T03241A0/P1860T03241A0C0F23311.jpg,0.76143,0.76143,0.75009,ban_giao,sai,1,8747
query/P0112T02210A1/P0112T02210A1C3F1441.jpg,112022101,112022101,gallery/P0112T02210A1/P0112T02210A1C0F3811.jpg,0.72042,0.64567,0.75009,tu_choi,tu_choi,1,8747
query/P0399T03220A0/P0399T03220A0C3F02581.jpg,399032200,34040410,gallery/P0034T04041A0/P0034T04041A0C0F8251.jpg,0.65969,0.65969,0.75009,tu_choi,tu_choi,1,8747
query/P0122T02220A2/P0122T02220A2C3F02701.jpg,122022202,95040410,gallery/P0095T04041A0/P0095T04041A0C0F26881.jpg,0.69578,0.69578,0.75009,tu_choi,tu_choi,1,8747
query/P0034T03241A0/P0034T03241A0C3F00511.jpg,34032410,938032200,gallery/P0938T03220A0/P0938T03220A0C0F16621.jpg,0.64688,0.64688,0.75009,tu_choi,tu_choi,1,8747
query/P0903T03241A0/P0903T03241A0C3F05281.jpg,903032410,22021400,gallery/P0022T02140A0/P0022T02140A0C0F19321.jpg,0.70434,0.70434,0.75009,tu_choi,tu_choi,0,8747
query/P0351T02220A1/P0351T02220A1C3F03781.jpg,351022201,193022200,gallery/P0193T02220A0/P0193T02220A0C0F06061.jpg,0.6944,0.6944,0.75009,tu_choi,tu_choi,1,8747
query/P0122T02220A2/P0122T02220A2C3F02011.jpg,122022202,122022202,gallery/P0122T02220A2/P0122T02220A2C0F04291.jpg,0.75043,0.71659,0.75009,ban_giao,dung,1,8747
query/P1900T03241A1/P1900T03241A1C3F08251.jpg,1900032411,470032200,gallery/P0470T03220A0/P0470T03220A0C0F05881.jpg,0.68501,0.68501,0.75009,tu_choi,tu_choi,0,8747
query/P0139T03241A0/P0139T03241A0C3F00331.jpg,139032410,2021400,gallery/P0002T02140A0/P0002T02140A0C0F17071.jpg,0.69627,0.69627,0.75009,tu_choi,tu_choi,1,8747
query/P1708T03241A0/P1708T03241A0C3F08371.jpg,1708032410,470032200,gallery/P0470T03220A0/P0470T03220A0C0F05251.jpg,0.6374,0.6374,0.75009,tu_choi,tu_choi,0,8747
query/P0151T04041A1/P0151T04041A1C3F5371.jpg,151040411,167040411,gallery/P0167T04041A1/P0167T04041A1C0F17581.jpg,0.73697,0.73697,0.75009,tu_choi,tu_choi,0,8747
query/P0187T02210A1/P0187T02210A1C3F12901.jpg,187022101,187022101,gallery/P0187T02210A1/P0187T02210A1C0F25771.jpg,0.77036,0.697,0.75009,ban_giao,dung,0,8747
query/P0359T03241A0/P0359T03241A0C3F00031.jpg,359032410,359032410,gallery/P0359T03241A0/P0359T03241A0C0F03991.jpg,0.70456,0.66286,0.75009,tu_choi,tu_choi,1,8747
query/P2342T03241A1/P2342T03241A1C3F09781.jpg,2342032411,938032200,gallery/P0938T03220A0/P0938T03220A0C0F15421.jpg,0.6299,0.6299,0.75009,tu_choi,tu_choi,1,8747
query/P0122T02220A2/P0122T02220A2C3F02491.jpg,122022202,95040410,gallery/P0095T04041A0/P0095T04041A0C0F26881.jpg,0.73715,0.73715,0.75009,tu_choi,tu_choi,1,8747
query/P1316T03241A1/P1316T03241A1C3F05341.jpg,1316032411,214040412,gallery/P0214T04041A2/P0214T04041A2C0F841.jpg,0.7943,0.7943,0.75009,ban_giao,sai,0,8747
query/P1907T03241A0/P1907T03241A0C3F11521.jpg,1907032410,1798032410,gallery/P1798T03241A0/P1798T03241A0C0F21091.jpg,0.73269,0.73269,0.75009,tu_choi,tu_choi,1,8747
query/P0938T03220A0/P0938T03220A0C3F10051.jpg,938032200,938032200,gallery/P0938T03220A0/P0938T03220A0C0F15901.jpg,0.73652,0.647,0.75009,tu_choi,tu_choi,1,8747
query/P0631T03220A2/P0631T03220A2C3F04651.jpg,631032202,844032411,gallery/P0844T03241A1/P0844T03241A1C0F05671.jpg,0.71994,0.71994,0.75009,tu_choi,tu_choi,1,8747
query/P0699T02220A1/P0699T02220A1C3F09271.jpg,699022201,154040411,gallery/P0154T04041A1/P0154T04041A1C0F13201.jpg,0.69784,0.69784,0.75009,tu_choi,tu_choi,0,8747
query/P1261T03220A2/P1261T03220A2C3F09571.jpg,1261032202,447032410,gallery/P0447T03241A0/P0447T03241A0C0F06691.jpg,0.74606,0.74606,0.75009,tu_choi,tu_choi,0,8747
query/P0063T03241A2/P0063T03241A2C3F03901.jpg,63032412,186040411,gallery/P0186T04041A1/P0186T04041A1C0F21841.jpg,0.69071,0.69071,0.75009,tu_choi,tu_choi,0,8747
query/P0130T02220A1/P0130T02220A1C3F01441.jpg,130022201,338022200,gallery/P0338T02220A0/P0338T02220A0C0F13561.jpg,0.68781,0.68781,0.75009,tu_choi,tu_choi,1,8747
query/P1124T03220A1/P1124T03220A1C3F08221.jpg,1124032201,309022200,gallery/P0309T02220A0/P0309T02220A0C0F10501.jpg,0.68807,0.68807,0.75009,tu_choi,tu_choi,1,8747
query/P0149T03241A0/P0149T03241A0C3F00181.jpg,149032410,149032410,gallery/P0149T03241A0/P0149T03241A0C0F02431.jpg,0.79443,0.73216,0.75009,ban_giao,dung,1,8747
query/P1925T03220A2/P1925T03220A2C3F13351.jpg,1925032202,1925032202,gallery/P1925T03220A2/P1925T03220A2C0F23281.jpg,0.71911,0.70253,0.75009,tu_choi,tu_choi,1,8747
query/P0312T03241A1/P0312T03241A1C3F01501.jpg,312032411,107040411,gallery/P0107T04041A1/P0107T04041A1C0F1051.jpg,0.66587,0.66587,0.75009,tu_choi,tu_choi,1,8747
query/P0552T02220A1/P0552T02220A1C3F06301.jpg,552022201,536022200,gallery/P0536T02220A0/P0536T02220A0C0F20281.jpg,0.76,0.76,0.75009,ban_giao,sai,1,8747
query/P0054T02140A1/P0054T02140A1C3F1291.jpg,54021401,54021401,gallery/P0054T02140A1/P0054T02140A1C0F23491.jpg,0.80552,0.74263,0.75009,ban_giao,dung,1,8747
query/P1005T03220A0/P1005T03220A0C3F09811.jpg,1005032200,2022200,gallery/P0002T02220A0/P0002T02220A0C0F01411.jpg,0.69612,0.69612,0.75009,tu_choi,tu_choi,1,8747
query/P0844T03241A1/P0844T03241A1C3F03031.jpg,844032411,844032411,gallery/P0844T03241A1/P0844T03241A1C0F05251.jpg,0.76911,0.71853,0.75009,ban_giao,dung,1,8747
query/P0248T04041A2/P0248T04041A2C3F3961.jpg,248040412,27021401,gallery/P0027T02140A1/P0027T02140A1C0F1771.jpg,0.71039,0.71039,0.75009,tu_choi,tu_choi,0,8747
query/P0416T02220A2/P0416T02220A2C3F06961.jpg,416022202,416022202,gallery/P0416T02220A2/P0416T02220A2C0F14581.jpg,0.6721,0.672,0.75009,tu_choi,tu_choi,1,8747
query/P1137T03241A2/P1137T03241A2C3F10501.jpg,1137032412,4032412,gallery/P0004T03241A2/P0004T03241A2C0F00391.jpg,0.64203,0.64203,0.75009,tu_choi,tu_choi,0,8747
query/P0851T03241A2/P0851T03241A2C3F08251.jpg,851032412,851032412,gallery/P0851T03241A2/P0851T03241A2C0F11161.jpg,0.75608,0.72648,0.75009,ban_giao,dung,1,8747
query/P2041T03241A1/P2041T03241A1C3F08281.jpg,2041032411,844032411,gallery/P0844T03241A1/P0844T03241A1C0F05881.jpg,0.72102,0.72102,0.75009,tu_choi,tu_choi,1,8747
query/P0302T03241A2/P0302T03241A2C3F04651.jpg,302032412,678032201,gallery/P0678T03220A1/P0678T03220A1C0F08851.jpg,0.69487,0.69487,0.75009,tu_choi,tu_choi,1,8747
query/P0120T04041A1/P0120T04041A1C3F1921.jpg,120040411,120040411,gallery/P0120T04041A1/P0120T04041A1C0F3541.jpg,0.74253,0.68217,0.75009,tu_choi,tu_choi,1,8747
query/P0147T02220A0/P0147T02220A0C3F02131.jpg,147022200,780032410,gallery/P0780T03241A0/P0780T03241A0C0F10711.jpg,0.6711,0.6711,0.75009,tu_choi,tu_choi,0,8747
query/P0283T04041A2/P0283T04041A2C3F5881.jpg,283040412,121022101,gallery/P0121T02210A1/P0121T02210A1C0F8431.jpg,0.6302,0.6302,0.75009,tu_choi,tu_choi,1,8747
query/P1860T03241A0/P1860T03241A0C3F11191.jpg,1860032410,1860032410,gallery/P1860T03241A0/P1860T03241A0C0F22951.jpg,0.70986,0.69762,0.75009,tu_choi,tu_choi,0,8747
query/P0575T03241A2/P0575T03241A2C3F06871.jpg,575032412,327022200,gallery/P0327T02220A0/P0327T02220A0C0F11341.jpg,0.72647,0.72647,0.75009,tu_choi,tu_choi,1,8747
query/P1424T03241A1/P1424T03241A1C3F06541.jpg,1424032411,313022200,gallery/P0313T02220A0/P0313T02220A0C0F10381.jpg,0.70157,0.70157,0.75009,tu_choi,tu_choi,1,8747
query/P0262T04041A2/P0262T04041A2C3F5191.jpg,262040412,789022201,gallery/P0789T02220A1/P0789T02220A1C0F24631.jpg,0.74311,0.74311,0.75009,tu_choi,tu_choi,0,8747
query/P0544T02220A0/P0544T02220A0C3F10471.jpg,544022200,54021401,gallery/P0054T02140A1/P0054T02140A1C0F23371.jpg,0.66207,0.66207,0.75009,tu_choi,tu_choi,1,8747
query/P0244T03220A0/P0244T03220A0C3F01471.jpg,244032200,244032200,gallery/P0244T03220A0/P0244T03220A0C0F03181.jpg,0.68055,0.62621,0.75009,tu_choi,tu_choi,1,8747
query/P0343T02220A0/P0343T02220A0C3F12421.jpg,343022200,222032412,gallery/P0222T03241A2/P0222T03241A2C0F02101.jpg,0.65735,0.65735,0.75009,tu_choi,tu_choi,1,8747
query/P0544T02220A0/P0544T02220A0C3F10531.jpg,544022200,1151032412,gallery/P1151T03241A2/P1151T03241A2C0F15781.jpg,0.71603,0.71603,0.75009,tu_choi,tu_choi,1,8747
query/P0118T02220A1/P0118T02220A1C3F00991.jpg,118022201,790032200,gallery/P0790T03220A0/P0790T03220A0C0F11821.jpg,0.67411,0.67411,0.75009,tu_choi,tu_choi,1,8747
query/P0004T03241A2/P0004T03241A2C3F00421.jpg,4032412,163022201,gallery/P0163T02220A1/P0163T02220A1C0F05191.jpg,0.74008,0.74008,0.75009,tu_choi,tu_choi,0,8747
query/P1149T03241A0/P1149T03241A0C3F05791.jpg,1149032410,120022201,gallery/P0120T02220A1/P0120T02220A1C0F03091.jpg,0.65815,0.65815,0.75009,tu_choi,tu_choi,0,8747
query/P0741T02220A1/P0741T02220A1C3F12121.jpg,741022201,2041032411,gallery/P2041T03241A1/P2041T03241A1C0F15961.jpg,0.72004,0.72004,0.75009,tu_choi,tu_choi,1,8747
query/P1187T03241A2/P1187T03241A2C3F10921.jpg,1187032412,1187032412,gallery/P1187T03241A2/P1187T03241A2C0F16621.jpg,0.72167,0.71493,0.75009,tu_choi,tu_choi,0,8747
query/P0631T03220A2/P0631T03220A2C3F04561.jpg,631032202,184040411,gallery/P0184T04041A1/P0184T04041A1C0F21631.jpg,0.69648,0.69648,0.75009,tu_choi,tu_choi,1,8747
query/P1248T03241A0/P1248T03241A0C3F10501.jpg,1248032410,1248032410,gallery/P1248T03241A0/P1248T03241A0C0F14971.jpg,0.67975,0.59007,0.75009,tu_choi,tu_choi,1,8747
query/P0154T02220A1/P0154T02220A1C3F01081.jpg,154022201,1860032410,gallery/P1860T03241A0/P1860T03241A0C0F23521.jpg,0.68915,0.68915,0.75009,tu_choi,tu_choi,0,8747
query/P1919T03220A2/P1919T03220A2C3F11401.jpg,1919032202,120040411,gallery/P0120T04041A1/P0120T04041A1C0F3571.jpg,0.68324,0.68324,0.75009,tu_choi,tu_choi,1,8747
query/P0320T02220A0/P0320T02220A0C3F06331.jpg,320022200,366032412,gallery/P0366T03241A2/P0366T03241A2C0F04561.jpg,0.77733,0.77733,0.75009,ban_giao,sai,1,8747
query/P2207T03241A0/P2207T03241A0C3F12061.jpg,2207032410,181040411,gallery/P0181T04041A1/P0181T04041A1C0F20461.jpg,0.62128,0.62128,0.75009,tu_choi,tu_choi,1,8747
query/P1124T03220A1/P1124T03220A1C3F08161.jpg,1124032201,269022200,gallery/P0269T02220A0/P0269T02220A0C0F08251.jpg,0.72512,0.72512,0.75009,tu_choi,tu_choi,1,8747
query/P1722T03220A2/P1722T03220A2C3F10321.jpg,1722032202,790032200,gallery/P0790T03220A0/P0790T03220A0C0F11791.jpg,0.6105,0.6105,0.75009,tu_choi,tu_choi,1,8747
query/P0559T03241A2/P0559T03241A2C3F06871.jpg,559032412,149032410,gallery/P0149T03241A0/P0149T03241A0C0F02401.jpg,0.70058,0.70058,0.75009,tu_choi,tu_choi,0,8747
query/P0679T03241A0/P0679T03241A0C3F03511.jpg,679032410,679032410,gallery/P0679T03241A0/P0679T03241A0C0F08551.jpg,0.68183,0.65889,0.75009,tu_choi,tu_choi,0,8747
query/P0182T02220A0/P0182T02220A0C3F02341.jpg,182022200,193022200,gallery/P0193T02220A0/P0193T02220A0C0F06031.jpg,0.72504,0.72504,0.75009,tu_choi,tu_choi,1,8747
query/P0163T02220A1/P0163T02220A1C3F01291.jpg,163022201,163022201,gallery/P0163T02220A1/P0163T02220A1C0F05071.jpg,0.75937,0.67973,0.75009,ban_giao,dung,1,8747
query/P1740T03220A2/P1740T03220A2C3F10711.jpg,1740032202,30040410,gallery/P0030T04041A0/P0030T04041A0C0F7651.jpg,0.66263,0.66263,0.75009,tu_choi,tu_choi,1,8747
query/P0958T03220A1/P0958T03220A1C3F07021.jpg,958032201,191022200,gallery/P0191T02220A0/P0191T02220A0C0F05671.jpg,0.71606,0.71606,0.75009,tu_choi,tu_choi,1,8747
query/P0352T03241A1/P0352T03241A1C3F02221.jpg,352032411,1788032410,gallery/P1788T03241A0/P1788T03241A0C0F20971.jpg,0.68299,0.68299,0.75009,tu_choi,tu_choi,1,8747
query/P0844T03241A1/P0844T03241A1C3F03061.jpg,844032411,193022200,gallery/P0193T02220A0/P0193T02220A0C0F05911.jpg,0.7162,0.7162,0.75009,tu_choi,tu_choi,1,8747
query/P0327T02220A0/P0327T02220A0C3F06061.jpg,327022200,327022200,gallery/P0327T02220A0/P0327T02220A0C0F11311.jpg,0.70191,0.63734,0.75009,tu_choi,tu_choi,1,8747
query/P0366T03241A2/P0366T03241A2C3F05131.jpg,366032412,1046032410,gallery/P1046T03241A0/P1046T03241A0C0F13321.jpg,0.77495,0.77495,0.75009,ban_giao,sai,1,8747
query/P0186T02210A1/P0186T02210A1C3F12841.jpg,186022101,186022101,gallery/P0186T02210A1/P0186T02210A1C0F25621.jpg,0.67122,0.65524,0.75009,tu_choi,tu_choi,0,8747
query/P1248T03241A0/P1248T03241A0C3F10651.jpg,1248032410,1248032410,gallery/P1248T03241A0/P1248T03241A0C0F14911.jpg,0.74763,0.65772,0.75009,tu_choi,tu_choi,1,8747
query/P1655T03220A1/P1655T03220A1C3F12061.jpg,1655032201,120040411,gallery/P0120T04041A1/P0120T04041A1C0F3571.jpg,0.64142,0.64142,0.75009,tu_choi,tu_choi,1,8747
query/P0131T04041A1/P0131T04041A1C3F2941.jpg,131040411,585032411,gallery/P0585T03241A1/P0585T03241A1C0F04981.jpg,0.7198,0.7198,0.75009,tu_choi,tu_choi,1,8747
query/P0579T02220A1/P0579T02220A1C3F07471.jpg,579022201,679032410,gallery/P0679T03241A0/P0679T03241A0C0F08701.jpg,0.72844,0.72844,0.75009,tu_choi,tu_choi,0,8747
query/P0756T02220A1/P0756T02220A1C3F11731.jpg,756022201,1860032410,gallery/P1860T03241A0/P1860T03241A0C0F23371.jpg,0.69519,0.69519,0.75009,tu_choi,tu_choi,1,8747
query/P0661T02220A2/P0661T02220A2C3F09601.jpg,661022202,536022200,gallery/P0536T02220A0/P0536T02220A0C0F22021.jpg,0.7633,0.7633,0.75009,ban_giao,sai,1,8747
query/P0267T03220A0/P0267T03220A0C3F01981.jpg,267032200,2022200,gallery/P0002T02220A0/P0002T02220A0C0F01411.jpg,0.6355,0.6355,0.75009,tu_choi,tu_choi,1,8747
query/P0319T02220A0/P0319T02220A0C3F06181.jpg,319022200,1511032200,gallery/P1511T03220A0/P1511T03220A0C0F25591.jpg,0.77072,0.77072,0.75009,ban_giao,sai,1,8747
query/P0455T03241A2/P0455T03241A2C3F05971.jpg,455032412,2578032411,gallery/P2578T03241A1/P2578T03241A1C0F19501.jpg,0.70735,0.70735,0.75009,tu_choi,tu_choi,1,8747
query/P0431T03241A2/P0431T03241A2C3F05521.jpg,431032412,1900032411,gallery/P1900T03241A1/P1900T03241A1C0F16441.jpg,0.73504,0.73504,0.75009,tu_choi,tu_choi,1,8747
query/P0191T02220A0/P0191T02220A0C3F03751.jpg,191022200,679032410,gallery/P0679T03241A0/P0679T03241A0C0F08551.jpg,0.67473,0.67473,0.75009,tu_choi,tu_choi,1,8747
query/P0342T02220A2/P0342T02220A2C3F08731.jpg,342022202,763032410,gallery/P0763T03241A0/P0763T03241A0C0F09331.jpg,0.66818,0.66818,0.75009,tu_choi,tu_choi,0,8747
query/P1447T03220A0/P1447T03220A0C3F12511.jpg,1447032200,1447032200,gallery/P1447T03220A0/P1447T03220A0C0F22141.jpg,0.6615,0.6592,0.75009,tu_choi,tu_choi,1,8747
query/P0661T02220A2/P0661T02220A2C3F09511.jpg,661022202,536022200,gallery/P0536T02220A0/P0536T02220A0C0F26881.jpg,0.82437,0.82437,0.75009,ban_giao,sai,1,8747
query/P0736T03241A2/P0736T03241A2C3F07471.jpg,736032412,736032412,gallery/P0736T03241A2/P0736T03241A2C0F09751.jpg,0.65635,0.63118,0.75009,tu_choi,tu_choi,0,8747
query/P0352T03241A1/P0352T03241A1C3F02131.jpg,352032411,222032412,gallery/P0222T03241A2/P0222T03241A2C0F02131.jpg,0.6933,0.6933,0.75009,tu_choi,tu_choi,1,8747
query/P0938T03220A0/P0938T03220A0C3F09811.jpg,938032200,2021400,gallery/P0002T02140A0/P0002T02140A0C0F17581.jpg,0.72697,0.72697,0.75009,tu_choi,tu_choi,1,8747
query/P0351T02220A1/P0351T02220A1C3F03991.jpg,351022201,267032200,gallery/P0267T03220A0/P0267T03220A0C0F03601.jpg,0.70961,0.70961,0.75009,tu_choi,tu_choi,1,8747
query/P0575T03241A2/P0575T03241A2C3F06961.jpg,575032412,575032412,gallery/P0575T03241A2/P0575T03241A2C0F07231.jpg,0.7673,0.72301,0.75009,ban_giao,dung,1,8747
query/P1919T03220A2/P1919T03220A2C3F11491.jpg,1919032202,30040410,gallery/P0030T04041A0/P0030T04041A0C0F8521.jpg,0.71276,0.71276,0.75009,tu_choi,tu_choi,1,8747
query/P0728T02220A1/P0728T02220A1C3F11881.jpg,728022201,699022201,gallery/P0699T02220A1/P0699T02220A1C0F19531.jpg,0.72282,0.72282,0.75009,tu_choi,tu_choi,1,8747
query/P1860T03241A0/P1860T03241A0C3F11221.jpg,1860032410,1860032410,gallery/P1860T03241A0/P1860T03241A0C0F22261.jpg,0.72082,0.68962,0.75009,tu_choi,tu_choi,0,8747
query/P0462T02220A0/P0462T02220A0C3F07921.jpg,462022200,10022100,gallery/P0010T02210A0/P0010T02210A0C0F1981.jpg,0.67703,0.67703,0.75009,tu_choi,tu_choi,1,8747
query/P0481T03220A1/P0481T03220A1C3F02581.jpg,481032201,168022200,gallery/P0168T02220A0/P0168T02220A0C0F04801.jpg,0.67931,0.67931,0.75009,tu_choi,tu_choi,1,8747
query/P0790T03241A2/P0790T03241A2C3F08491.jpg,790032412,122022202,gallery/P0122T02220A2/P0122T02220A2C0F05491.jpg,0.68571,0.68571,0.75009,tu_choi,tu_choi,1,8747
query/P0279T02210A2/P0279T02210A2C3F10141.jpg,279022102,279022102,gallery/P0279T02210A2/P0279T02210A2C0F21061.jpg,0.74725,0.63431,0.75009,tu_choi,tu_choi,1,8747
query/P0933T03220A1/P0933T03220A1C3F06511.jpg,933032201,790032200,gallery/P0790T03220A0/P0790T03220A0C0F11821.jpg,0.67023,0.67023,0.75009,tu_choi,tu_choi,1,8747
query/P0728T02220A1/P0728T02220A1C3F11911.jpg,728022201,699022201,gallery/P0699T02220A1/P0699T02220A1C0F19531.jpg,0.75,0.75,0.75009,tu_choi,tu_choi,1,8747
query/P0756T02220A1/P0756T02220A1C3F11071.jpg,756022201,748022202,gallery/P0748T02220A2/P0748T02220A2C0F20551.jpg,0.69969,0.69969,0.75009,tu_choi,tu_choi,1,8747
query/P1360T03241A0/P1360T03241A0C3F06601.jpg,1360032410,2022200,gallery/P0002T02220A0/P0002T02220A0C0F00571.jpg,0.68338,0.68338,0.75009,tu_choi,tu_choi,1,8747
query/P0244T04041A2/P0244T04041A2C3F5311.jpg,244040412,124040411,gallery/P0124T04041A1/P0124T04041A1C0F4351.jpg,0.65592,0.65592,0.75009,tu_choi,tu_choi,0,8747
query/P0622T03241A1/P0622T03241A1C3F00871.jpg,622032411,585032411,gallery/P0585T03241A1/P0585T03241A1C0F04651.jpg,0.6346,0.6346,0.75009,tu_choi,tu_choi,1,8747
query/P0544T02220A0/P0544T02220A0C3F10021.jpg,544022200,544022200,gallery/P0544T02220A0/P0544T02220A0C0F20011.jpg,0.76338,0.73153,0.75009,ban_giao,dung,1,8747
query/P0938T03220A1/P0938T03220A1C3F06721.jpg,938032201,1046032410,gallery/P1046T03241A0/P1046T03241A0C0F12601.jpg,0.64927,0.64927,0.75009,tu_choi,tu_choi,1,8747
query/P0155T04041A1/P0155T04041A1C3F5521.jpg,155040411,755032411,gallery/P0755T03241A1/P0755T03241A1C0F04771.jpg,0.69576,0.69576,0.75009,tu_choi,tu_choi,1,8747
query/P0352T03241A1/P0352T03241A1C3F02161.jpg,352032411,296040412,gallery/P0296T04041A2/P0296T04041A2C0F16231.jpg,0.67413,0.67413,0.75009,tu_choi,tu_choi,1,8747
query/P0122T02220A2/P0122T02220A2C3F02791.jpg,122022202,244032200,gallery/P0244T03220A0/P0244T03220A0C0F03271.jpg,0.59202,0.59202,0.75009,tu_choi,tu_choi,1,8747
query/P0851T03241A2/P0851T03241A2C3F08221.jpg,851032412,269040412,gallery/P0269T04041A2/P0269T04041A2C0F12691.jpg,0.75263,0.75263,0.75009,ban_giao,sai,1,8747
query/P0364T02220A2/P0364T02220A2C3F12571.jpg,364022202,59032201,gallery/P0059T03220A1/P0059T03220A1C0F01051.jpg,0.63592,0.63592,0.75009,tu_choi,tu_choi,0,8747
query/P0653T03220A0/P0653T03220A0C3F04411.jpg,653032200,124040411,gallery/P0124T04041A1/P0124T04041A1C0F4801.jpg,0.7504,0.7504,0.75009,ban_giao,sai,1,8747
query/P0471T02220A2/P0471T02220A2C3F07261.jpg,471022202,860022202,gallery/P0860T02220A2/P0860T02220A2C0F21901.jpg,0.64083,0.64083,0.75009,tu_choi,tu_choi,1,8747
query/P0470T03220A0/P0470T03220A0C3F02761.jpg,470032200,470032200,gallery/P0470T03220A0/P0470T03220A0C0F06391.jpg,0.76719,0.69707,0.75009,ban_giao,dung,1,8747
query/P0154T04041A1/P0154T04041A1C3F6451.jpg,154040411,366032412,gallery/P0366T03241A2/P0366T03241A2C0F04141.jpg,0.76422,0.76422,0.75009,ban_giao,sai,1,8747
query/P0755T03241A1/P0755T03241A1C3F03061.jpg,755032411,1511032200,gallery/P1511T03220A0/P1511T03220A0C0F25321.jpg,0.70423,0.70423,0.75009,tu_choi,tu_choi,1,8747
query/P1362T03220A1/P1362T03220A1C3F11581.jpg,1362032201,276040412,gallery/P0276T04041A2/P0276T04041A2C0F13711.jpg,0.68488,0.68488,0.75009,tu_choi,tu_choi,1,8747
query/P0309T02220A0/P0309T02220A0C3F04831.jpg,309022200,34021400,gallery/P0034T02140A0/P0034T02140A0C0F26401.jpg,0.65718,0.65718,0.75009,tu_choi,tu_choi,1,8747
query/P0302T03241A2/P0302T03241A2C3F05251.jpg,302032412,302032412,gallery/P0302T03241A2/P0302T03241A2C0F04591.jpg,0.68611,0.68054,0.75009,tu_choi,tu_choi,1,8747
query/P0462T03241A0/P0462T03241A0C3F02041.jpg,462032410,1046032410,gallery/P1046T03241A0/P1046T03241A0C0F12361.jpg,0.6954,0.6954,0.75009,tu_choi,tu_choi,1,8747
query/P0367T02220A0/P0367T02220A0C3F06271.jpg,367022200,168022200,gallery/P0168T02220A0/P0168T02220A0C0F04651.jpg,0.64013,0.64013,0.75009,tu_choi,tu_choi,1,8747
query/P0312T03241A1/P0312T03241A1C3F01441.jpg,312032411,1313032411,gallery/P1313T03241A1/P1313T03241A1C0F10951.jpg,0.71364,0.71364,0.75009,tu_choi,tu_choi,1,8747
query/P2342T03241A1/P2342T03241A1C3F09151.jpg,2342032411,2342032411,gallery/P2342T03241A1/P2342T03241A1C0F18241.jpg,0.73921,0.70557,0.75009,tu_choi,tu_choi,1,8747
query/P0130T02220A1/P0130T02220A1C3F01411.jpg,130022201,184040411,gallery/P0184T04041A1/P0184T04041A1C0F21661.jpg,0.70239,0.70239,0.75009,tu_choi,tu_choi,1,8747
query/P1313T03241A1/P1313T03241A1C3F05611.jpg,1313032411,190040411,gallery/P0190T04041A1/P0190T04041A1C0F24331.jpg,0.70622,0.70622,0.75009,tu_choi,tu_choi,0,8747
query/P0844T03241A1/P0844T03241A1C3F02851.jpg,844032411,330022200,gallery/P0330T02220A0/P0330T02220A0C0F11341.jpg,0.69605,0.69605,0.75009,tu_choi,tu_choi,1,8747
query/P0756T02220A1/P0756T02220A1C3F11671.jpg,756022201,121022101,gallery/P0121T02210A1/P0121T02210A1C0F8941.jpg,0.66831,0.66831,0.75009,tu_choi,tu_choi,1,8747
query/P0447T03241A0/P0447T03241A0C3F00781.jpg,447032410,447032410,gallery/P0447T03241A0/P0447T03241A0C0F06871.jpg,0.81877,0.72874,0.75009,ban_giao,dung,0,8747
query/P0774T03220A1/P0774T03220A1C3F05281.jpg,774032201,1447032200,gallery/P1447T03220A0/P1447T03220A0C0F22261.jpg,0.64887,0.64887,0.75009,tu_choi,tu_choi,1,8747
query/P0191T02220A0/P0191T02220A0C3F04081.jpg,191022200,193022200,gallery/P0193T02220A0/P0193T02220A0C0F06061.jpg,0.75622,0.75622,0.75009,ban_giao,sai,1,8747
query/P0559T02220A2/P0559T02220A2C3F10021.jpg,559022202,1046032410,gallery/P1046T03241A0/P1046T03241A0C0F12751.jpg,0.72413,0.72413,0.75009,tu_choi,tu_choi,1,8747
query/P0319T02220A0/P0319T02220A0C3F06481.jpg,319022200,1046032410,gallery/P1046T03241A0/P1046T03241A0C0F13561.jpg,0.80946,0.80946,0.75009,ban_giao,sai,1,8747
query/P0988T03241A1/P0988T03241A1C3F03301.jpg,988032411,988032411,gallery/P0988T03241A1/P0988T03241A1C0F07261.jpg,0.73571,0.72322,0.75009,tu_choi,tu_choi,0,8747
query/P0062T02140A1/P0062T02140A1C3F13591.jpg,62021401,1860032410,gallery/P1860T03241A0/P1860T03241A0C0F23251.jpg,0.67557,0.67557,0.75009,tu_choi,tu_choi,1,8747
query/P0763T03241A1/P0763T03241A1C3F02131.jpg,763032411,763032411,gallery/P0763T03241A1/P0763T03241A1C0F04591.jpg,0.78186,0.7362,0.75009,ban_giao,dung,1,8747
query/P0178T02210A1/P0178T02210A1C3F8581.jpg,178022101,359032410,gallery/P0359T03241A0/P0359T03241A0C0F03871.jpg,0.6429,0.6429,0.75009,tu_choi,tu_choi,1,8747
query/P1283T03241A0/P1283T03241A0C3F10741.jpg,1283032410,2022200,gallery/P0002T02220A0/P0002T02220A0C0F00601.jpg,0.68243,0.68243,0.75009,tu_choi,tu_choi,0,8747
query/P0034T03241A0/P0034T03241A0C3F00361.jpg,34032410,121022101,gallery/P0121T02210A1/P0121T02210A1C0F7651.jpg,0.73814,0.73814,0.75009,tu_choi,tu_choi,1,8747
query/P0573T02220A1/P0573T02220A1C3F08461.jpg,573022201,1860032410,gallery/P1860T03241A0/P1860T03241A0C0F22681.jpg,0.67566,0.67566,0.75009,tu_choi,tu_choi,1,8747
query/P0974T03241A1/P0974T03241A1C3F03061.jpg,974032411,168022200,gallery/P0168T02220A0/P0168T02220A0C0F04591.jpg,0.70804,0.70804,0.75009,tu_choi,tu_choi,1,8747
query/P0191T02210A1/P0191T02210A1C3F12901.jpg,191022101,191022101,gallery/P0191T02210A1/P0191T02210A1C0F26311.jpg,0.66497,0.64463,0.75009,tu_choi,tu_choi,0,8747
query/P0218T03241A2/P0218T03241A2C3F04711.jpg,218032412,1046032410,gallery/P1046T03241A0/P1046T03241A0C0F13321.jpg,0.70676,0.70676,0.75009,tu_choi,tu_choi,0,8747
query/P0447T03241A0/P0447T03241A0C3F00721.jpg,447032410,447032410,gallery/P0447T03241A0/P0447T03241A0C0F06871.jpg,0.79636,0.70257,0.75009,ban_giao,dung,0,8747
query/P0481T03220A1/P0481T03220A1C3F02281.jpg,481032201,481032201,gallery/P0481T03220A1/P0481T03220A1C0F06001.jpg,0.69701,0.63247,0.75009,tu_choi,tu_choi,1,8747
query/P0351T02220A1/P0351T02220A1C3F03661.jpg,351022201,470032200,gallery/P0470T03220A0/P0470T03220A0C0F06571.jpg,0.73701,0.73701,0.75009,tu_choi,tu_choi,1,8747
query/P0538T03241A1/P0538T03241A1C3F02251.jpg,538032411,1261032202,gallery/P1261T03220A2/P1261T03220A2C0F15091.jpg,0.68104,0.68104,0.75009,tu_choi,tu_choi,0,8747
query/P1005T03220A0/P1005T03220A0C3F09601.jpg,1005032200,139032410,gallery/P0139T03241A0/P0139T03241A0C0F02371.jpg,0.72041,0.72041,0.75009,tu_choi,tu_choi,1,8747
query/P0027T03220A1/P0027T03220A1C3F00121.jpg,27032201,27032201,gallery/P0027T03220A1/P0027T03220A1C0F00631.jpg,0.68715,0.6637,0.75009,tu_choi,tu_choi,1,8747
query/P0318T04041A2/P0318T04041A2C3F7231.jpg,318040412,125040411,gallery/P0125T04041A1/P0125T04041A1C0F4411.jpg,0.8028,0.8028,0.75009,ban_giao,sai,1,8747
query/P0748T02220A2/P0748T02220A2C3F11881.jpg,748022202,193022200,gallery/P0193T02220A0/P0193T02220A0C0F06061.jpg,0.73938,0.73938,0.75009,tu_choi,tu_choi,1,8747
query/P0193T02220A0/P0193T02220A0C3F02311.jpg,193022200,790032200,gallery/P0790T03220A0/P0790T03220A0C0F11791.jpg,0.66232,0.66232,0.75009,tu_choi,tu_choi,1,8747
query/P1150T03241A2/P1150T03241A2C3F11821.jpg,1150032412,269022200,gallery/P0269T02220A0/P0269T02220A0C0F08251.jpg,0.74527,0.74527,0.75009,tu_choi,tu_choi,1,8747
query/P0327T02220A0/P0327T02220A0C3F05521.jpg,327022200,327022200,gallery/P0327T02220A0/P0327T02220A0C0F11581.jpg,0.76511,0.65282,0.75009,ban_giao,dung,1,8747
query/P2448T03241A1/P2448T03241A1C3F09751.jpg,2448032411,154040411,gallery/P0154T04041A1/P0154T04041A1C0F13081.jpg,0.74142,0.74142,0.75009,tu_choi,tu_choi,1,8747
query/P0327T02220A0/P0327T02220A0C3F06031.jpg,327022200,327022200,gallery/P0327T02220A0/P0327T02220A0C0F11281.jpg,0.73202,0.61707,0.75009,tu_choi,tu_choi,1,8747
query/P0061T02140A1/P0061T02140A1C3F12931.jpg,61021401,2021400,gallery/P0002T02140A0/P0002T02140A0C0F151.jpg,0.72571,0.72571,0.75009,tu_choi,tu_choi,1,8747
query/P1248T03241A0/P1248T03241A0C3F11041.jpg,1248032410,1860032410,gallery/P1860T03241A0/P1860T03241A0C0F23131.jpg,0.71762,0.71762,0.75009,tu_choi,tu_choi,1,8747
query/P2386T03241A1/P2386T03241A1C3F08731.jpg,2386032411,1150032412,gallery/P1150T03241A2/P1150T03241A2C0F14971.jpg,0.63737,0.63737,0.75009,tu_choi,tu_choi,1,8747
query/P0312T03241A1/P0312T03241A1C3F01351.jpg,312032411,1313032411,gallery/P1313T03241A1/P1313T03241A1C0F10861.jpg,0.77006,0.77006,0.75009,ban_giao,sai,1,8747
query/P0001T03220A1/P0001T03220A1C3F01351.jpg,1032201,1032201,gallery/P0001T03220A1/P0001T03220A1C0F00121.jpg,0.68129,0.65989,0.75009,tu_choi,tu_choi,1,8747
query/P0171T03220A2/P0171T03220A2C3F00871.jpg,171032202,61021401,gallery/P0061T02140A1/P0061T02140A1C0F25891.jpg,0.66085,0.66085,0.75009,tu_choi,tu_choi,1,8747
query/P0241T04041A2/P0241T04041A2C3F5461.jpg,241040412,27021401,gallery/P0027T02140A1/P0027T02140A1C0F691.jpg,0.7686,0.7686,0.75009,ban_giao,sai,1,8747
query/P0642T02220A2/P0642T02220A2C3F09091.jpg,642022202,642022202,gallery/P0642T02220A2/P0642T02220A2C0F18451.jpg,0.81871,0.7419,0.75009,ban_giao,dung,1,8747
query/P0789T02220A1/P0789T02220A1C3F12361.jpg,789022201,789022201,gallery/P0789T02220A1/P0789T02220A1C0F24661.jpg,0.72997,0.70267,0.75009,tu_choi,tu_choi,0,8747
query/P0313T02220A0/P0313T02220A0C3F06751.jpg,313022200,313022200,gallery/P0313T02220A0/P0313T02220A0C0F10321.jpg,0.69957,0.69006,0.75009,tu_choi,tu_choi,1,8747
query/P1046T03241A0/P1046T03241A0C3F04651.jpg,1046032410,653032200,gallery/P0653T03220A0/P0653T03220A0C0F08311.jpg,0.72314,0.72314,0.75009,tu_choi,tu_choi,1,8747
query/P0312T03241A1/P0312T03241A1C3F01381.jpg,312032411,1313032411,gallery/P1313T03241A1/P1313T03241A1C0F10951.jpg,0.78644,0.78644,0.75009,ban_giao,sai,1,8747
query/P0544T02220A0/P0544T02220A0C3F12541.jpg,544022200,125040411,gallery/P0125T04041A1/P0125T04041A1C0F4111.jpg,0.74172,0.74172,0.75009,tu_choi,tu_choi,1,8747
query/P0642T02220A2/P0642T02220A2C3F09001.jpg,642022202,1447032200,gallery/P1447T03220A0/P1447T03220A0C0F22141.jpg,0.62166,0.62166,0.75009,tu_choi,tu_choi,1,8747
query/P0371T03241A2/P0371T03241A2C3F05461.jpg,371032412,167040411,gallery/P0167T04041A1/P0167T04041A1C0F17611.jpg,0.77213,0.77213,0.75009,ban_giao,sai,1,8747
query/P1085T03220A1/P1085T03220A1C3F07681.jpg,1085032201,790032200,gallery/P0790T03220A0/P0790T03220A0C0F11821.jpg,0.7645,0.7645,0.75009,ban_giao,sai,1,8747
query/P0130T02220A1/P0130T02220A1C3F01231.jpg,130022201,130022201,gallery/P0130T02220A1/P0130T02220A1C0F02731.jpg,0.63932,0.62851,0.75009,tu_choi,tu_choi,1,8747
query/P0573T02220A1/P0573T02220A1C3F08281.jpg,573022201,192040411,gallery/P0192T04041A1/P0192T04041A1C0F24751.jpg,0.64475,0.64475,0.75009,tu_choi,tu_choi,1,8747
query/P0366T03241A2/P0366T03241A2C3F05161.jpg,366032412,125040411,gallery/P0125T04041A1/P0125T04041A1C0F4411.jpg,0.80865,0.80865,0.75009,ban_giao,sai,1,8747
query/P1337T03220A2/P1337T03220A2C3F09721.jpg,1337032202,790032200,gallery/P0790T03220A0/P0790T03220A0C0F11791.jpg,0.62458,0.62458,0.75009,tu_choi,tu_choi,0,8747
query/P1283T03241A0/P1283T03241A0C3F10681.jpg,1283032410,2022200,gallery/P0002T02220A0/P0002T02220A0C0F00601.jpg,0.74997,0.74997,0.75009,tu_choi,tu_choi,0,8747
query/P0320T02220A0/P0320T02220A0C3F06211.jpg,320022200,124040411,gallery/P0124T04041A1/P0124T04041A1C0F3781.jpg,0.73731,0.73731,0.75009,tu_choi,tu_choi,1,8747
query/P0447T03241A0/P0447T03241A0C3F00871.jpg,447032410,447032410,gallery/P0447T03241A0/P0447T03241A0C0F06871.jpg,0.76691,0.75694,0.75009,ban_giao,dung,0,8747
query/P0741T02220A1/P0741T02220A1C3F12241.jpg,741022201,565032411,gallery/P0565T03241A1/P0565T03241A1C0F04651.jpg,0.70084,0.70084,0.75009,tu_choi,tu_choi,1,8747
query/P0755T03241A1/P0755T03241A1C3F03091.jpg,755032411,1447032200,gallery/P1447T03220A0/P1447T03220A0C0F22111.jpg,0.64727,0.64727,0.75009,tu_choi,tu_choi,1,8747
query/P1788T03241A0/P1788T03241A0C3F08461.jpg,1788032410,1788032410,gallery/P1788T03241A0/P1788T03241A0C0F21211.jpg,0.68228,0.65724,0.75009,tu_choi,tu_choi,1,8747
query/P1424T03241A1/P1424T03241A1C3F06781.jpg,1424032411,1424032411,gallery/P1424T03241A1/P1424T03241A1C0F12721.jpg,0.65726,0.61417,0.75009,tu_choi,tu_choi,1,8747
query/P1925T03220A2/P1925T03220A2C3F13381.jpg,1925032202,2207032410,gallery/P2207T03241A0/P2207T03241A0C0F26821.jpg,0.69148,0.69148,0.75009,tu_choi,tu_choi,1,8747
query/P1151T03241A2/P1151T03241A2C3F11911.jpg,1151032412,54021401,gallery/P0054T02140A1/P0054T02140A1C0F23701.jpg,0.73062,0.73062,0.75009,tu_choi,tu_choi,1,8747
query/P0119T02220A1/P0119T02220A1C3F01081.jpg,119022201,142022101,gallery/P0142T02210A1/P0142T02210A1C0F12211.jpg,0.655,0.655,0.75009,tu_choi,tu_choi,1,8747
query/P0536T02220A0/P0536T02220A0C3F12181.jpg,536022200,107040411,gallery/P0107T04041A1/P0107T04041A1C0F871.jpg,0.7386,0.7386,0.75009,tu_choi,tu_choi,1,8747
query/P2041T03241A1/P2041T03241A1C3F08311.jpg,2041032411,330022200,gallery/P0330T02220A0/P0330T02220A0C0F11461.jpg,0.7097,0.7097,0.75009,tu_choi,tu_choi,1,8747
query/P0581T03220A2/P0581T03220A2C3F03001.jpg,581032202,124040411,gallery/P0124T04041A1/P0124T04041A1C0F3841.jpg,0.74105,0.74105,0.75009,tu_choi,tu_choi,1,8747
query/P0027T02140A1/P0027T02140A1C3F961.jpg,27021401,149032410,gallery/P0149T03241A0/P0149T03241A0C0F02431.jpg,0.67788,0.67788,0.75009,tu_choi,tu_choi,0,8747
query/P0163T02220A1/P0163T02220A1C3F01231.jpg,163022201,163022201,gallery/P0163T02220A1/P0163T02220A1C0F02761.jpg,0.76775,0.68137,0.75009,ban_giao,dung,1,8747
query/P0068T02140A1/P0068T02140A1C3F12811.jpg,68021401,844032411,gallery/P0844T03241A1/P0844T03241A1C0F05041.jpg,0.7238,0.7238,0.75009,tu_choi,tu_choi,1,8747
query/P0118T02210A1/P0118T02210A1C3F4081.jpg,118022101,185040411,gallery/P0185T04041A1/P0185T04041A1C0F21271.jpg,0.63965,0.63965,0.75009,tu_choi,tu_choi,0,8747
query/P0191T02220A0/P0191T02220A0C3F04411.jpg,191022200,191022200,gallery/P0191T02220A0/P0191T02220A0C0F05881.jpg,0.83272,0.80219,0.75009,ban_giao,dung,1,8747
query/P1355T03220A2/P1355T03220A2C3F07651.jpg,1355032202,1907032410,gallery/P1907T03241A0/P1907T03241A0C0F23611.jpg,0.59775,0.59775,0.75009,tu_choi,tu_choi,1,8747
query/P1248T03241A0/P1248T03241A0C3F10951.jpg,1248032410,313022200,gallery/P0313T02220A0/P0313T02220A0C0F10381.jpg,0.7319,0.7319,0.75009,tu_choi,tu_choi,1,8747
query/P0748T02220A2/P0748T02220A2C3F12151.jpg,748022202,184040411,gallery/P0184T04041A1/P0184T04041A1C0F21631.jpg,0.75851,0.75851,0.75009,ban_giao,sai,1,8747
query/P1798T03241A0/P1798T03241A0C3F10381.jpg,1798032410,679032410,gallery/P0679T03241A0/P0679T03241A0C0F08551.jpg,0.72497,0.72497,0.75009,tu_choi,tu_choi,1,8747
query/P0182T02220A0/P0182T02220A0C3F02221.jpg,182022200,309022200,gallery/P0309T02220A0/P0309T02220A0C0F10501.jpg,0.68571,0.68571,0.75009,tu_choi,tu_choi,1,8747
query/P0371T03241A2/P0371T03241A2C3F05431.jpg,371032412,167040411,gallery/P0167T04041A1/P0167T04041A1C0F17611.jpg,0.75794,0.75794,0.75009,ban_giao,sai,1,8747
query/P0741T02220A1/P0741T02220A1C3F12661.jpg,741022201,741022201,gallery/P0741T02220A1/P0741T02220A1C0F21571.jpg,0.77709,0.71766,0.75009,ban_giao,dung,1,8747
query/P1321T03220A1/P1321T03220A1C3F11161.jpg,1321032201,139032410,gallery/P0139T03241A0/P0139T03241A0C0F02371.jpg,0.73668,0.73668,0.75009,tu_choi,tu_choi,1,8747
query/P0748T02220A2/P0748T02220A2C3F11941.jpg,748022202,1860032410,gallery/P1860T03241A0/P1860T03241A0C0F23251.jpg,0.71982,0.71982,0.75009,tu_choi,tu_choi,1,8747
query/P1427T03241A0/P1427T03241A0C3F06811.jpg,1427032410,463022200,gallery/P0463T02220A0/P0463T02220A0C0F16651.jpg,0.72476,0.72476,0.75009,tu_choi,tu_choi,1,8747
query/P0903T03241A0/P0903T03241A0C3F05311.jpg,903032410,330022200,gallery/P0330T02220A0/P0330T02220A0C0F11881.jpg,0.69463,0.69463,0.75009,tu_choi,tu_choi,0,8747
query/P0302T03241A2/P0302T03241A2C3F05461.jpg,302032412,107040411,gallery/P0107T04041A1/P0107T04041A1C0F871.jpg,0.67958,0.67958,0.75009,tu_choi,tu_choi,1,8747
query/P0004T03241A2/P0004T03241A2C3F00211.jpg,4032412,163022201,gallery/P0163T02220A1/P0163T02220A1C0F02761.jpg,0.75021,0.75021,0.75009,ban_giao,sai,0,8747
query/P1248T03241A0/P1248T03241A0C3F10681.jpg,1248032410,1248032410,gallery/P1248T03241A0/P1248T03241A0C0F14941.jpg,0.71909,0.64514,0.75009,tu_choi,tu_choi,1,8747
query/P1187T03241A2/P1187T03241A2C3F11041.jpg,1187032412,1187032412,gallery/P1187T03241A2/P1187T03241A2C0F16621.jpg,0.72229,0.67694,0.75009,tu_choi,tu_choi,0,8747
query/P1046T03241A0/P1046T03241A0C3F04681.jpg,1046032410,1046032410,gallery/P1046T03241A0/P1046T03241A0C0F12691.jpg,0.76433,0.72483,0.75009,ban_giao,dung,1,8747
query/P0790T03220A0/P0790T03220A0C3F06001.jpg,790032200,1046032410,gallery/P1046T03241A0/P1046T03241A0C0F12751.jpg,0.74042,0.74042,0.75009,tu_choi,tu_choi,1,8747
query/P0193T02220A0/P0193T02220A0C3F02851.jpg,193022200,193022200,gallery/P0193T02220A0/P0193T02220A0C0F05881.jpg,0.7934,0.6629,0.75009,ban_giao,dung,1,8747
query/P1337T03220A2/P1337T03220A2C3F09571.jpg,1337032202,204040411,gallery/P0204T04041A1/P0204T04041A1C0F4561.jpg,0.71647,0.71647,0.75009,tu_choi,tu_choi,0,8747
query/P0004T03241A2/P0004T03241A2C3F00241.jpg,4032412,27021401,gallery/P0027T02140A1/P0027T02140A1C0F2701.jpg,0.71731,0.71731,0.75009,tu_choi,tu_choi,0,8747
query/P0692T02220A0/P0692T02220A0C3F12301.jpg,692022200,692022200,gallery/P0692T02220A0/P0692T02220A0C0F25261.jpg,0.74204,0.68086,0.75009,tu_choi,tu_choi,1,8747
query/P0958T03220A1/P0958T03220A1C3F07051.jpg,958032201,1427032410,gallery/P1427T03241A0/P1427T03241A0C0F16681.jpg,0.71597,0.71597,0.75009,tu_choi,tu_choi,1,8747
query/P0422T03241A2/P0422T03241A2C3F05431.jpg,422032412,536022200,gallery/P0536T02220A0/P0536T02220A0C0F19861.jpg,0.76275,0.76275,0.75009,ban_giao,sai,0,8747
query/P0576T03241A1/P0576T03241A1C3F02341.jpg,576032411,330022200,gallery/P0330T02220A0/P0330T02220A0C0F11851.jpg,0.71894,0.71894,0.75009,tu_choi,tu_choi,1,8747
query/P0470T03241A1/P0470T03241A1C3F02731.jpg,470032411,134040411,gallery/P0134T04041A1/P0134T04041A1C0F6871.jpg,0.75444,0.75444,0.75009,ban_giao,sai,1,8747
query/P0449T03241A1/P0449T03241A1C3F02521.jpg,449032411,283040412,gallery/P0283T04041A2/P0283T04041A2C0F16171.jpg,0.73005,0.73005,0.75009,tu_choi,tu_choi,1,8747
query/P0830T02220A1/P0830T02220A1C3F12811.jpg,830022201,830022201,gallery/P0830T02220A1/P0830T02220A1C0F26131.jpg,0.80041,0.72398,0.75009,ban_giao,dung,0,8747
query/P0313T02220A0/P0313T02220A0C3F06961.jpg,313022200,313022200,gallery/P0313T02220A0/P0313T02220A0C0F10381.jpg,0.70701,0.66286,0.75009,tu_choi,tu_choi,1,8747
query/P1150T03241A2/P1150T03241A2C3F12001.jpg,1150032412,124040411,gallery/P0124T04041A1/P0124T04041A1C0F5101.jpg,0.70937,0.70937,0.75009,tu_choi,tu_choi,1,8747
query/P0860T02220A2/P0860T02220A2C3F12451.jpg,860022202,193022200,gallery/P0193T02220A0/P0193T02220A0C0F06061.jpg,0.7422,0.7422,0.75009,tu_choi,tu_choi,1,8747
query/P0933T03220A1/P0933T03220A1C3F06691.jpg,933032201,470032200,gallery/P0470T03220A0/P0470T03220A0C0F05821.jpg,0.74772,0.74772,0.75009,tu_choi,tu_choi,1,8747
query/P1611T03220A2/P1611T03220A2C3F09871.jpg,1611032202,107040411,gallery/P0107T04041A1/P0107T04041A1C0F2401.jpg,0.681,0.681,0.75009,tu_choi,tu_choi,1,8747
query/P0455T03241A2/P0455T03241A2C3F06211.jpg,455032412,1860032410,gallery/P1860T03241A0/P1860T03241A0C0F22351.jpg,0.70684,0.70684,0.75009,tu_choi,tu_choi,1,8747
query/P0195T02210A2/P0195T02210A2C3F5221.jpg,195022102,195022102,gallery/P0195T02210A2/P0195T02210A2C0F331.jpg,0.7642,0.69819,0.75009,ban_giao,dung,1,8747
query/P1740T03220A2/P1740T03220A2C3F10651.jpg,1740032202,679032410,gallery/P0679T03241A0/P0679T03241A0C0F08671.jpg,0.65185,0.65185,0.75009,tu_choi,tu_choi,1,8747
query/P0812T03241A1/P0812T03241A1C3F02971.jpg,812032411,330022200,gallery/P0330T02220A0/P0330T02220A0C0F11131.jpg,0.72089,0.72089,0.75009,tu_choi,tu_choi,1,8747
query/P0470T03241A1/P0470T03241A1C3F03031.jpg,470032411,470032411,gallery/P0470T03241A1/P0470T03241A1C0F04801.jpg,0.70193,0.69644,0.75009,tu_choi,tu_choi,1,8747
query/P0575T03241A2/P0575T03241A2C3F07321.jpg,575032412,431032412,gallery/P0431T03241A2/P0431T03241A2C0F05221.jpg,0.69648,0.69648,0.75009,tu_choi,tu_choi,1,8747
query/P0831T03241A2/P0831T03241A2C3F08821.jpg,831032412,679032410,gallery/P0679T03241A0/P0679T03241A0C0F08701.jpg,0.6626,0.6626,0.75009,tu_choi,tu_choi,1,8747
query/P0830T02220A1/P0830T02220A1C3F12871.jpg,830022201,830022201,gallery/P0830T02220A1/P0830T02220A1C0F26011.jpg,0.79881,0.70684,0.75009,ban_giao,dung,0,8747
query/P1151T03241A2/P1151T03241A2C3F11851.jpg,1151032412,470032200,gallery/P0470T03220A0/P0470T03220A0C0F06571.jpg,0.70934,0.70934,0.75009,tu_choi,tu_choi,1,8747
query/P1697T03220A2/P1697T03220A2C3F10591.jpg,1697032202,2207032410,gallery/P2207T03241A0/P2207T03241A0C0F26941.jpg,0.67468,0.67468,0.75009,tu_choi,tu_choi,1,8747
query/P0449T03241A1/P0449T03241A1C3F02371.jpg,449032411,1321032201,gallery/P1321T03220A1/P1321T03220A1C0F19861.jpg,0.68004,0.68004,0.75009,tu_choi,tu_choi,1,8747
query/P1355T03220A2/P1355T03220A2C3F07951.jpg,1355032202,399032200,gallery/P0399T03220A0/P0399T03220A0C0F05071.jpg,0.7212,0.7212,0.75009,tu_choi,tu_choi,1,8747
query/P0831T03241A2/P0831T03241A2C3F09031.jpg,831032412,199040411,gallery/P0199T04041A1/P0199T04041A1C0F26101.jpg,0.66023,0.66023,0.75009,tu_choi,tu_choi,1,8747
query/P0736T03241A2/P0736T03241A2C3F07231.jpg,736032412,736032412,gallery/P0736T03241A2/P0736T03241A2C0F09751.jpg,0.7187,0.64849,0.75009,tu_choi,tu_choi,0,8747
query/P0130T02220A1/P0130T02220A1C3F01051.jpg,130022201,2103032410,gallery/P2103T03241A0/P2103T03241A0C0F25141.jpg,0.76653,0.76653,0.75009,ban_giao,sai,1,8747
query/P0366T03241A2/P0366T03241A2C3F05011.jpg,366032412,320022200,gallery/P0320T02220A0/P0320T02220A0C0F10621.jpg,0.78537,0.78537,0.75009,ban_giao,sai,1,8747
query/P1740T03220A2/P1740T03220A2C3F10531.jpg,1740032202,30040410,gallery/P0030T04041A0/P0030T04041A0C0F8341.jpg,0.64023,0.64023,0.75009,tu_choi,tu_choi,1,8747
query/P1313T03241A1/P1313T03241A1C3F06031.jpg,1313032411,1661032202,gallery/P1661T03220A2/P1661T03220A2C0F21121.jpg,0.68485,0.68485,0.75009,tu_choi,tu_choi,0,8747
query/P0323T03220A1/P0323T03220A1C3F02911.jpg,323032201,124040411,gallery/P0124T04041A1/P0124T04041A1C0F4801.jpg,0.75401,0.75401,0.75009,ban_giao,sai,1,8747
query/P1321T03220A1/P1321T03220A1C3F11191.jpg,1321032201,181040411,gallery/P0181T04041A1/P0181T04041A1C0F20521.jpg,0.69534,0.69534,0.75009,tu_choi,tu_choi,1,8747
query/P0790T03220A0/P0790T03220A0C3F06301.jpg,790032200,193022200,gallery/P0193T02220A0/P0193T02220A0C0F06061.jpg,0.73,0.73,0.75009,tu_choi,tu_choi,1,8747
query/P1788T03241A0/P1788T03241A0C3F08491.jpg,1788032410,288032412,gallery/P0288T03241A2/P0288T03241A2C0F03511.jpg,0.6352,0.6352,0.75009,tu_choi,tu_choi,1,8747
query/P1137T03241A2/P1137T03241A2C3F09571.jpg,1137032412,1278032411,gallery/P1278T03241A1/P1278T03241A1C0F10501.jpg,0.6483,0.6483,0.75009,tu_choi,tu_choi,0,8747
query/P0371T03241A2/P0371T03241A2C3F05641.jpg,371032412,1860032410,gallery/P1860T03241A0/P1860T03241A0C0F23341.jpg,0.67987,0.67987,0.75009,tu_choi,tu_choi,1,8747
query/P0933T03220A1/P0933T03220A1C3F06721.jpg,933032201,470032200,gallery/P0470T03220A0/P0470T03220A0C0F05821.jpg,0.73979,0.73979,0.75009,tu_choi,tu_choi,1,8747
query/P0034T03241A0/P0034T03241A0C3F00481.jpg,34032410,121022101,gallery/P0121T02210A1/P0121T02210A1C0F7111.jpg,0.69166,0.69166,0.75009,tu_choi,tu_choi,1,8747
query/P2244T03241A1/P2244T03241A1C3F09481.jpg,2244032411,2244032411,gallery/P2244T03241A1/P2244T03241A1C0F17701.jpg,0.74554,0.72154,0.75009,tu_choi,tu_choi,1,8747
query/P0789T02220A1/P0789T02220A1C3F12241.jpg,789022201,789022201,gallery/P0789T02220A1/P0789T02220A1C0F24361.jpg,0.73873,0.69032,0.75009,tu_choi,tu_choi,0,8747
query/P0896T03241A0/P0896T03241A0C3F03691.jpg,896032410,896032410,gallery/P0896T03241A0/P0896T03241A0C0F11371.jpg,0.72747,0.72715,0.75009,tu_choi,tu_choi,1,8747
query/P1424T03241A1/P1424T03241A1C3F06511.jpg,1424032411,313022200,gallery/P0313T02220A0/P0313T02220A0C0F11701.jpg,0.71582,0.71582,0.75009,tu_choi,tu_choi,1,8747
query/P0359T03241A0/P0359T03241A0C3F00121.jpg,359032410,359032410,gallery/P0359T03241A0/P0359T03241A0C0F04051.jpg,0.7199,0.67158,0.75009,tu_choi,tu_choi,1,8747
query/P0096T03220A1/P0096T03220A1C3F00181.jpg,96032201,34040410,gallery/P0034T04041A0/P0034T04041A0C0F8221.jpg,0.71787,0.71787,0.75009,tu_choi,tu_choi,1,8747
query/P1046T03241A0/P1046T03241A0C3F04591.jpg,1046032410,1150032412,gallery/P1150T03241A2/P1150T03241A2C0F14971.jpg,0.71431,0.71431,0.75009,tu_choi,tu_choi,1,8747
query/P0094T02220A1/P0094T02220A1C3F02341.jpg,94022201,938032200,gallery/P0938T03220A0/P0938T03220A0C0F15271.jpg,0.77149,0.77149,0.75009,ban_giao,sai,1,8747
query/P0001T03220A1/P0001T03220A1C3F01381.jpg,1032201,1032201,gallery/P0001T03220A1/P0001T03220A1C0F00121.jpg,0.76623,0.6506,0.75009,ban_giao,dung,1,8747
query/P0661T02220A2/P0661T02220A2C3F09271.jpg,661022202,536022200,gallery/P0536T02220A0/P0536T02220A0C0F26101.jpg,0.82929,0.82929,0.75009,ban_giao,sai,1,8747
query/P0538T03241A1/P0538T03241A1C3F01831.jpg,538032411,1261032202,gallery/P1261T03220A2/P1261T03220A2C0F15481.jpg,0.66492,0.66492,0.75009,tu_choi,tu_choi,0,8747
query/P0126T04041A1/P0126T04041A1C3F1741.jpg,126040411,2578032411,gallery/P2578T03241A1/P2578T03241A1C0F19591.jpg,0.7121,0.7121,0.75009,tu_choi,tu_choi,1,8747
query/P0001T03220A1/P0001T03220A1C3F01141.jpg,1032201,679032410,gallery/P0679T03241A0/P0679T03241A0C0F08521.jpg,0.65541,0.65541,0.75009,tu_choi,tu_choi,1,8747
query/P0044T02140A1/P0044T02140A1C3F2101.jpg,44021401,44021401,gallery/P0044T02140A1/P0044T02140A1C0F3691.jpg,0.69368,0.64401,0.75009,tu_choi,tu_choi,1,8747
query/P0582T03220A1/P0582T03220A1C3F03841.jpg,582032201,582032201,gallery/P0582T03220A1/P0582T03220A1C0F08431.jpg,0.72222,0.68818,0.75009,tu_choi,tu_choi,1,8747
query/P1085T03220A1/P1085T03220A1C3F07651.jpg,1085032201,830022201,gallery/P0830T02220A1/P0830T02220A1C0F25201.jpg,0.72106,0.72106,0.75009,tu_choi,tu_choi,1,8747
query/P0399T03220A0/P0399T03220A0C3F02551.jpg,399032200,139032410,gallery/P0139T03241A0/P0139T03241A0C0F02371.jpg,0.66132,0.66132,0.75009,tu_choi,tu_choi,1,8747
query/P0544T02220A0/P0544T02220A0C3F10081.jpg,544022200,679032410,gallery/P0679T03241A0/P0679T03241A0C0F07741.jpg,0.69043,0.69043,0.75009,tu_choi,tu_choi,1,8747
query/P0367T02220A0/P0367T02220A0C3F06781.jpg,367022200,399032200,gallery/P0399T03220A0/P0399T03220A0C0F04801.jpg,0.68306,0.68306,0.75009,tu_choi,tu_choi,1,8747
query/P0463T02220A0/P0463T02220A0C3F08041.jpg,463022200,463022200,gallery/P0463T02220A0/P0463T02220A0C0F16591.jpg,0.73422,0.6493,0.75009,tu_choi,tu_choi,1,8747
query/P0741T02220A1/P0741T02220A1C3F12211.jpg,741022201,565032411,gallery/P0565T03241A1/P0565T03241A1C0F04651.jpg,0.74343,0.74343,0.75009,tu_choi,tu_choi,1,8747
query/P0147T02220A0/P0147T02220A0C3F02011.jpg,147022200,124040411,gallery/P0124T04041A1/P0124T04041A1C0F4801.jpg,0.73674,0.73674,0.75009,tu_choi,tu_choi,0,8747
query/P1316T03241A1/P1316T03241A1C3F06031.jpg,1316032411,582032412,gallery/P0582T03241A2/P0582T03241A2C0F08101.jpg,0.69023,0.69023,0.75009,tu_choi,tu_choi,0,8747
query/P0168T02220A0/P0168T02220A0C3F02941.jpg,168022200,190040411,gallery/P0190T04041A1/P0190T04041A1C0F24361.jpg,0.69088,0.69088,0.75009,tu_choi,tu_choi,1,8747
query/P1661T03220A2/P1661T03220A2C3F10081.jpg,1661032202,1661032202,gallery/P1661T03220A2/P1661T03220A2C0F20461.jpg,0.69944,0.67797,0.75009,tu_choi,tu_choi,1,8747
query/P0741T02220A1/P0741T02220A1C3F11851.jpg,741022201,741022201,gallery/P0741T02220A1/P0741T02220A1C0F21511.jpg,0.7057,0.70511,0.75009,tu_choi,tu_choi,1,8747
query/P0449T03241A1/P0449T03241A1C3F02581.jpg,449032411,283040412,gallery/P0283T04041A2/P0283T04041A2C0F16171.jpg,0.66686,0.66686,0.75009,tu_choi,tu_choi,1,8747
query/P1611T03220A2/P1611T03220A2C3F10021.jpg,1611032202,185040411,gallery/P0185T04041A1/P0185T04041A1C0F21691.jpg,0.67708,0.67708,0.75009,tu_choi,tu_choi,1,8747
query/P0352T03241A1/P0352T03241A1C3F02341.jpg,352032411,845032410,gallery/P0845T03241A0/P0845T03241A0C0F10741.jpg,0.69838,0.69838,0.75009,tu_choi,tu_choi,1,8747
query/P1708T03241A0/P1708T03241A0C3F08491.jpg,1708032410,455032410,gallery/P0455T03241A0/P0455T03241A0C0F06511.jpg,0.75479,0.75479,0.75009,ban_giao,sai,0,8747
query/P0193T02220A0/P0193T02220A0C3F02401.jpg,193022200,193022200,gallery/P0193T02220A0/P0193T02220A0C0F05071.jpg,0.79533,0.65938,0.75009,ban_giao,dung,1,8747
query/P0371T03241A2/P0371T03241A2C3F05011.jpg,371032412,276040412,gallery/P0276T04041A2/P0276T04041A2C0F14281.jpg,0.73033,0.73033,0.75009,tu_choi,tu_choi,1,8747
query/P0328T04041A2/P0328T04041A2C3F13981.jpg,328040412,124040411,gallery/P0124T04041A1/P0124T04041A1C0F5911.jpg,0.74039,0.74039,0.75009,tu_choi,tu_choi,0,8747
query/P0191T02220A0/P0191T02220A0C3F04021.jpg,191022200,193022200,gallery/P0193T02220A0/P0193T02220A0C0F06001.jpg,0.72979,0.72979,0.75009,tu_choi,tu_choi,1,8747
query/P0582T03241A2/P0582T03241A2C3F07831.jpg,582032412,27021401,gallery/P0027T02140A1/P0027T02140A1C0F271.jpg,0.70505,0.70505,0.75009,tu_choi,tu_choi,1,8747
query/P1355T03220A2/P1355T03220A2C3F07891.jpg,1355032202,1907032410,gallery/P1907T03241A0/P1907T03241A0C0F22771.jpg,0.61183,0.61183,0.75009,tu_choi,tu_choi,1,8747
query/P0582T03220A1/P0582T03220A1C3F03811.jpg,582032201,338022200,gallery/P0338T02220A0/P0338T02220A0C0F12841.jpg,0.70067,0.70067,0.75009,tu_choi,tu_choi,1,8747
query/P1360T03241A0/P1360T03241A0C3F06631.jpg,1360032410,763032410,gallery/P0763T03241A0/P0763T03241A0C0F09481.jpg,0.68429,0.68429,0.75009,tu_choi,tu_choi,1,8747
query/P0195T04041A1/P0195T04041A1C3F12661.jpg,195040411,195040411,gallery/P0195T04041A1/P0195T04041A1C0F25081.jpg,0.75786,0.74765,0.75009,ban_giao,dung,0,8747
query/P2579T03241A1/P2579T03241A1C3F11311.jpg,2579032411,214040412,gallery/P0214T04041A2/P0214T04041A2C0F571.jpg,0.68314,0.68314,0.75009,tu_choi,tu_choi,1,8747
query/P0416T02220A2/P0416T02220A2C3F06811.jpg,416022202,168022200,gallery/P0168T02220A0/P0168T02220A0C0F03871.jpg,0.59253,0.59253,0.75009,tu_choi,tu_choi,1,8747
query/P0536T02220A0/P0536T02220A0C3F11731.jpg,536022200,661022202,gallery/P0661T02220A2/P0661T02220A2C0F19411.jpg,0.72625,0.72625,0.75009,tu_choi,tu_choi,1,8747
query/P0034T02210A1/P0034T02210A1C3F8221.jpg,34022101,192040411,gallery/P0192T04041A1/P0192T04041A1C0F24691.jpg,0.6805,0.6805,0.75009,tu_choi,tu_choi,0,8747
query/P1447T03220A0/P1447T03220A0C3F12481.jpg,1447032200,2021400,gallery/P0002T02140A0/P0002T02140A0C0F17341.jpg,0.67824,0.67824,0.75009,tu_choi,tu_choi,1,8747
query/P2578T03241A1/P2578T03241A1C3F11221.jpg,2578032411,2578032411,gallery/P2578T03241A1/P2578T03241A1C0F19501.jpg,0.76807,0.70155,0.75009,ban_giao,dung,1,8747
query/P0821T02220A2/P0821T02220A2C3F13021.jpg,821022202,1427032410,gallery/P1427T03241A0/P1427T03241A0C0F16681.jpg,0.79395,0.79395,0.75009,ban_giao,sai,0,8747
query/P1447T03220A0/P1447T03220A0C3F12631.jpg,1447032200,343022200,gallery/P0343T02220A0/P0343T02220A0C0F23491.jpg,0.67815,0.67815,0.75009,tu_choi,tu_choi,1,8747
query/P1447T03220A0/P1447T03220A0C3F12391.jpg,1447032200,59032201,gallery/P0059T03220A1/P0059T03220A1C0F01051.jpg,0.68303,0.68303,0.75009,tu_choi,tu_choi,1,8747
query/P1919T03220A2/P1919T03220A2C3F11521.jpg,1919032202,30040410,gallery/P0030T04041A0/P0030T04041A0C0F7561.jpg,0.67186,0.67186,0.75009,tu_choi,tu_choi,1,8747
query/P0171T03220A2/P0171T03220A2C3F00901.jpg,171032202,184040411,gallery/P0184T04041A1/P0184T04041A1C0F21601.jpg,0.69712,0.69712,0.75009,tu_choi,tu_choi,1,8747
query/P0191T02220A0/P0191T02220A0C3F04141.jpg,191022200,191022200,gallery/P0191T02220A0/P0191T02220A0C0F05671.jpg,0.71696,0.68737,0.75009,tu_choi,tu_choi,1,8747
query/P0692T02220A0/P0692T02220A0C3F12331.jpg,692022200,692022200,gallery/P0692T02220A0/P0692T02220A0C0F25201.jpg,0.75856,0.70577,0.75009,ban_giao,dung,1,8747
query/P1539T03220A2/P1539T03220A2C3F09181.jpg,1539032202,552022201,gallery/P0552T02220A1/P0552T02220A1C0F12421.jpg,0.72249,0.72249,0.75009,tu_choi,tu_choi,1,8747
query/P1005T03220A0/P1005T03220A0C3F09871.jpg,1005032200,585032411,gallery/P0585T03241A1/P0585T03241A1C0F04381.jpg,0.69308,0.69308,0.75009,tu_choi,tu_choi,1,8747
query/P0120T02220A1/P0120T02220A1C3F01021.jpg,120022201,279022102,gallery/P0279T02210A2/P0279T02210A2C0F21451.jpg,0.65078,0.65078,0.75009,tu_choi,tu_choi,1,8747
query/P0974T03241A1/P0974T03241A1C3F03181.jpg,974032411,342022202,gallery/P0342T02220A2/P0342T02220A2C0F16141.jpg,0.75008,0.75008,0.75009,tu_choi,tu_choi,1,8747
query/P1287T03241A0/P1287T03241A0C3F10681.jpg,1287032410,173040411,gallery/P0173T04041A1/P0173T04041A1C0F19471.jpg,0.6605,0.6605,0.75009,tu_choi,tu_choi,0,8747
query/P1150T03241A2/P1150T03241A2C3F11251.jpg,1150032412,184040411,gallery/P0184T04041A1/P0184T04041A1C0F21691.jpg,0.69455,0.69455,0.75009,tu_choi,tu_choi,1,8747
query/P0699T02220A1/P0699T02220A1C3F09301.jpg,699022201,699022201,gallery/P0699T02220A1/P0699T02220A1C0F19531.jpg,0.74198,0.73024,0.75009,tu_choi,tu_choi,0,8747
query/P0741T02220A1/P0741T02220A1C3F12511.jpg,741022201,741022201,gallery/P0741T02220A1/P0741T02220A1C0F21511.jpg,0.7522,0.69895,0.75009,ban_giao,dung,1,8747
query/P0575T03241A2/P0575T03241A2C3F07171.jpg,575032412,849032410,gallery/P0849T03241A0/P0849T03241A0C0F10921.jpg,0.73227,0.73227,0.75009,tu_choi,tu_choi,1,8747
query/P0736T03241A2/P0736T03241A2C3F08101.jpg,736032412,736032412,gallery/P0736T03241A2/P0736T03241A2C0F09391.jpg,0.6607,0.64108,0.75009,tu_choi,tu_choi,0,8747
query/P0323T03220A1/P0323T03220A1C3F02821.jpg,323032201,323032201,gallery/P0323T03220A1/P0323T03220A1C0F03001.jpg,0.74639,0.70285,0.75009,tu_choi,tu_choi,1,8747
query/P0790T03220A0/P0790T03220A0C3F06211.jpg,790032200,790032200,gallery/P0790T03220A0/P0790T03220A0C0F12751.jpg,0.75068,0.73279,0.75009,ban_giao,dung,1,8747
query/P0409T03241A2/P0409T03241A2C3F05641.jpg,409032412,536022200,gallery/P0536T02220A0/P0536T02220A0C0F19951.jpg,0.70097,0.70097,0.75009,tu_choi,tu_choi,0,8747
query/P1024T03241A0/P1024T03241A0C3F06091.jpg,1024032410,1024032410,gallery/P1024T03241A0/P1024T03241A0C0F12031.jpg,0.71541,0.66923,0.75009,tu_choi,tu_choi,0,8747
query/P0181T04041A1/P0181T04041A1C3F9481.jpg,181040411,54021401,gallery/P0054T02140A1/P0054T02140A1C0F23521.jpg,0.65998,0.65998,0.75009,tu_choi,tu_choi,0,8747
query/P0933T03220A1/P0933T03220A1C3F06781.jpg,933032201,125040411,gallery/P0125T04041A1/P0125T04041A1C0F4111.jpg,0.74195,0.74195,0.75009,tu_choi,tu_choi,1,8747
query/P0831T03241A2/P0831T03241A2C3F09451.jpg,831032412,831032412,gallery/P0831T03241A2/P0831T03241A2C0F10561.jpg,0.72056,0.70489,0.75009,tu_choi,tu_choi,1,8747
query/P0326T02220A1/P0326T02220A1C3F03331.jpg,326022201,149032410,gallery/P0149T03241A0/P0149T03241A0C0F02131.jpg,0.63415,0.63415,0.75009,tu_choi,tu_choi,0,8747
query/P0756T02220A1/P0756T02220A1C3F11041.jpg,756022201,122022202,gallery/P0122T02220A2/P0122T02220A2C0F04291.jpg,0.69889,0.69889,0.75009,tu_choi,tu_choi,1,8747
query/P1788T03241A0/P1788T03241A0C3F08371.jpg,1788032410,585032411,gallery/P0585T03241A1/P0585T03241A1C0F03781.jpg,0.64733,0.64733,0.75009,tu_choi,tu_choi,1,8747
query/P0517T02220A1/P0517T02220A1C3F07051.jpg,517022201,193022200,gallery/P0193T02220A0/P0193T02220A0C0F06301.jpg,0.67157,0.67157,0.75009,tu_choi,tu_choi,1,8747
query/P0728T02220A1/P0728T02220A1C3F12091.jpg,728022201,470032200,gallery/P0470T03220A0/P0470T03220A0C0F05431.jpg,0.75631,0.75631,0.75009,ban_giao,sai,1,8747
query/P0812T03241A1/P0812T03241A1C3F03061.jpg,812032411,1151032412,gallery/P1151T03241A2/P1151T03241A2C0F16531.jpg,0.76068,0.76068,0.75009,ban_giao,sai,1,8747
query/P0576T03241A1/P0576T03241A1C3F01741.jpg,576032411,149032410,gallery/P0149T03241A0/P0149T03241A0C0F02401.jpg,0.74239,0.74239,0.75009,tu_choi,tu_choi,1,8747
query/P0094T02220A1/P0094T02220A1C3F01861.jpg,94022201,267032200,gallery/P0267T03220A0/P0267T03220A0C0F04621.jpg,0.72532,0.72532,0.75009,tu_choi,tu_choi,1,8747
query/P0255T04041A2/P0255T04041A2C3F8101.jpg,255040412,138040411,gallery/P0138T04041A1/P0138T04041A1C0F6361.jpg,0.69497,0.69497,0.75009,tu_choi,tu_choi,0,8747
query/P0845T03241A0/P0845T03241A0C3F03001.jpg,845032410,338022200,gallery/P0338T02220A0/P0338T02220A0C0F12121.jpg,0.70024,0.70024,0.75009,tu_choi,tu_choi,1,8747
query/P0679T03241A0/P0679T03241A0C3F03631.jpg,679032410,154040411,gallery/P0154T04041A1/P0154T04041A1C0F13081.jpg,0.63875,0.63875,0.75009,tu_choi,tu_choi,0,8747
query/P0034T04041A0/P0034T04041A0C3F4231.jpg,34040410,1046032410,gallery/P1046T03241A0/P1046T03241A0C0F12661.jpg,0.68268,0.68268,0.75009,tu_choi,tu_choi,1,8747
query/P0059T03220A1/P0059T03220A1C3F00451.jpg,59032201,140040411,gallery/P0140T04041A1/P0140T04041A1C0F10021.jpg,0.68344,0.68344,0.75009,tu_choi,tu_choi,1,8747
query/P0171T03220A2/P0171T03220A2C3F00631.jpg,171032202,191022200,gallery/P0191T02220A0/P0191T02220A0C0F04981.jpg,0.65941,0.65941,0.75009,tu_choi,tu_choi,1,8747
query/P0351T02220A1/P0351T02220A1C3F03901.jpg,351022201,193022200,gallery/P0193T02220A0/P0193T02220A0C0F06061.jpg,0.69141,0.69141,0.75009,tu_choi,tu_choi,1,8747
query/P0302T03241A2/P0302T03241A2C3F04861.jpg,302032412,302032412,gallery/P0302T03241A2/P0302T03241A2C0F04831.jpg,0.76371,0.7049,0.75009,ban_giao,dung,1,8747
query/P1162T03220A2/P1162T03220A2C3F06181.jpg,1162032202,258040412,gallery/P0258T04041A2/P0258T04041A2C0F9751.jpg,0.71706,0.71706,0.75009,tu_choi,tu_choi,1,8747
query/P1539T03220A2/P1539T03220A2C3F09121.jpg,1539032202,552022201,gallery/P0552T02220A1/P0552T02220A1C0F12421.jpg,0.70446,0.70446,0.75009,tu_choi,tu_choi,1,8747
query/P1630T03220A0/P1630T03220A0C3F14131.jpg,1630032200,1860032410,gallery/P1860T03241A0/P1860T03241A0C0F23701.jpg,0.73786,0.73786,0.75009,tu_choi,tu_choi,0,8747
query/P0399T03220A0/P0399T03220A0C3F02341.jpg,399032200,399032200,gallery/P0399T03220A0/P0399T03220A0C0F05551.jpg,0.71178,0.66375,0.75009,tu_choi,tu_choi,1,8747
query/P0022T02140A0/P0022T02140A0C3F10381.jpg,22021400,193022200,gallery/P0193T02220A0/P0193T02220A0C0F05611.jpg,0.64118,0.64118,0.75009,tu_choi,tu_choi,1,8747
query/P0447T03241A0/P0447T03241A0C3F00811.jpg,447032410,447032410,gallery/P0447T03241A0/P0447T03241A0C0F06541.jpg,0.78339,0.74327,0.75009,ban_giao,dung,0,8747
query/P0124T04041A1/P0124T04041A1C3F2011.jpg,124040411,193022200,gallery/P0193T02220A0/P0193T02220A0C0F06241.jpg,0.71545,0.71545,0.75009,tu_choi,tu_choi,1,8747
query/P0399T03220A0/P0399T03220A0C3F02371.jpg,399032200,710022202,gallery/P0710T02220A2/P0710T02220A2C0F19831.jpg,0.6533,0.6533,0.75009,tu_choi,tu_choi,1,8747
query/P1798T03241A0/P1798T03241A0C3F10441.jpg,1798032410,214040412,gallery/P0214T04041A2/P0214T04041A2C0F391.jpg,0.70986,0.70986,0.75009,tu_choi,tu_choi,1,8747
query/P0342T02220A2/P0342T02220A2C3F08881.jpg,342022202,313022200,gallery/P0313T02220A0/P0313T02220A0C0F10291.jpg,0.68271,0.68271,0.75009,tu_choi,tu_choi,0,8747
query/P1337T03220A2/P1337T03220A2C3F09691.jpg,1337032202,204040411,gallery/P0204T04041A1/P0204T04041A1C0F4171.jpg,0.64662,0.64662,0.75009,tu_choi,tu_choi,0,8747
query/P0958T03220A1/P0958T03220A1C3F06931.jpg,958032201,191022200,gallery/P0191T02220A0/P0191T02220A0C0F05671.jpg,0.69341,0.69341,0.75009,tu_choi,tu_choi,1,8747
query/P0367T02220A0/P0367T02220A0C3F06751.jpg,367022200,679032410,gallery/P0679T03241A0/P0679T03241A0C0F07651.jpg,0.66569,0.66569,0.75009,tu_choi,tu_choi,1,8747
query/P0481T03220A1/P0481T03220A1C3F02341.jpg,481032201,481032201,gallery/P0481T03220A1/P0481T03220A1C0F06001.jpg,0.70942,0.69762,0.75009,tu_choi,tu_choi,1,8747
query/P1046T03241A0/P1046T03241A0C3F04831.jpg,1046032410,1046032410,gallery/P1046T03241A0/P1046T03241A0C0F12691.jpg,0.79316,0.75889,0.75009,ban_giao,dung,1,8747
query/P0968T03220A1/P0968T03220A1C3F06841.jpg,968032201,181040411,gallery/P0181T04041A1/P0181T04041A1C0F20461.jpg,0.72274,0.72274,0.75009,tu_choi,tu_choi,1,8747
query/P0831T03241A2/P0831T03241A2C3F09541.jpg,831032412,831032412,gallery/P0831T03241A2/P0831T03241A2C0F10621.jpg,0.68257,0.67975,0.75009,tu_choi,tu_choi,1,8747
query/P0320T04041A2/P0320T04041A2C3F12841.jpg,320040412,359032410,gallery/P0359T03241A0/P0359T03241A0C0F04051.jpg,0.74488,0.74488,0.75009,tu_choi,tu_choi,1,8747
query/P0661T02220A2/P0661T02220A2C3F09571.jpg,661022202,536022200,gallery/P0536T02220A0/P0536T02220A0C0F26191.jpg,0.73478,0.73478,0.75009,tu_choi,tu_choi,1,8747
query/P0319T02220A0/P0319T02220A0C3F06151.jpg,319022200,1511032200,gallery/P1511T03220A0/P1511T03220A0C0F25591.jpg,0.76617,0.76617,0.75009,ban_giao,sai,1,8747
query/P2207T03241A0/P2207T03241A0C3F11941.jpg,2207032410,168022200,gallery/P0168T02220A0/P0168T02220A0C0F04801.jpg,0.62121,0.62121,0.75009,tu_choi,tu_choi,1,8747
query/P0582T03220A1/P0582T03220A1C3F03991.jpg,582032201,34040410,gallery/P0034T04041A0/P0034T04041A0C0F8251.jpg,0.66681,0.66681,0.75009,tu_choi,tu_choi,1,8747
query/P0312T03241A1/P0312T03241A1C3F01471.jpg,312032411,313022200,gallery/P0313T02220A0/P0313T02220A0C0F10441.jpg,0.65064,0.65064,0.75009,tu_choi,tu_choi,1,8747
query/P1362T03220A1/P1362T03220A1C3F11641.jpg,1362032201,582032412,gallery/P0582T03241A2/P0582T03241A2C0F07681.jpg,0.69286,0.69286,0.75009,tu_choi,tu_choi,1,8747
query/P0821T02220A2/P0821T02220A2C3F12931.jpg,821022202,1427032410,gallery/P1427T03241A0/P1427T03241A0C0F16681.jpg,0.74499,0.74499,0.75009,tu_choi,tu_choi,0,8747
query/P0763T03241A0/P0763T03241A0C3F03991.jpg,763032410,313022200,gallery/P0313T02220A0/P0313T02220A0C0F10261.jpg,0.70809,0.70809,0.75009,tu_choi,tu_choi,1,8747
query/P0622T03241A1/P0622T03241A1C3F01021.jpg,622032411,1427032410,gallery/P1427T03241A0/P1427T03241A0C0F16681.jpg,0.64124,0.64124,0.75009,tu_choi,tu_choi,1,8747
query/P1202T03241A1/P1202T03241A1C3F04111.jpg,1202032411,10022100,gallery/P0010T02210A0/P0010T02210A0C0F12121.jpg,0.73764,0.73764,0.75009,tu_choi,tu_choi,1,8747
query/P0582T03220A1/P0582T03220A1C3F03781.jpg,582032201,411032410,gallery/P0411T03241A0/P0411T03241A0C0F05641.jpg,0.66577,0.66577,0.75009,tu_choi,tu_choi,1,8747
query/P0319T02220A0/P0319T02220A0C3F06091.jpg,319022200,365032410,gallery/P0365T03241A0/P0365T03241A0C0F05251.jpg,0.7408,0.7408,0.75009,tu_choi,tu_choi,1,8747
query/P1679T03241A0/P1679T03241A0C3F08971.jpg,1679032410,27021401,gallery/P0027T02140A1/P0027T02140A1C0F871.jpg,0.73164,0.73164,0.75009,tu_choi,tu_choi,1,8747
query/P0096T03220A1/P0096T03220A1C3F00541.jpg,96032201,34040410,gallery/P0034T04041A0/P0034T04041A0C0F7351.jpg,0.73596,0.73596,0.75009,tu_choi,tu_choi,1,8747
query/P0118T02220A1/P0118T02220A1C3F01051.jpg,118022201,2103032410,gallery/P2103T03241A0/P2103T03241A0C0F25591.jpg,0.66013,0.66013,0.75009,tu_choi,tu_choi,1,8747
query/P0710T02220A2/P0710T02220A2C3F09631.jpg,710022202,938032200,gallery/P0938T03220A0/P0938T03220A0C0F15751.jpg,0.75026,0.75026,0.75009,ban_giao,sai,0,8747
query/P0988T03241A1/P0988T03241A1C3F03241.jpg,988032411,938032200,gallery/P0938T03220A0/P0938T03220A0C0F14971.jpg,0.73934,0.73934,0.75009,tu_choi,tu_choi,0,8747
query/P0679T03241A0/P0679T03241A0C3F03541.jpg,679032410,679032410,gallery/P0679T03241A0/P0679T03241A0C0F08551.jpg,0.65282,0.62749,0.75009,tu_choi,tu_choi,0,8747
query/P2041T03241A1/P2041T03241A1C3F08491.jpg,2041032411,330022200,gallery/P0330T02220A0/P0330T02220A0C0F12151.jpg,0.68637,0.68637,0.75009,tu_choi,tu_choi,1,8747
query/P1187T03241A2/P1187T03241A2C3F11101.jpg,1187032412,1187032412,gallery/P1187T03241A2/P1187T03241A2C0F16771.jpg,0.73117,0.68451,0.75009,tu_choi,tu_choi,0,8747
query/P0327T02220A0/P0327T02220A0C3F05761.jpg,327022200,327022200,gallery/P0327T02220A0/P0327T02220A0C0F11581.jpg,0.72721,0.63845,0.75009,tu_choi,tu_choi,1,8747
query/P0565T03241A1/P0565T03241A1C3F02101.jpg,565032411,1860032410,gallery/P1860T03241A0/P1860T03241A0C0F22591.jpg,0.67079,0.67079,0.75009,tu_choi,tu_choi,1,8747
query/P0327T02220A0/P0327T02220A0C3F05731.jpg,327022200,327022200,gallery/P0327T02220A0/P0327T02220A0C0F11611.jpg,0.68168,0.61817,0.75009,tu_choi,tu_choi,1,8747
query/P1860T03241A0/P1860T03241A0C3F11311.jpg,1860032410,1860032410,gallery/P1860T03241A0/P1860T03241A0C0F22261.jpg,0.68407,0.68164,0.75009,tu_choi,tu_choi,0,8747
query/P1321T03220A1/P1321T03220A1C3F11131.jpg,1321032201,30040410,gallery/P0030T04041A0/P0030T04041A0C0F7381.jpg,0.72076,0.72076,0.75009,tu_choi,tu_choi,1,8747
query/P1124T03220A1/P1124T03220A1C3F08041.jpg,1124032201,1124032201,gallery/P1124T03220A1/P1124T03220A1C0F16591.jpg,0.74811,0.74809,0.75009,tu_choi,tu_choi,1,8747
query/P0821T02220A2/P0821T02220A2C3F12871.jpg,821022202,763032410,gallery/P0763T03241A0/P0763T03241A0C0F09481.jpg,0.68408,0.68408,0.75009,tu_choi,tu_choi,0,8747
query/P0343T02220A0/P0343T02220A0C3F12811.jpg,343022200,343022200,gallery/P0343T02220A0/P0343T02220A0C0F12661.jpg,0.78854,0.70403,0.75009,ban_giao,dung,1,8747
query/P0177T02220A2/P0177T02220A2C3F03001.jpg,177022202,1046032410,gallery/P1046T03241A0/P1046T03241A0C0F12421.jpg,0.7396,0.7396,0.75009,tu_choi,tu_choi,0,8747
query/P0002T02140A0/P0002T02140A0C3F991.jpg,2021400,2021400,gallery/P0002T02140A0/P0002T02140A0C0F17101.jpg,0.76706,0.72519,0.75009,ban_giao,dung,0,8747
query/P0774T03220A1/P0774T03220A1C3F05671.jpg,774032201,679032410,gallery/P0679T03241A0/P0679T03241A0C0F08551.jpg,0.68621,0.68621,0.75009,tu_choi,tu_choi,1,8747
query/P1124T03220A1/P1124T03220A1C3F08251.jpg,1124032201,184040411,gallery/P0184T04041A1/P0184T04041A1C0F21601.jpg,0.69815,0.69815,0.75009,tu_choi,tu_choi,1,8747
query/P0710T02220A2/P0710T02220A2C3F09691.jpg,710022202,710022202,gallery/P0710T02220A2/P0710T02220A2C0F19291.jpg,0.70067,0.69374,0.75009,tu_choi,tu_choi,0,8747
query/P0968T03220A1/P0968T03220A1C3F06901.jpg,968032201,149032410,gallery/P0149T03241A0/P0149T03241A0C0F02371.jpg,0.68347,0.68347,0.75009,tu_choi,tu_choi,1,8747
query/P1864T03241A1/P1864T03241A1C3F07771.jpg,1864032411,1864032411,gallery/P1864T03241A1/P1864T03241A1C0F14131.jpg,0.74178,0.72224,0.75009,tu_choi,tu_choi,1,8747
query/P1740T03220A2/P1740T03220A2C3F10621.jpg,1740032202,2021400,gallery/P0002T02140A0/P0002T02140A0C0F751.jpg,0.64518,0.64518,0.75009,tu_choi,tu_choi,1,8747
query/P1137T03241A2/P1137T03241A2C3F09541.jpg,1137032412,581032202,gallery/P0581T03220A2/P0581T03220A2C0F06811.jpg,0.64617,0.64617,0.75009,tu_choi,tu_choi,0,8747
query/P0416T02220A2/P0416T02220A2C3F06691.jpg,416022202,121022101,gallery/P0121T02210A1/P0121T02210A1C0F7741.jpg,0.61865,0.61865,0.75009,tu_choi,tu_choi,1,8747
query/P1611T03220A2/P1611T03220A2C3F10141.jpg,1611032202,185040411,gallery/P0185T04041A1/P0185T04041A1C0F21451.jpg,0.63728,0.63728,0.75009,tu_choi,tu_choi,1,8747
query/P0559T03241A2/P0559T03241A2C3F07321.jpg,559032412,2021400,gallery/P0002T02140A0/P0002T02140A0C0F17101.jpg,0.69251,0.69251,0.75009,tu_choi,tu_choi,0,8747
query/P0416T02220A2/P0416T02220A2C3F07231.jpg,416022202,193022200,gallery/P0193T02220A0/P0193T02220A0C0F06061.jpg,0.71002,0.71002,0.75009,tu_choi,tu_choi,1,8747
query/P0938T03220A0/P0938T03220A0C3F09931.jpg,938032200,938032200,gallery/P0938T03220A0/P0938T03220A0C0F15901.jpg,0.744,0.69404,0.75009,tu_choi,tu_choi,1,8747
query/P2578T03241A1/P2578T03241A1C3F11191.jpg,2578032411,2578032411,gallery/P2578T03241A1/P2578T03241A1C0F19501.jpg,0.7229,0.68845,0.75009,tu_choi,tu_choi,1,8747
query/P1128T03220A1/P1128T03220A1C3F07951.jpg,1128032201,244032200,gallery/P0244T03220A0/P0244T03220A0C0F03301.jpg,0.70252,0.70252,0.75009,tu_choi,tu_choi,1,8747
query/P0240T02210A2/P0240T02210A2C3F4201.jpg,240022102,821022202,gallery/P0821T02220A2/P0821T02220A2C0F23851.jpg,0.68592,0.68592,0.75009,tu_choi,tu_choi,0,8747
query/P0352T03241A1/P0352T03241A1C3F02041.jpg,352032411,139032410,gallery/P0139T03241A0/P0139T03241A0C0F02161.jpg,0.72013,0.72013,0.75009,tu_choi,tu_choi,1,8747
query/P1316T03241A1/P1316T03241A1C3F06001.jpg,1316032411,163022201,gallery/P0163T02220A1/P0163T02220A1C0F02821.jpg,0.68126,0.68126,0.75009,tu_choi,tu_choi,0,8747
query/P0831T03241A2/P0831T03241A2C3F09721.jpg,831032412,831032412,gallery/P0831T03241A2/P0831T03241A2C0F11191.jpg,0.65074,0.63773,0.75009,tu_choi,tu_choi,1,8747
query/P0470T03220A0/P0470T03220A0C3F02821.jpg,470032200,204040411,gallery/P0204T04041A1/P0204T04041A1C0F3361.jpg,0.63811,0.63811,0.75009,tu_choi,tu_choi,1,8747
query/P0573T02220A1/P0573T02220A1C3F08131.jpg,573022201,313022200,gallery/P0313T02220A0/P0313T02220A0C0F10381.jpg,0.73626,0.73626,0.75009,tu_choi,tu_choi,1,8747
query/P0481T03220A1/P0481T03220A1C3F02431.jpg,481032201,139032410,gallery/P0139T03241A0/P0139T03241A0C0F02191.jpg,0.65438,0.65438,0.75009,tu_choi,tu_choi,1,8747
query/P0411T03241A0/P0411T03241A0C3F02701.jpg,411032410,411032410,gallery/P0411T03241A0/P0411T03241A0C0F05821.jpg,0.70304,0.67733,0.75009,tu_choi,tu_choi,1,8747
query/P0831T03241A2/P0831T03241A2C3F09841.jpg,831032412,343022200,gallery/P0343T02220A0/P0343T02220A0C0F23281.jpg,0.63415,0.63415,0.75009,tu_choi,tu_choi,1,8747
query/P0470T03220A0/P0470T03220A0C3F02731.jpg,470032200,470032200,gallery/P0470T03220A0/P0470T03220A0C0F05821.jpg,0.81043,0.741,0.75009,ban_giao,dung,1,8747
query/P0763T03241A1/P0763T03241A1C3F02551.jpg,763032411,585032411,gallery/P0585T03241A1/P0585T03241A1C0F03601.jpg,0.70119,0.70119,0.75009,tu_choi,tu_choi,1,8747
query/P0789T02220A1/P0789T02220A1C3F12121.jpg,789022201,789022201,gallery/P0789T02220A1/P0789T02220A1C0F23731.jpg,0.77305,0.71245,0.75009,ban_giao,dung,0,8747
query/P1124T03220A1/P1124T03220A1C3F08131.jpg,1124032201,120040411,gallery/P0120T04041A1/P0120T04041A1C0F3571.jpg,0.69064,0.69064,0.75009,tu_choi,tu_choi,1,8747
query/P0956T02220A2/P0956T02220A2C3F13021.jpg,956022202,184040411,gallery/P0184T04041A1/P0184T04041A1C0F21601.jpg,0.68746,0.68746,0.75009,tu_choi,tu_choi,0,8747
query/P0487T02220A0/P0487T02220A0C3F09511.jpg,487022200,1424032411,gallery/P1424T03241A1/P1424T03241A1C0F12451.jpg,0.6631,0.6631,0.75009,tu_choi,tu_choi,1,8747
query/P0313T02220A0/P0313T02220A0C3F07231.jpg,313022200,313022200,gallery/P0313T02220A0/P0313T02220A0C0F10411.jpg,0.74288,0.63609,0.75009,tu_choi,tu_choi,1,8747
query/P1697T03220A2/P1697T03220A2C3F10471.jpg,1697032202,139032410,gallery/P0139T03241A0/P0139T03241A0C0F02311.jpg,0.69602,0.69602,0.75009,tu_choi,tu_choi,1,8747
query/P1316T03241A1/P1316T03241A1C3F05461.jpg,1316032411,1860032410,gallery/P1860T03241A0/P1860T03241A0C0F23611.jpg,0.74596,0.74596,0.75009,tu_choi,tu_choi,0,8747
query/P0755T03241A1/P0755T03241A1C3F03001.jpg,755032411,359032410,gallery/P0359T03241A0/P0359T03241A0C0F04051.jpg,0.6589,0.6589,0.75009,tu_choi,tu_choi,1,8747
query/P0470T03241A1/P0470T03241A1C3F02761.jpg,470032411,296040412,gallery/P0296T04041A2/P0296T04041A2C0F16171.jpg,0.74209,0.74209,0.75009,tu_choi,tu_choi,1,8747
query/P1919T03220A2/P1919T03220A2C3F11371.jpg,1919032202,120040411,gallery/P0120T04041A1/P0120T04041A1C0F3571.jpg,0.65678,0.65678,0.75009,tu_choi,tu_choi,1,8747
query/P0968T03220A1/P0968T03220A1C3F06991.jpg,968032201,214040412,gallery/P0214T04041A2/P0214T04041A2C0F931.jpg,0.66424,0.66424,0.75009,tu_choi,tu_choi,1,8747
query/P0844T03241A1/P0844T03241A1C3F03361.jpg,844032411,802032411,gallery/P0802T03241A1/P0802T03241A1C0F05521.jpg,0.69154,0.69154,0.75009,tu_choi,tu_choi,1,8747
query/P0227T04041A2/P0227T04041A2C3F2731.jpg,227040412,313040412,gallery/P0313T04041A2/P0313T04041A2C0F19651.jpg,0.7291,0.7291,0.75009,tu_choi,tu_choi,1,8747
query/P0559T02220A2/P0559T02220A2C3F09781.jpg,559022202,193022200,gallery/P0193T02220A0/P0193T02220A0C0F06061.jpg,0.78276,0.78276,0.75009,ban_giao,sai,1,8747
query/P0422T03241A2/P0422T03241A2C3F05491.jpg,422032412,422032412,gallery/P0422T03241A2/P0422T03241A2C0F04861.jpg,0.75206,0.73708,0.75009,ban_giao,dung,0,8747
query/P0938T03220A1/P0938T03220A1C3F06541.jpg,938032201,938032200,gallery/P0938T03220A0/P0938T03220A0C0F15901.jpg,0.66571,0.66571,0.75009,tu_choi,tu_choi,1,8747
query/P0313T02220A0/P0313T02220A0C3F07441.jpg,313022200,313022200,gallery/P0313T02220A0/P0313T02220A0C0F12151.jpg,0.71353,0.67647,0.75009,tu_choi,tu_choi,1,8747
query/P0326T02220A1/P0326T02220A1C3F03271.jpg,326022201,958032201,gallery/P0958T03220A1/P0958T03220A1C0F13921.jpg,0.63291,0.63291,0.75009,tu_choi,tu_choi,0,8747
query/P0938T03220A0/P0938T03220A0C3F09571.jpg,938032200,140040411,gallery/P0140T04041A1/P0140T04041A1C0F8701.jpg,0.66611,0.66611,0.75009,tu_choi,tu_choi,1,8747
query/P0366T03241A2/P0366T03241A2C3F05101.jpg,366032412,1046032410,gallery/P1046T03241A0/P1046T03241A0C0F13561.jpg,0.80949,0.80949,0.75009,ban_giao,sai,1,8747
query/P0470T03220A0/P0470T03220A0C3F03031.jpg,470032200,470032200,gallery/P0470T03220A0/P0470T03220A0C0F06601.jpg,0.70688,0.66713,0.75009,tu_choi,tu_choi,1,8747
query/P0631T03220A2/P0631T03220A2C3F04801.jpg,631032202,319022200,gallery/P0319T02220A0/P0319T02220A0C0F10681.jpg,0.70663,0.70663,0.75009,tu_choi,tu_choi,1,8747
query/P0269T02220A0/P0269T02220A0C3F05701.jpg,269022200,269022200,gallery/P0269T02220A0/P0269T02220A0C0F08251.jpg,0.73569,0.68647,0.75009,tu_choi,tu_choi,1,8747
query/P1261T03220A2/P1261T03220A2C3F09511.jpg,1261032202,1261032202,gallery/P1261T03220A2/P1261T03220A2C0F15271.jpg,0.719,0.68444,0.75009,tu_choi,tu_choi,0,8747
query/P0316T04041A2/P0316T04041A2C3F11341.jpg,316040412,140040411,gallery/P0140T04041A1/P0140T04041A1C0F8671.jpg,0.74209,0.74209,0.75009,tu_choi,tu_choi,0,8747
query/P0707T02220A1/P0707T02220A1C3F09451.jpg,707022201,177022202,gallery/P0177T02220A2/P0177T02220A2C0F05011.jpg,0.61462,0.61462,0.75009,tu_choi,tu_choi,0,8747
query/P2103T03241A0/P2103T03241A0C3F12631.jpg,2103032410,2103032410,gallery/P2103T03241A0/P2103T03241A0C0F25141.jpg,0.64004,0.63068,0.75009,tu_choi,tu_choi,1,8747
query/P0302T03241A2/P0302T03241A2C3F05431.jpg,302032412,107040411,gallery/P0107T04041A1/P0107T04041A1C0F871.jpg,0.70194,0.70194,0.75009,tu_choi,tu_choi,1,8747
query/P0121T02210A1/P0121T02210A1C3F3301.jpg,121022101,121022101,gallery/P0121T02210A1/P0121T02210A1C0F7291.jpg,0.7275,0.68262,0.75009,tu_choi,tu_choi,0,8747
query/P0538T03241A1/P0538T03241A1C3F01951.jpg,538032411,288032412,gallery/P0288T03241A2/P0288T03241A2C0F03151.jpg,0.67428,0.67428,0.75009,tu_choi,tu_choi,0,8747
query/P0845T03241A0/P0845T03241A0C3F02881.jpg,845032410,191022101,gallery/P0191T02210A1/P0191T02210A1C0F26101.jpg,0.64783,0.64783,0.75009,tu_choi,tu_choi,1,8747
query/P0481T03220A1/P0481T03220A1C3F02611.jpg,481032201,2021400,gallery/P0002T02140A0/P0002T02140A0C0F17461.jpg,0.69637,0.69637,0.75009,tu_choi,tu_choi,1,8747
query/P0177T02220A2/P0177T02220A2C3F03271.jpg,177022202,184040411,gallery/P0184T04041A1/P0184T04041A1C0F21631.jpg,0.65578,0.65578,0.75009,tu_choi,tu_choi,0,8747
query/P2448T03241A1/P2448T03241A1C3F09781.jpg,2448032411,830022201,gallery/P0830T02220A1/P0830T02220A1C0F26221.jpg,0.68101,0.68101,0.75009,tu_choi,tu_choi,1,8747
query/P1321T03220A1/P1321T03220A1C3F11311.jpg,1321032201,139032410,gallery/P0139T03241A0/P0139T03241A0C0F02161.jpg,0.68776,0.68776,0.75009,tu_choi,tu_choi,1,8747
query/P0565T03241A1/P0565T03241A1C3F02071.jpg,565032411,214040412,gallery/P0214T04041A2/P0214T04041A2C0F601.jpg,0.68771,0.68771,0.75009,tu_choi,tu_choi,1,8747
query/P0367T02220A0/P0367T02220A0C3F07081.jpg,367022200,193022200,gallery/P0193T02220A0/P0193T02220A0C0F06151.jpg,0.65726,0.65726,0.75009,tu_choi,tu_choi,1,8747
query/P0417T02220A1/P0417T02220A1C3F04771.jpg,417022201,399032200,gallery/P0399T03220A0/P0399T03220A0C0F05071.jpg,0.7113,0.7113,0.75009,tu_choi,tu_choi,1,8747
query/P0194T04041A1/P0194T04041A1C3F11461.jpg,194040411,679032410,gallery/P0679T03241A0/P0679T03241A0C0F08551.jpg,0.7056,0.7056,0.75009,tu_choi,tu_choi,1,8747
query/P1630T03220A0/P1630T03220A0C3F14071.jpg,1630032200,1860032410,gallery/P1860T03241A0/P1860T03241A0C0F23701.jpg,0.77086,0.77086,0.75009,ban_giao,sai,0,8747
query/P0830T02220A1/P0830T02220A1C3F13351.jpg,830022201,167040411,gallery/P0167T04041A1/P0167T04041A1C0F17551.jpg,0.69671,0.69671,0.75009,tu_choi,tu_choi,0,8747
query/P0707T02220A1/P0707T02220A1C3F09481.jpg,707022201,707022201,gallery/P0707T02220A1/P0707T02220A1C0F19921.jpg,0.64581,0.61867,0.75009,tu_choi,tu_choi,0,8747
query/P0559T02220A2/P0559T02220A2C3F10141.jpg,559022202,359032410,gallery/P0359T03241A0/P0359T03241A0C0F04051.jpg,0.6973,0.6973,0.75009,tu_choi,tu_choi,1,8747
query/P0585T03241A1/P0585T03241A1C3F01951.jpg,585032411,585032411,gallery/P0585T03241A1/P0585T03241A1C0F04171.jpg,0.80483,0.72104,0.75009,ban_giao,dung,1,8747
query/P0139T03241A0/P0139T03241A0C3F00391.jpg,139032410,139032410,gallery/P0139T03241A0/P0139T03241A0C0F02161.jpg,0.72456,0.69367,0.75009,tu_choi,tu_choi,1,8747
query/P0189T02210A1/P0189T02210A1C3F13381.jpg,189022101,313022200,gallery/P0313T02220A0/P0313T02220A0C0F10321.jpg,0.68926,0.68926,0.75009,tu_choi,tu_choi,0,8747
query/P0844T03241A1/P0844T03241A1C3F02791.jpg,844032411,481032201,gallery/P0481T03220A1/P0481T03220A1C0F06691.jpg,0.66227,0.66227,0.75009,tu_choi,tu_choi,1,8747
query/P0326T02220A1/P0326T02220A1C3F02431.jpg,326022201,326022201,gallery/P0326T02220A1/P0326T02220A1C0F05521.jpg,0.78809,0.69212,0.75009,ban_giao,dung,0,8747
query/P0399T03220A0/P0399T03220A0C3F02401.jpg,399032200,933032201,gallery/P0933T03220A1/P0933T03220A1C0F13861.jpg,0.62865,0.62865,0.75009,tu_choi,tu_choi,1,8747
query/P2244T03241A1/P2244T03241A1C3F09331.jpg,2244032411,2244032411,gallery/P2244T03241A1/P2244T03241A1C0F17791.jpg,0.71477,0.64425,0.75009,tu_choi,tu_choi,1,8747
query/P0693T03241A2/P0693T03241A2C3F08071.jpg,693032412,330022200,gallery/P0330T02220A0/P0330T02220A0C0F12091.jpg,0.74234,0.74234,0.75009,tu_choi,tu_choi,1,8747
query/P0095T04041A0/P0095T04041A0C3F13891.jpg,95040410,140040411,gallery/P0140T04041A1/P0140T04041A1C0F10021.jpg,0.67915,0.67915,0.75009,tu_choi,tu_choi,1,8747
query/P0448T02220A0/P0448T02220A0C3F07531.jpg,448022200,448022200,gallery/P0448T02220A0/P0448T02220A0C0F15361.jpg,0.87491,0.68003,0.75009,ban_giao,dung,0,8747
query/P0582T03241A2/P0582T03241A2C3F07561.jpg,582032412,27021401,gallery/P0027T02140A1/P0027T02140A1C0F361.jpg,0.75342,0.75342,0.75009,ban_giao,sai,1,8747
query/P0692T02220A0/P0692T02220A0C3F12511.jpg,692022200,692022200,gallery/P0692T02220A0/P0692T02220A0C0F25201.jpg,0.76471,0.65124,0.75009,ban_giao,dung,1,8747
query/P0004T03241A2/P0004T03241A2C3F00361.jpg,4032412,27021401,gallery/P0027T02140A1/P0027T02140A1C0F2701.jpg,0.72277,0.72277,0.75009,tu_choi,tu_choi,0,8747
query/P0470T03220A0/P0470T03220A0C3F02701.jpg,470032200,470032200,gallery/P0470T03220A0/P0470T03220A0C0F05941.jpg,0.79907,0.72017,0.75009,ban_giao,dung,1,8747
query/P1539T03220A2/P1539T03220A2C3F09031.jpg,1539032202,552022201,gallery/P0552T02220A1/P0552T02220A1C0F13591.jpg,0.6771,0.6771,0.75009,tu_choi,tu_choi,1,8747
query/P0838T03241A2/P0838T03241A2C3F07771.jpg,838032412,10022100,gallery/P0010T02210A0/P0010T02210A0C0F1981.jpg,0.63054,0.63054,0.75009,tu_choi,tu_choi,1,8747
query/P0313T04041A2/P0313T04041A2C3F9361.jpg,313040412,585032411,gallery/P0585T03241A1/P0585T03241A1C0F03721.jpg,0.72981,0.72981,0.75009,tu_choi,tu_choi,0,8747
query/P0118T02220A1/P0118T02220A1C3F01141.jpg,118022201,1149032410,gallery/P1149T03241A0/P1149T03241A0C0F14071.jpg,0.66906,0.66906,0.75009,tu_choi,tu_choi,1,8747
query/P0173T04041A1/P0173T04041A1C3F10201.jpg,173040411,896032410,gallery/P0896T03241A0/P0896T03241A0C0F11761.jpg,0.68564,0.68564,0.75009,tu_choi,tu_choi,1,8747
query/P0320T02220A0/P0320T02220A0C3F06481.jpg,320022200,1046032410,gallery/P1046T03241A0/P1046T03241A0C0F13561.jpg,0.76696,0.76696,0.75009,ban_giao,sai,1,8747
query/P0367T02220A0/P0367T02220A0C3F06301.jpg,367022200,756022201,gallery/P0756T02220A1/P0756T02220A1C0F22021.jpg,0.68624,0.68624,0.75009,tu_choi,tu_choi,1,8747
query/P0933T03220A1/P0933T03220A1C3F06661.jpg,933032201,470032200,gallery/P0470T03220A0/P0470T03220A0C0F05821.jpg,0.75515,0.75515,0.75009,ban_giao,sai,1,8747
query/P2406T03241A1/P2406T03241A1C3F09511.jpg,2406032411,447032410,gallery/P0447T03241A0/P0447T03241A0C0F06631.jpg,0.66491,0.66491,0.75009,tu_choi,tu_choi,1,8747
query/P0244T03220A0/P0244T03220A0C3F01561.jpg,244032200,124040411,gallery/P0124T04041A1/P0124T04041A1C0F4771.jpg,0.69919,0.69919,0.75009,tu_choi,tu_choi,1,8747
query/P0001T03220A1/P0001T03220A1C3F01321.jpg,1032201,1032201,gallery/P0001T03220A1/P0001T03220A1C0F00121.jpg,0.75704,0.68338,0.75009,ban_giao,dung,1,8747
query/P1150T03241A2/P1150T03241A2C3F11611.jpg,1150032412,269022200,gallery/P0269T02220A0/P0269T02220A0C0F08371.jpg,0.71981,0.71981,0.75009,tu_choi,tu_choi,1,8747
query/P1900T03241A1/P1900T03241A1C3F08431.jpg,1900032411,1511032200,gallery/P1511T03220A0/P1511T03220A0C0F25591.jpg,0.72223,0.72223,0.75009,tu_choi,tu_choi,0,8747
query/P0122T02220A2/P0122T02220A2C3F02101.jpg,122022202,122022202,gallery/P0122T02220A2/P0122T02220A2C0F04291.jpg,0.78478,0.70762,0.75009,ban_giao,dung,1,8747
query/P0154T02220A1/P0154T02220A1C3F01141.jpg,154022201,821022202,gallery/P0821T02220A2/P0821T02220A2C0F24121.jpg,0.63906,0.63906,0.75009,tu_choi,tu_choi,0,8747
query/P1085T03220A1/P1085T03220A1C3F07741.jpg,1085032201,802032411,gallery/P0802T03241A1/P0802T03241A1C0F04741.jpg,0.68533,0.68533,0.75009,tu_choi,tu_choi,1,8747
query/P0988T03241A1/P0988T03241A1C3F02941.jpg,988032411,503022202,gallery/P0503T02220A2/P0503T02220A2C0F15961.jpg,0.7194,0.7194,0.75009,tu_choi,tu_choi,0,8747
query/P1654T03220A1/P1654T03220A1C3F11821.jpg,1654032201,173040411,gallery/P0173T04041A1/P0173T04041A1C0F19711.jpg,0.64084,0.64084,0.75009,tu_choi,tu_choi,0,8747
query/P0455T03241A2/P0455T03241A2C3F06301.jpg,455032412,123022101,gallery/P0123T02210A1/P0123T02210A1C0F13951.jpg,0.70724,0.70724,0.75009,tu_choi,tu_choi,1,8747
query/P1150T03241A2/P1150T03241A2C3F11941.jpg,1150032412,269022200,gallery/P0269T02220A0/P0269T02220A0C0F08251.jpg,0.72985,0.72985,0.75009,tu_choi,tu_choi,1,8747
query/P1046T03241A0/P1046T03241A0C3F04861.jpg,1046032410,1046032410,gallery/P1046T03241A0/P1046T03241A0C0F12691.jpg,0.81864,0.7841,0.75009,ban_giao,dung,1,8747
query/P0653T03220A0/P0653T03220A0C3F04531.jpg,653032200,190040411,gallery/P0190T04041A1/P0190T04041A1C0F24391.jpg,0.70184,0.70184,0.75009,tu_choi,tu_choi,1,8747
query/P0538T03241A1/P0538T03241A1C3F02461.jpg,538032411,364022202,gallery/P0364T02220A2/P0364T02220A2C0F22801.jpg,0.71455,0.71455,0.75009,tu_choi,tu_choi,0,8747
query/P0938T03220A1/P0938T03220A1C3F06571.jpg,938032201,125040411,gallery/P0125T04041A1/P0125T04041A1C0F4171.jpg,0.65578,0.65578,0.75009,tu_choi,tu_choi,1,8747
query/P0860T02220A2/P0860T02220A2C3F12211.jpg,860022202,933032201,gallery/P0933T03220A1/P0933T03220A1C0F14911.jpg,0.74125,0.74125,0.75009,tu_choi,tu_choi,1,8747
query/P0582T03241A2/P0582T03241A2C3F07741.jpg,582032412,261040412,gallery/P0261T04041A2/P0261T04041A2C0F11311.jpg,0.69667,0.69667,0.75009,tu_choi,tu_choi,1,8747
query/P0631T03220A2/P0631T03220A2C3F04711.jpg,631032202,470032200,gallery/P0470T03220A0/P0470T03220A0C0F05821.jpg,0.70331,0.70331,0.75009,tu_choi,tu_choi,1,8747
query/P0261T04041A2/P0261T04041A2C3F5281.jpg,261040412,163022201,gallery/P0163T02220A1/P0163T02220A1C0F03151.jpg,0.73978,0.73978,0.75009,tu_choi,tu_choi,1,8747
query/P0239T04041A2/P0239T04041A2C3F3601.jpg,239040412,140040411,gallery/P0140T04041A1/P0140T04041A1C0F8911.jpg,0.7006,0.7006,0.75009,tu_choi,tu_choi,0,8747
query/P1127T03241A1/P1127T03241A1C3F04381.jpg,1127032411,1127032411,gallery/P1127T03241A1/P1127T03241A1C0F08521.jpg,0.7297,0.69982,0.75009,tu_choi,tu_choi,0,8747
query/P0244T03220A0/P0244T03220A0C3F01921.jpg,244032200,1860032410,gallery/P1860T03241A0/P1860T03241A0C0F23701.jpg,0.70662,0.70662,0.75009,tu_choi,tu_choi,1,8747
query/P2041T03241A1/P2041T03241A1C3F08611.jpg,2041032411,168022200,gallery/P0168T02220A0/P0168T02220A0C0F04291.jpg,0.72176,0.72176,0.75009,tu_choi,tu_choi,1,8747
query/P0938T03220A0/P0938T03220A0C3F09871.jpg,938032200,2021400,gallery/P0002T02140A0/P0002T02140A0C0F751.jpg,0.68534,0.68534,0.75009,tu_choi,tu_choi,1,8747
query/P0417T02220A1/P0417T02220A1C3F05311.jpg,417022201,338022200,gallery/P0338T02220A0/P0338T02220A0C0F13681.jpg,0.66992,0.66992,0.75009,tu_choi,tu_choi,1,8747
query/P1151T03241A2/P1151T03241A2C3F11461.jpg,1151032412,447032410,gallery/P0447T03241A0/P0447T03241A0C0F05701.jpg,0.65689,0.65689,0.75009,tu_choi,tu_choi,1,8747
query/P1150T03241A2/P1150T03241A2C3F11971.jpg,1150032412,1046032410,gallery/P1046T03241A0/P1046T03241A0C0F13381.jpg,0.73092,0.73092,0.75009,tu_choi,tu_choi,1,8747
query/P2244T03241A1/P2244T03241A1C3F09241.jpg,2244032411,2244032411,gallery/P2244T03241A1/P2244T03241A1C0F17791.jpg,0.67746,0.62007,0.75009,tu_choi,tu_choi,1,8747
query/P0313T02220A0/P0313T02220A0C3F07171.jpg,313022200,313022200,gallery/P0313T02220A0/P0313T02220A0C0F10411.jpg,0.75934,0.67382,0.75009,ban_giao,dung,1,8747
query/P0517T02220A1/P0517T02220A1C3F07171.jpg,517022201,30040410,gallery/P0030T04041A0/P0030T04041A0C0F7501.jpg,0.65214,0.65214,0.75009,tu_choi,tu_choi,1,8747
query/P0343T02220A0/P0343T02220A0C3F12301.jpg,343022200,193022200,gallery/P0193T02220A0/P0193T02220A0C0F06061.jpg,0.6988,0.6988,0.75009,tu_choi,tu_choi,1,8747
query/P0034T03241A0/P0034T03241A0C3F00121.jpg,34032410,938032200,gallery/P0938T03220A0/P0938T03220A0C0F16471.jpg,0.70705,0.70705,0.75009,tu_choi,tu_choi,1,8747
query/P0147T02220A0/P0147T02220A0C3F02071.jpg,147022200,267032200,gallery/P0267T03220A0/P0267T03220A0C0F04681.jpg,0.73813,0.73813,0.75009,tu_choi,tu_choi,0,8747
query/P0780T03241A0/P0780T03241A0C3F04381.jpg,780032410,780032410,gallery/P0780T03241A0/P0780T03241A0C0F09931.jpg,0.71697,0.69897,0.75009,tu_choi,tu_choi,1,8747
query/P0579T02220A1/P0579T02220A1C3F07321.jpg,579022201,149032410,gallery/P0149T03241A0/P0149T03241A0C0F02161.jpg,0.68356,0.68356,0.75009,tu_choi,tu_choi,0,8747
query/P0222T03241A2/P0222T03241A2C3F04681.jpg,222032412,1046032410,gallery/P1046T03241A0/P1046T03241A0C0F13561.jpg,0.84049,0.84049,0.75009,ban_giao,sai,1,8747
query/P0422T03241A2/P0422T03241A2C3F05851.jpg,422032412,536022200,gallery/P0536T02220A0/P0536T02220A0C0F19861.jpg,0.75651,0.75651,0.75009,ban_giao,sai,0,8747
query/P0790T03220A0/P0790T03220A0C3F05881.jpg,790032200,191022200,gallery/P0191T02220A0/P0191T02220A0C0F05491.jpg,0.71561,0.71561,0.75009,tu_choi,tu_choi,1,8747
query/P0125T04041A1/P0125T04041A1C3F1381.jpg,125040411,191022200,gallery/P0191T02220A0/P0191T02220A0C0F05791.jpg,0.75458,0.75458,0.75009,ban_giao,sai,1,8747
query/P0974T03241A1/P0974T03241A1C3F02971.jpg,974032411,679032410,gallery/P0679T03241A0/P0679T03241A0C0F07711.jpg,0.68089,0.68089,0.75009,tu_choi,tu_choi,1,8747
query/P0417T02220A1/P0417T02220A1C3F05401.jpg,417022201,193022200,gallery/P0193T02220A0/P0193T02220A0C0F06061.jpg,0.68983,0.68983,0.75009,tu_choi,tu_choi,1,8747
query/P2342T03241A1/P2342T03241A1C3F09421.jpg,2342032411,2342032411,gallery/P2342T03241A1/P2342T03241A1C0F18241.jpg,0.71387,0.70876,0.75009,tu_choi,tu_choi,1,8747
query/P0559T02220A2/P0559T02220A2C3F09871.jpg,559022202,309022200,gallery/P0309T02220A0/P0309T02220A0C0F10111.jpg,0.75271,0.75271,0.75009,ban_giao,sai,1,8747
query/P1360T03241A0/P1360T03241A0C3F06511.jpg,1360032410,59032201,gallery/P0059T03220A1/P0059T03220A1C0F00841.jpg,0.68127,0.68127,0.75009,tu_choi,tu_choi,1,8747
query/P0326T02220A1/P0326T02220A1C3F02671.jpg,326022201,326022201,gallery/P0326T02220A1/P0326T02220A1C0F05491.jpg,0.75413,0.69066,0.75009,ban_giao,dung,0,8747
query/P0559T02220A2/P0559T02220A2C3F09811.jpg,559022202,193022200,gallery/P0193T02220A0/P0193T02220A0C0F06061.jpg,0.78036,0.78036,0.75009,ban_giao,sai,1,8747
query/P0653T03220A0/P0653T03220A0C3F04141.jpg,653032200,124040411,gallery/P0124T04041A1/P0124T04041A1C0F4771.jpg,0.74285,0.74285,0.75009,tu_choi,tu_choi,1,8747
query/P0448T02220A0/P0448T02220A0C3F07441.jpg,448022200,536022200,gallery/P0536T02220A0/P0536T02220A0C0F20401.jpg,0.65968,0.65968,0.75009,tu_choi,tu_choi,0,8747
query/P0004T03241A2/P0004T03241A2C3F00271.jpg,4032412,27021401,gallery/P0027T02140A1/P0027T02140A1C0F2701.jpg,0.74316,0.74316,0.75009,tu_choi,tu_choi,0,8747
query/P1236T03220A2/P1236T03220A2C3F07051.jpg,1236032202,244032200,gallery/P0244T03220A0/P0244T03220A0C0F02911.jpg,0.70587,0.70587,0.75009,tu_choi,tu_choi,1,8747
query/P0802T03241A1/P0802T03241A1C3F02131.jpg,802032411,54021401,gallery/P0054T02140A1/P0054T02140A1C0F23491.jpg,0.73887,0.73887,0.75009,tu_choi,tu_choi,1,8747
query/P0163T02220A1/P0163T02220A1C3F01741.jpg,163022201,163022201,gallery/P0163T02220A1/P0163T02220A1C0F05101.jpg,0.68091,0.65775,0.75009,tu_choi,tu_choi,1,8747
query/P1236T03220A2/P1236T03220A2C3F07321.jpg,1236032202,181040411,gallery/P0181T04041A1/P0181T04041A1C0F20461.jpg,0.71901,0.71901,0.75009,tu_choi,tu_choi,1,8747
query/P0185T04041A1/P0185T04041A1C3F10381.jpg,185040411,1427032410,gallery/P1427T03241A0/P1427T03241A0C0F16951.jpg,0.73582,0.73582,0.75009,tu_choi,tu_choi,1,8747
query/P0693T03241A2/P0693T03241A2C3F07381.jpg,693032412,780032410,gallery/P0780T03241A0/P0780T03241A0C0F10021.jpg,0.73352,0.73352,0.75009,tu_choi,tu_choi,1,8747
query/P1355T03220A2/P1355T03220A2C3F07741.jpg,1355032202,1321032201,gallery/P1321T03220A1/P1321T03220A1C0F20071.jpg,0.67816,0.67816,0.75009,tu_choi,tu_choi,1,8747
query/P0538T03241A1/P0538T03241A1C3F02011.jpg,538032411,624022201,gallery/P0624T02220A1/P0624T02220A1C0F16951.jpg,0.68094,0.68094,0.75009,tu_choi,tu_choi,0,8747
query/P0622T03241A1/P0622T03241A1C3F00931.jpg,622032411,622032411,gallery/P0622T03241A1/P0622T03241A1C0F04021.jpg,0.67979,0.67133,0.75009,tu_choi,tu_choi,1,8747
query/P1427T03241A0/P1427T03241A0C3F06931.jpg,1427032410,1427032410,gallery/P1427T03241A0/P1427T03241A0C0F16741.jpg,0.67115,0.65384,0.75009,tu_choi,tu_choi,1,8747
query/P0503T02220A2/P0503T02220A2C3F07651.jpg,503022202,503022202,gallery/P0503T02220A2/P0503T02220A2C0F15931.jpg,0.77273,0.76292,0.75009,ban_giao,dung,1,8747
query/P0094T02220A1/P0094T02220A1C3F02311.jpg,94022201,470032200,gallery/P0470T03220A0/P0470T03220A0C0F06571.jpg,0.75922,0.75922,0.75009,ban_giao,sai,1,8747
query/P1900T03241A1/P1900T03241A1C3F08401.jpg,1900032411,1151032412,gallery/P1151T03241A2/P1151T03241A2C0F16531.jpg,0.72386,0.72386,0.75009,tu_choi,tu_choi,0,8747
query/P0193T02220A0/P0193T02220A0C3F02761.jpg,193022200,193022200,gallery/P0193T02220A0/P0193T02220A0C0F06061.jpg,0.81444,0.67849,0.75009,ban_giao,dung,1,8747
query/P1127T03241A1/P1127T03241A1C3F04411.jpg,1127032411,1788032410,gallery/P1788T03241A0/P1788T03241A0C0F21151.jpg,0.7323,0.7323,0.75009,tu_choi,tu_choi,0,8747
query/P0573T02220A1/P0573T02220A1C3F08491.jpg,573022201,190040411,gallery/P0190T04041A1/P0190T04041A1C0F24391.jpg,0.64263,0.64263,0.75009,tu_choi,tu_choi,1,8747
query/P0163T02220A1/P0163T02220A1C3F01471.jpg,163022201,163022201,gallery/P0163T02220A1/P0163T02220A1C0F05071.jpg,0.72642,0.71631,0.75009,tu_choi,tu_choi,1,8747
query/P0849T03241A0/P0849T03241A0C3F03391.jpg,849032410,849032410,gallery/P0849T03241A0/P0849T03241A0C0F10981.jpg,0.69906,0.64778,0.75009,tu_choi,tu_choi,0,8747
query/P0327T02220A0/P0327T02220A0C3F05851.jpg,327022200,327022200,gallery/P0327T02220A0/P0327T02220A0C0F11311.jpg,0.75771,0.63237,0.75009,ban_giao,dung,1,8747
query/P1128T03220A1/P1128T03220A1C3F07831.jpg,1128032201,399032200,gallery/P0399T03220A0/P0399T03220A0C0F04501.jpg,0.66826,0.66826,0.75009,tu_choi,tu_choi,1,8747
query/P0463T02220A0/P0463T02220A0C3F07891.jpg,463022200,151040411,gallery/P0151T04041A1/P0151T04041A1C0F12301.jpg,0.64285,0.64285,0.75009,tu_choi,tu_choi,1,8747
query/P1085T03220A1/P1085T03220A1C3F07951.jpg,1085032201,184040411,gallery/P0184T04041A1/P0184T04041A1C0F21631.jpg,0.71506,0.71506,0.75009,tu_choi,tu_choi,1,8747
query/P0736T03241A2/P0736T03241A2C3F07861.jpg,736032412,736032412,gallery/P0736T03241A2/P0736T03241A2C0F09751.jpg,0.70842,0.66679,0.75009,tu_choi,tu_choi,0,8747
query/P0802T03241A1/P0802T03241A1C3F02191.jpg,802032411,54021401,gallery/P0054T02140A1/P0054T02140A1C0F23491.jpg,0.76638,0.76638,0.75009,ban_giao,sai,1,8747
query/P1151T03241A2/P1151T03241A2C3F11341.jpg,1151032412,204040411,gallery/P0204T04041A1/P0204T04041A1C0F3181.jpg,0.66551,0.66551,0.75009,tu_choi,tu_choi,1,8747
query/P0417T02220A1/P0417T02220A1C3F05131.jpg,417022201,2207032410,gallery/P2207T03241A0/P2207T03241A0C0F26821.jpg,0.7169,0.7169,0.75009,tu_choi,tu_choi,1,8747
