truy_van,pid_that,pid_du_doan,anh_uav_chon,diem_co_mat,diem_vang_mat,nguong,quyet_dinh,ket_qua,giong_ao,so_ung_vien
query/P0049T04060A2/P0049T04060A2C3F00511.jpg,49040602,49040602,gallery/P0049T04060A2/P0049T04060A2C0F01261.jpg,0.74167,0.67684,0.72739,ban_giao,dung,0,2129
query/P0895T04060A1/P0895T04060A1C3F04321.jpg,895040601,1040040600,gallery/P1040T04060A0/P1040T04060A0C0F12871.jpg,0.75655,0.75655,0.72739,ban_giao,sai,0,2129
query/P1500T04060A0/P1500T04060A0C3F10411.jpg,1500040600,1500040600,gallery/P1500T04060A0/P1500T04060A0C0F22021.jpg,0.68125,0.65334,0.72739,tu_choi,tu_choi,1,2129
query/P1048T04071A1/P1048T04071A1C3F07231.jpg,1048040711,847040710,gallery/P0847T04071A0/P0847T04071A0C0F09601.jpg,0.73652,0.73652,0.72739,ban_giao,sai,1,1456
query/P1015T04071A1/P1015T04071A1C3F07561.jpg,1015040711,994040711,gallery/P0994T04071A1/P0994T04071A1C0F10921.jpg,0.60088,0.60088,0.72739,tu_choi,tu_choi,0,1456
query/P0271T04051A2/P0271T04051A2C3F2311.jpg,271040512,271040512,gallery/P0271T04051A2/P0271T04051A2C0F31.jpg,0.70704,0.63904,0.72739,tu_choi,tu_choi,0,965
query/P0039T04071A2/P0039T04071A2C3F00091.jpg,39040712,127040712,gallery/P0127T04071A2/P0127T04071A2C0F02461.jpg,0.61435,0.61435,0.72739,tu_choi,tu_choi,0,1456
query/P0416T04070A1/P0416T04070A1C3F01801.jpg,416040701,416040701,gallery/P0416T04070A1/P0416T04070A1C0F03811.jpg,0.76684,0.65476,0.72739,ban_giao,dung,0,1065
query/P1566T04071A1/P1566T04071A1C3F11131.jpg,1566040711,1566040711,gallery/P1566T04071A1/P1566T04071A1C0F18361.jpg,0.75106,0.63349,0.72739,ban_giao,dung,0,1456
query/P0847T04071A0/P0847T04071A0C3F05941.jpg,847040710,586040712,gallery/P0586T04071A2/P0586T04071A2C0F08491.jpg,0.73329,0.73329,0.72739,ban_giao,sai,1,1456
query/P0135T04051A0/P0135T04051A0C3F4651.jpg,135040510,135040510,gallery/P0135T04051A0/P0135T04051A0C0F25021.jpg,0.71949,0.70173,0.72739,tu_choi,tu_choi,1,965
query/P1012T04070A0/P1012T04070A0C3F09391.jpg,1012040700,632040700,gallery/P0632T04070A0/P0632T04070A0C0F11881.jpg,0.63989,0.63989,0.72739,tu_choi,tu_choi,0,1065
query/P0597T04060A1/P0597T04060A1C3F04921.jpg,597040601,597040601,gallery/P0597T04060A1/P0597T04060A1C0F05461.jpg,0.71949,0.71754,0.72739,tu_choi,tu_choi,1,2129
query/P0837T04071A0/P0837T04071A0C3F04501.jpg,837040710,837040710,gallery/P0837T04071A0/P0837T04071A0C0F09301.jpg,0.76292,0.72166,0.72739,ban_giao,dung,1,1456
query/P1551T04060A0/P1551T04060A0C3F10831.jpg,1551040600,1551040600,gallery/P1551T04060A0/P1551T04060A0C0F21331.jpg,0.71788,0.61184,0.72739,tu_choi,tu_choi,1,2129
query/P1255T04071A0/P1255T04071A0C3F05551.jpg,1255040710,1255040710,gallery/P1255T04071A0/P1255T04071A0C0F11791.jpg,0.62295,0.62129,0.72739,tu_choi,tu_choi,1,1456
query/P0069T04051A0/P0069T04051A0C3F5371.jpg,69040510,69040510,gallery/P0069T04051A0/P0069T04051A0C0F10141.jpg,0.64978,0.6198,0.72739,tu_choi,tu_choi,1,965
query/P0499T04060A0/P0499T04060A0C3F04621.jpg,499040600,1182040600,gallery/P1182T04060A0/P1182T04060A0C0F15991.jpg,0.65951,0.65951,0.72739,tu_choi,tu_choi,1,2129
query/P1697T04070A2/P1697T04070A2C3F05791.jpg,1697040702,1697040702,gallery/P1697T04070A2/P1697T04070A2C0F11251.jpg,0.61677,0.57506,0.72739,tu_choi,tu_choi,1,1065
query/P1825T04060A1/P1825T04060A1C3F10051.jpg,1825040601,1825040601,gallery/P1825T04060A1/P1825T04060A1C0F20971.jpg,0.73511,0.71357,0.72739,ban_giao,dung,1,2129
query/P1488T04060A0/P1488T04060A0C3F10381.jpg,1488040600,348040600,gallery/P0348T04060A0/P0348T04060A0C0F07891.jpg,0.71387,0.71387,0.72739,tu_choi,tu_choi,1,2129
query/P0371T04060A1/P0371T04060A1C3F01021.jpg,371040601,371040601,gallery/P0371T04060A1/P0371T04060A1C0F03781.jpg,0.60994,0.57566,0.72739,tu_choi,tu_choi,0,2129
query/P0895T04060A1/P0895T04060A1C3F04621.jpg,895040601,1895040600,gallery/P1895T04060A0/P1895T04060A0C0F25051.jpg,0.71212,0.71212,0.72739,tu_choi,tu_choi,0,2129
query/P0916T04060A1/P0916T04060A1C3F04861.jpg,916040601,916040601,gallery/P0916T04060A1/P0916T04060A1C0F09961.jpg,0.74857,0.66723,0.72739,ban_giao,dung,0,2129
query/P0703T04070A0/P0703T04070A0C3F05971.jpg,703040700,703040700,gallery/P0703T04070A0/P0703T04070A0C0F13681.jpg,0.74655,0.66423,0.72739,ban_giao,dung,0,1065
query/P0281T04060A1/P0281T04060A1C3F01231.jpg,281040601,916040601,gallery/P0916T04060A1/P0916T04060A1C0F11161.jpg,0.63739,0.63739,0.72739,tu_choi,tu_choi,0,2129
query/P0588T04060A0/P0588T04060A0C3F03931.jpg,588040600,588040600,gallery/P0588T04060A0/P0588T04060A0C0F09481.jpg,0.66914,0.62343,0.72739,tu_choi,tu_choi,1,2129
query/P1838T04071A2/P1838T04071A2C3F13891.jpg,1838040712,265040712,gallery/P0265T04071A2/P0265T04071A2C0F04411.jpg,0.68168,0.68168,0.72739,tu_choi,tu_choi,0,1456
query/P0782T04060A1/P0782T04060A1C3F03991.jpg,782040601,782040601,gallery/P0782T04060A1/P0782T04060A1C0F08311.jpg,0.79841,0.67347,0.72739,ban_giao,dung,1,2129
query/P1173T04070A2/P1173T04070A2C3F03811.jpg,1173040702,1173040702,gallery/P1173T04070A2/P1173T04070A2C0F07381.jpg,0.62824,0.59952,0.72739,tu_choi,tu_choi,0,1065
query/P0150T04071A1/P0150T04071A1C3F00361.jpg,150040711,150040711,gallery/P0150T04071A1/P0150T04071A1C0F04711.jpg,0.75472,0.64103,0.72739,ban_giao,dung,0,1456
query/P2040T04070A2/P2040T04070A2C3F05671.jpg,2040040702,2959040702,gallery/P2959T04070A2/P2959T04070A2C0F18661.jpg,0.66726,0.66726,0.72739,tu_choi,tu_choi,0,1065
query/P1012T04070A0/P1012T04070A0C3F09121.jpg,1012040700,632040700,gallery/P0632T04070A0/P0632T04070A0C0F11191.jpg,0.67735,0.67735,0.72739,tu_choi,tu_choi,0,1065
query/P0150T04071A1/P0150T04071A1C3F00301.jpg,150040711,150040711,gallery/P0150T04071A1/P0150T04071A1C0F04231.jpg,0.75419,0.67725,0.72739,ban_giao,dung,0,1456
query/P1179T04060A0/P1179T04060A0C3F08461.jpg,1179040600,1148040602,gallery/P1148T04060A2/P1148T04060A2C0F13291.jpg,0.66218,0.66218,0.72739,tu_choi,tu_choi,0,2129
query/P1378T04071A1/P1378T04071A1C3F07771.jpg,1378040711,1378040711,gallery/P1378T04071A1/P1378T04071A1C0F16411.jpg,0.68381,0.64026,0.72739,tu_choi,tu_choi,0,1456
query/P1785T04071A2/P1785T04071A2C3F11881.jpg,1785040712,1785040712,gallery/P1785T04071A2/P1785T04071A2C0F24721.jpg,0.68942,0.64345,0.72739,tu_choi,tu_choi,0,1456
query/P2641T04060A2/P2641T04060A2C3F14371.jpg,2641040602,1370040600,gallery/P1370T04060A0/P1370T04060A0C0F20611.jpg,0.64758,0.64758,0.72739,tu_choi,tu_choi,0,2129
query/P1768T04060A0/P1768T04060A0C3F11641.jpg,1768040600,1768040600,gallery/P1768T04060A0/P1768T04060A0C0F23911.jpg,0.70613,0.65376,0.72739,tu_choi,tu_choi,0,2129
query/P1053T04071A0/P1053T04071A0C3F05461.jpg,1053040710,1053040710,gallery/P1053T04071A0/P1053T04071A0C0F10501.jpg,0.62684,0.59641,0.72739,tu_choi,tu_choi,0,1456
query/P0769T04060A2/P0769T04060A2C3F03001.jpg,769040602,1040040600,gallery/P1040T04060A0/P1040T04060A0C0F13291.jpg,0.60926,0.60926,0.72739,tu_choi,tu_choi,0,2129
query/P0439T04051A2/P0439T04051A2C3F11401.jpg,439040512,439040512,gallery/P0439T04051A2/P0439T04051A2C0F16681.jpg,0.8294,0.66843,0.72739,ban_giao,dung,0,965
query/P0348T04060A0/P0348T04060A0C3F03151.jpg,348040600,348040600,gallery/P0348T04060A0/P0348T04060A0C0F07381.jpg,0.76911,0.68124,0.72739,ban_giao,dung,1,2129
query/P2601T04071A0/P2601T04071A0C3F12361.jpg,2601040710,691040712,gallery/P0691T04071A2/P0691T04071A2C0F09931.jpg,0.6786,0.6786,0.72739,tu_choi,tu_choi,0,1456
query/P1500T04060A0/P1500T04060A0C3F10081.jpg,1500040600,1500040600,gallery/P1500T04060A0/P1500T04060A0C0F20881.jpg,0.7213,0.64539,0.72739,tu_choi,tu_choi,1,2129
query/P0383T04071A2/P0383T04071A2C3F04351.jpg,383040712,786040711,gallery/P0786T04071A1/P0786T04071A1C0F08551.jpg,0.68371,0.68371,0.72739,tu_choi,tu_choi,1,1456
query/P0107T04051A0/P0107T04051A0C3F10591.jpg,107040510,107040510,gallery/P0107T04051A0/P0107T04051A0C0F18541.jpg,0.70233,0.66115,0.72739,tu_choi,tu_choi,1,965
query/P1785T04071A2/P1785T04071A2C3F11971.jpg,1785040712,1785040712,gallery/P1785T04071A2/P1785T04071A2C0F24121.jpg,0.80656,0.64698,0.72739,ban_giao,dung,0,1456
query/P0769T04060A2/P0769T04060A2C3F03031.jpg,769040602,1285040601,gallery/P1285T04060A1/P1285T04060A1C0F14701.jpg,0.6297,0.6297,0.72739,tu_choi,tu_choi,0,2129
query/P0724T04071A1/P0724T04071A1C3F06271.jpg,724040711,724040711,gallery/P0724T04071A1/P0724T04071A1C0F08461.jpg,0.63742,0.61829,0.72739,tu_choi,tu_choi,0,1456
query/P0664T04060A1/P0664T04060A1C3F02731.jpg,664040601,685040601,gallery/P0685T04060A1/P0685T04060A1C0F06961.jpg,0.74056,0.74056,0.72739,ban_giao,sai,1,2129
query/P2057T04060A1/P2057T04060A1C3F12241.jpg,2057040601,959040601,gallery/P0959T04060A1/P0959T04060A1C0F12421.jpg,0.68141,0.68141,0.72739,tu_choi,tu_choi,0,2129
query/P0594T04060A1/P0594T04060A1C3F04951.jpg,594040601,1615040602,gallery/P1615T04060A2/P1615T04060A2C0F11911.jpg,0.65745,0.65745,0.72739,tu_choi,tu_choi,0,2129
query/P1048T04071A1/P1048T04071A1C3F07051.jpg,1048040711,847040710,gallery/P0847T04071A0/P0847T04071A0C0F09931.jpg,0.73384,0.73384,0.72739,ban_giao,sai,1,1456
query/P0368T04071A2/P0368T04071A2C3F02761.jpg,368040712,850040712,gallery/P0850T04071A2/P0850T04071A2C0F11521.jpg,0.64448,0.64448,0.72739,tu_choi,tu_choi,1,1456
query/P0123T04060A2/P0123T04060A2C3F01201.jpg,123040602,123040602,gallery/P0123T04060A2/P0123T04060A2C0F03181.jpg,0.66554,0.61318,0.72739,tu_choi,tu_choi,0,2129
query/P1550T04060A0/P1550T04060A0C3F10981.jpg,1550040600,1550040600,gallery/P1550T04060A0/P1550T04060A0C0F22801.jpg,0.67608,0.64202,0.72739,tu_choi,tu_choi,1,2129
query/P0361T04070A0/P0361T04070A0C3F04081.jpg,361040700,361040700,gallery/P0361T04070A0/P0361T04070A0C0F05821.jpg,0.62608,0.62004,0.72739,tu_choi,tu_choi,1,1065
query/P1626T04070A0/P1626T04070A0C3F12931.jpg,1626040700,610040700,gallery/P0610T04070A0/P0610T04070A0C0F10771.jpg,0.62709,0.62709,0.72739,tu_choi,tu_choi,0,1065
query/P0769T04071A1/P0769T04071A1C3F06271.jpg,769040711,769040711,gallery/P0769T04071A1/P0769T04071A1C0F08911.jpg,0.73373,0.62871,0.72739,ban_giao,dung,1,1456
query/P1559T04060A1/P1559T04060A1C3F09001.jpg,1559040601,1559040601,gallery/P1559T04060A1/P1559T04060A1C0F18901.jpg,0.72688,0.69125,0.72739,tu_choi,tu_choi,1,2129
query/P1048T04071A1/P1048T04071A1C3F07021.jpg,1048040711,1706040712,gallery/P1706T04071A2/P1706T04071A2C0F22951.jpg,0.73278,0.73278,0.72739,ban_giao,sai,1,1456
query/P1285T04060A1/P1285T04060A1C3F00481.jpg,1285040601,1285040601,gallery/P1285T04060A1/P1285T04060A1C0F14701.jpg,0.6828,0.65825,0.72739,tu_choi,tu_choi,1,2129
query/P0474T04060A2/P0474T04060A2C3F02941.jpg,474040602,474040602,gallery/P0474T04060A2/P0474T04060A2C0F03751.jpg,0.61704,0.57779,0.72739,tu_choi,tu_choi,0,2129
query/P1703T04071A2/P1703T04071A2C3F11071.jpg,1703040712,1703040712,gallery/P1703T04071A2/P1703T04071A2C0F23221.jpg,0.75798,0.66736,0.72739,ban_giao,dung,1,1456
query/P1031T04070A0/P1031T04070A0C3F11431.jpg,1031040700,1031040700,gallery/P1031T04070A0/P1031T04070A0C0F16861.jpg,0.69091,0.59822,0.72739,tu_choi,tu_choi,0,1065
query/P1500T04060A0/P1500T04060A0C3F10231.jpg,1500040600,1500040600,gallery/P1500T04060A0/P1500T04060A0C0F20971.jpg,0.66117,0.65491,0.72739,tu_choi,tu_choi,1,2129
query/P0610T04070A0/P0610T04070A0C3F05521.jpg,610040700,610040700,gallery/P0610T04070A0/P0610T04070A0C0F10801.jpg,0.66079,0.64389,0.72739,tu_choi,tu_choi,0,1065
query/P0389T04051A2/P0389T04051A2C3F8941.jpg,389040512,389040512,gallery/P0389T04051A2/P0389T04051A2C0F11431.jpg,0.78158,0.67423,0.72739,ban_giao,dung,0,965
query/P2467T04060A1/P2467T04060A1C3F14041.jpg,2467040601,2467040601,gallery/P2467T04060A1/P2467T04060A1C0F26371.jpg,0.67183,0.66929,0.72739,tu_choi,tu_choi,0,2129
query/P1550T04060A0/P1550T04060A0C3F10441.jpg,1550040600,1550040600,gallery/P1550T04060A0/P1550T04060A0C0F21661.jpg,0.77405,0.6621,0.72739,ban_giao,dung,1,2129
query/P1048T04071A1/P1048T04071A1C3F06931.jpg,1048040711,1053040710,gallery/P1053T04071A0/P1053T04071A0C0F10741.jpg,0.68596,0.68596,0.72739,tu_choi,tu_choi,1,1456
query/P1084T04070A0/P1084T04070A0C3F11491.jpg,1084040700,1084040700,gallery/P1084T04070A0/P1084T04070A0C0F17971.jpg,0.71019,0.64364,0.72739,tu_choi,tu_choi,0,1065
query/P0597T04060A1/P0597T04060A1C3F03421.jpg,597040601,1566040601,gallery/P1566T04060A1/P1566T04060A1C0F18991.jpg,0.71856,0.71856,0.72739,tu_choi,tu_choi,1,2129
query/P0161T04051A1/P0161T04051A1C3F691.jpg,161040511,161040511,gallery/P0161T04051A1/P0161T04051A1C0F1561.jpg,0.72462,0.64282,0.72739,tu_choi,tu_choi,0,965
query/P2298T04070A1/P2298T04070A1C3F14401.jpg,2298040701,2079040702,gallery/P2079T04070A2/P2079T04070A2C0F13651.jpg,0.64361,0.64361,0.72739,tu_choi,tu_choi,0,1065
query/P0416T04070A1/P0416T04070A1C3F01891.jpg,416040701,416040701,gallery/P0416T04070A1/P0416T04070A1C0F04711.jpg,0.64976,0.62038,0.72739,tu_choi,tu_choi,0,1065
query/P1697T04070A2/P1697T04070A2C3F05851.jpg,1697040702,657040702,gallery/P0657T04070A2/P0657T04070A2C0F04951.jpg,0.63997,0.63997,0.72739,tu_choi,tu_choi,1,1065
query/P0586T04071A2/P0586T04071A2C3F05521.jpg,586040712,586040712,gallery/P0586T04071A2/P0586T04071A2C0F08641.jpg,0.73983,0.7223,0.72739,ban_giao,dung,1,1456
query/P2601T04071A0/P2601T04071A0C3F12811.jpg,2601040710,2601040710,gallery/P2601T04071A0/P2601T04071A0C0F22711.jpg,0.72708,0.60302,0.72739,tu_choi,tu_choi,0,1456
query/P0721T04070A1/P0721T04070A1C3F03361.jpg,721040701,721040701,gallery/P0721T04070A1/P0721T04070A1C0F06931.jpg,0.67356,0.6264,0.72739,tu_choi,tu_choi,1,1065
query/P1182T04060A1/P1182T04060A1C3F06541.jpg,1182040601,1182040601,gallery/P1182T04060A1/P1182T04060A1C0F13681.jpg,0.7848,0.63713,0.72739,ban_giao,dung,0,2129
query/P1031T04070A0/P1031T04070A0C3F11311.jpg,1031040700,1031040700,gallery/P1031T04070A0/P1031T04070A0C0F17401.jpg,0.77243,0.70512,0.72739,ban_giao,dung,0,1065
query/P2584T04071A0/P2584T04071A0C3F11551.jpg,2584040710,2584040710,gallery/P2584T04071A0/P2584T04071A0C0F22561.jpg,0.74808,0.68272,0.72739,ban_giao,dung,0,1456
query/P0775T04070A0/P0775T04070A0C3F07171.jpg,775040700,775040700,gallery/P0775T04070A0/P0775T04070A0C0F12931.jpg,0.69096,0.64049,0.72739,tu_choi,tu_choi,1,1065
query/P0345T04070A2/P0345T04070A2C3F00631.jpg,345040702,345040702,gallery/P0345T04070A2/P0345T04070A2C0F01951.jpg,0.71308,0.63234,0.72739,tu_choi,tu_choi,1,1065
query/P2584T04071A0/P2584T04071A0C3F11641.jpg,2584040710,175040710,gallery/P0175T04071A0/P0175T04071A0C0F02101.jpg,0.69838,0.69838,0.72739,tu_choi,tu_choi,0,1456
query/P2375T04071A0/P2375T04071A0C3F11941.jpg,2375040710,1793040711,gallery/P1793T04071A1/P1793T04071A1C0F19471.jpg,0.68014,0.68014,0.72739,tu_choi,tu_choi,0,1456
query/P1076T04070A0/P1076T04070A0C3F09091.jpg,1076040700,2040040702,gallery/P2040T04070A2/P2040T04070A2C0F13201.jpg,0.6272,0.6272,0.72739,tu_choi,tu_choi,1,1065
query/P0977T04060A1/P0977T04060A1C3F05431.jpg,977040601,977040601,gallery/P0977T04060A1/P0977T04060A1C0F10891.jpg,0.70631,0.67051,0.72739,tu_choi,tu_choi,0,2129
query/P1436T04070A1/P1436T04070A1C3F09541.jpg,1436040701,1436040701,gallery/P1436T04070A1/P1436T04070A1C0F15841.jpg,0.78021,0.66981,0.72739,ban_giao,dung,0,1065
query/P0769T04060A2/P0769T04060A2C3F02701.jpg,769040602,1370040600,gallery/P1370T04060A0/P1370T04060A0C0F20671.jpg,0.67324,0.67324,0.72739,tu_choi,tu_choi,0,2129
query/P3125T04060A2/P3125T04060A2C3F09571.jpg,3125040602,348040600,gallery/P0348T04060A0/P0348T04060A0C0F06631.jpg,0.71555,0.71555,0.72739,tu_choi,tu_choi,0,2129
query/P2298T04070A1/P2298T04070A1C3F14461.jpg,2298040701,303040701,gallery/P0303T04070A1/P0303T04070A1C0F02671.jpg,0.67281,0.67281,0.72739,tu_choi,tu_choi,0,1065
query/P0281T04060A1/P0281T04060A1C3F01201.jpg,281040601,1370040600,gallery/P1370T04060A0/P1370T04060A0C0F20671.jpg,0.62779,0.62779,0.72739,tu_choi,tu_choi,0,2129
query/P0345T04070A0/P0345T04070A0C3F04471.jpg,345040700,345040700,gallery/P0345T04070A0/P0345T04070A0C0F06031.jpg,0.7639,0.65118,0.72739,ban_giao,dung,1,1065
query/P0775T04070A0/P0775T04070A0C3F07351.jpg,775040700,123040700,gallery/P0123T04070A0/P0123T04070A0C0F03031.jpg,0.6754,0.6754,0.72739,tu_choi,tu_choi,1,1065
query/P0395T04060A0/P0395T04060A0C3F00541.jpg,395040600,1370040600,gallery/P1370T04060A0/P1370T04060A0C0F18751.jpg,0.67515,0.67515,0.72739,tu_choi,tu_choi,1,2129
query/P1370T04060A0/P1370T04060A0C3F10111.jpg,1370040600,1370040600,gallery/P1370T04060A0/P1370T04060A0C0F19111.jpg,0.83602,0.65145,0.72739,ban_giao,dung,0,2129
query/P1285T04060A1/P1285T04060A1C3F00301.jpg,1285040601,1370040600,gallery/P1370T04060A0/P1370T04060A0C0F20671.jpg,0.6315,0.6315,0.72739,tu_choi,tu_choi,1,2129
query/P1626T04070A0/P1626T04070A0C3F12631.jpg,1626040700,345040700,gallery/P0345T04070A0/P0345T04070A0C0F05701.jpg,0.61212,0.61212,0.72739,tu_choi,tu_choi,0,1065
query/P1730T04060A0/P1730T04060A0C3F11461.jpg,1730040600,1730040600,gallery/P1730T04060A0/P1730T04060A0C0F22831.jpg,0.69218,0.68921,0.72739,tu_choi,tu_choi,1,2129
query/P1556T04071A1/P1556T04071A1C3F10411.jpg,1556040711,1556040711,gallery/P1556T04071A1/P1556T04071A1C0F17941.jpg,0.68402,0.62041,0.72739,tu_choi,tu_choi,1,1456
query/P0123T04070A0/P0123T04070A0C3F03001.jpg,123040700,1084040700,gallery/P1084T04070A0/P1084T04070A0C0F18121.jpg,0.62593,0.62593,0.72739,tu_choi,tu_choi,1,1065
query/P0691T04071A2/P0691T04071A2C3F06541.jpg,691040712,691040712,gallery/P0691T04071A2/P0691T04071A2C0F09931.jpg,0.83739,0.68853,0.72739,ban_giao,dung,0,1456
query/P0769T04060A2/P0769T04060A2C3F02371.jpg,769040602,1285040601,gallery/P1285T04060A1/P1285T04060A1C0F14701.jpg,0.71121,0.71121,0.72739,tu_choi,tu_choi,0,2129
query/P1040T04060A0/P1040T04060A0C3F06931.jpg,1040040600,1500040600,gallery/P1500T04060A0/P1500T04060A0C0F22051.jpg,0.67682,0.67682,0.72739,tu_choi,tu_choi,1,2129
query/P1012T04070A0/P1012T04070A0C3F09181.jpg,1012040700,1012040700,gallery/P1012T04070A0/P1012T04070A0C0F16411.jpg,0.61623,0.60773,0.72739,tu_choi,tu_choi,0,1065
query/P0692T04060A1/P0692T04060A1C3F02791.jpg,692040601,1530040600,gallery/P1530T04060A0/P1530T04060A0C0F22261.jpg,0.69607,0.69607,0.72739,tu_choi,tu_choi,0,2129
query/P1162T04071A1/P1162T04071A1C3F11881.jpg,1162040711,1048040711,gallery/P1048T04071A1/P1048T04071A1C0F11581.jpg,0.61827,0.61827,0.72739,tu_choi,tu_choi,0,1456
query/P1040T04060A0/P1040T04060A0C3F06511.jpg,1040040600,1370040600,gallery/P1370T04060A0/P1370T04060A0C0F18901.jpg,0.72927,0.72927,0.72739,ban_giao,sai,1,2129
query/P1838T04071A2/P1838T04071A2C3F14491.jpg,1838040712,786040711,gallery/P0786T04071A1/P0786T04071A1C0F08521.jpg,0.63181,0.63181,0.72739,tu_choi,tu_choi,0,1456
query/P0368T04070A0/P0368T04070A0C3F03361.jpg,368040700,368040700,gallery/P0368T04070A0/P0368T04070A0C0F06001.jpg,0.68245,0.58528,0.72739,tu_choi,tu_choi,1,1065
query/P1285T04071A0/P1285T04071A0C3F09991.jpg,1285040710,1562040712,gallery/P1562T04071A2/P1562T04071A2C0F20911.jpg,0.58178,0.58178,0.72739,tu_choi,tu_choi,0,1456
query/P0610T04070A0/P0610T04070A0C3F05701.jpg,610040700,610040700,gallery/P0610T04070A0/P0610T04070A0C0F10831.jpg,0.66623,0.65816,0.72739,tu_choi,tu_choi,0,1065
query/P0632T04070A0/P0632T04070A0C3F06091.jpg,632040700,632040700,gallery/P0632T04070A0/P0632T04070A0C0F11221.jpg,0.61892,0.6,0.72739,tu_choi,tu_choi,0,1065
query/P1826T04060A1/P1826T04060A1C3F11701.jpg,1826040601,1826040601,gallery/P1826T04060A1/P1826T04060A1C0F20911.jpg,0.77772,0.74193,0.72739,ban_giao,dung,1,2129
query/P0269T04071A2/P0269T04071A2C3F01411.jpg,269040712,269040712,gallery/P0269T04071A2/P0269T04071A2C0F04321.jpg,0.69885,0.63762,0.72739,tu_choi,tu_choi,0,1456
query/P1285T04060A1/P1285T04060A1C3F00091.jpg,1285040601,1285040601,gallery/P1285T04060A1/P1285T04060A1C0F14641.jpg,0.73357,0.6506,0.72739,ban_giao,dung,1,2129
query/P1939T04071A2/P1939T04071A2C3F13801.jpg,1939040712,871040710,gallery/P0871T04071A0/P0871T04071A0C0F09391.jpg,0.73448,0.73448,0.72739,ban_giao,sai,1,1456
query/P1040T04060A0/P1040T04060A0C3F06751.jpg,1040040600,1040040600,gallery/P1040T04060A0/P1040T04060A0C0F12871.jpg,0.74007,0.69607,0.72739,ban_giao,dung,1,2129
query/P1048T04071A1/P1048T04071A1C3F06841.jpg,1048040711,822040710,gallery/P0822T04071A0/P0822T04071A0C0F08851.jpg,0.70105,0.70105,0.72739,tu_choi,tu_choi,1,1456
query/P1147T04060A1/P1147T04060A1C3F06661.jpg,1147040601,1147040601,gallery/P1147T04060A1/P1147T04060A1C0F13741.jpg,0.75212,0.68265,0.72739,ban_giao,dung,1,2129
query/P3433T04060A2/P3433T04060A2C3F11341.jpg,3433040602,916040601,gallery/P0916T04060A1/P0916T04060A1C0F11191.jpg,0.67403,0.67403,0.72739,tu_choi,tu_choi,0,2129
query/P1076T04070A0/P1076T04070A0C3F08371.jpg,1076040700,1076040700,gallery/P1076T04070A0/P1076T04070A0C0F16981.jpg,0.80798,0.6164,0.72739,ban_giao,dung,1,1065
query/P1180T04060A0/P1180T04060A0C3F07951.jpg,1180040600,1180040600,gallery/P1180T04060A0/P1180T04060A0C0F15871.jpg,0.74349,0.64807,0.72739,ban_giao,dung,0,2129
query/P1500T04060A0/P1500T04060A0C3F10531.jpg,1500040600,1500040600,gallery/P1500T04060A0/P1500T04060A0C0F21631.jpg,0.69353,0.66587,0.72739,tu_choi,tu_choi,1,2129
query/P0346T04060A0/P0346T04060A0C3F02071.jpg,346040600,597040601,gallery/P0597T04060A1/P0597T04060A1C0F05971.jpg,0.63742,0.63742,0.72739,tu_choi,tu_choi,1,2129
query/P1243T04060A2/P1243T04060A2C3F06181.jpg,1243040602,1015040600,gallery/P1015T04060A0/P1015T04060A0C0F13771.jpg,0.71028,0.71028,0.72739,tu_choi,tu_choi,0,2129
query/P1768T04060A0/P1768T04060A0C3F12001.jpg,1768040600,1768040600,gallery/P1768T04060A0/P1768T04060A0C0F23341.jpg,0.75393,0.61512,0.72739,ban_giao,dung,0,2129
query/P0522T04070A0/P0522T04070A0C3F04861.jpg,522040700,657040702,gallery/P0657T04070A2/P0657T04070A2C0F04921.jpg,0.59851,0.59851,0.72739,tu_choi,tu_choi,1,1065
query/P0362T04051A2/P0362T04051A2C3F6481.jpg,362040512,132040510,gallery/P0132T04051A0/P0132T04051A0C0F22951.jpg,0.73941,0.73941,0.72739,ban_giao,sai,0,965
query/P2040T04070A2/P2040T04070A2C3F05521.jpg,2040040702,325040702,gallery/P0325T04070A2/P0325T04070A2C0F02551.jpg,0.66144,0.66144,0.72739,tu_choi,tu_choi,0,1065
query/P1270T04070A1/P1270T04070A1C3F06811.jpg,1270040701,1270040701,gallery/P1270T04070A1/P1270T04070A1C0F13981.jpg,0.7021,0.64647,0.72739,tu_choi,tu_choi,1,1065
query/P1530T04060A0/P1530T04060A0C3F10591.jpg,1530040600,1530040600,gallery/P1530T04060A0/P1530T04060A0C0F22261.jpg,0.80361,0.70594,0.72739,ban_giao,dung,0,2129
query/P0895T04060A1/P0895T04060A1C3F04891.jpg,895040601,895040601,gallery/P0895T04060A1/P0895T04060A1C0F09511.jpg,0.74622,0.67073,0.72739,ban_giao,dung,0,2129
query/P1551T04060A0/P1551T04060A0C3F10951.jpg,1551040600,1551040600,gallery/P1551T04060A0/P1551T04060A0C0F22291.jpg,0.72393,0.64437,0.72739,tu_choi,tu_choi,1,2129
query/P0194T04071A0/P0194T04071A0C3F00601.jpg,194040710,194040710,gallery/P0194T04071A0/P0194T04071A0C0F23712.jpg,0.68488,0.66812,0.72739,tu_choi,tu_choi,0,1456
query/P2508T04071A0/P2508T04071A0C3F12451.jpg,2508040710,2508040710,gallery/P2508T04071A0/P2508T04071A0C0F21811.jpg,0.64182,0.61687,0.72739,tu_choi,tu_choi,0,1456
query/P2414T04071A0/P2414T04071A0C3F12121.jpg,2414040710,2414040710,gallery/P2414T04071A0/P2414T04071A0C0F21421.jpg,0.74482,0.68675,0.72739,ban_giao,dung,1,1456
query/P2584T04071A0/P2584T04071A0C3F11431.jpg,2584040710,2584040710,gallery/P2584T04071A0/P2584T04071A0C0F22561.jpg,0.72648,0.64327,0.72739,tu_choi,tu_choi,0,1456
query/P1556T04071A1/P1556T04071A1C3F10441.jpg,1556040711,1556040711,gallery/P1556T04071A1/P1556T04071A1C0F17941.jpg,0.67908,0.60469,0.72739,tu_choi,tu_choi,1,1456
query/P0441T04070A0/P0441T04070A0C3F04081.jpg,441040700,441040700,gallery/P0441T04070A0/P0441T04070A0C0F08461.jpg,0.78903,0.63025,0.72739,ban_giao,dung,0,1065
query/P1550T04060A0/P1550T04060A0C3F10951.jpg,1550040600,1550040600,gallery/P1550T04060A0/P1550T04060A0C0F21301.jpg,0.67611,0.66699,0.72739,tu_choi,tu_choi,1,2129
query/P0325T04070A2/P0325T04070A2C3F00601.jpg,325040702,703040700,gallery/P0703T04070A0/P0703T04070A0C0F13861.jpg,0.71333,0.71333,0.72739,tu_choi,tu_choi,0,1065
query/P2051T04071A0/P2051T04071A0C3F11011.jpg,2051040710,2051040710,gallery/P2051T04071A0/P2051T04071A0C0F18991.jpg,0.73716,0.72539,0.72739,ban_giao,dung,0,1456
query/P1895T04060A0/P1895T04060A0C3F12181.jpg,1895040600,1895040600,gallery/P1895T04060A0/P1895T04060A0C0F24721.jpg,0.73247,0.69807,0.72739,ban_giao,dung,1,2129
query/P0303T04070A1/P0303T04070A1C3F01291.jpg,303040701,303040701,gallery/P0303T04070A1/P0303T04070A1C0F02671.jpg,0.77166,0.67503,0.72739,ban_giao,dung,0,1065
query/P1530T04060A0/P1530T04060A0C3F10891.jpg,1530040600,1530040600,gallery/P1530T04060A0/P1530T04060A0C0F22141.jpg,0.60865,0.55582,0.72739,tu_choi,tu_choi,0,2129
query/P1240T04060A2/P1240T04060A2C3F05971.jpg,1240040602,1500040600,gallery/P1500T04060A0/P1500T04060A0C0F22051.jpg,0.65166,0.65166,0.72739,tu_choi,tu_choi,1,2129
query/P1179T04060A0/P1179T04060A0C3F08221.jpg,1179040600,916040601,gallery/P0916T04060A1/P0916T04060A1C0F11251.jpg,0.64118,0.64118,0.72739,tu_choi,tu_choi,0,2129
query/P1358T04060A0/P1358T04060A0C3F08881.jpg,1358040600,1358040600,gallery/P1358T04060A0/P1358T04060A0C0F19201.jpg,0.76608,0.67093,0.72739,ban_giao,dung,0,2129
query/P0610T04070A0/P0610T04070A0C3F05401.jpg,610040700,610040700,gallery/P0610T04070A0/P0610T04070A0C0F11281.jpg,0.64669,0.57262,0.72739,tu_choi,tu_choi,0,1065
query/P0721T04070A1/P0721T04070A1C3F03661.jpg,721040701,721040701,gallery/P0721T04070A1/P0721T04070A1C0F06781.jpg,0.7309,0.68231,0.72739,ban_giao,dung,1,1065
query/P0001T04070A0/P0001T04070A0C3F00151.jpg,1040700,345040700,gallery/P0345T04070A0/P0345T04070A0C0F05701.jpg,0.65223,0.65223,0.72739,tu_choi,tu_choi,0,1065
query/P1838T04071A2/P1838T04071A2C3F14431.jpg,1838040712,1838040712,gallery/P1838T04071A2/P1838T04071A2C0F25981.jpg,0.69352,0.66259,0.72739,tu_choi,tu_choi,0,1456
query/P2527T04070A2/P2527T04070A2C3F07831.jpg,2527040702,2527040702,gallery/P2527T04070A2/P2527T04070A2C0F16291.jpg,0.67717,0.67695,0.72739,tu_choi,tu_choi,0,1065
query/P1162T04071A1/P1162T04071A1C3F12391.jpg,1162040711,1149040712,gallery/P1149T04071A2/P1149T04071A2C0F15031.jpg,0.68678,0.68678,0.72739,tu_choi,tu_choi,0,1456
query/P0786T04071A1/P0786T04071A1C3F06271.jpg,786040711,786040711,gallery/P0786T04071A1/P0786T04071A1C0F08551.jpg,0.7198,0.61928,0.72739,tu_choi,tu_choi,1,1456
query/P0575T04060A2/P0575T04060A2C3F04171.jpg,575040602,575040602,gallery/P0575T04060A2/P0575T04060A2C0F05281.jpg,0.66022,0.64802,0.72739,tu_choi,tu_choi,0,2129
query/P0346T04070A0/P0346T04070A0C3F02581.jpg,346040700,346040700,gallery/P0346T04070A0/P0346T04070A0C0F05701.jpg,0.73251,0.68442,0.72739,ban_giao,dung,1,1065
query/P0594T04060A1/P0594T04060A1C3F03361.jpg,594040601,1500040600,gallery/P1500T04060A0/P1500T04060A0C0F22111.jpg,0.72948,0.72948,0.72739,ban_giao,sai,0,2129
query/P0368T04070A0/P0368T04070A0C3F03121.jpg,368040700,368040700,gallery/P0368T04070A0/P0368T04070A0C0F06001.jpg,0.62898,0.58747,0.72739,tu_choi,tu_choi,1,1065
query/P0430T04070A1/P0430T04070A1C3F04591.jpg,430040701,2079040702,gallery/P2079T04070A2/P2079T04070A2C0F13501.jpg,0.64757,0.64757,0.72739,tu_choi,tu_choi,1,1065
query/P1944T04060A2/P1944T04060A2C3F10171.jpg,1944040602,1944040602,gallery/P1944T04060A2/P1944T04060A2C0F12331.jpg,0.73752,0.65331,0.72739,ban_giao,dung,0,2129
query/P1825T04060A1/P1825T04060A1C3F09691.jpg,1825040601,1825040601,gallery/P1825T04060A1/P1825T04060A1C0F22861.jpg,0.76259,0.64776,0.72739,ban_giao,dung,1,2129
query/P0710T04060A1/P0710T04060A1C3F03391.jpg,710040601,710040601,gallery/P0710T04060A1/P0710T04060A1C0F08011.jpg,0.73927,0.70247,0.72739,ban_giao,dung,1,2129
query/P1838T04071A2/P1838T04071A2C3F14281.jpg,1838040712,265040712,gallery/P0265T04071A2/P0265T04071A2C0F04441.jpg,0.62953,0.62953,0.72739,tu_choi,tu_choi,0,1456
query/P0002T04071A2/P0002T04071A2C3F02071.jpg,2040712,837040710,gallery/P0837T04071A0/P0837T04071A0C0F10051.jpg,0.72771,0.72771,0.72739,ban_giao,sai,1,1456
query/P1748T04070A1/P1748T04070A1C3F09721.jpg,1748040701,2040040702,gallery/P2040T04070A2/P2040T04070A2C0F13081.jpg,0.61907,0.61907,0.72739,tu_choi,tu_choi,1,1065
query/P2512T04071A0/P2512T04071A0C3F12841.jpg,2512040710,2512040710,gallery/P2512T04071A0/P2512T04071A0C0F21811.jpg,0.69167,0.6326,0.72739,tu_choi,tu_choi,1,1456
query/P0703T04070A0/P0703T04070A0C3F05851.jpg,703040700,703040700,gallery/P0703T04070A0/P0703T04070A0C0F13321.jpg,0.62232,0.58376,0.72739,tu_choi,tu_choi,0,1065
query/P1768T04060A0/P1768T04060A0C3F12031.jpg,1768040600,1596040601,gallery/P1596T04060A1/P1596T04060A1C0F18871.jpg,0.67529,0.67529,0.72739,tu_choi,tu_choi,0,2129
query/P0248T04071A1/P0248T04071A1C3F03211.jpg,248040711,248040711,gallery/P0248T04071A1/P0248T04071A1C0F03421.jpg,0.6978,0.65862,0.72739,tu_choi,tu_choi,1,1456
query/P0796T04071A2/P0796T04071A2C3F06361.jpg,796040712,691040712,gallery/P0691T04071A2/P0691T04071A2C0F10141.jpg,0.67545,0.67545,0.72739,tu_choi,tu_choi,1,1456
query/P0001T04070A1/P0001T04070A1C3F00901.jpg,1040701,1933040701,gallery/P1933T04070A1/P1933T04070A1C0F23101.jpg,0.65638,0.65638,0.72739,tu_choi,tu_choi,0,1065
query/P1182T04060A0/P1182T04060A0C3F07801.jpg,1182040600,1182040600,gallery/P1182T04060A0/P1182T04060A0C0F15781.jpg,0.71799,0.67996,0.72739,tu_choi,tu_choi,0,2129
query/P1182T04060A1/P1182T04060A1C3F07261.jpg,1182040601,959040601,gallery/P0959T04060A1/P0959T04060A1C0F12421.jpg,0.65768,0.65768,0.72739,tu_choi,tu_choi,0,2129
query/P0782T04060A1/P0782T04060A1C3F04261.jpg,782040601,1895040600,gallery/P1895T04060A0/P1895T04060A0C0F25261.jpg,0.6991,0.6991,0.72739,tu_choi,tu_choi,1,2129
query/P1703T04071A2/P1703T04071A2C3F11041.jpg,1703040712,1703040712,gallery/P1703T04071A2/P1703T04071A2C0F22741.jpg,0.69806,0.60801,0.72739,tu_choi,tu_choi,1,1456
query/P0691T04071A2/P0691T04071A2C3F06661.jpg,691040712,691040712,gallery/P0691T04071A2/P0691T04071A2C0F09961.jpg,0.83297,0.70272,0.72739,ban_giao,dung,0,1456
query/P0041T04051A0/P0041T04051A0C3F10291.jpg,41040510,41040510,gallery/P0041T04051A0/P0041T04051A0C0F6901.jpg,0.741,0.66581,0.72739,ban_giao,dung,0,965
query/P2197T04071A0/P2197T04071A0C3F10801.jpg,2197040710,522040712,gallery/P0522T04071A2/P0522T04071A2C0F07561.jpg,0.67011,0.67011,0.72739,tu_choi,tu_choi,1,1456
query/P0819T04071A1/P0819T04071A1C3F05401.jpg,819040711,819040711,gallery/P0819T04071A1/P0819T04071A1C0F08971.jpg,0.7733,0.70105,0.72739,ban_giao,dung,1,1456
query/P0594T04060A1/P0594T04060A1C3F03511.jpg,594040601,348040600,gallery/P0348T04060A0/P0348T04060A0C0F07801.jpg,0.68363,0.68363,0.72739,tu_choi,tu_choi,0,2129
query/P1983T04070A2/P1983T04070A2C3F08191.jpg,1983040702,1012040700,gallery/P1012T04070A0/P1012T04070A0C0F16561.jpg,0.6712,0.6712,0.72739,tu_choi,tu_choi,0,1065
query/P0191T04071A0/P0191T04071A0C3F00691.jpg,191040710,191040710,gallery/P0191T04071A0/P0191T04071A0C0F02851.jpg,0.69146,0.59189,0.72739,tu_choi,tu_choi,0,1456
query/P2375T04071A0/P2375T04071A0C3F11881.jpg,2375040710,1793040711,gallery/P1793T04071A1/P1793T04071A1C0F19471.jpg,0.68086,0.68086,0.72739,tu_choi,tu_choi,0,1456
query/P1851T04060A1/P1851T04060A1C3F03121.jpg,1851040601,1851040601,gallery/P1851T04060A1/P1851T04060A1C0F21901.jpg,0.7241,0.66848,0.72739,tu_choi,tu_choi,1,2129
query/P0175T04071A0/P0175T04071A0C3F02911.jpg,175040710,175040710,gallery/P0175T04071A0/P0175T04071A0C0F02101.jpg,0.81968,0.76174,0.72739,ban_giao,dung,1,1456
query/P1245T04070A1/P1245T04070A1C3F06931.jpg,1245040701,2527040702,gallery/P2527T04070A2/P2527T04070A2C0F15901.jpg,0.66009,0.66009,0.72739,tu_choi,tu_choi,1,1065
query/P1838T04071A2/P1838T04071A2C3F14461.jpg,1838040712,1838040712,gallery/P1838T04071A2/P1838T04071A2C0F25891.jpg,0.65045,0.62649,0.72739,tu_choi,tu_choi,0,1456
query/P1703T04071A2/P1703T04071A2C3F11221.jpg,1703040712,819040711,gallery/P0819T04071A1/P0819T04071A1C0F08941.jpg,0.70801,0.70801,0.72739,tu_choi,tu_choi,1,1456
query/P0769T04071A1/P0769T04071A1C3F06481.jpg,769040711,769040711,gallery/P0769T04071A1/P0769T04071A1C0F09241.jpg,0.69256,0.67937,0.72739,tu_choi,tu_choi,1,1456
query/P1146T04060A2/P1146T04060A2C3F06541.jpg,1146040602,1530040600,gallery/P1530T04060A0/P1530T04060A0C0F22501.jpg,0.66185,0.66185,0.72739,tu_choi,tu_choi,1,2129
query/P1615T04060A2/P1615T04060A2C3F05311.jpg,1615040602,588040600,gallery/P0588T04060A0/P0588T04060A0C0F09091.jpg,0.74383,0.74383,0.72739,ban_giao,sai,0,2129
query/P2601T04071A0/P2601T04071A0C3F12451.jpg,2601040710,796040712,gallery/P0796T04071A2/P0796T04071A2C0F11101.jpg,0.6368,0.6368,0.72739,tu_choi,tu_choi,0,1456
query/P0664T04060A1/P0664T04060A1C3F02371.jpg,664040601,1530040600,gallery/P1530T04060A0/P1530T04060A0C0F21811.jpg,0.64666,0.64666,0.72739,tu_choi,tu_choi,1,2129
query/P0850T04071A2/P0850T04071A2C3F05401.jpg,850040712,850040712,gallery/P0850T04071A2/P0850T04071A2C0F11761.jpg,0.76752,0.633,0.72739,ban_giao,dung,0,1456
query/P1785T04071A2/P1785T04071A2C3F11701.jpg,1785040712,1785040712,gallery/P1785T04071A2/P1785T04071A2C0F24181.jpg,0.76745,0.62343,0.72739,ban_giao,dung,0,1456
query/P0345T04070A0/P0345T04070A0C3F03751.jpg,345040700,345040700,gallery/P0345T04070A0/P0345T04070A0C0F05731.jpg,0.62973,0.59697,0.72739,tu_choi,tu_choi,1,1065
query/P0703T04070A0/P0703T04070A0C3F06421.jpg,703040700,703040700,gallery/P0703T04070A0/P0703T04070A0C0F13711.jpg,0.64071,0.58089,0.72739,tu_choi,tu_choi,0,1065
query/P2197T04071A0/P2197T04071A0C3F11191.jpg,2197040710,847040710,gallery/P0847T04071A0/P0847T04071A0C0F10021.jpg,0.70009,0.70009,0.72739,tu_choi,tu_choi,1,1456
query/P1378T04071A1/P1378T04071A1C3F07471.jpg,1378040711,1378040711,gallery/P1378T04071A1/P1378T04071A1C0F16111.jpg,0.72396,0.68308,0.72739,tu_choi,tu_choi,0,1456
query/P0555T04071A1/P0555T04071A1C3F03181.jpg,555040711,368040712,gallery/P0368T04071A2/P0368T04071A2C0F05551.jpg,0.67384,0.67384,0.72739,tu_choi,tu_choi,1,1456
query/P1358T04060A0/P1358T04060A0C3F09061.jpg,1358040600,1358040600,gallery/P1358T04060A0/P1358T04060A0C0F18901.jpg,0.70558,0.67577,0.72739,tu_choi,tu_choi,0,2129
query/P0691T04071A2/P0691T04071A2C3F06211.jpg,691040712,691040712,gallery/P0691T04071A2/P0691T04071A2C0F09751.jpg,0.82029,0.65348,0.72739,ban_giao,dung,0,1456
query/P1933T04070A1/P1933T04070A1C3F09541.jpg,1933040701,53040700,gallery/P0053T04070A0/P0053T04070A0C0F01501.jpg,0.71882,0.71882,0.72739,tu_choi,tu_choi,0,1065
query/P2197T04071A0/P2197T04071A0C3F11011.jpg,2197040710,586040712,gallery/P0586T04071A2/P0586T04071A2C0F09061.jpg,0.66192,0.66192,0.72739,tu_choi,tu_choi,1,1456
query/P2057T04060A1/P2057T04060A1C3F11641.jpg,2057040601,1333040600,gallery/P1333T04060A0/P1333T04060A0C0F18121.jpg,0.65144,0.65144,0.72739,tu_choi,tu_choi,0,2129
query/P0895T04060A1/P0895T04060A1C3F05041.jpg,895040601,1608040602,gallery/P1608T04060A2/P1608T04060A2C0F10771.jpg,0.61415,0.61415,0.72739,tu_choi,tu_choi,0,2129
query/P1333T04060A0/P1333T04060A0C3F08461.jpg,1333040600,1333040600,gallery/P1333T04060A0/P1333T04060A0C0F18481.jpg,0.78676,0.59574,0.72739,ban_giao,dung,1,2129
query/P0175T04071A0/P0175T04071A0C3F02941.jpg,175040710,175040710,gallery/P0175T04071A0/P0175T04071A0C0F02101.jpg,0.78934,0.68511,0.72739,ban_giao,dung,1,1456
query/P0867T04070A0/P0867T04070A0C3F08221.jpg,867040700,867040700,gallery/P0867T04070A0/P0867T04070A0C0F13831.jpg,0.74723,0.58978,0.72739,ban_giao,dung,1,1065
query/P1146T04060A2/P1146T04060A2C3F06571.jpg,1146040602,1370040600,gallery/P1370T04060A0/P1370T04060A0C0F19201.jpg,0.62512,0.62512,0.72739,tu_choi,tu_choi,1,2129
query/P2527T04070A2/P2527T04070A2C3F07801.jpg,2527040702,2527040702,gallery/P2527T04070A2/P2527T04070A2C0F16081.jpg,0.73792,0.68204,0.72739,ban_giao,dung,0,1065
query/P0914T04060A1/P0914T04060A1C3F05371.jpg,914040601,916040601,gallery/P0916T04060A1/P0916T04060A1C0F11281.jpg,0.65003,0.65003,0.72739,tu_choi,tu_choi,0,2129
query/P1479T04071A2/P1479T04071A2C3F09721.jpg,1479040712,1048040711,gallery/P1048T04071A1/P1048T04071A1C0F11581.jpg,0.58071,0.58071,0.72739,tu_choi,tu_choi,0,1456
query/P0123T04060A2/P0123T04060A2C3F01561.jpg,123040602,1530040600,gallery/P1530T04060A0/P1530T04060A0C0F22681.jpg,0.61304,0.61304,0.72739,tu_choi,tu_choi,0,2129
query/P2276T04070A1/P2276T04070A1C3F13141.jpg,2276040701,2276040701,gallery/P2276T04070A1/P2276T04070A1C0F26821.jpg,0.77735,0.64628,0.72739,ban_giao,dung,0,1065
query/P1031T04070A0/P1031T04070A0C3F11551.jpg,1031040700,1031040700,gallery/P1031T04070A0/P1031T04070A0C0F17971.jpg,0.69499,0.61138,0.72739,tu_choi,tu_choi,0,1065
query/P1182T04060A1/P1182T04060A1C3F07111.jpg,1182040601,959040601,gallery/P0959T04060A1/P0959T04060A1C0F12421.jpg,0.63725,0.63725,0.72739,tu_choi,tu_choi,0,2129
query/P2375T04071A0/P2375T04071A0C3F11551.jpg,2375040710,1793040711,gallery/P1793T04071A1/P1793T04071A1C0F19471.jpg,0.69466,0.69466,0.72739,tu_choi,tu_choi,0,1456
query/P0914T04060A1/P0914T04060A1C3F05461.jpg,914040601,49040602,gallery/P0049T04060A2/P0049T04060A2C0F02371.jpg,0.66209,0.66209,0.72739,tu_choi,tu_choi,0,2129
query/P0395T04060A0/P0395T04060A0C3F00871.jpg,395040600,395040600,gallery/P0395T04060A0/P0395T04060A0C0F07621.jpg,0.70779,0.67051,0.72739,tu_choi,tu_choi,1,2129
query/P1180T04060A0/P1180T04060A0C3F07891.jpg,1180040600,1180040600,gallery/P1180T04060A0/P1180T04060A0C0F15901.jpg,0.73783,0.61509,0.72739,ban_giao,dung,0,2129
query/P1182T04060A0/P1182T04060A0C3F07561.jpg,1182040600,1182040600,gallery/P1182T04060A0/P1182T04060A0C0F15781.jpg,0.7877,0.6774,0.72739,ban_giao,dung,0,2129
query/P0632T04070A0/P0632T04070A0C3F05431.jpg,632040700,1012040700,gallery/P1012T04070A0/P1012T04070A0C0F16561.jpg,0.63474,0.63474,0.72739,tu_choi,tu_choi,0,1065
query/P0499T04060A0/P0499T04060A0C3F04951.jpg,499040600,499040600,gallery/P0499T04060A0/P0499T04060A0C0F08131.jpg,0.76296,0.70461,0.72739,ban_giao,dung,1,2129
query/P0416T04070A1/P0416T04070A1C3F02071.jpg,416040701,2079040702,gallery/P2079T04070A2/P2079T04070A2C0F13651.jpg,0.61825,0.61825,0.72739,tu_choi,tu_choi,0,1065
query/P0039T04071A2/P0039T04071A2C3F00181.jpg,39040712,39040712,gallery/P0039T04071A2/P0039T04071A2C0F00781.jpg,0.71087,0.62281,0.72739,tu_choi,tu_choi,0,1456
query/P1255T04071A0/P1255T04071A0C3F05431.jpg,1255040710,1254040710,gallery/P1254T04071A0/P1254T04071A0C0F12091.jpg,0.65518,0.65518,0.72739,tu_choi,tu_choi,1,1456
query/P0123T04060A2/P0123T04060A2C3F01441.jpg,123040602,123040602,gallery/P0123T04060A2/P0123T04060A2C0F01891.jpg,0.64961,0.6,0.72739,tu_choi,tu_choi,0,2129
query/P2328T04060A1/P2328T04060A1C3F14431.jpg,2328040601,2328040601,gallery/P2328T04060A1/P2328T04060A1C0F25921.jpg,0.76992,0.75122,0.72739,ban_giao,dung,1,2129
query/P1793T04071A1/P1793T04071A1C3F11761.jpg,1793040711,1793040711,gallery/P1793T04071A1/P1793T04071A1C0F19951.jpg,0.65425,0.57841,0.72739,tu_choi,tu_choi,1,1456
query/P2276T04070A1/P2276T04070A1C3F13051.jpg,2276040701,522040700,gallery/P0522T04070A0/P0522T04070A0C0F08611.jpg,0.63839,0.63839,0.72739,tu_choi,tu_choi,0,1065
query/P1084T04070A0/P1084T04070A0C3F11311.jpg,1084040700,1084040700,gallery/P1084T04070A0/P1084T04070A0C0F18001.jpg,0.66908,0.6416,0.72739,tu_choi,tu_choi,0,1065
query/P0346T04060A0/P0346T04060A0C3F02011.jpg,346040600,1530040600,gallery/P1530T04060A0/P1530T04060A0C0F21751.jpg,0.63987,0.63987,0.72739,tu_choi,tu_choi,1,2129
query/P0881T04060A1/P0881T04060A1C3F06721.jpg,881040601,685040601,gallery/P0685T04060A1/P0685T04060A1C0F06811.jpg,0.65602,0.65602,0.72739,tu_choi,tu_choi,1,2129
query/P0490T04051A2/P0490T04051A2C3F8551.jpg,490040512,41040510,gallery/P0041T04051A0/P0041T04051A0C0F7711.jpg,0.70051,0.70051,0.72739,tu_choi,tu_choi,0,965
query/P0867T04070A0/P0867T04070A0C3F07831.jpg,867040700,867040700,gallery/P0867T04070A0/P0867T04070A0C0F13741.jpg,0.71918,0.59123,0.72739,tu_choi,tu_choi,1,1065
query/P1149T04071A2/P1149T04071A2C3F09121.jpg,1149040712,1149040712,gallery/P1149T04071A2/P1149T04071A2C0F14731.jpg,0.58471,0.55839,0.72739,tu_choi,tu_choi,0,1456
query/P1551T04060A0/P1551T04060A0C3F10441.jpg,1551040600,3433040602,gallery/P3433T04060A2/P3433T04060A2C0F21631.jpg,0.71951,0.71951,0.72739,tu_choi,tu_choi,1,2129
query/P1285T04060A1/P1285T04060A1C3F00241.jpg,1285040601,1285040601,gallery/P1285T04060A1/P1285T04060A1C0F14641.jpg,0.65952,0.62791,0.72739,tu_choi,tu_choi,1,2129
query/P0499T04060A0/P0499T04060A0C3F04921.jpg,499040600,499040600,gallery/P0499T04060A0/P0499T04060A0C0F08011.jpg,0.75046,0.70061,0.72739,ban_giao,dung,1,2129
query/P0701T04060A0/P0701T04060A0C3F04471.jpg,701040600,701040600,gallery/P0701T04060A0/P0701T04060A0C0F09841.jpg,0.82177,0.74103,0.72739,ban_giao,dung,1,2129
query/P1147T04060A1/P1147T04060A1C3F06751.jpg,1147040601,916040601,gallery/P0916T04060A1/P0916T04060A1C0F11251.jpg,0.64412,0.64412,0.72739,tu_choi,tu_choi,1,2129
query/P2040T04070A2/P2040T04070A2C3F05551.jpg,2040040702,325040702,gallery/P0325T04070A2/P0325T04070A2C0F02551.jpg,0.61107,0.61107,0.72739,tu_choi,tu_choi,0,1065
query/P1358T04060A0/P1358T04060A0C3F09001.jpg,1358040600,1358040600,gallery/P1358T04060A0/P1358T04060A0C0F20011.jpg,0.62278,0.61193,0.72739,tu_choi,tu_choi,0,2129
query/P1162T04071A1/P1162T04071A1C3F12151.jpg,1162040711,2271040710,gallery/P2271T04071A0/P2271T04071A0C0F19681.jpg,0.61391,0.61391,0.72739,tu_choi,tu_choi,0,1456
query/P0368T04071A2/P0368T04071A2C3F02341.jpg,368040712,368040712,gallery/P0368T04071A2/P0368T04071A2C0F05521.jpg,0.72803,0.68233,0.72739,ban_giao,dung,1,1456
query/P0586T04071A2/P0586T04071A2C3F06061.jpg,586040712,1566040711,gallery/P1566T04071A1/P1566T04071A1C0F18901.jpg,0.72936,0.72936,0.72739,ban_giao,sai,1,1456
query/P1730T04060A0/P1730T04060A0C3F11641.jpg,1730040600,1895040600,gallery/P1895T04060A0/P1895T04060A0C0F25051.jpg,0.70929,0.70929,0.72739,tu_choi,tu_choi,1,2129
query/P1076T04070A0/P1076T04070A0C3F08281.jpg,1076040700,1933040701,gallery/P1933T04070A1/P1933T04070A1C0F23101.jpg,0.67346,0.67346,0.72739,tu_choi,tu_choi,1,1065
query/P0782T04060A1/P0782T04060A1C3F03841.jpg,782040601,782040601,gallery/P0782T04060A1/P0782T04060A1C0F07921.jpg,0.84462,0.72908,0.72739,ban_giao,dung,1,2129
query/P2230T04070A1/P2230T04070A1C3F13021.jpg,2230040701,610040700,gallery/P0610T04070A0/P0610T04070A0C0F12001.jpg,0.66303,0.66303,0.72739,tu_choi,tu_choi,1,1065
query/P1358T04060A0/P1358T04060A0C3F08851.jpg,1358040600,1358040600,gallery/P1358T04060A0/P1358T04060A0C0F19201.jpg,0.77764,0.61683,0.72739,ban_giao,dung,0,2129
query/P0632T04070A0/P0632T04070A0C3F05911.jpg,632040700,632040700,gallery/P0632T04070A0/P0632T04070A0C0F11161.jpg,0.62907,0.61603,0.72739,tu_choi,tu_choi,0,1065
query/P0053T04070A0/P0053T04070A0C3F00961.jpg,53040700,346040700,gallery/P0346T04070A0/P0346T04070A0C0F06061.jpg,0.65071,0.65071,0.72739,tu_choi,tu_choi,1,1065
query/P0775T04070A0/P0775T04070A0C3F07651.jpg,775040700,775040700,gallery/P0775T04070A0/P0775T04070A0C0F13021.jpg,0.67853,0.63575,0.72739,tu_choi,tu_choi,1,1065
query/P0173T04060A0/P0173T04060A0C3F03811.jpg,173040600,173040600,gallery/P0173T04060A0/P0173T04060A0C0F03961.jpg,0.74237,0.71146,0.72739,ban_giao,dung,0,2129
query/P1084T04070A0/P1084T04070A0C3F11281.jpg,1084040700,1245040701,gallery/P1245T04070A1/P1245T04070A1C0F13681.jpg,0.62399,0.62399,0.72739,tu_choi,tu_choi,0,1065
query/P1358T04060A0/P1358T04060A0C3F08941.jpg,1358040600,1358040600,gallery/P1358T04060A0/P1358T04060A0C0F19471.jpg,0.77086,0.67112,0.72739,ban_giao,dung,0,2129
query/P1551T04060A0/P1551T04060A0C3F10531.jpg,1551040600,1551040600,gallery/P1551T04060A0/P1551T04060A0C0F22291.jpg,0.69603,0.67863,0.72739,tu_choi,tu_choi,1,2129
query/P1015T04060A0/P1015T04060A0C3F05791.jpg,1015040600,1015040600,gallery/P1015T04060A0/P1015T04060A0C0F12511.jpg,0.66465,0.60919,0.72739,tu_choi,tu_choi,0,2129
query/P0721T04070A1/P0721T04070A1C3F03301.jpg,721040701,345040700,gallery/P0345T04070A0/P0345T04070A0C0F06031.jpg,0.61456,0.61456,0.72739,tu_choi,tu_choi,1,1065
query/P0130T04060A0/P0130T04060A0C3F02221.jpg,130040600,130040600,gallery/P0130T04060A0/P0130T04060A0C0F02371.jpg,0.70564,0.67553,0.72739,tu_choi,tu_choi,1,2129
query/P2079T04070A2/P2079T04070A2C3F07831.jpg,2079040702,361040700,gallery/P0361T04070A0/P0361T04070A0C0F05851.jpg,0.61877,0.61877,0.72739,tu_choi,tu_choi,0,1065
query/P3433T04060A2/P3433T04060A2C3F10501.jpg,3433040602,2467040601,gallery/P2467T04060A1/P2467T04060A1C0F26641.jpg,0.6558,0.6558,0.72739,tu_choi,tu_choi,0,2129
query/P2641T04060A2/P2641T04060A2C3F13681.jpg,2641040602,2641040602,gallery/P2641T04060A2/P2641T04060A2C0F25111.jpg,0.6585,0.65818,0.72739,tu_choi,tu_choi,0,2129
query/P2467T04060A1/P2467T04060A1C3F14071.jpg,2467040601,2467040601,gallery/P2467T04060A1/P2467T04060A1C0F26431.jpg,0.67768,0.65814,0.72739,tu_choi,tu_choi,0,2129
query/P0867T04070A0/P0867T04070A0C3F07531.jpg,867040700,867040700,gallery/P0867T04070A0/P0867T04070A0C0F14191.jpg,0.79651,0.54495,0.72739,ban_giao,dung,1,1065
query/P0361T04070A0/P0361T04070A0C3F04201.jpg,361040700,368040700,gallery/P0368T04070A0/P0368T04070A0C0F06001.jpg,0.63556,0.63556,0.72739,tu_choi,tu_choi,1,1065
query/P1826T04060A1/P1826T04060A1C3F11671.jpg,1826040601,1826040601,gallery/P1826T04060A1/P1826T04060A1C0F20911.jpg,0.74977,0.73127,0.72739,ban_giao,dung,1,2129
query/P0474T04060A2/P0474T04060A2C3F03241.jpg,474040602,173040600,gallery/P0173T04060A0/P0173T04060A0C0F04291.jpg,0.6822,0.6822,0.72739,tu_choi,tu_choi,0,2129
query/P0189T04070A1/P0189T04070A1C3F01321.jpg,189040701,189040701,gallery/P0189T04070A1/P0189T04070A1C0F02131.jpg,0.67985,0.60345,0.72739,tu_choi,tu_choi,0,1065
query/P0130T04060A0/P0130T04060A0C3F02191.jpg,130040600,130040600,gallery/P0130T04060A0/P0130T04060A0C0F02371.jpg,0.74982,0.69068,0.72739,ban_giao,dung,1,2129
query/P1015T04060A0/P1015T04060A0C3F05851.jpg,1015040600,1015040600,gallery/P1015T04060A0/P1015T04060A0C0F12511.jpg,0.73763,0.67141,0.72739,ban_giao,dung,0,2129
query/P1148T04060A2/P1148T04060A2C3F06481.jpg,1148040602,1148040602,gallery/P1148T04060A2/P1148T04060A2C0F08131.jpg,0.6217,0.62007,0.72739,tu_choi,tu_choi,1,2129
query/P0175T04071A0/P0175T04071A0C3F02761.jpg,175040710,1162040711,gallery/P1162T04071A1/P1162T04071A1C0F12541.jpg,0.69862,0.69862,0.72739,tu_choi,tu_choi,1,1456
query/P3125T04060A2/P3125T04060A2C3F08701.jpg,3125040602,348040600,gallery/P0348T04060A0/P0348T04060A0C0F07381.jpg,0.70792,0.70792,0.72739,tu_choi,tu_choi,0,2129
query/P1257T04071A0/P1257T04071A0C3F06301.jpg,1257040710,796040712,gallery/P0796T04071A2/P0796T04071A2C0F10891.jpg,0.68499,0.68499,0.72739,tu_choi,tu_choi,1,1456
query/P1626T04070A0/P1626T04070A0C3F12661.jpg,1626040700,1748040701,gallery/P1748T04070A1/P1748T04070A1C0F20821.jpg,0.62559,0.62559,0.72739,tu_choi,tu_choi,0,1065
query/P1240T04060A2/P1240T04060A2C3F06481.jpg,1240040602,173040600,gallery/P0173T04060A0/P0173T04060A0C0F02911.jpg,0.65932,0.65932,0.72739,tu_choi,tu_choi,1,2129
query/P1040T04060A0/P1040T04060A0C3F06631.jpg,1040040600,1040040600,gallery/P1040T04060A0/P1040T04060A0C0F13351.jpg,0.76249,0.70484,0.72739,ban_giao,dung,1,2129
query/P0819T04071A1/P0819T04071A1C3F05371.jpg,819040711,819040711,gallery/P0819T04071A1/P0819T04071A1C0F08971.jpg,0.70212,0.68969,0.72739,tu_choi,tu_choi,1,1456
query/P1550T04060A0/P1550T04060A0C3F10741.jpg,1550040600,1370040600,gallery/P1370T04060A0/P1370T04060A0C0F20611.jpg,0.66351,0.66351,0.72739,tu_choi,tu_choi,1,2129
query/P2298T04070A1/P2298T04070A1C3F14371.jpg,2298040701,441040700,gallery/P0441T04070A0/P0441T04070A0C0F08551.jpg,0.67581,0.67581,0.72739,tu_choi,tu_choi,0,1065
query/P0959T04060A1/P0959T04060A1C3F05251.jpg,959040601,959040601,gallery/P0959T04060A1/P0959T04060A1C0F12061.jpg,0.73339,0.64834,0.72739,ban_giao,dung,1,2129
query/P0416T04070A1/P0416T04070A1C3F01951.jpg,416040701,416040701,gallery/P0416T04070A1/P0416T04070A1C0F04711.jpg,0.64208,0.61616,0.72739,tu_choi,tu_choi,0,1065
query/P1162T04071A1/P1162T04071A1C3F12121.jpg,1162040711,1257040710,gallery/P1257T04071A0/P1257T04071A0C0F11641.jpg,0.58951,0.58951,0.72739,tu_choi,tu_choi,0,1456
query/P0916T04060A1/P0916T04060A1C3F04921.jpg,916040601,916040601,gallery/P0916T04060A1/P0916T04060A1C0F10351.jpg,0.72411,0.66534,0.72739,tu_choi,tu_choi,0,2129
query/P1053T04071A0/P1053T04071A0C3F05371.jpg,1053040710,1624040712,gallery/P1624T04071A2/P1624T04071A2C0F21241.jpg,0.64772,0.64772,0.72739,tu_choi,tu_choi,0,1456
query/P0867T04070A0/P0867T04070A0C3F08191.jpg,867040700,867040700,gallery/P0867T04070A0/P0867T04070A0C0F13831.jpg,0.76342,0.58936,0.72739,ban_giao,dung,1,1065
query/P1046T04070A2/P1046T04070A2C3F03241.jpg,1046040702,1046040702,gallery/P1046T04070A2/P1046T04070A2C0F06151.jpg,0.69453,0.68854,0.72739,tu_choi,tu_choi,0,1065
query/P0281T04060A1/P0281T04060A1C3F01141.jpg,281040601,1040040600,gallery/P1040T04060A0/P1040T04060A0C0F13351.jpg,0.63749,0.63749,0.72739,tu_choi,tu_choi,0,2129
query/P1530T04060A0/P1530T04060A0C3F10231.jpg,1530040600,1530040600,gallery/P1530T04060A0/P1530T04060A0C0F20971.jpg,0.77445,0.60198,0.72739,ban_giao,dung,0,2129
query/P0782T04060A1/P0782T04060A1C3F04021.jpg,782040601,782040601,gallery/P0782T04060A1/P0782T04060A1C0F08341.jpg,0.83011,0.69546,0.72739,ban_giao,dung,1,2129
query/P1275T04070A1/P1275T04070A1C3F07231.jpg,1275040701,2527040702,gallery/P2527T04070A2/P2527T04070A2C0F16291.jpg,0.6586,0.6586,0.72739,tu_choi,tu_choi,1,1065
query/P1245T04070A1/P1245T04070A1C3F06961.jpg,1245040701,1173040702,gallery/P1173T04070A2/P1173T04070A2C0F07891.jpg,0.63702,0.63702,0.72739,tu_choi,tu_choi,1,1065
query/P2508T04071A0/P2508T04071A0C3F12841.jpg,2508040710,2508040710,gallery/P2508T04071A0/P2508T04071A0C0F21811.jpg,0.63644,0.60351,0.72739,tu_choi,tu_choi,0,1456
query/P0416T04070A1/P0416T04070A1C3F02101.jpg,416040701,1933040701,gallery/P1933T04070A1/P1933T04070A1C0F22651.jpg,0.57955,0.57955,0.72739,tu_choi,tu_choi,0,1065
query/P0610T04070A0/P0610T04070A0C3F05671.jpg,610040700,2527040702,gallery/P2527T04070A2/P2527T04070A2C0F16081.jpg,0.66129,0.66129,0.72739,tu_choi,tu_choi,0,1065
query/P0657T04070A2/P0657T04070A2C3F03631.jpg,657040702,657040702,gallery/P0657T04070A2/P0657T04070A2C0F04441.jpg,0.68614,0.61562,0.72739,tu_choi,tu_choi,1,1065
query/P1615T04060A2/P1615T04060A2C3F05131.jpg,1615040602,588040600,gallery/P0588T04060A0/P0588T04060A0C0F09091.jpg,0.7991,0.7991,0.72739,ban_giao,sai,0,2129
query/P1805T04070A0/P1805T04070A0C3F14461.jpg,1805040700,1805040700,gallery/P1805T04070A0/P1805T04070A0C0F26461.jpg,0.66545,0.63474,0.72739,tu_choi,tu_choi,0,1065
query/P3125T04060A2/P3125T04060A2C3F10381.jpg,3125040602,348040600,gallery/P0348T04060A0/P0348T04060A0C0F07951.jpg,0.63722,0.63722,0.72739,tu_choi,tu_choi,0,2129
query/P1500T04060A0/P1500T04060A0C3F10051.jpg,1500040600,1500040600,gallery/P1500T04060A0/P1500T04060A0C0F20791.jpg,0.71827,0.63723,0.72739,tu_choi,tu_choi,1,2129
query/P0703T04070A0/P0703T04070A0C3F06091.jpg,703040700,703040700,gallery/P0703T04070A0/P0703T04070A0C0F13681.jpg,0.69736,0.67317,0.72739,tu_choi,tu_choi,0,1065
query/P0346T04060A0/P0346T04060A0C3F01981.jpg,346040600,1530040600,gallery/P1530T04060A0/P1530T04060A0C0F21751.jpg,0.71275,0.71275,0.72739,tu_choi,tu_choi,1,2129
query/P0116T04051A0/P0116T04051A0C3F11311.jpg,116040510,116040510,gallery/P0116T04051A0/P0116T04051A0C0F19741.jpg,0.71186,0.6729,0.72739,tu_choi,tu_choi,0,965
query/P0441T04070A0/P0441T04070A0C3F03481.jpg,441040700,441040700,gallery/P0441T04070A0/P0441T04070A0C0F08311.jpg,0.70149,0.60431,0.72739,tu_choi,tu_choi,0,1065
query/P0775T04070A0/P0775T04070A0C3F07441.jpg,775040700,1697040702,gallery/P1697T04070A2/P1697T04070A2C0F11251.jpg,0.66774,0.66774,0.72739,tu_choi,tu_choi,1,1065
query/P1180T04060A0/P1180T04060A0C3F07531.jpg,1180040600,1180040600,gallery/P1180T04060A0/P1180T04060A0C0F15901.jpg,0.77936,0.62518,0.72739,ban_giao,dung,0,2129
query/P1180T04060A0/P1180T04060A0C3F07861.jpg,1180040600,1180040600,gallery/P1180T04060A0/P1180T04060A0C0F15661.jpg,0.67984,0.65847,0.72739,tu_choi,tu_choi,0,2129
query/P0121T04051A0/P0121T04051A0C3F3001.jpg,121040510,157040511,gallery/P0157T04051A1/P0157T04051A1C0F871.jpg,0.59444,0.59444,0.72739,tu_choi,tu_choi,0,965
query/P1805T04070A0/P1805T04070A0C3F14431.jpg,1805040700,2079040702,gallery/P2079T04070A2/P2079T04070A2C0F13141.jpg,0.56753,0.56753,0.72739,tu_choi,tu_choi,0,1065
query/P0474T04060A2/P0474T04060A2C3F02911.jpg,474040602,3125040602,gallery/P3125T04060A2/P3125T04060A2C0F20461.jpg,0.67015,0.67015,0.72739,tu_choi,tu_choi,0,2129
query/P1275T04070A1/P1275T04070A1C3F07021.jpg,1275040701,1933040701,gallery/P1933T04070A1/P1933T04070A1C0F22411.jpg,0.70534,0.70534,0.72739,tu_choi,tu_choi,1,1065
query/P0348T04060A0/P0348T04060A0C3F03421.jpg,348040600,348040600,gallery/P0348T04060A0/P0348T04060A0C0F07801.jpg,0.7842,0.71414,0.72739,ban_giao,dung,1,2129
query/P1245T04070A1/P1245T04070A1C3F07291.jpg,1245040701,2040040702,gallery/P2040T04070A2/P2040T04070A2C0F13171.jpg,0.65365,0.65365,0.72739,tu_choi,tu_choi,1,1065
query/P1851T04060A1/P1851T04060A1C3F07771.jpg,1851040601,1333040600,gallery/P1333T04060A0/P1333T04060A0C0F18061.jpg,0.66725,0.66725,0.72739,tu_choi,tu_choi,1,2129
query/P0837T04071A0/P0837T04071A0C3F04681.jpg,837040710,837040710,gallery/P0837T04071A0/P0837T04071A0C0F09931.jpg,0.73781,0.69316,0.72739,ban_giao,dung,1,1456
query/P0127T04071A2/P0127T04071A2C3F00661.jpg,127040712,248040711,gallery/P0248T04071A1/P0248T04071A1C0F03211.jpg,0.66434,0.66434,0.72739,tu_choi,tu_choi,0,1456
query/P0211T04051A1/P0211T04051A1C3F7051.jpg,211040511,211040511,gallery/P0211T04051A1/P0211T04051A1C0F12931.jpg,0.72969,0.68331,0.72739,ban_giao,dung,1,965
query/P1179T04060A0/P1179T04060A0C3F08011.jpg,1179040600,1530040600,gallery/P1530T04060A0/P1530T04060A0C0F23071.jpg,0.62436,0.62436,0.72739,tu_choi,tu_choi,0,2129
query/P1358T04060A0/P1358T04060A0C3F08971.jpg,1358040600,1358040600,gallery/P1358T04060A0/P1358T04060A0C0F19201.jpg,0.70141,0.65248,0.72739,tu_choi,tu_choi,0,2129
query/P1066T04071A2/P1066T04071A2C3F07081.jpg,1066040712,1066040712,gallery/P1066T04071A2/P1066T04071A2C0F13771.jpg,0.72418,0.65468,0.72739,tu_choi,tu_choi,1,1456
query/P1774T04070A0/P1774T04070A0C3F13111.jpg,1774040700,1774040700,gallery/P1774T04070A0/P1774T04070A0C0F26521.jpg,0.7361,0.66688,0.72739,ban_giao,dung,1,1065
query/P2298T04070A1/P2298T04070A1C3F14431.jpg,2298040701,303040701,gallery/P0303T04070A1/P0303T04070A1C0F02941.jpg,0.6637,0.6637,0.72739,tu_choi,tu_choi,0,1065
query/P0822T04071A0/P0822T04071A0C3F06451.jpg,822040710,1573040711,gallery/P1573T04071A1/P1573T04071A1C0F18511.jpg,0.62336,0.62336,0.72739,tu_choi,tu_choi,1,1456
query/P1255T04071A0/P1255T04071A0C3F05701.jpg,1255040710,1255040710,gallery/P1255T04071A0/P1255T04071A0C0F12121.jpg,0.718,0.66509,0.72739,tu_choi,tu_choi,1,1456
query/P2051T04071A0/P2051T04071A0C3F10501.jpg,2051040710,2051040710,gallery/P2051T04071A0/P2051T04071A0C0F19051.jpg,0.79183,0.69987,0.72739,ban_giao,dung,0,1456
query/P0522T04070A0/P0522T04070A0C3F04831.jpg,522040700,441040700,gallery/P0441T04070A0/P0441T04070A0C0F08551.jpg,0.55978,0.55978,0.72739,tu_choi,tu_choi,1,1065
query/P2512T04071A0/P2512T04071A0C3F12901.jpg,2512040710,2512040710,gallery/P2512T04071A0/P2512T04071A0C0F21871.jpg,0.68841,0.62483,0.72739,tu_choi,tu_choi,1,1456
query/P0189T04070A1/P0189T04070A1C3F01021.jpg,189040701,189040701,gallery/P0189T04070A1/P0189T04070A1C0F02521.jpg,0.6116,0.59708,0.72739,tu_choi,tu_choi,0,1065
query/P2414T04071A0/P2414T04071A0C3F12361.jpg,2414040710,822040710,gallery/P0822T04071A0/P0822T04071A0C0F09001.jpg,0.78706,0.78706,0.72739,ban_giao,sai,1,1456
query/P1046T04070A2/P1046T04070A2C3F03031.jpg,1046040702,1046040702,gallery/P1046T04070A2/P1046T04070A2C0F06871.jpg,0.75712,0.64378,0.72739,ban_giao,dung,0,1065
query/P1706T04071A2/P1706T04071A2C3F11071.jpg,1706040712,1706040712,gallery/P1706T04071A2/P1706T04071A2C0F23071.jpg,0.7519,0.73348,0.72739,ban_giao,dung,1,1456
query/P1270T04070A1/P1270T04070A1C3F07081.jpg,1270040701,3492040702,gallery/P3492T04070A2/P3492T04070A2C0F22021.jpg,0.65307,0.65307,0.72739,tu_choi,tu_choi,1,1065
query/P1275T04070A1/P1275T04070A1C3F07171.jpg,1275040701,1040701,gallery/P0001T04070A1/P0001T04070A1C0F00361.jpg,0.64025,0.64025,0.72739,tu_choi,tu_choi,1,1065
query/P1179T04060A0/P1179T04060A0C3F08161.jpg,1179040600,692040601,gallery/P0692T04060A1/P0692T04060A1C0F07831.jpg,0.64881,0.64881,0.72739,tu_choi,tu_choi,0,2129
query/P1326T04071A1/P1326T04071A1C3F09001.jpg,1326040711,1326040711,gallery/P1326T04071A1/P1326T04071A1C0F14701.jpg,0.6454,0.61922,0.72739,tu_choi,tu_choi,0,1456
query/P0361T04070A0/P0361T04070A0C3F04141.jpg,361040700,1626040700,gallery/P1626T04070A0/P1626T04070A0C0F23671.jpg,0.64456,0.64456,0.72739,tu_choi,tu_choi,1,1065
query/P1066T04071A2/P1066T04071A2C3F07231.jpg,1066040712,1066040712,gallery/P1066T04071A2/P1066T04071A2C0F13741.jpg,0.66722,0.65881,0.72739,tu_choi,tu_choi,1,1456
query/P1436T04070A1/P1436T04070A1C3F09451.jpg,1436040701,1436040701,gallery/P1436T04070A1/P1436T04070A1C0F15841.jpg,0.77633,0.71426,0.72739,ban_giao,dung,0,1065
query/P2040T04070A2/P2040T04070A2C3F05791.jpg,2040040702,1626040700,gallery/P1626T04070A0/P1626T04070A0C0F23821.jpg,0.633,0.633,0.72739,tu_choi,tu_choi,0,1065
query/P1697T04070A2/P1697T04070A2C3F05821.jpg,1697040702,2040040702,gallery/P2040T04070A2/P2040T04070A2C0F13201.jpg,0.60927,0.60927,0.72739,tu_choi,tu_choi,1,1065
query/P0867T04070A0/P0867T04070A0C3F07651.jpg,867040700,867040700,gallery/P0867T04070A0/P0867T04070A0C0F13741.jpg,0.73751,0.61746,0.72739,ban_giao,dung,1,1065
query/P0053T04070A0/P0053T04070A0C3F01051.jpg,53040700,2230040701,gallery/P2230T04070A1/P2230T04070A1C0F26851.jpg,0.70459,0.70459,0.72739,tu_choi,tu_choi,1,1065
query/P0123T04060A2/P0123T04060A2C3F01291.jpg,123040602,123040602,gallery/P0123T04060A2/P0123T04060A2C0F03181.jpg,0.71367,0.61846,0.72739,tu_choi,tu_choi,0,2129
query/P1245T04070A1/P1245T04070A1C3F07081.jpg,1245040701,2040040702,gallery/P2040T04070A2/P2040T04070A2C0F13201.jpg,0.68484,0.68484,0.72739,tu_choi,tu_choi,1,1065
query/P0522T04070A0/P0522T04070A0C3F04171.jpg,522040700,522040700,gallery/P0522T04070A0/P0522T04070A0C0F08701.jpg,0.61192,0.59607,0.72739,tu_choi,tu_choi,1,1065
query/P1624T04071A2/P1624T04071A2C3F12751.jpg,1624040712,1573040711,gallery/P1573T04071A1/P1573T04071A1C0F18871.jpg,0.59605,0.59605,0.72739,tu_choi,tu_choi,1,1456
query/P0819T04071A1/P0819T04071A1C3F05431.jpg,819040711,819040711,gallery/P0819T04071A1/P0819T04071A1C0F08971.jpg,0.67666,0.62779,0.72739,tu_choi,tu_choi,1,1456
query/P1615T04060A2/P1615T04060A2C3F05551.jpg,1615040602,1615040602,gallery/P1615T04060A2/P1615T04060A2C0F10891.jpg,0.74996,0.71288,0.72739,ban_giao,dung,0,2129
query/P2051T04071A0/P2051T04071A0C3F11131.jpg,2051040710,2051040710,gallery/P2051T04071A0/P2051T04071A0C0F18991.jpg,0.75435,0.74964,0.72739,ban_giao,dung,0,1456
query/P1270T04070A1/P1270T04070A1C3F07471.jpg,1270040701,1275040701,gallery/P1275T04070A1/P1275T04070A1C0F15241.jpg,0.66462,0.66462,0.72739,tu_choi,tu_choi,1,1065
query/P1255T04071A0/P1255T04071A0C3F05761.jpg,1255040710,2719040710,gallery/P2719T04071A0/P2719T04071A0C0F23251.jpg,0.74065,0.74065,0.72739,ban_giao,sai,1,1456
query/P1825T04060A1/P1825T04060A1C3F09871.jpg,1825040601,1825040601,gallery/P1825T04060A1/P1825T04060A1C0F22861.jpg,0.75595,0.62146,0.72739,ban_giao,dung,1,2129
query/P1530T04060A0/P1530T04060A0C3F10381.jpg,1530040600,1530040600,gallery/P1530T04060A0/P1530T04060A0C0F21211.jpg,0.86365,0.68648,0.72739,ban_giao,dung,0,2129
query/P0194T04071A0/P0194T04071A0C3F00751.jpg,194040710,194040710,gallery/P0194T04071A0/P0194T04071A0C0F23712.jpg,0.65558,0.62463,0.72739,tu_choi,tu_choi,0,1456
query/P1939T04071A2/P1939T04071A2C3F14011.jpg,1939040712,1939040712,gallery/P1939T04071A2/P1939T04071A2C0F25981.jpg,0.63148,0.6204,0.72739,tu_choi,tu_choi,1,1456
query/P0275T04051A2/P0275T04051A2C3F4981.jpg,275040512,275040512,gallery/P0275T04051A2/P0275T04051A2C0F871.jpg,0.72099,0.66218,0.72739,tu_choi,tu_choi,0,965
query/P2057T04060A1/P2057T04060A1C3F12091.jpg,2057040601,1015040600,gallery/P1015T04060A0/P1015T04060A0C0F13111.jpg,0.63255,0.63255,0.72739,tu_choi,tu_choi,0,2129
query/P1012T04070A0/P1012T04070A0C3F09661.jpg,1012040700,1012040700,gallery/P1012T04070A0/P1012T04070A0C0F16561.jpg,0.72812,0.69329,0.72739,ban_giao,dung,0,1065
query/P0265T04071A1/P0265T04071A1C3F03241.jpg,265040711,265040711,gallery/P0265T04071A1/P0265T04071A1C0F03211.jpg,0.71784,0.70239,0.72739,tu_choi,tu_choi,1,1456
query/P2959T04070A2/P2959T04070A2C3F09241.jpg,2959040702,610040700,gallery/P0610T04070A0/P0610T04070A0C0F10831.jpg,0.60648,0.60648,0.72739,tu_choi,tu_choi,0,1065
query/P1550T04060A0/P1550T04060A0C3F10411.jpg,1550040600,1550040600,gallery/P1550T04060A0/P1550T04060A0C0F21631.jpg,0.74491,0.62338,0.72739,ban_giao,dung,1,2129
query/P1257T04071A0/P1257T04071A0C3F05941.jpg,1257040710,1257040710,gallery/P1257T04071A0/P1257T04071A0C0F11851.jpg,0.73956,0.70414,0.72739,ban_giao,dung,1,1456
query/P2414T04071A0/P2414T04071A0C3F12211.jpg,2414040710,1700040711,gallery/P1700T04071A1/P1700T04071A1C0F20221.jpg,0.73985,0.73985,0.72739,ban_giao,sai,1,1456
query/P1684T04070A2/P1684T04070A2C3F05881.jpg,1684040702,2040040702,gallery/P2040T04070A2/P2040T04070A2C0F13081.jpg,0.61788,0.61788,0.72739,tu_choi,tu_choi,0,1065
query/P3492T04070A2/P3492T04070A2C3F11221.jpg,3492040702,610040700,gallery/P0610T04070A0/P0610T04070A0C0F11761.jpg,0.5981,0.5981,0.72739,tu_choi,tu_choi,0,1065
query/P1944T04060A2/P1944T04060A2C3F09811.jpg,1944040602,1944040602,gallery/P1944T04060A2/P1944T04060A2C0F12151.jpg,0.62138,0.58245,0.72739,tu_choi,tu_choi,0,2129
query/P0701T04060A0/P0701T04060A0C3F04381.jpg,701040600,1825040601,gallery/P1825T04060A1/P1825T04060A1C0F21691.jpg,0.61192,0.61192,0.72739,tu_choi,tu_choi,1,2129
query/P0485T04051A2/P0485T04051A2C3F8341.jpg,485040512,189040511,gallery/P0189T04051A1/P0189T04051A1C0F8971.jpg,0.65952,0.65952,0.72739,tu_choi,tu_choi,1,965
query/P2084T04070A1/P2084T04070A1C3F13711.jpg,2084040701,1012040700,gallery/P1012T04070A0/P1012T04070A0C0F16411.jpg,0.61972,0.61972,0.72739,tu_choi,tu_choi,1,1065
query/P1255T04071A0/P1255T04071A0C3F05461.jpg,1255040710,1255040710,gallery/P1255T04071A0/P1255T04071A0C0F12121.jpg,0.72669,0.6738,0.72739,tu_choi,tu_choi,1,1456
query/P3433T04060A2/P3433T04060A2C3F10951.jpg,3433040602,1285040601,gallery/P1285T04060A1/P1285T04060A1C0F14731.jpg,0.667,0.667,0.72739,tu_choi,tu_choi,0,2129
query/P0371T04060A1/P0371T04060A1C3F00991.jpg,371040601,1825040601,gallery/P1825T04060A1/P1825T04060A1C0F21751.jpg,0.56671,0.56671,0.72739,tu_choi,tu_choi,0,2129
query/P1243T04060A2/P1243T04060A2C3F05791.jpg,1243040602,1243040602,gallery/P1243T04060A2/P1243T04060A2C0F09781.jpg,0.64095,0.63895,0.72739,tu_choi,tu_choi,0,2129
query/P1285T04060A1/P1285T04060A1C3F00361.jpg,1285040601,916040601,gallery/P0916T04060A1/P0916T04060A1C0F11311.jpg,0.64639,0.64639,0.72739,tu_choi,tu_choi,1,2129
query/P2089T04071A2/P2089T04071A2C3F12811.jpg,2089040712,724040711,gallery/P0724T04071A1/P0724T04071A1C0F08881.jpg,0.64026,0.64026,0.72739,tu_choi,tu_choi,0,1456
query/P1768T04060A0/P1768T04060A0C3F11941.jpg,1768040600,1596040601,gallery/P1596T04060A1/P1596T04060A1C0F18871.jpg,0.69538,0.69538,0.72739,tu_choi,tu_choi,0,2129
query/P0634T04060A1/P0634T04060A1C3F02551.jpg,634040601,634040601,gallery/P0634T04060A1/P0634T04060A1C0F06271.jpg,0.76949,0.693,0.72739,ban_giao,dung,0,2129
query/P0361T04070A0/P0361T04070A0C3F04051.jpg,361040700,1031040700,gallery/P1031T04070A0/P1031T04070A0C0F17521.jpg,0.65965,0.65965,0.72739,tu_choi,tu_choi,1,1065
query/P2375T04071A0/P2375T04071A0C3F11851.jpg,2375040710,1761040711,gallery/P1761T04071A1/P1761T04071A1C0F20011.jpg,0.65825,0.65825,0.72739,tu_choi,tu_choi,0,1456
query/P1436T04070A1/P1436T04070A1C3F09601.jpg,1436040701,1436040701,gallery/P1436T04070A1/P1436T04070A1C0F15841.jpg,0.72277,0.66319,0.72739,tu_choi,tu_choi,0,1065
query/P0895T04060A1/P0895T04060A1C3F04351.jpg,895040601,1040040600,gallery/P1040T04060A0/P1040T04060A0C0F12871.jpg,0.78191,0.78191,0.72739,ban_giao,sai,0,2129
query/P2601T04071A0/P2601T04071A0C3F12601.jpg,2601040710,2601040710,gallery/P2601T04071A0/P2601T04071A0C0F22711.jpg,0.72801,0.69742,0.72739,ban_giao,dung,0,1456
query/P1805T04070A0/P1805T04070A0C3F14101.jpg,1805040700,2079040702,gallery/P2079T04070A2/P2079T04070A2C0F12811.jpg,0.62163,0.62163,0.72739,tu_choi,tu_choi,0,1065
query/P0977T04060A1/P0977T04060A1C3F05701.jpg,977040601,3433040602,gallery/P3433T04060A2/P3433T04060A2C0F21361.jpg,0.5971,0.5971,0.72739,tu_choi,tu_choi,0,2129
query/P1825T04060A1/P1825T04060A1C3F10021.jpg,1825040601,916040601,gallery/P0916T04060A1/P0916T04060A1C0F10111.jpg,0.69884,0.69884,0.72739,tu_choi,tu_choi,1,2129
query/P0522T04070A0/P0522T04070A0C3F04501.jpg,522040700,416040701,gallery/P0416T04070A1/P0416T04070A1C0F04441.jpg,0.59926,0.59926,0.72739,tu_choi,tu_choi,1,1065
query/P0462T04060A0/P0462T04060A0C3F03421.jpg,462040600,462040600,gallery/P0462T04060A0/P0462T04060A0C0F08221.jpg,0.73109,0.70667,0.72739,ban_giao,dung,1,2129
query/P1243T04060A2/P1243T04060A2C3F06121.jpg,1243040602,1015040600,gallery/P1015T04060A0/P1015T04060A0C0F13771.jpg,0.71417,0.71417,0.72739,tu_choi,tu_choi,0,2129
query/P0721T04070A1/P0721T04070A1C3F03511.jpg,721040701,346040700,gallery/P0346T04070A0/P0346T04070A0C0F06271.jpg,0.63091,0.63091,0.72739,tu_choi,tu_choi,1,1065
query/P1066T04071A2/P1066T04071A2C3F07141.jpg,1066040712,1066040712,gallery/P1066T04071A2/P1066T04071A2C0F14041.jpg,0.80864,0.6977,0.72739,ban_giao,dung,1,1456
query/P1245T04070A1/P1245T04070A1C3F06751.jpg,1245040701,1084040700,gallery/P1084T04070A0/P1084T04070A0C0F17581.jpg,0.64956,0.64956,0.72739,tu_choi,tu_choi,1,1065
query/P0847T04071A0/P0847T04071A0C3F06001.jpg,847040710,847040710,gallery/P0847T04071A0/P0847T04071A0C0F09451.jpg,0.79006,0.71362,0.72739,ban_giao,dung,1,1456
query/P0123T04070A0/P0123T04070A0C3F03061.jpg,123040700,1084040700,gallery/P1084T04070A0/P1084T04070A0C0F18121.jpg,0.61609,0.61609,0.72739,tu_choi,tu_choi,1,1065
query/P1939T04071A2/P1939T04071A2C3F13771.jpg,1939040712,1479040712,gallery/P1479T04071A2/P1479T04071A2C0F19981.jpg,0.61173,0.61173,0.72739,tu_choi,tu_choi,1,1456
query/P1596T04060A1/P1596T04060A1C3F09091.jpg,1596040601,1596040601,gallery/P1596T04060A1/P1596T04060A1C0F19321.jpg,0.7656,0.67088,0.72739,ban_giao,dung,0,2129
query/P0130T04060A0/P0130T04060A0C3F02131.jpg,130040600,130040600,gallery/P0130T04060A0/P0130T04060A0C0F02371.jpg,0.79728,0.71354,0.72739,ban_giao,dung,1,2129
query/P2040T04070A2/P2040T04070A2C3F05581.jpg,2040040702,441040700,gallery/P0441T04070A0/P0441T04070A0C0F08551.jpg,0.63265,0.63265,0.72739,tu_choi,tu_choi,0,1065
query/P2057T04060A1/P2057T04060A1C3F11761.jpg,2057040601,2057040601,gallery/P2057T04060A1/P2057T04060A1C0F23521.jpg,0.6929,0.64986,0.72739,tu_choi,tu_choi,0,2129
query/P1255T04071A0/P1255T04071A0C3F05731.jpg,1255040710,2719040710,gallery/P2719T04071A0/P2719T04071A0C0F23251.jpg,0.69237,0.69237,0.72739,tu_choi,tu_choi,1,1456
query/P1939T04071A2/P1939T04071A2C3F14371.jpg,1939040712,1939040712,gallery/P1939T04071A2/P1939T04071A2C0F25981.jpg,0.66475,0.64362,0.72739,tu_choi,tu_choi,1,1456
query/P0782T04060A1/P0782T04060A1C3F03751.jpg,782040601,782040601,gallery/P0782T04060A1/P0782T04060A1C0F08341.jpg,0.85797,0.68471,0.72739,ban_giao,dung,1,2129
query/P1730T04060A0/P1730T04060A0C3F11821.jpg,1730040600,1596040601,gallery/P1596T04060A1/P1596T04060A1C0F20191.jpg,0.69264,0.69264,0.72739,tu_choi,tu_choi,1,2129
query/P0053T04070A0/P0053T04070A0C3F00541.jpg,53040700,53040700,gallery/P0053T04070A0/P0053T04070A0C0F01381.jpg,0.67167,0.60586,0.72739,tu_choi,tu_choi,1,1065
query/P1488T04060A0/P1488T04060A0C3F10291.jpg,1488040600,348040600,gallery/P0348T04060A0/P0348T04060A0C0F07891.jpg,0.76251,0.76251,0.72739,ban_giao,sai,1,2129
query/P0348T04060A0/P0348T04060A0C3F03121.jpg,348040600,348040600,gallery/P0348T04060A0/P0348T04060A0C0F06661.jpg,0.72626,0.67046,0.72739,tu_choi,tu_choi,1,2129
query/P1551T04060A0/P1551T04060A0C3F10501.jpg,1551040600,1551040600,gallery/P1551T04060A0/P1551T04060A0C0F22741.jpg,0.68792,0.6481,0.72739,tu_choi,tu_choi,1,2129
query/P1944T04060A2/P1944T04060A2C3F10081.jpg,1944040602,1944040602,gallery/P1944T04060A2/P1944T04060A2C0F09361.jpg,0.71491,0.64234,0.72739,tu_choi,tu_choi,0,2129
query/P1173T04070A2/P1173T04070A2C3F03601.jpg,1173040702,1173040702,gallery/P1173T04070A2/P1173T04070A2C0F07831.jpg,0.59872,0.58089,0.72739,tu_choi,tu_choi,0,1065
query/P2601T04071A0/P2601T04071A0C3F12331.jpg,2601040710,837040710,gallery/P0837T04071A0/P0837T04071A0C0F10141.jpg,0.63846,0.63846,0.72739,tu_choi,tu_choi,0,1456
query/P0130T04060A0/P0130T04060A0C3F03211.jpg,130040600,597040601,gallery/P0597T04060A1/P0597T04060A1C0F06451.jpg,0.76271,0.76271,0.72739,ban_giao,sai,1,2129
query/P2527T04070A2/P2527T04070A2C3F07741.jpg,2527040702,2527040702,gallery/P2527T04070A2/P2527T04070A2C0F16201.jpg,0.68211,0.63742,0.72739,tu_choi,tu_choi,0,1065
query/P0002T04071A2/P0002T04071A2C3F01981.jpg,2040712,769040711,gallery/P0769T04071A1/P0769T04071A1C0F08881.jpg,0.63601,0.63601,0.72739,tu_choi,tu_choi,1,1456
query/P1149T04071A2/P1149T04071A2C3F09001.jpg,1149040712,1149040712,gallery/P1149T04071A2/P1149T04071A2C0F15601.jpg,0.61276,0.60528,0.72739,tu_choi,tu_choi,0,1456
query/P1370T04060A0/P1370T04060A0C3F10051.jpg,1370040600,1370040600,gallery/P1370T04060A0/P1370T04060A0C0F19111.jpg,0.78373,0.652,0.72739,ban_giao,dung,0,2129
query/P1173T04070A2/P1173T04070A2C3F03691.jpg,1173040702,1012040700,gallery/P1012T04070A0/P1012T04070A0C0F16741.jpg,0.54632,0.54632,0.72739,tu_choi,tu_choi,0,1065
query/P1685T04070A2/P1685T04070A2C3F05851.jpg,1685040702,123040700,gallery/P0123T04070A0/P0123T04070A0C0F04801.jpg,0.60358,0.60358,0.72739,tu_choi,tu_choi,1,1065
query/P1626T04070A0/P1626T04070A0C3F12991.jpg,1626040700,2527040702,gallery/P2527T04070A2/P2527T04070A2C0F16291.jpg,0.62108,0.62108,0.72739,tu_choi,tu_choi,0,1065
query/P0555T04071A1/P0555T04071A1C3F02641.jpg,555040711,1700040711,gallery/P1700T04071A1/P1700T04071A1C0F19291.jpg,0.59314,0.59314,0.72739,tu_choi,tu_choi,1,1456
query/P1425T04070A0/P1425T04070A0C3F12841.jpg,1425040700,1425040700,gallery/P1425T04070A0/P1425T04070A0C0F22261.jpg,0.65653,0.63422,0.72739,tu_choi,tu_choi,1,1065
query/P0796T04071A2/P0796T04071A2C3F06961.jpg,796040712,2508040710,gallery/P2508T04071A0/P2508T04071A0C0F22051.jpg,0.62277,0.62277,0.72739,tu_choi,tu_choi,1,1456
query/P0632T04070A0/P0632T04070A0C3F05611.jpg,632040700,632040700,gallery/P0632T04070A0/P0632T04070A0C0F11881.jpg,0.73036,0.68457,0.72739,ban_giao,dung,0,1065
query/P0130T04060A0/P0130T04060A0C3F02281.jpg,130040600,130040600,gallery/P0130T04060A0/P0130T04060A0C0F02161.jpg,0.73198,0.64192,0.72739,ban_giao,dung,1,2129
query/P1149T04071A2/P1149T04071A2C3F09031.jpg,1149040712,1162040711,gallery/P1162T04071A1/P1162T04071A1C0F12541.jpg,0.64342,0.64342,0.72739,tu_choi,tu_choi,0,1456
query/P1805T04070A0/P1805T04070A0C3F14611.jpg,1805040700,1805040700,gallery/P1805T04070A0/P1805T04070A0C0F26311.jpg,0.67441,0.67346,0.72739,tu_choi,tu_choi,0,1065
query/P1031T04070A0/P1031T04070A0C3F11521.jpg,1031040700,1031040700,gallery/P1031T04070A0/P1031T04070A0C0F17971.jpg,0.72629,0.59678,0.72739,tu_choi,tu_choi,0,1065
query/P2051T04071A0/P2051T04071A0C3F11101.jpg,2051040710,1106040711,gallery/P1106T04071A1/P1106T04071A1C0F12121.jpg,0.74408,0.74408,0.72739,ban_giao,sai,0,1456
query/P1608T04060A2/P1608T04060A2C3F06061.jpg,1608040602,1040040600,gallery/P1040T04060A0/P1040T04060A0C0F13321.jpg,0.68364,0.68364,0.72739,tu_choi,tu_choi,1,2129
query/P1805T04070A0/P1805T04070A0C3F13981.jpg,1805040700,1805040700,gallery/P1805T04070A0/P1805T04070A0C0F26371.jpg,0.63911,0.61591,0.72739,tu_choi,tu_choi,0,1065
query/P2049T04071A0/P2049T04071A0C3F10531.jpg,2049040710,2049040710,gallery/P2049T04071A0/P2049T04071A0C0F17881.jpg,0.79639,0.63415,0.72739,ban_giao,dung,1,1456
query/P0414T04051A2/P0414T04051A2C3F9601.jpg,414040512,132040510,gallery/P0132T04051A0/P0132T04051A0C0F22981.jpg,0.66054,0.66054,0.72739,tu_choi,tu_choi,1,965
query/P1761T04071A1/P1761T04071A1C3F11671.jpg,1761040711,194040710,gallery/P0194T04071A0/P0194T04071A0C0F02251.jpg,0.65434,0.65434,0.72739,tu_choi,tu_choi,1,1456
query/P0837T04071A0/P0837T04071A0C3F04531.jpg,837040710,837040710,gallery/P0837T04071A0/P0837T04071A0C0F09301.jpg,0.75786,0.69483,0.72739,ban_giao,dung,1,1456
query/P1048T04071A1/P1048T04071A1C3F07201.jpg,1048040711,994040711,gallery/P0994T04071A1/P0994T04071A1C0F10981.jpg,0.67994,0.67994,0.72739,tu_choi,tu_choi,1,1456
query/P1933T04070A1/P1933T04070A1C3F09481.jpg,1933040701,1040701,gallery/P0001T04070A1/P0001T04070A1C0F00031.jpg,0.64221,0.64221,0.72739,tu_choi,tu_choi,0,1065
query/P1944T04060A2/P1944T04060A2C3F10291.jpg,1944040602,1944040602,gallery/P1944T04060A2/P1944T04060A2C0F09361.jpg,0.6213,0.59519,0.72739,tu_choi,tu_choi,0,2129
query/P0189T04070A1/P0189T04070A1C3F01741.jpg,189040701,189040701,gallery/P0189T04070A1/P0189T04070A1C0F03091.jpg,0.68703,0.67906,0.72739,tu_choi,tu_choi,0,1065
query/P0002T04071A2/P0002T04071A2C3F02041.jpg,2040712,522040712,gallery/P0522T04071A2/P0522T04071A2C0F08071.jpg,0.67438,0.67438,0.72739,tu_choi,tu_choi,1,1456
query/P0368T04070A0/P0368T04070A0C3F02851.jpg,368040700,368040700,gallery/P0368T04070A0/P0368T04070A0C0F05821.jpg,0.6957,0.5964,0.72739,tu_choi,tu_choi,1,1065
query/P0189T04070A1/P0189T04070A1C3F01711.jpg,189040701,1748040701,gallery/P1748T04070A1/P1748T04070A1C0F20821.jpg,0.62998,0.62998,0.72739,tu_choi,tu_choi,0,1065
query/P1838T04071A2/P1838T04071A2C3F14131.jpg,1838040712,1838040712,gallery/P1838T04071A2/P1838T04071A2C0F25981.jpg,0.72662,0.6978,0.72739,tu_choi,tu_choi,0,1456
query/P0685T04060A1/P0685T04060A1C3F05011.jpg,685040601,685040601,gallery/P0685T04060A1/P0685T04060A1C0F06841.jpg,0.74291,0.70582,0.72739,ban_giao,dung,1,2129
query/P0590T04070A2/P0590T04070A2C3F01621.jpg,590040702,590040702,gallery/P0590T04070A2/P0590T04070A2C0F04021.jpg,0.64791,0.63383,0.72739,tu_choi,tu_choi,1,1065
query/P2584T04071A0/P2584T04071A0C3F11341.jpg,2584040710,2584040710,gallery/P2584T04071A0/P2584T04071A0C0F22561.jpg,0.70465,0.69809,0.72739,tu_choi,tu_choi,0,1456
query/P0049T04060A2/P0049T04060A2C3F00541.jpg,49040602,49040602,gallery/P0049T04060A2/P0049T04060A2C0F01441.jpg,0.74897,0.63996,0.72739,ban_giao,dung,0,2129
query/P0769T04071A1/P0769T04071A1C3F05791.jpg,769040711,769040711,gallery/P0769T04071A1/P0769T04071A1C0F09151.jpg,0.72385,0.66758,0.72739,tu_choi,tu_choi,1,1456
query/P1053T04071A0/P1053T04071A0C3F05401.jpg,1053040710,837040710,gallery/P0837T04071A0/P0837T04071A0C0F09331.jpg,0.68346,0.68346,0.72739,tu_choi,tu_choi,0,1456
query/P2197T04071A0/P2197T04071A0C3F11071.jpg,2197040710,1162040711,gallery/P1162T04071A1/P1162T04071A1C0F12901.jpg,0.64877,0.64877,0.72739,tu_choi,tu_choi,1,1456
query/P1053T04071A0/P1053T04071A0C3F05941.jpg,1053040710,1053040710,gallery/P1053T04071A0/P1053T04071A0C0F10741.jpg,0.67359,0.64375,0.72739,tu_choi,tu_choi,0,1456
query/P0927T04071A2/P0927T04071A2C3F08281.jpg,927040712,927040712,gallery/P0927T04071A2/P0927T04071A2C0F12541.jpg,0.6784,0.6576,0.72739,tu_choi,tu_choi,0,1456
query/P0002T04071A2/P0002T04071A2C3F01921.jpg,2040712,2271040710,gallery/P2271T04071A0/P2271T04071A0C0F19681.jpg,0.67917,0.67917,0.72739,tu_choi,tu_choi,1,1456
query/P1046T04070A2/P1046T04070A2C3F03391.jpg,1046040702,1046040702,gallery/P1046T04070A2/P1046T04070A2C0F06871.jpg,0.68658,0.62204,0.72739,tu_choi,tu_choi,0,1065
query/P0303T04070A1/P0303T04070A1C3F01681.jpg,303040701,303040701,gallery/P0303T04070A1/P0303T04070A1C0F02671.jpg,0.63834,0.59001,0.72739,tu_choi,tu_choi,0,1065
query/P1785T04071A2/P1785T04071A2C3F11911.jpg,1785040712,1785040712,gallery/P1785T04071A2/P1785T04071A2C0F24181.jpg,0.7671,0.64385,0.72739,ban_giao,dung,0,1456
query/P3492T04070A2/P3492T04070A2C3F10981.jpg,3492040702,1270040701,gallery/P1270T04070A1/P1270T04070A1C0F14911.jpg,0.61223,0.61223,0.72739,tu_choi,tu_choi,0,1065
query/P1566T04060A1/P1566T04060A1C3F09961.jpg,1566040601,1566040601,gallery/P1566T04060A1/P1566T04060A1C0F18901.jpg,0.733,0.71407,0.72739,ban_giao,dung,0,2129
query/P1703T04071A2/P1703T04071A2C3F11101.jpg,1703040712,1703040712,gallery/P1703T04071A2/P1703T04071A2C0F23071.jpg,0.79037,0.72952,0.72739,ban_giao,dung,1,1456
query/P1895T04060A0/P1895T04060A0C3F12421.jpg,1895040600,1895040600,gallery/P1895T04060A0/P1895T04060A0C0F24391.jpg,0.71284,0.64123,0.72739,tu_choi,tu_choi,1,2129
query/P0586T04071A2/P0586T04071A2C3F06121.jpg,586040712,1566040711,gallery/P1566T04071A1/P1566T04071A1C0F18901.jpg,0.63831,0.63831,0.72739,tu_choi,tu_choi,1,1456
query/P0724T04071A1/P0724T04071A1C3F06241.jpg,724040711,724040711,gallery/P0724T04071A1/P0724T04071A1C0F08461.jpg,0.65689,0.58651,0.72739,tu_choi,tu_choi,0,1456
query/P0269T04071A2/P0269T04071A2C3F01291.jpg,269040712,150040711,gallery/P0150T04071A1/P0150T04071A1C0F04681.jpg,0.58745,0.58745,0.72739,tu_choi,tu_choi,0,1456
query/P0555T04071A1/P0555T04071A1C3F03421.jpg,555040711,837040710,gallery/P0837T04071A0/P0837T04071A0C0F10051.jpg,0.6502,0.6502,0.72739,tu_choi,tu_choi,1,1456
query/P3492T04070A2/P3492T04070A2C3F10771.jpg,3492040702,1774040700,gallery/P1774T04070A0/P1774T04070A0C0F26671.jpg,0.60508,0.60508,0.72739,tu_choi,tu_choi,0,1065
query/P1895T04060A0/P1895T04060A0C3F12691.jpg,1895040600,1895040600,gallery/P1895T04060A0/P1895T04060A0C0F24391.jpg,0.70694,0.6889,0.72739,tu_choi,tu_choi,1,2129
query/P1149T04071A2/P1149T04071A2C3F09091.jpg,1149040712,1162040711,gallery/P1162T04071A1/P1162T04071A1C0F12541.jpg,0.62113,0.62113,0.72739,tu_choi,tu_choi,0,1456
query/P1270T04070A1/P1270T04070A1C3F07291.jpg,1270040701,1173040702,gallery/P1173T04070A2/P1173T04070A2C0F07861.jpg,0.62986,0.62986,0.72739,tu_choi,tu_choi,1,1065
query/P1182T04060A0/P1182T04060A0C3F08221.jpg,1182040600,1182040600,gallery/P1182T04060A0/P1182T04060A0C0F15961.jpg,0.70903,0.6162,0.72739,tu_choi,tu_choi,0,2129
query/P0916T04060A1/P0916T04060A1C3F05101.jpg,916040601,916040601,gallery/P0916T04060A1/P0916T04060A1C0F10771.jpg,0.77329,0.66212,0.72739,ban_giao,dung,0,2129
query/P1180T04060A0/P1180T04060A0C3F07771.jpg,1180040600,1370040600,gallery/P1370T04060A0/P1370T04060A0C0F20131.jpg,0.73803,0.73803,0.72739,ban_giao,sai,0,2129
query/P0574T04070A1/P0574T04070A1C3F04471.jpg,574040701,574040701,gallery/P0574T04070A1/P0574T04070A1C0F05371.jpg,0.726,0.64478,0.72739,tu_choi,tu_choi,1,1065
query/P0123T04060A2/P0123T04060A2C3F01111.jpg,123040602,123040602,gallery/P0123T04060A2/P0123T04060A2C0F03181.jpg,0.63862,0.63767,0.72739,tu_choi,tu_choi,0,2129
query/P0871T04071A0/P0871T04071A0C3F06781.jpg,871040710,871040710,gallery/P0871T04071A0/P0871T04071A0C0F09871.jpg,0.68966,0.67711,0.72739,tu_choi,tu_choi,1,1456
query/P2057T04060A1/P2057T04060A1C3F12181.jpg,2057040601,916040601,gallery/P0916T04060A1/P0916T04060A1C0F11161.jpg,0.65766,0.65766,0.72739,tu_choi,tu_choi,0,2129
query/P1162T04071A1/P1162T04071A1C3F12271.jpg,1162040711,1053040710,gallery/P1053T04071A0/P1053T04071A0C0F10741.jpg,0.73565,0.73565,0.72739,ban_giao,sai,0,1456
query/P2414T04071A0/P2414T04071A0C3F12691.jpg,2414040710,2414040710,gallery/P2414T04071A0/P2414T04071A0C0F21751.jpg,0.74612,0.69483,0.72739,ban_giao,dung,1,1456
query/P0474T04060A2/P0474T04060A2C3F02791.jpg,474040602,462040600,gallery/P0462T04060A0/P0462T04060A0C0F08701.jpg,0.64082,0.64082,0.72739,tu_choi,tu_choi,0,2129
query/P0710T04060A1/P0710T04060A1C3F03511.jpg,710040601,710040601,gallery/P0710T04060A1/P0710T04060A1C0F08011.jpg,0.72698,0.65553,0.72739,tu_choi,tu_choi,1,2129
query/P0732T04071A0/P0732T04071A0C3F06121.jpg,732040710,732040710,gallery/P0732T04071A0/P0732T04071A0C0F08371.jpg,0.69481,0.69281,0.72739,tu_choi,tu_choi,0,1456
query/P1791T04071A0/P1791T04071A0C3F09661.jpg,1791040710,837040710,gallery/P0837T04071A0/P0837T04071A0C0F09061.jpg,0.62744,0.62744,0.72739,tu_choi,tu_choi,0,1456
query/P0959T04060A1/P0959T04060A1C3F05221.jpg,959040601,959040601,gallery/P0959T04060A1/P0959T04060A1C0F12061.jpg,0.69901,0.68648,0.72739,tu_choi,tu_choi,1,2129
query/P0959T04060A1/P0959T04060A1C3F05401.jpg,959040601,634040601,gallery/P0634T04060A1/P0634T04060A1C0F06301.jpg,0.65177,0.65177,0.72739,tu_choi,tu_choi,1,2129
query/P1148T04060A2/P1148T04060A2C3F06631.jpg,1148040602,1148040602,gallery/P1148T04060A2/P1148T04060A2C0F13291.jpg,0.75472,0.6681,0.72739,ban_giao,dung,1,2129
query/P0499T04060A0/P0499T04060A0C3F04831.jpg,499040600,499040600,gallery/P0499T04060A0/P0499T04060A0C0F07981.jpg,0.74126,0.72144,0.72739,ban_giao,dung,1,2129
query/P2079T04070A2/P2079T04070A2C3F07861.jpg,2079040702,2079040702,gallery/P2079T04070A2/P2079T04070A2C0F13471.jpg,0.66609,0.62735,0.72739,tu_choi,tu_choi,0,1065
query/P0049T04060A2/P0049T04060A2C3F00631.jpg,49040602,49040602,gallery/P0049T04060A2/P0049T04060A2C0F01861.jpg,0.67301,0.62391,0.72739,tu_choi,tu_choi,0,2129
query/P0441T04070A0/P0441T04070A0C3F04141.jpg,441040700,441040700,gallery/P0441T04070A0/P0441T04070A0C0F08251.jpg,0.60415,0.58507,0.72739,tu_choi,tu_choi,0,1065
query/P0699T04071A0/P0699T04071A0C3F06181.jpg,699040710,732040710,gallery/P0732T04071A0/P0732T04071A0C0F08431.jpg,0.79518,0.79518,0.72739,ban_giao,sai,0,1456
query/P0721T04070A1/P0721T04070A1C3F03391.jpg,721040701,721040701,gallery/P0721T04070A1/P0721T04070A1C0F06931.jpg,0.72451,0.66205,0.72739,tu_choi,tu_choi,1,1065
query/P1768T04060A0/P1768T04060A0C3F11701.jpg,1768040600,1768040600,gallery/P1768T04060A0/P1768T04060A0C0F23911.jpg,0.74573,0.6004,0.72739,ban_giao,dung,0,2129
query/P1479T04071A2/P1479T04071A2C3F09781.jpg,1479040712,1479040712,gallery/P1479T04071A2/P1479T04071A2C0F20491.jpg,0.73151,0.62305,0.72739,ban_giao,dung,0,1456
query/P0732T04071A0/P0732T04071A0C3F06181.jpg,732040710,732040710,gallery/P0732T04071A0/P0732T04071A0C0F08491.jpg,0.79105,0.58969,0.72739,ban_giao,dung,0,1456
query/P0292T04051A2/P0292T04051A2C3F6091.jpg,292040512,132040510,gallery/P0132T04051A0/P0132T04051A0C0F22891.jpg,0.67151,0.67151,0.72739,tu_choi,tu_choi,1,965
query/P2271T04071A0/P2271T04071A0C3F09601.jpg,2271040710,2271040710,gallery/P2271T04071A0/P2271T04071A0C0F20461.jpg,0.8406,0.73028,0.72739,ban_giao,dung,1,1456
query/P1396T04071A1/P1396T04071A1C3F08341.jpg,1396040711,1573040711,gallery/P1573T04071A1/P1573T04071A1C0F18391.jpg,0.65845,0.65845,0.72739,tu_choi,tu_choi,0,1456
query/P1243T04060A2/P1243T04060A2C3F06451.jpg,1243040602,1243040602,gallery/P1243T04060A2/P1243T04060A2C0F10081.jpg,0.72138,0.68788,0.72739,tu_choi,tu_choi,0,2129
query/P0769T04060A2/P0769T04060A2C3F02311.jpg,769040602,1285040601,gallery/P1285T04060A1/P1285T04060A1C0F14701.jpg,0.66452,0.66452,0.72739,tu_choi,tu_choi,0,2129
query/P1275T04070A1/P1275T04070A1C3F06991.jpg,1275040701,1040701,gallery/P0001T04070A1/P0001T04070A1C0F00361.jpg,0.67189,0.67189,0.72739,tu_choi,tu_choi,1,1065
query/P1257T04071A0/P1257T04071A0C3F05761.jpg,1257040710,691040712,gallery/P0691T04071A2/P0691T04071A2C0F10621.jpg,0.65845,0.65845,0.72739,tu_choi,tu_choi,1,1456
query/P2719T04071A0/P2719T04071A0C3F13501.jpg,2719040710,2719040710,gallery/P2719T04071A0/P2719T04071A0C0F23491.jpg,0.71787,0.69661,0.72739,tu_choi,tu_choi,1,1456
query/P0586T04071A2/P0586T04071A2C3F05851.jpg,586040712,586040712,gallery/P0586T04071A2/P0586T04071A2C0F08971.jpg,0.76214,0.69415,0.72739,ban_giao,dung,1,1456
query/P1826T04060A1/P1826T04060A1C3F11521.jpg,1826040601,2467040601,gallery/P2467T04060A1/P2467T04060A1C0F26641.jpg,0.7393,0.7393,0.72739,ban_giao,sai,1,2129
query/P0916T04060A1/P0916T04060A1C3F05041.jpg,916040601,916040601,gallery/P0916T04060A1/P0916T04060A1C0F10351.jpg,0.75136,0.68469,0.72739,ban_giao,dung,0,2129
query/P1488T04060A0/P1488T04060A0C3F10411.jpg,1488040600,348040600,gallery/P0348T04060A0/P0348T04060A0C0F07891.jpg,0.79315,0.79315,0.72739,ban_giao,sai,1,2129
query/P0822T04071A0/P0822T04071A0C3F06421.jpg,822040710,822040710,gallery/P0822T04071A0/P0822T04071A0C0F08881.jpg,0.68123,0.65031,0.72739,tu_choi,tu_choi,1,1456
query/P0049T04060A2/P0049T04060A2C3F00331.jpg,49040602,49040602,gallery/P0049T04060A2/P0049T04060A2C0F01261.jpg,0.78566,0.68396,0.72739,ban_giao,dung,0,2129
query/P1012T04070A0/P1012T04070A0C3F08941.jpg,1012040700,632040700,gallery/P0632T04070A0/P0632T04070A0C0F11731.jpg,0.64617,0.64617,0.72739,tu_choi,tu_choi,0,1065
query/P1488T04060A0/P1488T04060A0C3F10261.jpg,1488040600,348040600,gallery/P0348T04060A0/P0348T04060A0C0F07891.jpg,0.75076,0.75076,0.72739,ban_giao,sai,1,2129
query/P1275T04070A1/P1275T04070A1C3F07351.jpg,1275040701,1040701,gallery/P0001T04070A1/P0001T04070A1C0F00361.jpg,0.63584,0.63584,0.72739,tu_choi,tu_choi,1,1065
query/P1933T04070A1/P1933T04070A1C3F09391.jpg,1933040701,1933040701,gallery/P1933T04070A1/P1933T04070A1C0F22651.jpg,0.70337,0.64662,0.72739,tu_choi,tu_choi,0,1065
query/P0691T04071A2/P0691T04071A2C3F06451.jpg,691040712,691040712,gallery/P0691T04071A2/P0691T04071A2C0F09751.jpg,0.81415,0.6788,0.72739,ban_giao,dung,0,1456
query/P0346T04070A0/P0346T04070A0C3F02611.jpg,346040700,1031040700,gallery/P1031T04070A0/P1031T04070A0C0F17491.jpg,0.65889,0.65889,0.72739,tu_choi,tu_choi,1,1065
query/P0395T04060A0/P0395T04060A0C3F00391.jpg,395040600,1530040600,gallery/P1530T04060A0/P1530T04060A0C0F22081.jpg,0.76973,0.76973,0.72739,ban_giao,sai,1,2129
query/P0634T04060A1/P0634T04060A1C3F02521.jpg,634040601,634040601,gallery/P0634T04060A1/P0634T04060A1C0F06061.jpg,0.82038,0.63508,0.72739,ban_giao,dung,0,2129
query/P0796T04071A2/P0796T04071A2C3F06931.jpg,796040712,796040712,gallery/P0796T04071A2/P0796T04071A2C0F10741.jpg,0.69429,0.66168,0.72739,tu_choi,tu_choi,1,1456
query/P0368T04071A2/P0368T04071A2C3F02311.jpg,368040712,368040712,gallery/P0368T04071A2/P0368T04071A2C0F05041.jpg,0.75545,0.66992,0.72739,ban_giao,dung,1,1456
query/P1180T04060A0/P1180T04060A0C3F07711.jpg,1180040600,1180040600,gallery/P1180T04060A0/P1180T04060A0C0F15631.jpg,0.75569,0.644,0.72739,ban_giao,dung,0,2129
query/P0441T04070A0/P0441T04070A0C3F03421.jpg,441040700,441040700,gallery/P0441T04070A0/P0441T04070A0C0F07411.jpg,0.60983,0.56736,0.72739,tu_choi,tu_choi,0,1065
query/P2230T04070A1/P2230T04070A1C3F13081.jpg,2230040701,775040700,gallery/P0775T04070A0/P0775T04070A0C0F13021.jpg,0.65471,0.65471,0.72739,tu_choi,tu_choi,1,1065
query/P1983T04070A2/P1983T04070A2C3F08221.jpg,1983040702,1012040700,gallery/P1012T04070A0/P1012T04070A0C0F16561.jpg,0.66077,0.66077,0.72739,tu_choi,tu_choi,0,1065
query/P0977T04060A1/P0977T04060A1C3F05461.jpg,977040601,3433040602,gallery/P3433T04060A2/P3433T04060A2C0F21481.jpg,0.6213,0.6213,0.72739,tu_choi,tu_choi,0,2129
query/P1785T04071A2/P1785T04071A2C3F11671.jpg,1785040712,1785040712,gallery/P1785T04071A2/P1785T04071A2C0F24181.jpg,0.741,0.63903,0.72739,ban_giao,dung,0,1456
query/P1147T04060A1/P1147T04060A1C3F06631.jpg,1147040601,1147040601,gallery/P1147T04060A1/P1147T04060A1C0F13231.jpg,0.70041,0.6173,0.72739,tu_choi,tu_choi,1,2129
query/P2079T04070A2/P2079T04070A2C3F07921.jpg,2079040702,2079040702,gallery/P2079T04070A2/P2079T04070A2C0F13381.jpg,0.69368,0.62446,0.72739,tu_choi,tu_choi,0,1065
query/P0586T04071A2/P0586T04071A2C3F05881.jpg,586040712,586040712,gallery/P0586T04071A2/P0586T04071A2C0F08971.jpg,0.77488,0.71444,0.72739,ban_giao,dung,1,1456
query/P1933T04070A1/P1933T04070A1C3F09691.jpg,1933040701,53040700,gallery/P0053T04070A0/P0053T04070A0C0F01381.jpg,0.66094,0.66094,0.72739,tu_choi,tu_choi,0,1065
query/P0847T04071A0/P0847T04071A0C3F06301.jpg,847040710,847040710,gallery/P0847T04071A0/P0847T04071A0C0F09901.jpg,0.7344,0.67931,0.72739,ban_giao,dung,1,1456
query/P1370T04060A0/P1370T04060A0C3F09931.jpg,1370040600,1370040600,gallery/P1370T04060A0/P1370T04060A0C0F19441.jpg,0.79867,0.64291,0.72739,ban_giao,dung,0,2129
query/P2508T04071A0/P2508T04071A0C3F12481.jpg,2508040710,1162040711,gallery/P1162T04071A1/P1162T04071A1C0F12901.jpg,0.57433,0.57433,0.72739,tu_choi,tu_choi,0,1456
query/P2271T04071A0/P2271T04071A0C3F09511.jpg,2271040710,2271040710,gallery/P2271T04071A0/P2271T04071A0C0F20551.jpg,0.81584,0.72673,0.72739,ban_giao,dung,1,1456
query/P0049T04060A2/P0049T04060A2C3F00811.jpg,49040602,49040602,gallery/P0049T04060A2/P0049T04060A2C0F02101.jpg,0.72609,0.71531,0.72739,tu_choi,tu_choi,0,2129
query/P0167T04051A1/P0167T04051A1C3F3031.jpg,167040511,113040510,gallery/P0113T04051A0/P0113T04051A0C0F19051.jpg,0.6101,0.6101,0.72739,tu_choi,tu_choi,1,965
query/P1851T04060A1/P1851T04060A1C3F09661.jpg,1851040601,1370040600,gallery/P1370T04060A0/P1370T04060A0C0F20671.jpg,0.65027,0.65027,0.72739,tu_choi,tu_choi,1,2129
query/P2584T04071A0/P2584T04071A0C3F11521.jpg,2584040710,2584040710,gallery/P2584T04071A0/P2584T04071A0C0F22501.jpg,0.71085,0.68422,0.72739,tu_choi,tu_choi,0,1456
query/P0355T04051A2/P0355T04051A2C3F6391.jpg,355040512,132040510,gallery/P0132T04051A0/P0132T04051A0C0F22951.jpg,0.69878,0.69878,0.72739,tu_choi,tu_choi,1,965
query/P2051T04071A0/P2051T04071A0C3F10681.jpg,2051040710,2051040710,gallery/P2051T04071A0/P2051T04071A0C0F18991.jpg,0.80495,0.69364,0.72739,ban_giao,dung,0,1456
query/P0977T04060A1/P0977T04060A1C3F05221.jpg,977040601,977040601,gallery/P0977T04060A1/P0977T04060A1C0F10891.jpg,0.69877,0.62681,0.72739,tu_choi,tu_choi,0,2129
query/P1012T04070A0/P1012T04070A0C3F09571.jpg,1012040700,1012040700,gallery/P1012T04070A0/P1012T04070A0C0F16411.jpg,0.7742,0.70619,0.72739,ban_giao,dung,0,1065
query/P1106T04071A1/P1106T04071A1C3F07741.jpg,1106040711,1106040711,gallery/P1106T04071A1/P1106T04071A1C0F12301.jpg,0.69412,0.65194,0.72739,tu_choi,tu_choi,1,1456
query/P0850T04071A2/P0850T04071A2C3F05371.jpg,850040712,850040712,gallery/P0850T04071A2/P0850T04071A2C0F12241.jpg,0.71263,0.66539,0.72739,tu_choi,tu_choi,0,1456
query/P0133T04051A0/P0133T04051A0C3F11641.jpg,133040510,133040510,gallery/P0133T04051A0/P0133T04051A0C0F23851.jpg,0.79584,0.74437,0.72739,ban_giao,dung,0,965
query/P2197T04071A0/P2197T04071A0C3F10981.jpg,2197040710,586040712,gallery/P0586T04071A2/P0586T04071A2C0F09061.jpg,0.6359,0.6359,0.72739,tu_choi,tu_choi,1,1456
query/P1566T04071A1/P1566T04071A1C3F11101.jpg,1566040711,1566040711,gallery/P1566T04071A1/P1566T04071A1C0F18361.jpg,0.70226,0.64779,0.72739,tu_choi,tu_choi,0,1456
query/P1761T04071A1/P1761T04071A1C3F11701.jpg,1761040711,1761040711,gallery/P1761T04071A1/P1761T04071A1C0F20611.jpg,0.78149,0.68471,0.72739,ban_giao,dung,1,1456
query/P0959T04060A1/P0959T04060A1C3F05071.jpg,959040601,959040601,gallery/P0959T04060A1/P0959T04060A1C0F11191.jpg,0.75667,0.68415,0.72739,ban_giao,dung,1,2129
query/P1084T04070A0/P1084T04070A0C3F11551.jpg,1084040700,1084040700,gallery/P1084T04070A0/P1084T04070A0C0F17791.jpg,0.74013,0.63917,0.72739,ban_giao,dung,0,1065
query/P1179T04060A0/P1179T04060A0C3F07681.jpg,1179040600,1179040600,gallery/P1179T04060A0/P1179T04060A0C0F22141.jpg,0.68875,0.66192,0.72739,tu_choi,tu_choi,0,2129
query/P1826T04060A1/P1826T04060A1C3F11191.jpg,1826040601,1530040600,gallery/P1530T04060A0/P1530T04060A0C0F22561.jpg,0.70068,0.70068,0.72739,tu_choi,tu_choi,1,2129
query/P1378T04071A1/P1378T04071A1C3F07831.jpg,1378040711,847040710,gallery/P0847T04071A0/P0847T04071A0C0F09931.jpg,0.61922,0.61922,0.72739,tu_choi,tu_choi,0,1456
query/P0916T04060A1/P0916T04060A1C3F05371.jpg,916040601,959040601,gallery/P0959T04060A1/P0959T04060A1C0F12421.jpg,0.68717,0.68717,0.72739,tu_choi,tu_choi,0,2129
query/P0002T04071A2/P0002T04071A2C3F01891.jpg,2040712,2271040710,gallery/P2271T04071A0/P2271T04071A0C0F19681.jpg,0.66661,0.66661,0.72739,tu_choi,tu_choi,1,1456
query/P2020T04071A2/P2020T04071A2C3F12691.jpg,2020040712,2020040712,gallery/P2020T04071A2/P2020T04071A2C0F26041.jpg,0.67637,0.64428,0.72739,tu_choi,tu_choi,1,1456
query/P1488T04060A0/P1488T04060A0C3F10171.jpg,1488040600,1488040600,gallery/P1488T04060A0/P1488T04060A0C0F20971.jpg,0.77495,0.75902,0.72739,ban_giao,dung,1,2129
query/P0522T04070A0/P0522T04070A0C3F04321.jpg,522040700,2527040702,gallery/P2527T04070A2/P2527T04070A2C0F15661.jpg,0.62871,0.62871,0.72739,tu_choi,tu_choi,1,1065
query/P1791T04071A0/P1791T04071A0C3F09451.jpg,1791040710,837040710,gallery/P0837T04071A0/P0837T04071A0C0F10051.jpg,0.67576,0.67576,0.72739,tu_choi,tu_choi,0,1456
query/P0194T04071A0/P0194T04071A0C3F00721.jpg,194040710,194040710,gallery/P0194T04071A0/P0194T04071A0C0F02461.jpg,0.70703,0.61357,0.72739,tu_choi,tu_choi,0,1456
query/P0867T04070A0/P0867T04070A0C3F08701.jpg,867040700,867040700,gallery/P0867T04070A0/P0867T04070A0C0F14131.jpg,0.73719,0.63119,0.72739,ban_giao,dung,1,1065
query/P0123T04070A0/P0123T04070A0C3F02911.jpg,123040700,1805040700,gallery/P1805T04070A0/P1805T04070A0C0F26461.jpg,0.62323,0.62323,0.72739,tu_choi,tu_choi,1,1065
query/P2641T04060A2/P2641T04060A2C3F10561.jpg,2641040602,2467040601,gallery/P2467T04060A1/P2467T04060A1C0F26371.jpg,0.67639,0.67639,0.72739,tu_choi,tu_choi,0,2129
query/P1608T04060A2/P1608T04060A2C3F05191.jpg,1608040602,1608040602,gallery/P1608T04060A2/P1608T04060A2C0F10771.jpg,0.75655,0.73076,0.72739,ban_giao,dung,1,2129
query/P1791T04071A0/P1791T04071A0C3F09361.jpg,1791040710,871040710,gallery/P0871T04071A0/P0871T04071A0C0F09391.jpg,0.68769,0.68769,0.72739,tu_choi,tu_choi,0,1456
query/P2271T04071A0/P2271T04071A0C3F09481.jpg,2271040710,2271040710,gallery/P2271T04071A0/P2271T04071A0C0F20551.jpg,0.7632,0.7261,0.72739,ban_giao,dung,1,1456
query/P0039T04071A2/P0039T04071A2C3F00211.jpg,39040712,1700040711,gallery/P1700T04071A1/P1700T04071A1C0F19711.jpg,0.67485,0.67485,0.72739,tu_choi,tu_choi,0,1456
query/P1182T04060A1/P1182T04060A1C3F07171.jpg,1182040601,1530040600,gallery/P1530T04060A0/P1530T04060A0C0F22681.jpg,0.61917,0.61917,0.72739,tu_choi,tu_choi,0,2129
query/P0495T04051A2/P0495T04051A2C3F14131.jpg,495040512,4040510,gallery/P0004T04051A0/P0004T04051A0C0F361.jpg,0.6352,0.6352,0.72739,tu_choi,tu_choi,1,965
query/P1684T04070A2/P1684T04070A2C3F06001.jpg,1684040702,1425040700,gallery/P1425T04070A0/P1425T04070A0C0F21331.jpg,0.62836,0.62836,0.72739,tu_choi,tu_choi,0,1065
query/P0701T04060A0/P0701T04060A0C3F04441.jpg,701040600,701040600,gallery/P0701T04060A0/P0701T04060A0C0F09961.jpg,0.78949,0.74206,0.72739,ban_giao,dung,1,2129
query/P0053T04070A0/P0053T04070A0C3F00631.jpg,53040700,53040700,gallery/P0053T04070A0/P0053T04070A0C0F01231.jpg,0.7553,0.68117,0.72739,ban_giao,dung,1,1065
query/P1615T04060A2/P1615T04060A2C3F05401.jpg,1615040602,1615040602,gallery/P1615T04060A2/P1615T04060A2C0F11851.jpg,0.69118,0.66934,0.72739,tu_choi,tu_choi,0,2129
query/P0634T04060A1/P0634T04060A1C3F02461.jpg,634040601,634040601,gallery/P0634T04060A1/P0634T04060A1C0F06121.jpg,0.83522,0.6844,0.72739,ban_giao,dung,0,2129
query/P2230T04070A1/P2230T04070A1C3F12931.jpg,2230040701,53040700,gallery/P0053T04070A0/P0053T04070A0C0F01381.jpg,0.58888,0.58888,0.72739,tu_choi,tu_choi,1,1065
query/P0189T04070A1/P0189T04070A1C3F01651.jpg,189040701,123040700,gallery/P0123T04070A0/P0123T04070A0C0F05161.jpg,0.70791,0.70791,0.72739,tu_choi,tu_choi,0,1065
query/P3492T04070A2/P3492T04070A2C3F10831.jpg,3492040702,610040700,gallery/P0610T04070A0/P0610T04070A0C0F11731.jpg,0.66312,0.66312,0.72739,tu_choi,tu_choi,0,1065
query/P1500T04060A0/P1500T04060A0C3F10471.jpg,1500040600,916040601,gallery/P0916T04060A1/P0916T04060A1C0F11191.jpg,0.67993,0.67993,0.72739,tu_choi,tu_choi,1,2129
query/P1933T04070A1/P1933T04070A1C3F09991.jpg,1933040701,1933040701,gallery/P1933T04070A1/P1933T04070A1C0F22621.jpg,0.75042,0.70694,0.72739,ban_giao,dung,0,1065
query/P0555T04071A1/P0555T04071A1C3F03211.jpg,555040711,127040712,gallery/P0127T04071A2/P0127T04071A2C0F02461.jpg,0.67672,0.67672,0.72739,tu_choi,tu_choi,1,1456
query/P1270T04070A1/P1270T04070A1C3F06901.jpg,1270040701,1270040701,gallery/P1270T04070A1/P1270T04070A1C0F14821.jpg,0.68829,0.64179,0.72739,tu_choi,tu_choi,1,1065
query/P0474T04060A2/P0474T04060A2C3F02821.jpg,474040602,1596040601,gallery/P1596T04060A1/P1596T04060A1C0F20131.jpg,0.6489,0.6489,0.72739,tu_choi,tu_choi,0,2129
query/P2414T04071A0/P2414T04071A0C3F12391.jpg,2414040710,2414040710,gallery/P2414T04071A0/P2414T04071A0C0F21391.jpg,0.77763,0.77552,0.72739,ban_giao,dung,1,1456
query/P0361T04070A0/P0361T04070A0C3F04471.jpg,361040700,361040700,gallery/P0361T04070A0/P0361T04070A0C0F06121.jpg,0.73464,0.67064,0.72739,ban_giao,dung,1,1065
query/P1031T04070A0/P1031T04070A0C3F11251.jpg,1031040700,1031040700,gallery/P1031T04070A0/P1031T04070A0C0F17491.jpg,0.71319,0.62567,0.72739,tu_choi,tu_choi,0,1065
query/P1550T04060A0/P1550T04060A0C3F10381.jpg,1550040600,1550040600,gallery/P1550T04060A0/P1550T04060A0C0F21751.jpg,0.69851,0.64334,0.72739,tu_choi,tu_choi,1,2129
query/P1254T04071A0/P1254T04071A0C3F07531.jpg,1254040710,837040710,gallery/P0837T04071A0/P0837T04071A0C0F09751.jpg,0.68892,0.68892,0.72739,tu_choi,tu_choi,1,1456
query/P2020T04071A2/P2020T04071A2C3F12661.jpg,2020040712,2020040712,gallery/P2020T04071A2/P2020T04071A2C0F26071.jpg,0.7171,0.67811,0.72739,tu_choi,tu_choi,1,1456
query/P1257T04071A0/P1257T04071A0C3F06151.jpg,1257040710,1257040710,gallery/P1257T04071A0/P1257T04071A0C0F11881.jpg,0.73475,0.71012,0.72739,ban_giao,dung,1,1456
query/P1685T04070A2/P1685T04070A2C3F05761.jpg,1685040702,1245040701,gallery/P1245T04070A1/P1245T04070A1C0F13891.jpg,0.58865,0.58865,0.72739,tu_choi,tu_choi,1,1065
query/P1706T04071A2/P1706T04071A2C3F11221.jpg,1706040712,1254040710,gallery/P1254T04071A0/P1254T04071A0C0F12121.jpg,0.73605,0.73605,0.72739,ban_giao,sai,1,1456
query/P1730T04060A0/P1730T04060A0C3F11101.jpg,1730040600,1730040600,gallery/P1730T04060A0/P1730T04060A0C0F22861.jpg,0.81028,0.66966,0.72739,ban_giao,dung,1,2129
query/P1791T04071A0/P1791T04071A0C3F09541.jpg,1791040710,1566040711,gallery/P1566T04071A1/P1566T04071A1C0F18841.jpg,0.73928,0.73928,0.72739,ban_giao,sai,0,1456
query/P1608T04060A2/P1608T04060A2C3F05851.jpg,1608040602,1608040602,gallery/P1608T04060A2/P1608T04060A2C0F10801.jpg,0.70381,0.69035,0.72739,tu_choi,tu_choi,1,2129
query/P0269T04071A2/P0269T04071A2C3F01321.jpg,269040712,269040712,gallery/P0269T04071A2/P0269T04071A2C0F04171.jpg,0.71948,0.62951,0.72739,tu_choi,tu_choi,0,1456
query/P1240T04060A2/P1240T04060A2C3F05851.jpg,1240040602,1530040600,gallery/P1530T04060A0/P1530T04060A0C0F23011.jpg,0.6865,0.6865,0.72739,tu_choi,tu_choi,1,2129
query/P0664T04060A1/P0664T04060A1C3F02281.jpg,664040601,664040601,gallery/P0664T04060A1/P0664T04060A1C0F06181.jpg,0.66529,0.66414,0.72739,tu_choi,tu_choi,1,2129
query/P0522T04071A2/P0522T04071A2C3F05581.jpg,522040712,2414040710,gallery/P2414T04071A0/P2414T04071A0C0F21421.jpg,0.69087,0.69087,0.72739,tu_choi,tu_choi,1,1456
query/P0710T04060A1/P0710T04060A1C3F03541.jpg,710040601,710040601,gallery/P0710T04060A1/P0710T04060A1C0F08011.jpg,0.66587,0.62524,0.72739,tu_choi,tu_choi,1,2129
query/P1826T04060A1/P1826T04060A1C3F11731.jpg,1826040601,1826040601,gallery/P1826T04060A1/P1826T04060A1C0F20911.jpg,0.76197,0.73013,0.72739,ban_giao,dung,1,2129
query/P1730T04060A0/P1730T04060A0C3F11431.jpg,1730040600,1895040600,gallery/P1895T04060A0/P1895T04060A0C0F24391.jpg,0.75258,0.75258,0.72739,ban_giao,sai,1,2129
query/P1378T04071A1/P1378T04071A1C3F07861.jpg,1378040711,1378040711,gallery/P1378T04071A1/P1378T04071A1C0F16351.jpg,0.68892,0.62153,0.72739,tu_choi,tu_choi,0,1456
query/P1608T04060A2/P1608T04060A2C3F06031.jpg,1608040602,1040040600,gallery/P1040T04060A0/P1040T04060A0C0F13351.jpg,0.75197,0.75197,0.72739,ban_giao,sai,1,2129
query/P0994T04071A1/P0994T04071A1C3F07591.jpg,994040711,994040711,gallery/P0994T04071A1/P0994T04071A1C0F10981.jpg,0.71768,0.65425,0.72739,tu_choi,tu_choi,0,1456
query/P1182T04060A1/P1182T04060A1C3F06691.jpg,1182040601,1182040601,gallery/P1182T04060A1/P1182T04060A1C0F13681.jpg,0.71428,0.6308,0.72739,tu_choi,tu_choi,0,2129
query/P2271T04071A0/P2271T04071A0C3F09451.jpg,2271040710,2271040710,gallery/P2271T04071A0/P2271T04071A0C0F20641.jpg,0.7055,0.67219,0.72739,tu_choi,tu_choi,1,1456
query/P2079T04070A2/P2079T04070A2C3F07711.jpg,2079040702,1774040700,gallery/P1774T04070A0/P1774T04070A0C0F26971.jpg,0.68403,0.68403,0.72739,tu_choi,tu_choi,0,1065
query/P0303T04070A1/P0303T04070A1C3F01771.jpg,303040701,303040701,gallery/P0303T04070A1/P0303T04070A1C0F03031.jpg,0.62001,0.57983,0.72739,tu_choi,tu_choi,0,1065
query/P0130T04060A0/P0130T04060A0C3F02341.jpg,130040600,597040601,gallery/P0597T04060A1/P0597T04060A1C0F06451.jpg,0.74964,0.74964,0.72739,ban_giao,sai,1,2129
query/P1700T04071A1/P1700T04071A1C3F12001.jpg,1700040711,1700040711,gallery/P1700T04071A1/P1700T04071A1C0F20221.jpg,0.81864,0.65737,0.72739,ban_giao,dung,1,1456
query/P2197T04071A0/P2197T04071A0C3F11041.jpg,2197040710,522040712,gallery/P0522T04071A2/P0522T04071A2C0F07561.jpg,0.67042,0.67042,0.72739,tu_choi,tu_choi,1,1456
query/P0586T04071A2/P0586T04071A2C3F06091.jpg,586040712,586040712,gallery/P0586T04071A2/P0586T04071A2C0F09061.jpg,0.74939,0.69858,0.72739,ban_giao,dung,1,1456
query/P0769T04071A1/P0769T04071A1C3F05851.jpg,769040711,769040711,gallery/P0769T04071A1/P0769T04071A1C0F08851.jpg,0.65395,0.60222,0.72739,tu_choi,tu_choi,1,1456
query/P0692T04060A1/P0692T04060A1C3F02671.jpg,692040601,692040601,gallery/P0692T04060A1/P0692T04060A1C0F06631.jpg,0.72983,0.65619,0.72739,ban_giao,dung,0,2129
query/P1275T04070A1/P1275T04070A1C3F06961.jpg,1275040701,1275040701,gallery/P1275T04070A1/P1275T04070A1C0F13831.jpg,0.68402,0.6744,0.72739,tu_choi,tu_choi,1,1065
query/P1053T04071A0/P1053T04071A0C3F05791.jpg,1053040710,786040711,gallery/P0786T04071A1/P0786T04071A1C0F09091.jpg,0.65382,0.65382,0.72739,tu_choi,tu_choi,0,1456
query/P1895T04060A0/P1895T04060A0C3F12451.jpg,1895040600,1895040600,gallery/P1895T04060A0/P1895T04060A0C0F24721.jpg,0.77315,0.68667,0.72739,ban_giao,dung,1,2129
query/P1245T04070A1/P1245T04070A1C3F07381.jpg,1245040701,1084040700,gallery/P1084T04070A0/P1084T04070A0C0F16681.jpg,0.60567,0.60567,0.72739,tu_choi,tu_choi,1,1065
query/P0123T04070A0/P0123T04070A0C3F02941.jpg,123040700,1805040700,gallery/P1805T04070A0/P1805T04070A0C0F26461.jpg,0.6238,0.6238,0.72739,tu_choi,tu_choi,1,1065
query/P1684T04070A2/P1684T04070A2C3F05851.jpg,1684040702,1805040700,gallery/P1805T04070A0/P1805T04070A0C0F26461.jpg,0.62364,0.62364,0.72739,tu_choi,tu_choi,0,1065
query/P0191T04051A1/P0191T04051A1C3F4441.jpg,191040511,191040511,gallery/P0191T04051A1/P0191T04051A1C0F9181.jpg,0.78779,0.68929,0.72739,ban_giao,dung,0,965
query/P2719T04071A0/P2719T04071A0C3F13591.jpg,2719040710,822040710,gallery/P0822T04071A0/P0822T04071A0C0F09031.jpg,0.5835,0.5835,0.72739,tu_choi,tu_choi,1,1456
query/P0769T04071A1/P0769T04071A1C3F06091.jpg,769040711,769040711,gallery/P0769T04071A1/P0769T04071A1C0F08881.jpg,0.72427,0.63186,0.72739,tu_choi,tu_choi,1,1456
query/P0775T04070A0/P0775T04070A0C3F07771.jpg,775040700,775040700,gallery/P0775T04070A0/P0775T04070A0C0F12961.jpg,0.70438,0.64829,0.72739,tu_choi,tu_choi,1,1065
query/P0703T04070A0/P0703T04070A0C3F06001.jpg,703040700,632040700,gallery/P0632T04070A0/P0632T04070A0C0F11191.jpg,0.68673,0.68673,0.72739,tu_choi,tu_choi,0,1065
query/P1370T04060A0/P1370T04060A0C3F10141.jpg,1370040600,1370040600,gallery/P1370T04060A0/P1370T04060A0C0F19171.jpg,0.84601,0.69997,0.72739,ban_giao,dung,0,2129
query/P1530T04060A0/P1530T04060A0C3F10471.jpg,1530040600,1530040600,gallery/P1530T04060A0/P1530T04060A0C0F21211.jpg,0.81002,0.69947,0.72739,ban_giao,dung,0,2129
query/P1730T04060A0/P1730T04060A0C3F11611.jpg,1730040600,1730040600,gallery/P1730T04060A0/P1730T04060A0C0F22831.jpg,0.78106,0.65926,0.72739,ban_giao,dung,1,2129
query/P3125T04060A2/P3125T04060A2C3F09661.jpg,3125040602,348040600,gallery/P0348T04060A0/P0348T04060A0C0F07381.jpg,0.71093,0.71093,0.72739,tu_choi,tu_choi,0,2129
query/P0594T04060A1/P0594T04060A1C3F03271.jpg,594040601,1944040602,gallery/P1944T04060A2/P1944T04060A2C0F12241.jpg,0.66397,0.66397,0.72739,tu_choi,tu_choi,0,2129
query/P1240T04060A2/P1240T04060A2C3F06181.jpg,1240040602,348040600,gallery/P0348T04060A0/P0348T04060A0C0F07801.jpg,0.68534,0.68534,0.72739,tu_choi,tu_choi,1,2129
query/P0248T04071A1/P0248T04071A1C3F03301.jpg,248040711,248040711,gallery/P0248T04071A1/P0248T04071A1C0F03211.jpg,0.6659,0.62855,0.72739,tu_choi,tu_choi,1,1456
query/P1257T04071A0/P1257T04071A0C3F06211.jpg,1257040710,1257040710,gallery/P1257T04071A0/P1257T04071A0C0F11851.jpg,0.71284,0.67712,0.72739,tu_choi,tu_choi,1,1456
query/P2040T04070A2/P2040T04070A2C3F06061.jpg,2040040702,632040700,gallery/P0632T04070A0/P0632T04070A0C0F11161.jpg,0.60224,0.60224,0.72739,tu_choi,tu_choi,0,1065
query/P1832T04071A1/P1832T04071A1C3F11671.jpg,1832040711,1573040711,gallery/P1573T04071A1/P1573T04071A1C0F18061.jpg,0.64086,0.64086,0.72739,tu_choi,tu_choi,1,1456
query/P0977T04060A1/P0977T04060A1C3F05791.jpg,977040601,959040601,gallery/P0959T04060A1/P0959T04060A1C0F12421.jpg,0.65268,0.65268,0.72739,tu_choi,tu_choi,0,2129
query/P1076T04070A0/P1076T04070A0C3F09121.jpg,1076040700,345040700,gallery/P0345T04070A0/P0345T04070A0C0F05941.jpg,0.62134,0.62134,0.72739,tu_choi,tu_choi,1,1065
query/P3492T04070A2/P3492T04070A2C3F11011.jpg,3492040702,657040702,gallery/P0657T04070A2/P0657T04070A2C0F04141.jpg,0.67282,0.67282,0.72739,tu_choi,tu_choi,0,1065
query/P1378T04071A1/P1378T04071A1C3F07891.jpg,1378040711,1378040711,gallery/P1378T04071A1/P1378T04071A1C0F16051.jpg,0.65959,0.61067,0.72739,tu_choi,tu_choi,0,1456
query/P0345T04070A0/P0345T04070A0C3F04351.jpg,345040700,345040700,gallery/P0345T04070A0/P0345T04070A0C0F05941.jpg,0.82059,0.66186,0.72739,ban_giao,dung,1,1065
query/P2051T04071A0/P2051T04071A0C3F11161.jpg,2051040710,2051040710,gallery/P2051T04071A0/P2051T04071A0C0F18991.jpg,0.79616,0.73221,0.72739,ban_giao,dung,0,1456
query/P0348T04060A0/P0348T04060A0C3F03061.jpg,348040600,348040600,gallery/P0348T04060A0/P0348T04060A0C0F07081.jpg,0.83906,0.7115,0.72739,ban_giao,dung,1,2129
query/P2003T04060A0/P2003T04060A0C3F12961.jpg,2003040600,2003040600,gallery/P2003T04060A0/P2003T04060A0C0F26341.jpg,0.68444,0.65786,0.72739,tu_choi,tu_choi,0,2129
query/P1488T04060A0/P1488T04060A0C3F10231.jpg,1488040600,348040600,gallery/P0348T04060A0/P0348T04060A0C0F07891.jpg,0.70399,0.70399,0.72739,tu_choi,tu_choi,1,2129
query/P1243T04060A2/P1243T04060A2C3F05641.jpg,1243040602,959040601,gallery/P0959T04060A1/P0959T04060A1C0F12421.jpg,0.661,0.661,0.72739,tu_choi,tu_choi,0,2129
query/P1768T04060A0/P1768T04060A0C3F11881.jpg,1768040600,1768040600,gallery/P1768T04060A0/P1768T04060A0C0F23911.jpg,0.74404,0.61718,0.72739,ban_giao,dung,0,2129
query/P1791T04071A0/P1791T04071A0C3F09481.jpg,1791040710,1566040711,gallery/P1566T04071A1/P1566T04071A1C0F18841.jpg,0.72062,0.72062,0.72739,tu_choi,tu_choi,0,1456
query/P1182T04060A1/P1182T04060A1C3F07021.jpg,1182040601,3433040602,gallery/P3433T04060A2/P3433T04060A2C0F21361.jpg,0.61174,0.61174,0.72739,tu_choi,tu_choi,0,2129
query/P2079T04070A2/P2079T04070A2C3F07981.jpg,2079040702,2079040702,gallery/P2079T04070A2/P2079T04070A2C0F13381.jpg,0.7074,0.67692,0.72739,tu_choi,tu_choi,0,1065
query/P0441T04070A0/P0441T04070A0C3F04201.jpg,441040700,441040700,gallery/P0441T04070A0/P0441T04070A0C0F08461.jpg,0.68,0.59568,0.72739,tu_choi,tu_choi,0,1065
query/P0175T04071A0/P0175T04071A0C3F02881.jpg,175040710,175040710,gallery/P0175T04071A0/P0175T04071A0C0F02221.jpg,0.79913,0.70804,0.72739,ban_giao,dung,1,1456
query/P0383T04071A2/P0383T04071A2C3F04411.jpg,383040712,383040712,gallery/P0383T04071A2/P0383T04071A2C0F05191.jpg,0.73075,0.68433,0.72739,ban_giao,dung,1,1456
query/P1774T04070A0/P1774T04070A0C3F13021.jpg,1774040700,1774040700,gallery/P1774T04070A0/P1774T04070A0C0F26611.jpg,0.59471,0.58552,0.72739,tu_choi,tu_choi,1,1065
query/P0303T04070A1/P0303T04070A1C3F01531.jpg,303040701,2527040702,gallery/P2527T04070A2/P2527T04070A2C0F16261.jpg,0.55958,0.55958,0.72739,tu_choi,tu_choi,0,1065
query/P1615T04060A2/P1615T04060A2C3F05371.jpg,1615040602,588040600,gallery/P0588T04060A0/P0588T04060A0C0F10051.jpg,0.72143,0.72143,0.72739,tu_choi,tu_choi,0,2129
query/P0610T04070A0/P0610T04070A0C3F05611.jpg,610040700,610040700,gallery/P0610T04070A0/P0610T04070A0C0F11911.jpg,0.65225,0.59323,0.72739,tu_choi,tu_choi,0,1065
query/P1761T04071A1/P1761T04071A1C3F11761.jpg,1761040711,1761040711,gallery/P1761T04071A1/P1761T04071A1C0F20731.jpg,0.64206,0.64111,0.72739,tu_choi,tu_choi,1,1456
query/P0053T04070A0/P0053T04070A0C3F00241.jpg,53040700,53040700,gallery/P0053T04070A0/P0053T04070A0C0F01141.jpg,0.71169,0.65429,0.72739,tu_choi,tu_choi,1,1065
query/P0691T04071A2/P0691T04071A2C3F06241.jpg,691040712,691040712,gallery/P0691T04071A2/P0691T04071A2C0F09751.jpg,0.83956,0.66645,0.72739,ban_giao,dung,0,1456
query/P0348T04060A0/P0348T04060A0C3F03241.jpg,348040600,348040600,gallery/P0348T04060A0/P0348T04060A0C0F06871.jpg,0.73455,0.57689,0.72739,ban_giao,dung,1,2129
query/P1270T04070A1/P1270T04070A1C3F06841.jpg,1270040701,1270040701,gallery/P1270T04070A1/P1270T04070A1C0F14821.jpg,0.70758,0.63876,0.72739,tu_choi,tu_choi,1,1065
query/P0692T04060A1/P0692T04060A1C3F02701.jpg,692040601,692040601,gallery/P0692T04060A1/P0692T04060A1C0F06481.jpg,0.73009,0.68053,0.72739,ban_giao,dung,0,2129
query/P1851T04060A1/P1851T04060A1C3F09151.jpg,1851040601,1370040600,gallery/P1370T04060A0/P1370T04060A0C0F19171.jpg,0.6834,0.6834,0.72739,tu_choi,tu_choi,1,2129
query/P0837T04071A0/P0837T04071A0C3F04651.jpg,837040710,837040710,gallery/P0837T04071A0/P0837T04071A0C0F09961.jpg,0.78679,0.6845,0.72739,ban_giao,dung,1,1456
query/P0395T04060A0/P0395T04060A0C3F00751.jpg,395040600,395040600,gallery/P0395T04060A0/P0395T04060A0C0F07651.jpg,0.65433,0.63234,0.72739,tu_choi,tu_choi,1,2129
query/P0175T04071A0/P0175T04071A0C3F02791.jpg,175040710,1162040711,gallery/P1162T04071A1/P1162T04071A1C0F12541.jpg,0.67344,0.67344,0.72739,tu_choi,tu_choi,1,1456
query/P1805T04070A0/P1805T04070A0C3F14491.jpg,1805040700,1805040700,gallery/P1805T04070A0/P1805T04070A0C0F26461.jpg,0.68197,0.64468,0.72739,tu_choi,tu_choi,0,1065
query/P2089T04071A2/P2089T04071A2C3F12871.jpg,2089040712,586040712,gallery/P0586T04071A2/P0586T04071A2C0F08521.jpg,0.64926,0.64926,0.72739,tu_choi,tu_choi,0,1456
query/P0441T04070A0/P0441T04070A0C3F03751.jpg,441040700,441040700,gallery/P0441T04070A0/P0441T04070A0C0F08581.jpg,0.65465,0.60049,0.72739,tu_choi,tu_choi,0,1065
query/P1396T04071A1/P1396T04071A1C3F08401.jpg,1396040711,194040710,gallery/P0194T04071A0/P0194T04071A0C0F23412.jpg,0.63081,0.63081,0.72739,tu_choi,tu_choi,0,1456
query/P0775T04070A0/P0775T04070A0C3F05161.jpg,775040700,632040700,gallery/P0632T04070A0/P0632T04070A0C0F11761.jpg,0.67262,0.67262,0.72739,tu_choi,tu_choi,1,1065
query/P0837T04071A0/P0837T04071A0C3F04381.jpg,837040710,837040710,gallery/P0837T04071A0/P0837T04071A0C0F09391.jpg,0.60277,0.58062,0.72739,tu_choi,tu_choi,1,1456
query/P0796T04071A2/P0796T04071A2C3F06511.jpg,796040712,1573040711,gallery/P1573T04071A1/P1573T04071A1C0F18271.jpg,0.68625,0.68625,0.72739,tu_choi,tu_choi,1,1456
query/P0782T04060A1/P0782T04060A1C3F03961.jpg,782040601,782040601,gallery/P0782T04060A1/P0782T04060A1C0F07921.jpg,0.85165,0.74122,0.72739,ban_giao,dung,1,2129
query/P1243T04060A2/P1243T04060A2C3F05761.jpg,1243040602,1015040600,gallery/P1015T04060A0/P1015T04060A0C0F13741.jpg,0.6585,0.6585,0.72739,tu_choi,tu_choi,0,2129
query/P1573T04071A1/P1573T04071A1C3F11101.jpg,1573040711,1573040711,gallery/P1573T04071A1/P1573T04071A1C0F18811.jpg,0.69491,0.6193,0.72739,tu_choi,tu_choi,0,1456
query/P0053T04070A0/P0053T04070A0C3F00331.jpg,53040700,53040700,gallery/P0053T04070A0/P0053T04070A0C0F01111.jpg,0.77707,0.66424,0.72739,ban_giao,dung,1,1065
query/P0847T04071A0/P0847T04071A0C3F05731.jpg,847040710,847040710,gallery/P0847T04071A0/P0847T04071A0C0F09151.jpg,0.64262,0.62315,0.72739,tu_choi,tu_choi,1,1456
query/P0847T04071A0/P0847T04071A0C3F06151.jpg,847040710,847040710,gallery/P0847T04071A0/P0847T04071A0C0F10021.jpg,0.68211,0.67573,0.72739,tu_choi,tu_choi,1,1456
query/P0123T04060A2/P0123T04060A2C3F01231.jpg,123040602,1530040600,gallery/P1530T04060A0/P1530T04060A0C0F22681.jpg,0.60802,0.60802,0.72739,tu_choi,tu_choi,0,2129
query/P1556T04071A1/P1556T04071A1C3F10321.jpg,1556040711,1556040711,gallery/P1556T04071A1/P1556T04071A1C0F18361.jpg,0.67653,0.65206,0.72739,tu_choi,tu_choi,1,1456
query/P1785T04071A2/P1785T04071A2C3F11611.jpg,1785040712,1785040712,gallery/P1785T04071A2/P1785T04071A2C0F24181.jpg,0.74904,0.60826,0.72739,ban_giao,dung,0,1456
query/P2193T04060A1/P2193T04060A1C3F13201.jpg,2193040601,959040601,gallery/P0959T04060A1/P0959T04060A1C0F12451.jpg,0.657,0.657,0.72739,tu_choi,tu_choi,0,2129
query/P1015T04071A1/P1015T04071A1C3F07591.jpg,1015040711,994040711,gallery/P0994T04071A1/P0994T04071A1C0F10921.jpg,0.64245,0.64245,0.72739,tu_choi,tu_choi,0,1456
query/P0710T04060A1/P0710T04060A1C3F03481.jpg,710040601,710040601,gallery/P0710T04060A1/P0710T04060A1C0F08011.jpg,0.68595,0.64911,0.72739,tu_choi,tu_choi,1,2129
query/P0303T04070A1/P0303T04070A1C3F01321.jpg,303040701,303040701,gallery/P0303T04070A1/P0303T04070A1C0F02671.jpg,0.75198,0.66012,0.72739,ban_giao,dung,0,1065
query/P1626T04070A0/P1626T04070A0C3F12751.jpg,1626040700,1626040700,gallery/P1626T04070A0/P1626T04070A0C0F24181.jpg,0.68356,0.64387,0.72739,tu_choi,tu_choi,0,1065
query/P0664T04060A1/P0664T04060A1C3F02311.jpg,664040601,664040601,gallery/P0664T04060A1/P0664T04060A1C0F06181.jpg,0.73181,0.7139,0.72739,ban_giao,dung,1,2129
query/P1046T04070A2/P1046T04070A2C3F02971.jpg,1046040702,1046040702,gallery/P1046T04070A2/P1046T04070A2C0F06871.jpg,0.73887,0.66692,0.72739,ban_giao,dung,0,1065
query/P0325T04070A2/P0325T04070A2C3F00541.jpg,325040702,703040700,gallery/P0703T04070A0/P0703T04070A0C0F13861.jpg,0.6245,0.6245,0.72739,tu_choi,tu_choi,0,1065
query/P1182T04060A0/P1182T04060A0C3F07621.jpg,1182040600,1182040600,gallery/P1182T04060A0/P1182T04060A0C0F15811.jpg,0.82451,0.65535,0.72739,ban_giao,dung,0,2129
query/P0721T04070A1/P0721T04070A1C3F03421.jpg,721040701,1076040700,gallery/P1076T04070A0/P1076T04070A0C0F17161.jpg,0.69351,0.69351,0.72739,tu_choi,tu_choi,1,1065
query/P1626T04070A0/P1626T04070A0C3F12601.jpg,1626040700,1626040700,gallery/P1626T04070A0/P1626T04070A0C0F24181.jpg,0.64616,0.60882,0.72739,tu_choi,tu_choi,0,1065
query/P1149T04071A2/P1149T04071A2C3F09061.jpg,1149040712,1149040712,gallery/P1149T04071A2/P1149T04071A2C0F14821.jpg,0.59991,0.59741,0.72739,tu_choi,tu_choi,0,1456
query/P0847T04071A0/P0847T04071A0C3F05911.jpg,847040710,847040710,gallery/P0847T04071A0/P0847T04071A0C0F09451.jpg,0.7495,0.73397,0.72739,ban_giao,dung,1,1456
query/P1826T04060A1/P1826T04060A1C3F11371.jpg,1826040601,1040040600,gallery/P1040T04060A0/P1040T04060A0C0F13351.jpg,0.74768,0.74768,0.72739,ban_giao,sai,1,2129
query/P0632T04070A0/P0632T04070A0C3F05461.jpg,632040700,632040700,gallery/P0632T04070A0/P0632T04070A0C0F11161.jpg,0.7177,0.68753,0.72739,tu_choi,tu_choi,0,1065
query/P1148T04060A2/P1148T04060A2C3F06511.jpg,1148040602,1148040602,gallery/P1148T04060A2/P1148T04060A2C0F13291.jpg,0.65438,0.6535,0.72739,tu_choi,tu_choi,1,2129
query/P0959T04060A1/P0959T04060A1C3F05341.jpg,959040601,977040601,gallery/P0977T04060A1/P0977T04060A1C0F10861.jpg,0.6456,0.6456,0.72739,tu_choi,tu_choi,1,2129
query/P1053T04071A0/P1053T04071A0C3F05911.jpg,1053040710,1053040710,gallery/P1053T04071A0/P1053T04071A0C0F10741.jpg,0.67775,0.64495,0.72739,tu_choi,tu_choi,0,1456
query/P2298T04070A1/P2298T04070A1C3F14611.jpg,2298040701,441040700,gallery/P0441T04070A0/P0441T04070A0C0F08611.jpg,0.6403,0.6403,0.72739,tu_choi,tu_choi,0,1065
query/P0435T04071A1/P0435T04071A1C3F04411.jpg,435040711,837040710,gallery/P0837T04071A0/P0837T04071A0C0F09391.jpg,0.69209,0.69209,0.72739,tu_choi,tu_choi,1,1456
query/P1182T04060A0/P1182T04060A0C3F08311.jpg,1182040600,1182040600,gallery/P1182T04060A0/P1182T04060A0C0F16051.jpg,0.67136,0.66099,0.72739,tu_choi,tu_choi,0,2129
query/P1829T04060A1/P1829T04060A1C3F09991.jpg,1829040601,1829040601,gallery/P1829T04060A1/P1829T04060A1C0F21121.jpg,0.7571,0.6997,0.72739,ban_giao,dung,0,2129
query/P1562T04071A2/P1562T04071A2C3F11941.jpg,1562040712,994040711,gallery/P0994T04071A1/P0994T04071A1C0F10981.jpg,0.74121,0.74121,0.72739,ban_giao,sai,0,1456
query/P0368T04071A2/P0368T04071A2C3F02641.jpg,368040712,368040712,gallery/P0368T04071A2/P0368T04071A2C0F04861.jpg,0.6286,0.59956,0.72739,tu_choi,tu_choi,1,1456
query/P0004T04051A0/P0004T04051A0C3F2431.jpg,4040510,211040511,gallery/P0211T04051A1/P0211T04051A1C0F13171.jpg,0.71802,0.71802,0.72739,tu_choi,tu_choi,0,965
query/P0001T04070A0/P0001T04070A0C3F00121.jpg,1040700,2040040702,gallery/P2040T04070A2/P2040T04070A2C0F13171.jpg,0.63671,0.63671,0.72739,tu_choi,tu_choi,0,1065
query/P0395T04060A0/P0395T04060A0C3F00481.jpg,395040600,1530040600,gallery/P1530T04060A0/P1530T04060A0C0F22261.jpg,0.73349,0.73349,0.72739,ban_giao,sai,1,2129
query/P1076T04070A0/P1076T04070A0C3F08971.jpg,1076040700,1076040700,gallery/P1076T04070A0/P1076T04070A0C0F17191.jpg,0.68271,0.65876,0.72739,tu_choi,tu_choi,1,1065
query/P3492T04070A2/P3492T04070A2C3F10951.jpg,3492040702,1748040701,gallery/P1748T04070A1/P1748T04070A1C0F20431.jpg,0.6458,0.6458,0.72739,tu_choi,tu_choi,0,1065
query/P1596T04060A1/P1596T04060A1C3F09031.jpg,1596040601,1825040601,gallery/P1825T04060A1/P1825T04060A1C0F21541.jpg,0.59848,0.59848,0.72739,tu_choi,tu_choi,0,2129
query/P0594T04060A1/P0594T04060A1C3F03301.jpg,594040601,1944040602,gallery/P1944T04060A2/P1944T04060A2C0F12271.jpg,0.71809,0.71809,0.72739,tu_choi,tu_choi,0,2129
query/P2641T04060A2/P2641T04060A2C3F09841.jpg,2641040602,1370040600,gallery/P1370T04060A0/P1370T04060A0C0F20101.jpg,0.7047,0.7047,0.72739,tu_choi,tu_choi,0,2129
query/P3433T04060A2/P3433T04060A2C3F10981.jpg,3433040602,3433040602,gallery/P3433T04060A2/P3433T04060A2C0F22141.jpg,0.60064,0.58378,0.72739,tu_choi,tu_choi,0,2129
query/P0597T04060A1/P0597T04060A1C3F03331.jpg,597040601,588040600,gallery/P0588T04060A0/P0588T04060A0C0F10051.jpg,0.7213,0.7213,0.72739,tu_choi,tu_choi,1,2129
query/P0632T04070A0/P0632T04070A0C3F05941.jpg,632040700,632040700,gallery/P0632T04070A0/P0632T04070A0C0F11791.jpg,0.68069,0.67456,0.72739,tu_choi,tu_choi,0,1065
query/P0189T04070A1/P0189T04070A1C3F01561.jpg,189040701,123040700,gallery/P0123T04070A0/P0123T04070A0C0F04531.jpg,0.69601,0.69601,0.72739,tu_choi,tu_choi,0,1065
query/P2057T04060A1/P2057T04060A1C3F11851.jpg,2057040601,1370040600,gallery/P1370T04060A0/P1370T04060A0C0F20671.jpg,0.68692,0.68692,0.72739,tu_choi,tu_choi,0,2129
query/P3125T04060A2/P3125T04060A2C3F08671.jpg,3125040602,1566040601,gallery/P1566T04060A1/P1566T04060A1C0F19021.jpg,0.67803,0.67803,0.72739,tu_choi,tu_choi,0,2129
query/P0597T04060A1/P0597T04060A1C3F03361.jpg,597040601,588040600,gallery/P0588T04060A0/P0588T04060A0C0F10051.jpg,0.74255,0.74255,0.72739,ban_giao,sai,1,2129
query/P1046T04070A2/P1046T04070A2C3F03091.jpg,1046040702,1046040702,gallery/P1046T04070A2/P1046T04070A2C0F06151.jpg,0.6882,0.64965,0.72739,tu_choi,tu_choi,0,1065
query/P0634T04060A1/P0634T04060A1C3F02371.jpg,634040601,1530040600,gallery/P1530T04060A0/P1530T04060A0C0F22861.jpg,0.61059,0.61059,0.72739,tu_choi,tu_choi,0,2129
query/P0348T04060A0/P0348T04060A0C3F03331.jpg,348040600,348040600,gallery/P0348T04060A0/P0348T04060A0C0F07381.jpg,0.69487,0.62926,0.72739,tu_choi,tu_choi,1,2129
query/P0368T04070A0/P0368T04070A0C3F03391.jpg,368040700,368040700,gallery/P0368T04070A0/P0368T04070A0C0F06001.jpg,0.67564,0.56145,0.72739,tu_choi,tu_choi,1,1065
query/P2414T04071A0/P2414T04071A0C3F12301.jpg,2414040710,822040710,gallery/P0822T04071A0/P0822T04071A0C0F09001.jpg,0.75819,0.75819,0.72739,ban_giao,sai,1,1456
query/P1851T04060A1/P1851T04060A1C3F05881.jpg,1851040601,1851040601,gallery/P1851T04060A1/P1851T04060A1C0F21451.jpg,0.77956,0.69993,0.72739,ban_giao,dung,1,2129
query/P0522T04070A0/P0522T04070A0C3F04231.jpg,522040700,522040700,gallery/P0522T04070A0/P0522T04070A0C0F08701.jpg,0.67981,0.62726,0.72739,tu_choi,tu_choi,1,1065
query/P1066T04071A2/P1066T04071A2C3F07291.jpg,1066040712,786040711,gallery/P0786T04071A1/P0786T04071A1C0F09001.jpg,0.73659,0.73659,0.72739,ban_giao,sai,1,1456
query/P2398T04070A2/P2398T04070A2C3F08851.jpg,2398040702,345040700,gallery/P0345T04070A0/P0345T04070A0C0F06181.jpg,0.65048,0.65048,0.72739,tu_choi,tu_choi,1,1065
query/P3433T04060A2/P3433T04060A2C3F10621.jpg,3433040602,499040600,gallery/P0499T04060A0/P0499T04060A0C0F07981.jpg,0.64196,0.64196,0.72739,tu_choi,tu_choi,0,2129
query/P0049T04060A2/P0049T04060A2C3F00361.jpg,49040602,49040602,gallery/P0049T04060A2/P0049T04060A2C0F01141.jpg,0.78246,0.67949,0.72739,ban_giao,dung,0,2129
query/P1939T04071A2/P1939T04071A2C3F14221.jpg,1939040712,1573040711,gallery/P1573T04071A1/P1573T04071A1C0F18181.jpg,0.63018,0.63018,0.72739,tu_choi,tu_choi,1,1456
query/P2193T04060A1/P2193T04060A1C3F13231.jpg,2193040601,2193040601,gallery/P2193T04060A1/P2193T04060A1C0F25051.jpg,0.69253,0.67058,0.72739,tu_choi,tu_choi,0,2129
query/P1748T04070A1/P1748T04070A1C3F09841.jpg,1748040701,1748040701,gallery/P1748T04070A1/P1748T04070A1C0F20791.jpg,0.63348,0.61049,0.72739,tu_choi,tu_choi,1,1065
query/P1040T04060A0/P1040T04060A0C3F06241.jpg,1040040600,1040040600,gallery/P1040T04060A0/P1040T04060A0C0F13201.jpg,0.74056,0.71472,0.72739,ban_giao,dung,1,2129
query/P2079T04070A2/P2079T04070A2C3F07741.jpg,2079040702,2527040702,gallery/P2527T04070A2/P2527T04070A2C0F16261.jpg,0.6433,0.6433,0.72739,tu_choi,tu_choi,0,1065
query/P0368T04071A2/P0368T04071A2C3F02431.jpg,368040712,368040712,gallery/P0368T04071A2/P0368T04071A2C0F05521.jpg,0.75779,0.66054,0.72739,ban_giao,dung,1,1456
query/P2375T04071A0/P2375T04071A0C3F11281.jpg,2375040710,586040712,gallery/P0586T04071A2/P0586T04071A2C0F08761.jpg,0.76516,0.76516,0.72739,ban_giao,sai,0,1456
query/P1326T04071A1/P1326T04071A1C3F09061.jpg,1326040711,248040711,gallery/P0248T04071A1/P0248T04071A1C0F03091.jpg,0.67573,0.67573,0.72739,tu_choi,tu_choi,0,1456
query/P1173T04070A2/P1173T04070A2C3F03931.jpg,1173040702,1275040701,gallery/P1275T04070A1/P1275T04070A1C0F15241.jpg,0.58466,0.58466,0.72739,tu_choi,tu_choi,0,1065
query/P1084T04070A0/P1084T04070A0C3F11131.jpg,1084040700,1084040700,gallery/P1084T04070A0/P1084T04070A0C0F17911.jpg,0.74462,0.61273,0.72739,ban_giao,dung,0,1065
query/P0368T04070A0/P0368T04070A0C3F03031.jpg,368040700,368040700,gallery/P0368T04070A0/P0368T04070A0C0F05941.jpg,0.72657,0.58295,0.72739,tu_choi,tu_choi,1,1065
query/P0189T04051A1/P0189T04051A1C3F4081.jpg,189040511,189040511,gallery/P0189T04051A1/P0189T04051A1C0F8881.jpg,0.73639,0.63974,0.72739,ban_giao,dung,0,965
query/P0710T04060A1/P0710T04060A1C3F03271.jpg,710040601,710040601,gallery/P0710T04060A1/P0710T04060A1C0F08011.jpg,0.75433,0.67556,0.72739,ban_giao,dung,1,2129
query/P1793T04071A1/P1793T04071A1C3F11671.jpg,1793040711,1793040711,gallery/P1793T04071A1/P1793T04071A1C0F19501.jpg,0.69473,0.64106,0.72739,tu_choi,tu_choi,1,1456
query/P2508T04071A0/P2508T04071A0C3F12361.jpg,2508040710,2508040710,gallery/P2508T04071A0/P2508T04071A0C0F21811.jpg,0.65965,0.60275,0.72739,tu_choi,tu_choi,0,1456
query/P1530T04060A0/P1530T04060A0C3F10711.jpg,1530040600,1530040600,gallery/P1530T04060A0/P1530T04060A0C0F22951.jpg,0.71632,0.61947,0.72739,tu_choi,tu_choi,0,2129
query/P0916T04060A1/P0916T04060A1C3F04801.jpg,916040601,916040601,gallery/P0916T04060A1/P0916T04060A1C0F09961.jpg,0.79059,0.65174,0.72739,ban_giao,dung,0,2129
query/P1257T04071A0/P1257T04071A0C3F06001.jpg,1257040710,1257040710,gallery/P1257T04071A0/P1257T04071A0C0F11881.jpg,0.75913,0.70881,0.72739,ban_giao,dung,1,1456
query/P2508T04071A0/P2508T04071A0C3F12931.jpg,2508040710,2512040710,gallery/P2512T04071A0/P2512T04071A0C0F21811.jpg,0.62567,0.62567,0.72739,tu_choi,tu_choi,0,1456
query/P0390T04051A2/P0390T04051A2C3F6661.jpg,390040512,431040512,gallery/P0431T04051A2/P0431T04051A2C0F15961.jpg,0.62646,0.62646,0.72739,tu_choi,tu_choi,1,965
query/P1825T04060A1/P1825T04060A1C3F09901.jpg,1825040601,1825040601,gallery/P1825T04060A1/P1825T04060A1C0F22891.jpg,0.77516,0.63956,0.72739,ban_giao,dung,1,2129
query/P0002T04071A2/P0002T04071A2C3F02011.jpg,2040712,522040712,gallery/P0522T04071A2/P0522T04071A2C0F07981.jpg,0.6617,0.6617,0.72739,tu_choi,tu_choi,1,1456
query/P1066T04071A2/P1066T04071A2C3F07111.jpg,1066040712,1066040712,gallery/P1066T04071A2/P1066T04071A2C0F13921.jpg,0.74817,0.68386,0.72739,ban_giao,dung,1,1456
query/P1285T04060A1/P1285T04060A1C3F00121.jpg,1285040601,1285040601,gallery/P1285T04060A1/P1285T04060A1C0F14641.jpg,0.69451,0.64851,0.72739,tu_choi,tu_choi,1,2129
query/P2512T04071A0/P2512T04071A0C3F12781.jpg,2512040710,2512040710,gallery/P2512T04071A0/P2512T04071A0C0F21871.jpg,0.75421,0.64045,0.72739,ban_giao,dung,1,1456
query/P0431T04051A2/P0431T04051A2C3F12061.jpg,431040512,431040512,gallery/P0431T04051A2/P0431T04051A2C0F15991.jpg,0.65832,0.62953,0.72739,tu_choi,tu_choi,1,965
query/P0430T04070A1/P0430T04070A1C3F04561.jpg,430040701,574040701,gallery/P0574T04070A1/P0574T04070A1C0F04951.jpg,0.72165,0.72165,0.72739,tu_choi,tu_choi,1,1065
query/P0555T04071A1/P0555T04071A1C3F02971.jpg,555040711,368040712,gallery/P0368T04071A2/P0368T04071A2C0F05551.jpg,0.62634,0.62634,0.72739,tu_choi,tu_choi,1,1456
query/P1615T04060A2/P1615T04060A2C3F05731.jpg,1615040602,1615040602,gallery/P1615T04060A2/P1615T04060A2C0F11881.jpg,0.71447,0.62421,0.72739,tu_choi,tu_choi,0,2129
query/P3125T04060A2/P3125T04060A2C3F10291.jpg,3125040602,1182040600,gallery/P1182T04060A0/P1182T04060A0C0F16051.jpg,0.66046,0.66046,0.72739,tu_choi,tu_choi,0,2129
query/P1425T04070A0/P1425T04070A0C3F12751.jpg,1425040700,1425040700,gallery/P1425T04070A0/P1425T04070A0C0F21781.jpg,0.76135,0.68308,0.72739,ban_giao,dung,1,1065
query/P0345T04070A0/P0345T04070A0C3F03721.jpg,345040700,123040700,gallery/P0123T04070A0/P0123T04070A0C0F04981.jpg,0.60901,0.60901,0.72739,tu_choi,tu_choi,1,1065
query/P1436T04070A1/P1436T04070A1C3F08911.jpg,1436040701,1425040700,gallery/P1425T04070A0/P1425T04070A0C0F21721.jpg,0.63035,0.63035,0.72739,tu_choi,tu_choi,0,1065
query/P0499T04060A0/P0499T04060A0C3F04801.jpg,499040600,499040600,gallery/P0499T04060A0/P0499T04060A0C0F08131.jpg,0.67776,0.66926,0.72739,tu_choi,tu_choi,1,2129
query/P1046T04070A2/P1046T04070A2C3F03271.jpg,1046040702,1046040702,gallery/P1046T04070A2/P1046T04070A2C0F07111.jpg,0.66101,0.61356,0.72739,tu_choi,tu_choi,0,1065
query/P2508T04071A0/P2508T04071A0C3F12421.jpg,2508040710,1162040711,gallery/P1162T04071A1/P1162T04071A1C0F12901.jpg,0.65044,0.65044,0.72739,tu_choi,tu_choi,0,1456
query/P3433T04060A2/P3433T04060A2C3F10591.jpg,3433040602,49040602,gallery/P0049T04060A2/P0049T04060A2C0F02281.jpg,0.65992,0.65992,0.72739,tu_choi,tu_choi,0,2129
query/P0588T04060A0/P0588T04060A0C3F03961.jpg,588040600,588040600,gallery/P0588T04060A0/P0588T04060A0C0F09181.jpg,0.76504,0.64862,0.72739,ban_giao,dung,1,2129
query/P0977T04060A1/P0977T04060A1C3F05761.jpg,977040601,977040601,gallery/P0977T04060A1/P0977T04060A1C0F10891.jpg,0.64503,0.61601,0.72739,tu_choi,tu_choi,0,2129
query/P0895T04060A1/P0895T04060A1C3F04501.jpg,895040601,1040040600,gallery/P1040T04060A0/P1040T04060A0C0F12871.jpg,0.74865,0.74865,0.72739,ban_giao,sai,0,2129
query/P0157T04051A1/P0157T04051A1C3F421.jpg,157040511,157040511,gallery/P0157T04051A1/P0157T04051A1C0F751.jpg,0.88349,0.60724,0.72739,ban_giao,dung,1,965
query/P1031T04070A0/P1031T04070A0C3F11221.jpg,1031040700,1084040700,gallery/P1084T04070A0/P1084T04070A0C0F17341.jpg,0.72491,0.72491,0.72739,tu_choi,tu_choi,0,1065
query/P0395T04060A0/P0395T04060A0C3F00451.jpg,395040600,1530040600,gallery/P1530T04060A0/P1530T04060A0C0F22261.jpg,0.72057,0.72057,0.72739,tu_choi,tu_choi,1,2129
query/P0796T04071A2/P0796T04071A2C3F06421.jpg,796040712,847040710,gallery/P0847T04071A0/P0847T04071A0C0F09511.jpg,0.69342,0.69342,0.72739,tu_choi,tu_choi,1,1456
query/P1173T04070A2/P1173T04070A2C3F03331.jpg,1173040702,632040700,gallery/P0632T04070A0/P0632T04070A0C0F11161.jpg,0.56678,0.56678,0.72739,tu_choi,tu_choi,0,1065
query/P2641T04060A2/P2641T04060A2C3F14221.jpg,2641040602,499040600,gallery/P0499T04060A0/P0499T04060A0C0F07981.jpg,0.69418,0.69418,0.72739,tu_choi,tu_choi,0,2129
query/P1608T04060A2/P1608T04060A2C3F06091.jpg,1608040602,1015040600,gallery/P1015T04060A0/P1015T04060A0C0F13741.jpg,0.66886,0.66886,0.72739,tu_choi,tu_choi,1,2129
query/P1895T04060A0/P1895T04060A0C3F12721.jpg,1895040600,1040040600,gallery/P1040T04060A0/P1040T04060A0C0F13351.jpg,0.72044,0.72044,0.72739,tu_choi,tu_choi,1,2129
query/P0265T04071A2/P0265T04071A2C3F03931.jpg,265040712,522040712,gallery/P0522T04071A2/P0522T04071A2C0F07531.jpg,0.62289,0.62289,0.72739,tu_choi,tu_choi,1,1456
query/P1333T04060A0/P1333T04060A0C3F08491.jpg,1333040600,1333040600,gallery/P1333T04060A0/P1333T04060A0C0F18241.jpg,0.79559,0.5717,0.72739,ban_giao,dung,1,2129
query/P1566T04060A1/P1566T04060A1C3F09871.jpg,1566040601,1240040602,gallery/P1240T04060A2/P1240T04060A2C0F08521.jpg,0.67427,0.67427,0.72739,tu_choi,tu_choi,0,2129
query/P2527T04070A2/P2527T04070A2C3F07771.jpg,2527040702,2040040702,gallery/P2040T04070A2/P2040T04070A2C0F13081.jpg,0.69581,0.69581,0.72739,tu_choi,tu_choi,0,1065
query/P0691T04071A2/P0691T04071A2C3F06571.jpg,691040712,691040712,gallery/P0691T04071A2/P0691T04071A2C0F09931.jpg,0.77215,0.70088,0.72739,ban_giao,dung,0,1456
query/P1851T04060A1/P1851T04060A1C3F11371.jpg,1851040601,959040601,gallery/P0959T04060A1/P0959T04060A1C0F12421.jpg,0.65609,0.65609,0.72739,tu_choi,tu_choi,1,2129
query/P0796T04071A2/P0796T04071A2C3F06811.jpg,796040712,796040712,gallery/P0796T04071A2/P0796T04071A2C0F10981.jpg,0.77047,0.73931,0.72739,ban_giao,dung,1,1456
query/P0132T04051A0/P0132T04051A0C3F11641.jpg,132040510,132040510,gallery/P0132T04051A0/P0132T04051A0C0F23941.jpg,0.81494,0.73883,0.72739,ban_giao,dung,1,965
query/P0259T04071A2/P0259T04071A2C3F01441.jpg,259040712,1573040711,gallery/P1573T04071A1/P1573T04071A1C0F18211.jpg,0.64531,0.64531,0.72739,tu_choi,tu_choi,1,1456
query/P0664T04060A1/P0664T04060A1C3F02461.jpg,664040601,664040601,gallery/P0664T04060A1/P0664T04060A1C0F06121.jpg,0.72598,0.72069,0.72739,tu_choi,tu_choi,1,2129
query/P1173T04070A2/P1173T04070A2C3F03541.jpg,1173040702,1173040702,gallery/P1173T04070A2/P1173T04070A2C0F07441.jpg,0.65244,0.58376,0.72739,tu_choi,tu_choi,0,1065
query/P0368T04071A2/P0368T04071A2C3F02611.jpg,368040712,368040712,gallery/P0368T04071A2/P0368T04071A2C0F05041.jpg,0.60739,0.5964,0.72739,tu_choi,tu_choi,1,1456
query/P1551T04060A0/P1551T04060A0C3F10471.jpg,1551040600,1551040600,gallery/P1551T04060A0/P1551T04060A0C0F21301.jpg,0.68992,0.65874,0.72739,tu_choi,tu_choi,1,2129
query/P0345T04070A0/P0345T04070A0C3F03571.jpg,345040700,632040700,gallery/P0632T04070A0/P0632T04070A0C0F11821.jpg,0.61033,0.61033,0.72739,tu_choi,tu_choi,1,1065
query/P0345T04070A0/P0345T04070A0C3F04141.jpg,345040700,1425040700,gallery/P1425T04070A0/P1425T04070A0C0F21361.jpg,0.63969,0.63969,0.72739,tu_choi,tu_choi,1,1065
query/P0610T04070A0/P0610T04070A0C3F05641.jpg,610040700,610040700,gallery/P0610T04070A0/P0610T04070A0C0F12001.jpg,0.62751,0.57007,0.72739,tu_choi,tu_choi,0,1065
query/P1944T04060A2/P1944T04060A2C3F10441.jpg,1944040602,1944040602,gallery/P1944T04060A2/P1944T04060A2C0F09361.jpg,0.66453,0.62827,0.72739,tu_choi,tu_choi,0,2129
query/P0346T04070A0/P0346T04070A0C3F02551.jpg,346040700,346040700,gallery/P0346T04070A0/P0346T04070A0C0F05941.jpg,0.72198,0.65659,0.72739,tu_choi,tu_choi,1,1065
query/P0371T04060A1/P0371T04060A1C3F01111.jpg,371040601,371040601,gallery/P0371T04060A1/P0371T04060A1C0F03781.jpg,0.66862,0.59261,0.72739,tu_choi,tu_choi,0,2129
query/P1378T04071A1/P1378T04071A1C3F07681.jpg,1378040711,1378040711,gallery/P1378T04071A1/P1378T04071A1C0F16291.jpg,0.73996,0.67267,0.72739,ban_giao,dung,0,1456
query/P1084T04070A0/P1084T04070A0C3F11521.jpg,1084040700,1084040700,gallery/P1084T04070A0/P1084T04070A0C0F17731.jpg,0.69709,0.61112,0.72739,tu_choi,tu_choi,0,1065
query/P0664T04060A1/P0664T04060A1C3F02671.jpg,664040601,685040601,gallery/P0685T04060A1/P0685T04060A1C0F06961.jpg,0.73669,0.73669,0.72739,ban_giao,sai,1,2129
query/P0597T04060A1/P0597T04060A1C3F04891.jpg,597040601,348040600,gallery/P0348T04060A0/P0348T04060A0C0F07891.jpg,0.67133,0.67133,0.72739,tu_choi,tu_choi,1,2129
query/P0150T04071A1/P0150T04071A1C3F00271.jpg,150040711,150040711,gallery/P0150T04071A1/P0150T04071A1C0F04741.jpg,0.65231,0.62853,0.72739,tu_choi,tu_choi,0,1456
query/P0959T04060A1/P0959T04060A1C3F05821.jpg,959040601,959040601,gallery/P0959T04060A1/P0959T04060A1C0F12421.jpg,0.69534,0.6535,0.72739,tu_choi,tu_choi,1,2129
query/P1240T04060A2/P1240T04060A2C3F05521.jpg,1240040602,462040600,gallery/P0462T04060A0/P0462T04060A0C0F08701.jpg,0.68086,0.68086,0.72739,tu_choi,tu_choi,1,2129
query/P1825T04060A1/P1825T04060A1C3F09931.jpg,1825040601,1825040601,gallery/P1825T04060A1/P1825T04060A1C0F22861.jpg,0.7347,0.64146,0.72739,ban_giao,dung,1,2129
query/P2601T04071A0/P2601T04071A0C3F12391.jpg,2601040710,191040710,gallery/P0191T04071A0/P0191T04071A0C0F03211.jpg,0.65671,0.65671,0.72739,tu_choi,tu_choi,0,1456
query/P2641T04060A2/P2641T04060A2C3F14551.jpg,2641040602,1500040600,gallery/P1500T04060A0/P1500T04060A0C0F22051.jpg,0.65279,0.65279,0.72739,tu_choi,tu_choi,0,2129
query/P0361T04070A0/P0361T04070A0C3F04621.jpg,361040700,361040700,gallery/P0361T04070A0/P0361T04070A0C0F06091.jpg,0.65561,0.62111,0.72739,tu_choi,tu_choi,1,1065
query/P0113T04051A0/P0113T04051A0C3F11011.jpg,113040510,113040510,gallery/P0113T04051A0/P0113T04051A0C0F18811.jpg,0.72943,0.68582,0.72739,ban_giao,dung,0,965
query/P0127T04051A0/P0127T04051A0C3F11971.jpg,127040510,127040510,gallery/P0127T04051A0/P0127T04051A0C0F21901.jpg,0.79439,0.69424,0.72739,ban_giao,dung,0,965
query/P0474T04060A2/P0474T04060A2C3F02731.jpg,474040602,1370040600,gallery/P1370T04060A0/P1370T04060A0C0F20671.jpg,0.65851,0.65851,0.72739,tu_choi,tu_choi,0,2129
query/P0334T04051A2/P0334T04051A2C3F6091.jpg,334040512,334040512,gallery/P0334T04051A2/P0334T04051A2C0F7531.jpg,0.78194,0.61315,0.72739,ban_giao,dung,0,965
query/P0837T04071A0/P0837T04071A0C3F04561.jpg,837040710,837040710,gallery/P0837T04071A0/P0837T04071A0C0F09301.jpg,0.78958,0.67097,0.72739,ban_giao,dung,1,1456
query/P0703T04070A0/P0703T04070A0C3F05761.jpg,703040700,703040700,gallery/P0703T04070A0/P0703T04070A0C0F13471.jpg,0.72491,0.61182,0.72739,tu_choi,tu_choi,0,1065
query/P0555T04071A1/P0555T04071A1C3F03121.jpg,555040711,368040712,gallery/P0368T04071A2/P0368T04071A2C0F04921.jpg,0.64232,0.64232,0.72739,tu_choi,tu_choi,1,1456
query/P1162T04071A1/P1162T04071A1C3F12301.jpg,1162040711,1162040711,gallery/P1162T04071A1/P1162T04071A1C0F12541.jpg,0.6449,0.64246,0.72739,tu_choi,tu_choi,0,1456
query/P1040T04060A0/P1040T04060A0C3F06721.jpg,1040040600,1040040600,gallery/P1040T04060A0/P1040T04060A0C0F13321.jpg,0.74812,0.70024,0.72739,ban_giao,dung,1,2129
query/P0819T04071A1/P0819T04071A1C3F05461.jpg,819040711,819040711,gallery/P0819T04071A1/P0819T04071A1C0F08971.jpg,0.74677,0.69916,0.72739,ban_giao,dung,1,1456
query/P1608T04060A2/P1608T04060A2C3F05041.jpg,1608040602,588040600,gallery/P0588T04060A0/P0588T04060A0C0F09631.jpg,0.72296,0.72296,0.72739,tu_choi,tu_choi,1,2129
query/P2584T04071A0/P2584T04071A0C3F11611.jpg,2584040710,2584040710,gallery/P2584T04071A0/P2584T04071A0C0F22501.jpg,0.7159,0.66894,0.72739,tu_choi,tu_choi,0,1456
query/P1685T04070A2/P1685T04070A2C3F05791.jpg,1685040702,1084040700,gallery/P1084T04070A0/P1084T04070A0C0F18121.jpg,0.56288,0.56288,0.72739,tu_choi,tu_choi,1,1065
query/P0499T04060A0/P0499T04060A0C3F04981.jpg,499040600,499040600,gallery/P0499T04060A0/P0499T04060A0C0F08101.jpg,0.77806,0.7026,0.72739,ban_giao,dung,1,2129
query/P1436T04070A1/P1436T04070A1C3F08971.jpg,1436040701,1436040701,gallery/P1436T04070A1/P1436T04070A1C0F15661.jpg,0.63406,0.63168,0.72739,tu_choi,tu_choi,0,1065
query/P0303T04070A1/P0303T04070A1C3F01711.jpg,303040701,303040701,gallery/P0303T04070A1/P0303T04070A1C0F02851.jpg,0.63725,0.63371,0.72739,tu_choi,tu_choi,0,1065
query/P1556T04071A1/P1556T04071A1C3F10261.jpg,1556040711,1149040712,gallery/P1149T04071A2/P1149T04071A2C0F15031.jpg,0.6407,0.6407,0.72739,tu_choi,tu_choi,1,1456
query/P1944T04060A2/P1944T04060A2C3F10051.jpg,1944040602,1944040602,gallery/P1944T04060A2/P1944T04060A2C0F12151.jpg,0.71288,0.58773,0.72739,tu_choi,tu_choi,0,2129
query/P1148T04060A2/P1148T04060A2C3F06571.jpg,1148040602,1148040602,gallery/P1148T04060A2/P1148T04060A2C0F13471.jpg,0.67989,0.66477,0.72739,tu_choi,tu_choi,1,2129
query/P0769T04071A1/P0769T04071A1C3F06001.jpg,769040711,769040711,gallery/P0769T04071A1/P0769T04071A1C0F08881.jpg,0.72303,0.6253,0.72739,tu_choi,tu_choi,1,1456
query/P1436T04070A1/P1436T04070A1C3F08791.jpg,1436040701,2040040702,gallery/P2040T04070A2/P2040T04070A2C0F13171.jpg,0.65005,0.65005,0.72739,tu_choi,tu_choi,0,1065
query/P0368T04070A0/P0368T04070A0C3F03511.jpg,368040700,632040700,gallery/P0632T04070A0/P0632T04070A0C0F11161.jpg,0.62157,0.62157,0.72739,tu_choi,tu_choi,1,1065
query/P1895T04060A0/P1895T04060A0C3F12391.jpg,1895040600,1895040600,gallery/P1895T04060A0/P1895T04060A0C0F25321.jpg,0.73817,0.68077,0.72739,ban_giao,dung,1,2129
query/P1182T04060A0/P1182T04060A0C3F07981.jpg,1182040600,1182040600,gallery/P1182T04060A0/P1182T04060A0C0F15991.jpg,0.69008,0.64104,0.72739,tu_choi,tu_choi,0,2129
query/P1179T04060A0/P1179T04060A0C3F07771.jpg,1179040600,1370040600,gallery/P1370T04060A0/P1370T04060A0C0F18721.jpg,0.6114,0.6114,0.72739,tu_choi,tu_choi,0,2129
query/P0281T04060A1/P0281T04060A1C3F00991.jpg,281040601,281040601,gallery/P0281T04060A1/P0281T04060A1C0F02551.jpg,0.71369,0.68662,0.72739,tu_choi,tu_choi,0,2129
query/P1939T04071A2/P1939T04071A2C3F14101.jpg,1939040712,1939040712,gallery/P1939T04071A2/P1939T04071A2C0F25711.jpg,0.71751,0.66639,0.72739,tu_choi,tu_choi,1,1456
query/P1076T04070A0/P1076T04070A0C3F09151.jpg,1076040700,3492040702,gallery/P3492T04070A2/P3492T04070A2C0F21871.jpg,0.64792,0.64792,0.72739,tu_choi,tu_choi,1,1065
query/P1240T04060A2/P1240T04060A2C3F06451.jpg,1240040602,348040600,gallery/P0348T04060A0/P0348T04060A0C0F06571.jpg,0.69131,0.69131,0.72739,tu_choi,tu_choi,1,2129
query/P0769T04060A2/P0769T04060A2C3F02761.jpg,769040602,1285040601,gallery/P1285T04060A1/P1285T04060A1C0F14701.jpg,0.68316,0.68316,0.72739,tu_choi,tu_choi,0,2129
query/P2375T04071A0/P2375T04071A0C3F11431.jpg,2375040710,2375040710,gallery/P2375T04071A0/P2375T04071A0C0F20611.jpg,0.74129,0.72075,0.72739,ban_giao,dung,0,1456
query/P0440T04051A2/P0440T04051A2C3F7741.jpg,440040512,113040510,gallery/P0113T04051A0/P0113T04051A0C0F19561.jpg,0.68682,0.68682,0.72739,tu_choi,tu_choi,0,965
query/P0191T04071A0/P0191T04071A0C3F00601.jpg,191040710,191040710,gallery/P0191T04071A0/P0191T04071A0C0F02461.jpg,0.68243,0.62481,0.72739,tu_choi,tu_choi,0,1456
query/P0416T04070A1/P0416T04070A1C3F01771.jpg,416040701,416040701,gallery/P0416T04070A1/P0416T04070A1C0F03601.jpg,0.78395,0.69212,0.72739,ban_giao,dung,0,1065
query/P1748T04070A1/P1748T04070A1C3F09871.jpg,1748040701,1748040701,gallery/P1748T04070A1/P1748T04070A1C0F20311.jpg,0.65725,0.64802,0.72739,tu_choi,tu_choi,1,1065
query/P1933T04070A1/P1933T04070A1C3F09841.jpg,1933040701,1933040701,gallery/P1933T04070A1/P1933T04070A1C0F22621.jpg,0.726,0.66449,0.72739,tu_choi,tu_choi,0,1065
query/P0710T04060A1/P0710T04060A1C3F03931.jpg,710040601,1530040600,gallery/P1530T04060A0/P1530T04060A0C0F23011.jpg,0.65365,0.65365,0.72739,tu_choi,tu_choi,1,2129
