truy_van,pid_that,pid_du_doan,anh_uav_chon,diem_co_mat,diem_vang_mat,nguong,quyet_dinh,ket_qua,giong_ao,so_ung_vien
query/P1179T04060A0/P1179T04060A0C2F14971.jpg,1179040600,1179040600,gallery/P1179T04060A0/P1179T04060A0C0F15961.jpg,0.6856,0.65966,0.71685,tu_choi,tu_choi,0,1355
query/P1748T04070A1/P1748T04070A1C2F19711.jpg,1748040701,1748040701,gallery/P1748T04070A1/P1748T04070A1C0F20041.jpg,0.64655,0.64232,0.71685,tu_choi,tu_choi,0,989
query/P0231T04051A1/P0231T04051A1C2F26191.jpg,231040511,231040511,gallery/P0231T04051A1/P0231T04051A1C0F19261.jpg,0.67544,0.63141,0.71685,tu_choi,tu_choi,0,1168
query/P0098T04041A0/P0098T04041A0C2F26251.jpg,98040410,98040410,gallery/P0098T04041A0/P0098T04041A0C0F26551.jpg,0.67856,0.67511,0.71685,tu_choi,tu_choi,1,2334
query/P0518T04071A1/P0518T04071A1C2F05341.jpg,518040711,783040711,gallery/P0783T04071A1/P0783T04071A1C0F08431.jpg,0.66947,0.66947,0.71685,tu_choi,tu_choi,1,1617
query/P2003T04060A0/P2003T04060A0C2F26251.jpg,2003040600,2003040600,gallery/P2003T04060A0/P2003T04060A0C0F26581.jpg,0.78057,0.63522,0.71685,ban_giao,dung,0,1355
query/P0508T04051A2/P0508T04051A2C2F34861.jpg,508040512,508040512,gallery/P0508T04051A2/P0508T04051A2C0F23431.jpg,0.67495,0.64277,0.71685,tu_choi,tu_choi,1,1168
query/P1317T04060A0/P1317T04060A0C2F17941.jpg,1317040600,575040602,gallery/P0575T04060A2/P0575T04060A2C0F04591.jpg,0.60998,0.60998,0.71685,tu_choi,tu_choi,0,1355
query/P0905T04060A0/P0905T04060A0C2F10771.jpg,905040600,2290040602,gallery/P2290T04060A2/P2290T04060A2C0F14341.jpg,0.66283,0.66283,0.71685,tu_choi,tu_choi,1,1355
query/P1211T04071A1/P1211T04071A1C2F18061.jpg,1211040711,847040710,gallery/P0847T04071A0/P0847T04071A0C0F09181.jpg,0.68959,0.68959,0.71685,tu_choi,tu_choi,1,1617
query/P0518T04071A1/P0518T04071A1C2F06211.jpg,518040711,927040712,gallery/P0927T04071A2/P0927T04071A2C0F12871.jpg,0.58068,0.58068,0.71685,tu_choi,tu_choi,1,1617
query/P1895T04060A1/P1895T04060A1C2F28051.jpg,1895040601,1895040601,gallery/P1895T04060A1/P1895T04060A1C0F22441.jpg,0.68052,0.56217,0.71685,tu_choi,tu_choi,0,1355
query/P0184T04071A2/P0184T04071A2C2F08191.jpg,184040712,1622040712,gallery/P1622T04071A2/P1622T04071A2C0F22231.jpg,0.66329,0.66329,0.71685,tu_choi,tu_choi,1,1617
query/P0469T04060A2/P0469T04060A2C2F02371.jpg,469040602,1375040600,gallery/P1375T04060A0/P1375T04060A0C0F19681.jpg,0.70779,0.70779,0.71685,tu_choi,tu_choi,0,1355
query/P0313T04041A2/P0313T04041A2C2F18421.jpg,313040412,131040411,gallery/P0131T04041A1/P0131T04041A1C0F6721.jpg,0.69158,0.69158,0.71685,tu_choi,tu_choi,0,2334
query/P0880T04071A2/P0880T04071A2C2F12031.jpg,880040712,1040712,gallery/P0001T04071A2/P0001T04071A2C0F00781.jpg,0.63367,0.63367,0.71685,tu_choi,tu_choi,1,1617
query/P0656T04071A0/P0656T04071A0C2F11761.jpg,656040710,656040710,gallery/P0656T04071A0/P0656T04071A0C0F07951.jpg,0.66226,0.58932,0.71685,tu_choi,tu_choi,1,1617
query/P0441T04071A1/P0441T04071A1C2F09601.jpg,441040711,1566040711,gallery/P1566T04071A1/P1566T04071A1C0F18901.jpg,0.64266,0.64266,0.71685,tu_choi,tu_choi,0,1617
query/P0119T04070A0/P0119T04070A0C2F09331.jpg,119040700,189040701,gallery/P0189T04070A1/P0189T04070A1C0F02281.jpg,0.62105,0.62105,0.71685,tu_choi,tu_choi,1,989
query/P0656T04071A0/P0656T04071A0C2F11791.jpg,656040710,656040710,gallery/P0656T04071A0/P0656T04071A0C0F07951.jpg,0.59599,0.5743,0.71685,tu_choi,tu_choi,1,1617
query/P0303T04070A1/P0303T04070A1C2F02251.jpg,303040701,886040702,gallery/P0886T04070A2/P0886T04070A2C0F05251.jpg,0.62424,0.62424,0.71685,tu_choi,tu_choi,0,989
query/P1404T04060A1/P1404T04060A1C2F21601.jpg,1404040601,1404040601,gallery/P1404T04060A1/P1404T04060A1C0F16861.jpg,0.67044,0.62557,0.71685,tu_choi,tu_choi,0,1355
query/P1371T04060A0/P1371T04060A0C2F18331.jpg,1371040600,1371040600,gallery/P1371T04060A0/P1371T04060A0C0F18721.jpg,0.76376,0.68968,0.71685,ban_giao,dung,1,1355
query/P0623T04071A0/P0623T04071A0C2F13621.jpg,623040710,191040710,gallery/P0191T04071A0/P0191T04071A0C0F02191.jpg,0.6735,0.6735,0.71685,tu_choi,tu_choi,0,1617
query/P2230T04070A1/P2230T04070A1C2F25921.jpg,2230040701,119040700,gallery/P0119T04070A0/P0119T04070A0C0F04351.jpg,0.65189,0.65189,0.71685,tu_choi,tu_choi,1,989
query/P0880T04071A2/P0880T04071A2C2F11971.jpg,880040712,1040712,gallery/P0001T04071A2/P0001T04071A2C0F00781.jpg,0.64514,0.64514,0.71685,tu_choi,tu_choi,1,1617
query/P0959T04060A1/P0959T04060A1C2F11161.jpg,959040601,959040601,gallery/P0959T04060A1/P0959T04060A1C0F11401.jpg,0.61192,0.60025,0.71685,tu_choi,tu_choi,1,1355
query/P1559T04071A2/P1559T04071A2C2F24901.jpg,1559040712,594040710,gallery/P0594T04071A0/P0594T04071A0C0F07081.jpg,0.69174,0.69174,0.71685,tu_choi,tu_choi,1,1617
query/P1498T04071A1/P1498T04071A1C2F21991.jpg,1498040711,1498040711,gallery/P1498T04071A1/P1498T04071A1C0F17431.jpg,0.70006,0.69316,0.71685,tu_choi,tu_choi,0,1617
query/P2414T04071A0/P2414T04071A0C2F26371.jpg,2414040710,1836040710,gallery/P1836T04071A0/P1836T04071A0C0F17041.jpg,0.70159,0.70159,0.71685,tu_choi,tu_choi,1,1617
query/P1375T04060A0/P1375T04060A0C2F18691.jpg,1375040600,1375040600,gallery/P1375T04060A0/P1375T04060A0C0F18811.jpg,0.76818,0.65519,0.71685,ban_giao,dung,0,1355
query/P0269T04041A2/P0269T04041A2C2F16021.jpg,269040412,269040412,gallery/P0269T04041A2/P0269T04041A2C0F12601.jpg,0.71547,0.6573,0.71685,tu_choi,tu_choi,1,2334
query/P0022T04041A0/P0022T04041A0C2F9661.jpg,22040410,22040410,gallery/P0022T04041A0/P0022T04041A0C0F5131.jpg,0.62534,0.59583,0.71685,tu_choi,tu_choi,0,2334
query/P1724T04070A1/P1724T04070A1C2F27601.jpg,1724040701,1724040701,gallery/P1724T04070A1/P1724T04070A1C0F19771.jpg,0.61009,0.59832,0.71685,tu_choi,tu_choi,1,989
query/P1920T04060A1/P1920T04060A1C2F21451.jpg,1920040601,692040601,gallery/P0692T04060A1/P0692T04060A1C0F07831.jpg,0.6714,0.6714,0.71685,tu_choi,tu_choi,1,1355
query/P0175T04071A0/P0175T04071A0C2F06931.jpg,175040710,175040710,gallery/P0175T04071A0/P0175T04071A0C0F02401.jpg,0.64217,0.61561,0.71685,tu_choi,tu_choi,0,1617
query/P0786T04071A1/P0786T04071A1C2F14221.jpg,786040711,265040711,gallery/P0265T04071A1/P0265T04071A1C0F03241.jpg,0.70657,0.70657,0.71685,tu_choi,tu_choi,1,1617
query/P0586T04071A2/P0586T04071A2C2F13261.jpg,586040712,586040712,gallery/P0586T04071A2/P0586T04071A2C0F08311.jpg,0.68579,0.67065,0.71685,tu_choi,tu_choi,1,1617
query/P1040T04060A0/P1040T04060A0C2F12661.jpg,1040040600,588040600,gallery/P0588T04060A0/P0588T04060A0C0F08971.jpg,0.75822,0.75822,0.71685,ban_giao,sai,1,1355
query/P0724T04060A1/P0724T04060A1C2F12481.jpg,724040601,1375040600,gallery/P1375T04060A0/P1375T04060A0C0F20101.jpg,0.63865,0.63865,0.71685,tu_choi,tu_choi,1,1355
query/P0188T04041A1/P0188T04041A1C2F26191.jpg,188040411,188040411,gallery/P0188T04041A1/P0188T04041A1C0F22951.jpg,0.69583,0.6562,0.71685,tu_choi,tu_choi,1,2334
query/P1748T04070A1/P1748T04070A1C2F18481.jpg,1748040701,441040700,gallery/P0441T04070A0/P0441T04070A0C0F08581.jpg,0.63233,0.63233,0.71685,tu_choi,tu_choi,0,989
query/P0262T04041A2/P0262T04041A2C2F10381.jpg,262040412,262040412,gallery/P0262T04041A2/P0262T04041A2C0F11521.jpg,0.73694,0.68151,0.71685,ban_giao,dung,0,2334
query/P0184T04071A2/P0184T04071A2C2F08461.jpg,184040712,1211040711,gallery/P1211T04071A1/P1211T04071A1C0F13381.jpg,0.65453,0.65453,0.71685,tu_choi,tu_choi,1,1617
query/P0657T04070A2/P0657T04070A2C2F09871.jpg,657040702,574040701,gallery/P0574T04070A1/P0574T04070A1C0F05011.jpg,0.67073,0.67073,0.71685,tu_choi,tu_choi,1,989
query/P2290T04060A2/P2290T04060A2C2F19111.jpg,2290040602,588040600,gallery/P0588T04060A0/P0588T04060A0C0F08971.jpg,0.76304,0.76304,0.71685,ban_giao,sai,1,1355
query/P0819T04071A1/P0819T04071A1C2F11941.jpg,819040711,1706040712,gallery/P1706T04071A2/P1706T04071A2C0F23131.jpg,0.74966,0.74966,0.71685,ban_giao,sai,1,1617
query/P2230T04070A1/P2230T04070A1C2F26131.jpg,2230040701,119040700,gallery/P0119T04070A0/P0119T04070A0C0F05101.jpg,0.65183,0.65183,0.71685,tu_choi,tu_choi,1,989
query/P1176T04060A1/P1176T04060A1C2F12511.jpg,1176040601,1176040601,gallery/P1176T04060A1/P1176T04060A1C0F15031.jpg,0.75031,0.6043,0.71685,ban_giao,dung,0,1355
query/P1066T04071A2/P1066T04071A2C2F14671.jpg,1066040712,1066040712,gallery/P1066T04071A2/P1066T04071A2C0F15781.jpg,0.69143,0.67895,0.71685,tu_choi,tu_choi,1,1617
query/P0739T04070A1/P0739T04070A1C2F12541.jpg,739040701,325040702,gallery/P0325T04070A2/P0325T04070A2C0F01651.jpg,0.65621,0.65621,0.71685,tu_choi,tu_choi,0,989
query/P1360T04060A1/P1360T04060A1C2F08281.jpg,1360040601,692040601,gallery/P0692T04060A1/P0692T04060A1C0F07051.jpg,0.68902,0.68902,0.71685,tu_choi,tu_choi,1,1355
query/P0191T04071A0/P0191T04071A0C2F01621.jpg,191040710,594040710,gallery/P0594T04071A0/P0594T04071A0C0F06991.jpg,0.71292,0.71292,0.71685,tu_choi,tu_choi,1,1617
query/P0127T04071A2/P0127T04071A2C2F00901.jpg,127040712,248040711,gallery/P0248T04071A1/P0248T04071A1C0F02791.jpg,0.72782,0.72782,0.71685,ban_giao,sai,0,1617
query/P1615T04060A2/P1615T04060A2C2F09901.jpg,1615040602,1042040600,gallery/P1042T04060A0/P1042T04060A0C0F14431.jpg,0.70333,0.70333,0.71685,tu_choi,tu_choi,1,1355
query/P1838T04071A2/P1838T04071A2C2F30691.jpg,1838040712,191040710,gallery/P0191T04071A0/P0191T04071A0C0F02371.jpg,0.64965,0.64965,0.71685,tu_choi,tu_choi,0,1617
query/P0414T04051A2/P0414T04051A2C2F19651.jpg,414040512,271040512,gallery/P0271T04051A2/P0271T04051A2C0F331.jpg,0.64825,0.64825,0.71685,tu_choi,tu_choi,1,1168
query/P2512T04071A0/P2512T04071A0C2F26581.jpg,2512040710,225040710,gallery/P0225T04071A0/P0225T04071A0C0F02551.jpg,0.61272,0.61272,0.71685,tu_choi,tu_choi,1,1617
query/P0590T04070A2/P0590T04070A2C2F03841.jpg,590040702,119040700,gallery/P0119T04070A0/P0119T04070A0C0F04831.jpg,0.64011,0.64011,0.71685,tu_choi,tu_choi,1,989
query/P3727T04060A2/P3727T04060A2C2F21511.jpg,3727040602,3727040602,gallery/P3727T04060A2/P3727T04060A2C0F25081.jpg,0.78002,0.69542,0.71685,ban_giao,dung,0,1355
query/P0465T04051A2/P0465T04051A2C2F30721.jpg,465040512,465040512,gallery/P0465T04051A2/P0465T04051A2C0F18541.jpg,0.61645,0.58126,0.71685,tu_choi,tu_choi,0,1168
query/P0761T04070A0/P0761T04070A0C2F10501.jpg,761040700,761040700,gallery/P0761T04070A0/P0761T04070A0C0F12721.jpg,0.67181,0.6646,0.71685,tu_choi,tu_choi,1,989
query/P1556T04071A1/P1556T04071A1C2F22201.jpg,1556040711,1556040711,gallery/P1556T04071A1/P1556T04071A1C0F18241.jpg,0.6401,0.61331,0.71685,tu_choi,tu_choi,1,1617
query/P0594T04071A0/P0594T04071A0C2F06721.jpg,594040710,594040710,gallery/P0594T04071A0/P0594T04071A0C0F07141.jpg,0.71438,0.61385,0.71685,tu_choi,tu_choi,1,1617
query/P0845T04071A0/P0845T04071A0C2F09181.jpg,845040710,845040710,gallery/P0845T04071A0/P0845T04071A0C0F09721.jpg,0.62167,0.61124,0.71685,tu_choi,tu_choi,1,1617
query/P1371T04060A0/P1371T04060A0C2F18721.jpg,1371040600,1371040600,gallery/P1371T04060A0/P1371T04060A0C0F18691.jpg,0.75531,0.73396,0.71685,ban_giao,dung,1,1355
query/P0133T04051A0/P0133T04051A0C2F20551.jpg,133040510,133040510,gallery/P0133T04051A0/P0133T04051A0C0F23311.jpg,0.73137,0.72796,0.71685,ban_giao,dung,1,1168
query/P0606T04071A0/P0606T04071A0C2F07681.jpg,606040710,783040711,gallery/P0783T04071A1/P0783T04071A1C0F09151.jpg,0.73545,0.73545,0.71685,ban_giao,sai,1,1617
query/P0150T04071A1/P0150T04071A1C2F00961.jpg,150040711,150040711,gallery/P0150T04071A1/P0150T04071A1C0F02671.jpg,0.7373,0.67892,0.71685,ban_giao,dung,0,1617
query/P1559T04071A2/P1559T04071A2C2F25471.jpg,1559040712,594040710,gallery/P0594T04071A0/P0594T04071A0C0F07741.jpg,0.71833,0.71833,0.71685,ban_giao,sai,1,1617
query/P1333T04060A0/P1333T04060A0C2F16561.jpg,1333040600,1333040600,gallery/P1333T04060A0/P1333T04060A0C0F18001.jpg,0.63953,0.62756,0.71685,tu_choi,tu_choi,1,1355
query/P0330T04051A2/P0330T04051A2C2F12631.jpg,330040512,335040512,gallery/P0335T04051A2/P0335T04051A2C0F8251.jpg,0.64829,0.64829,0.71685,tu_choi,tu_choi,1,1168
query/P0973T04071A0/P0973T04071A0C2F14791.jpg,973040710,1706040712,gallery/P1706T04071A2/P1706T04071A2C0F23251.jpg,0.68487,0.68487,0.71685,tu_choi,tu_choi,1,1617
query/P0225T04071A0/P0225T04071A0C2F01561.jpg,225040710,191040710,gallery/P0191T04071A0/P0191T04071A0C0F02341.jpg,0.67583,0.67583,0.71685,tu_choi,tu_choi,1,1617
query/P0768T04071A2/P0768T04071A2C2F10111.jpg,768040712,783040711,gallery/P0783T04071A1/P0783T04071A1C0F08431.jpg,0.65618,0.65618,0.71685,tu_choi,tu_choi,0,1617
query/P0721T04070A1/P0721T04070A1C2F06631.jpg,721040701,1774040700,gallery/P1774T04070A0/P1774T04070A0C0F26911.jpg,0.67241,0.67241,0.71685,tu_choi,tu_choi,1,989
query/P2601T04071A0/P2601T04071A0C2F26791.jpg,2601040710,594040710,gallery/P0594T04071A0/P0594T04071A0C0F07891.jpg,0.64311,0.64311,0.71685,tu_choi,tu_choi,0,1617
query/P0362T04070A2/P0362T04070A2C2F02401.jpg,362040702,362040702,gallery/P0362T04070A2/P0362T04070A2C0F01981.jpg,0.61891,0.59922,0.71685,tu_choi,tu_choi,0,989
query/P2414T04071A0/P2414T04071A0C2F26431.jpg,2414040710,1836040710,gallery/P1836T04071A0/P1836T04071A0C0F17041.jpg,0.71166,0.71166,0.71685,tu_choi,tu_choi,1,1617
query/P1730T04060A0/P1730T04060A0C2F22141.jpg,1730040600,692040601,gallery/P0692T04060A1/P0692T04060A1C0F07441.jpg,0.66885,0.66885,0.71685,tu_choi,tu_choi,1,1355
query/P2230T04070A1/P2230T04070A1C2F26191.jpg,2230040701,119040700,gallery/P0119T04070A0/P0119T04070A0C0F04801.jpg,0.63645,0.63645,0.71685,tu_choi,tu_choi,1,989
query/P0959T04060A1/P0959T04060A1C2F10801.jpg,959040601,724040601,gallery/P0724T04060A1/P0724T04060A1C0F06691.jpg,0.65624,0.65624,0.71685,tu_choi,tu_choi,1,1355
query/P0606T04071A0/P0606T04071A0C2F07861.jpg,606040710,175040710,gallery/P0175T04071A0/P0175T04071A0C0F02401.jpg,0.71747,0.71747,0.71685,ban_giao,sai,1,1617
query/P0441T04070A0/P0441T04070A0C2F06841.jpg,441040700,441040700,gallery/P0441T04070A0/P0441T04070A0C0F08461.jpg,0.70863,0.65931,0.71685,tu_choi,tu_choi,0,989
query/P0691T04071A2/P0691T04071A2C2F14191.jpg,691040712,691040712,gallery/P0691T04071A2/P0691T04071A2C0F09991.jpg,0.73587,0.63629,0.71685,ban_giao,dung,0,1617
query/P0994T04071A1/P0994T04071A1C2F16921.jpg,994040711,175040710,gallery/P0175T04071A0/P0175T04071A0C0F02401.jpg,0.73134,0.73134,0.71685,ban_giao,sai,0,1617
query/P2290T04060A2/P2290T04060A2C2F18421.jpg,2290040602,1371040600,gallery/P1371T04060A0/P1371T04060A0C0F18901.jpg,0.64126,0.64126,0.71685,tu_choi,tu_choi,1,1355
query/P0691T04071A2/P0691T04071A2C2F14281.jpg,691040712,1005040710,gallery/P1005T04071A0/P1005T04071A0C0F09811.jpg,0.67194,0.67194,0.71685,tu_choi,tu_choi,0,1617
query/P0588T04060A0/P0588T04060A0C2F08161.jpg,588040600,588040600,gallery/P0588T04060A0/P0588T04060A0C0F08971.jpg,0.72442,0.71342,0.71685,ban_giao,dung,1,1355
query/P0127T04071A2/P0127T04071A2C2F01531.jpg,127040712,248040711,gallery/P0248T04071A1/P0248T04071A1C0F03181.jpg,0.67694,0.67694,0.71685,tu_choi,tu_choi,0,1617
query/P0994T04071A1/P0994T04071A1C2F16621.jpg,994040711,666040710,gallery/P0666T04071A0/P0666T04071A0C0F08971.jpg,0.68035,0.68035,0.71685,tu_choi,tu_choi,0,1617
query/P1748T04070A1/P1748T04070A1C2F18511.jpg,1748040701,345040702,gallery/P0345T04070A2/P0345T04070A2C0F02671.jpg,0.64578,0.64578,0.71685,tu_choi,tu_choi,0,989
query/P0186T04041A1/P0186T04041A1C2F19651.jpg,186040411,186040411,gallery/P0186T04041A1/P0186T04041A1C0F21901.jpg,0.64087,0.62636,0.71685,tu_choi,tu_choi,0,2334
query/P0769T04060A2/P0769T04060A2C2F03961.jpg,769040602,959040601,gallery/P0959T04060A1/P0959T04060A1C0F10621.jpg,0.62233,0.62233,0.71685,tu_choi,tu_choi,0,1355
query/P0664T04060A1/P0664T04060A1C2F04951.jpg,664040601,1042040600,gallery/P1042T04060A0/P1042T04060A0C0F14491.jpg,0.70873,0.70873,0.71685,tu_choi,tu_choi,1,1355
query/P1920T04060A1/P1920T04060A1C2F21571.jpg,1920040601,1404040601,gallery/P1404T04060A1/P1404T04060A1C0F16471.jpg,0.65623,0.65623,0.71685,tu_choi,tu_choi,1,1355
query/P0430T04070A1/P0430T04070A1C2F09631.jpg,430040701,616040700,gallery/P0616T04070A0/P0616T04070A0C0F11191.jpg,0.69472,0.69472,0.71685,tu_choi,tu_choi,1,989
query/P0944T04070A0/P0944T04070A0C2F19801.jpg,944040700,944040700,gallery/P0944T04070A0/P0944T04070A0C0F14971.jpg,0.62184,0.5967,0.71685,tu_choi,tu_choi,1,989
query/P0578T04071A1/P0578T04071A1C2F06061.jpg,578040711,783040711,gallery/P0783T04071A1/P0783T04071A1C0F09151.jpg,0.73612,0.73612,0.71685,ban_giao,sai,1,1617
query/P0895T04060A1/P0895T04060A1C2F08251.jpg,895040601,2290040602,gallery/P2290T04060A2/P2290T04060A2C0F14281.jpg,0.7151,0.7151,0.71685,tu_choi,tu_choi,0,1355
query/P0335T04060A0/P0335T04060A0C2F06181.jpg,335040600,335040600,gallery/P0335T04060A0/P0335T04060A0C0F06751.jpg,0.68964,0.68295,0.71685,tu_choi,tu_choi,1,1355
query/P1180T04060A0/P1180T04060A0C2F15331.jpg,1180040600,936040601,gallery/P0936T04060A1/P0936T04060A1C0F10411.jpg,0.62739,0.62739,0.71685,tu_choi,tu_choi,0,1355
query/P1851T04060A1/P1851T04060A1C2F04951.jpg,1851040601,1851040601,gallery/P1851T04060A1/P1851T04060A1C0F21901.jpg,0.71811,0.59245,0.71685,ban_giao,dung,1,1355
query/P2375T04071A0/P2375T04071A0C2F25471.jpg,2375040710,191040710,gallery/P0191T04071A0/P0191T04071A0C0F02191.jpg,0.69347,0.69347,0.71685,tu_choi,tu_choi,0,1617
query/P0441T04070A0/P0441T04070A0C2F07021.jpg,441040700,441040700,gallery/P0441T04070A0/P0441T04070A0C0F08461.jpg,0.66282,0.62684,0.71685,tu_choi,tu_choi,0,989
query/P0474T04060A2/P0474T04060A2C2F08851.jpg,474040602,1375040600,gallery/P1375T04060A0/P1375T04060A0C0F20221.jpg,0.66845,0.66845,0.71685,tu_choi,tu_choi,0,1355
query/P1498T04071A1/P1498T04071A1C2F22651.jpg,1498040711,1652040710,gallery/P1652T04071A0/P1652T04071A0C0F15421.jpg,0.65794,0.65794,0.71685,tu_choi,tu_choi,0,1617
query/P2601T04071A0/P2601T04071A0C2F26371.jpg,2601040710,768040712,gallery/P0768T04071A2/P0768T04071A2C0F10711.jpg,0.61873,0.61873,0.71685,tu_choi,tu_choi,0,1617
query/P0419T04071A2/P0419T04071A2C2F05941.jpg,419040712,1706040712,gallery/P1706T04071A2/P1706T04071A2C0F22801.jpg,0.68765,0.68765,0.71685,tu_choi,tu_choi,0,1617
query/P0692T04060A1/P0692T04060A1C2F06451.jpg,692040601,1042040600,gallery/P1042T04060A0/P1042T04060A0C0F14491.jpg,0.6924,0.6924,0.71685,tu_choi,tu_choi,0,1355
query/P1851T04060A1/P1851T04060A1C2F04561.jpg,1851040601,1354040602,gallery/P1354T04060A2/P1354T04060A2C0F09151.jpg,0.63812,0.63812,0.71685,tu_choi,tu_choi,1,1355
query/P1040T04060A0/P1040T04060A0C2F12361.jpg,1040040600,1895040600,gallery/P1895T04060A0/P1895T04060A0C0F25111.jpg,0.71303,0.71303,0.71685,tu_choi,tu_choi,1,1355
query/P2210T04060A1/P2210T04060A1C2F24481.jpg,2210040601,395040600,gallery/P0395T04060A0/P0395T04060A0C0F06781.jpg,0.69669,0.69669,0.71685,tu_choi,tu_choi,1,1355
query/P1846T04070A0/P1846T04070A0C2F26881.jpg,1846040700,1846040700,gallery/P1846T04070A0/P1846T04070A0C0F27391.jpg,0.65547,0.60101,0.71685,tu_choi,tu_choi,0,989
query/P0739T04070A1/P0739T04070A1C2F12901.jpg,739040701,441040700,gallery/P0441T04070A0/P0441T04070A0C0F08671.jpg,0.65836,0.65836,0.71685,tu_choi,tu_choi,0,989
query/P0917T04071A1/P0917T04071A1C2F15241.jpg,917040711,191040710,gallery/P0191T04071A0/P0191T04071A0C0F02191.jpg,0.65586,0.65586,0.71685,tu_choi,tu_choi,0,1617
query/P0590T04070A2/P0590T04070A2C2F03631.jpg,590040702,119040700,gallery/P0119T04070A0/P0119T04070A0C0F04591.jpg,0.65508,0.65508,0.71685,tu_choi,tu_choi,1,989
query/P0710T04060A1/P0710T04060A1C2F06151.jpg,710040601,710040601,gallery/P0710T04060A1/P0710T04060A1C0F08641.jpg,0.70983,0.61621,0.71685,tu_choi,tu_choi,1,1355
query/P2197T04070A1/P2197T04070A1C2F30031.jpg,2197040701,886040702,gallery/P0886T04070A2/P0886T04070A2C0F05251.jpg,0.58697,0.58697,0.71685,tu_choi,tu_choi,0,989
query/P1498T04071A1/P1498T04071A1C2F21901.jpg,1498040711,441040711,gallery/P0441T04071A1/P0441T04071A1C0F05491.jpg,0.64835,0.64835,0.71685,tu_choi,tu_choi,0,1617
query/P3880T04060A2/P3880T04060A2C2F23911.jpg,3880040602,1375040600,gallery/P1375T04060A0/P1375T04060A0C0F20251.jpg,0.67206,0.67206,0.71685,tu_choi,tu_choi,1,1355
query/P0518T04071A1/P0518T04071A1C2F05581.jpg,518040711,248040711,gallery/P0248T04071A1/P0248T04071A1C0F03631.jpg,0.66562,0.66562,0.71685,tu_choi,tu_choi,1,1617
query/P1360T04060A1/P1360T04060A1C2F07471.jpg,1360040601,588040600,gallery/P0588T04060A0/P0588T04060A0C0F10381.jpg,0.72511,0.72511,0.71685,ban_giao,sai,1,1355
query/P0262T04051A1/P0262T04051A1C2F25591.jpg,262040511,378040512,gallery/P0378T04051A2/P0378T04051A2C0F11401.jpg,0.61122,0.61122,0.71685,tu_choi,tu_choi,0,1168
query/P1846T04070A0/P1846T04070A0C2F26641.jpg,1846040700,616040700,gallery/P0616T04070A0/P0616T04070A0C0F11191.jpg,0.67255,0.67255,0.71685,tu_choi,tu_choi,0,989
query/P0905T04060A0/P0905T04060A0C2F11281.jpg,905040600,905040600,gallery/P0905T04060A0/P0905T04060A0C0F11851.jpg,0.69086,0.63008,0.71685,tu_choi,tu_choi,1,1355
query/P0184T04070A1/P0184T04070A1C2F02221.jpg,184040701,184040701,gallery/P0184T04070A1/P0184T04070A1C0F02401.jpg,0.70799,0.66089,0.71685,tu_choi,tu_choi,1,989
query/P2527T04070A2/P2527T04070A2C2F15481.jpg,2527040702,184040701,gallery/P0184T04070A1/P0184T04070A1C0F03181.jpg,0.6037,0.6037,0.71685,tu_choi,tu_choi,0,989
query/P0692T04060A1/P0692T04060A1C2F05131.jpg,692040601,692040601,gallery/P0692T04060A1/P0692T04060A1C0F07801.jpg,0.66549,0.64481,0.71685,tu_choi,tu_choi,0,1355
query/P0936T04060A1/P0936T04060A1C2F10531.jpg,936040601,936040601,gallery/P0936T04060A1/P0936T04060A1C0F10321.jpg,0.61922,0.56556,0.71685,tu_choi,tu_choi,0,1355
query/P3880T04060A2/P3880T04060A2C2F23821.jpg,3880040602,1317040600,gallery/P1317T04060A0/P1317T04060A0C0F19531.jpg,0.68206,0.68206,0.71685,tu_choi,tu_choi,1,1355
query/P0692T04060A1/P0692T04060A1C2F05761.jpg,692040601,1042040600,gallery/P1042T04060A0/P1042T04060A0C0F14491.jpg,0.74109,0.74109,0.71685,ban_giao,sai,0,1355
query/P0184T04070A1/P0184T04070A1C2F01951.jpg,184040701,657040702,gallery/P0657T04070A2/P0657T04070A2C0F03781.jpg,0.65734,0.65734,0.71685,tu_choi,tu_choi,1,989
query/P0307T04051A2/P0307T04051A2C2F9241.jpg,307040512,239040511,gallery/P0239T04051A1/P0239T04051A1C0F21781.jpg,0.66741,0.66741,0.71685,tu_choi,tu_choi,1,1168
query/P0059T04051A0/P0059T04051A0C2F13891.jpg,59040510,271040512,gallery/P0271T04051A2/P0271T04051A2C0F391.jpg,0.63351,0.63351,0.71685,tu_choi,tu_choi,0,1168
query/P0575T04060A2/P0575T04060A2C2F09181.jpg,575040602,588040600,gallery/P0588T04060A0/P0588T04060A0C0F09661.jpg,0.69423,0.69423,0.71685,tu_choi,tu_choi,0,1355
query/P0145T04060A2/P0145T04060A2C2F05581.jpg,145040602,1042040600,gallery/P1042T04060A0/P1042T04060A0C0F14491.jpg,0.67072,0.67072,0.71685,tu_choi,tu_choi,1,1355
query/P0189T04051A1/P0189T04051A1C2F8281.jpg,189040511,152040511,gallery/P0152T04051A1/P0152T04051A1C0F2071.jpg,0.64382,0.64382,0.71685,tu_choi,tu_choi,0,1168
query/P1895T04060A1/P1895T04060A1C2F27901.jpg,1895040601,1895040601,gallery/P1895T04060A1/P1895T04060A1C0F22441.jpg,0.65815,0.64226,0.71685,tu_choi,tu_choi,0,1355
query/P1785T04071A2/P1785T04071A2C2F23311.jpg,1785040712,1785040712,gallery/P1785T04071A2/P1785T04071A2C0F24301.jpg,0.73683,0.58399,0.71685,ban_giao,dung,0,1617
query/P0664T04060A1/P0664T04060A1C2F05401.jpg,664040601,1040040600,gallery/P1040T04060A0/P1040T04060A0C0F13201.jpg,0.68747,0.68747,0.71685,tu_choi,tu_choi,1,1355
query/P0115T04041A1/P0115T04041A1C2F961.jpg,115040411,306040412,gallery/P0306T04041A2/P0306T04041A2C0F18721.jpg,0.66395,0.66395,0.71685,tu_choi,tu_choi,0,2334
query/P1793T04071A1/P1793T04071A1C2F24481.jpg,1793040711,2508040710,gallery/P2508T04071A0/P2508T04071A0C0F22051.jpg,0.68119,0.68119,0.71685,tu_choi,tu_choi,1,1617
query/P0420T04071A2/P0420T04071A2C2F06061.jpg,420040712,420040712,gallery/P0420T04071A2/P0420T04071A2C0F05911.jpg,0.65299,0.62216,0.71685,tu_choi,tu_choi,0,1617
query/P0994T04071A1/P0994T04071A1C2F16141.jpg,994040711,2414040710,gallery/P2414T04071A0/P2414T04071A0C0F21421.jpg,0.63315,0.63315,0.71685,tu_choi,tu_choi,0,1617
query/P2508T04071A0/P2508T04071A0C2F27091.jpg,2508040710,2511040710,gallery/P2511T04071A0/P2511T04071A0C0F21931.jpg,0.64277,0.64277,0.71685,tu_choi,tu_choi,0,1617
query/P2265T04060A1/P2265T04060A1C2F25621.jpg,2265040601,2265040601,gallery/P2265T04060A1/P2265T04060A1C0F26011.jpg,0.65919,0.61147,0.71685,tu_choi,tu_choi,1,1355
query/P1031T04070A0/P1031T04070A0C2F23701.jpg,1031040700,1031040700,gallery/P1031T04070A0/P1031T04070A0C0F17011.jpg,0.6716,0.64756,0.71685,tu_choi,tu_choi,0,989
query/P0469T04060A2/P0469T04060A2C2F03481.jpg,469040602,469040602,gallery/P0469T04060A2/P0469T04060A2C0F04501.jpg,0.63659,0.5593,0.71685,tu_choi,tu_choi,0,1355
query/P0657T04060A1/P0657T04060A1C2F05491.jpg,657040601,692040601,gallery/P0692T04060A1/P0692T04060A1C0F07411.jpg,0.63142,0.63142,0.71685,tu_choi,tu_choi,0,1355
query/P3935T04060A2/P3935T04060A2C2F29911.jpg,3935040602,1040040600,gallery/P1040T04060A0/P1040T04060A0C0F13351.jpg,0.70463,0.70463,0.71685,tu_choi,tu_choi,1,1355
query/P0430T04070A1/P0430T04070A1C2F09511.jpg,430040701,119040700,gallery/P0119T04070A0/P0119T04070A0C0F04591.jpg,0.59708,0.59708,0.71685,tu_choi,tu_choi,1,989
query/P0306T04041A2/P0306T04041A2C2F18001.jpg,306040412,139040411,gallery/P0139T04041A1/P0139T04041A1C0F8791.jpg,0.67745,0.67745,0.71685,tu_choi,tu_choi,0,2334
query/P0656T04071A0/P0656T04071A0C2F12511.jpg,656040710,656040710,gallery/P0656T04071A0/P0656T04071A0C0F07591.jpg,0.70454,0.68955,0.71685,tu_choi,tu_choi,1,1617
query/P0345T04070A0/P0345T04070A0C2F10381.jpg,345040700,345040700,gallery/P0345T04070A0/P0345T04070A0C0F05911.jpg,0.70088,0.65566,0.71685,tu_choi,tu_choi,1,989
query/P1724T04070A1/P1724T04070A1C2F26941.jpg,1724040701,944040700,gallery/P0944T04070A0/P0944T04070A0C0F15721.jpg,0.65719,0.65719,0.71685,tu_choi,tu_choi,1,989
query/P0303T04070A1/P0303T04070A1C2F01891.jpg,303040701,1173040702,gallery/P1173T04070A2/P1173T04070A2C0F07891.jpg,0.66585,0.66585,0.71685,tu_choi,tu_choi,0,989
query/P0590T04070A2/P0590T04070A2C2F03571.jpg,590040702,189040701,gallery/P0189T04070A1/P0189T04070A1C0F02011.jpg,0.67736,0.67736,0.71685,tu_choi,tu_choi,1,989
query/P0522T04071A2/P0522T04071A2C2F12031.jpg,522040712,175040710,gallery/P0175T04071A0/P0175T04071A0C0F02401.jpg,0.65863,0.65863,0.71685,tu_choi,tu_choi,1,1617
query/P0574T04070A1/P0574T04070A1C2F09571.jpg,574040701,616040700,gallery/P0616T04070A0/P0616T04070A0C0F11191.jpg,0.67687,0.67687,0.71685,tu_choi,tu_choi,1,989
query/P0739T04070A1/P0739T04070A1C2F13201.jpg,739040701,441040700,gallery/P0441T04070A0/P0441T04070A0C0F08641.jpg,0.65297,0.65297,0.71685,tu_choi,tu_choi,0,989
query/P0150T04071A1/P0150T04071A1C2F01381.jpg,150040711,150040711,gallery/P0150T04071A1/P0150T04071A1C0F03241.jpg,0.73391,0.64298,0.71685,ban_giao,dung,0,1617
query/P0606T04071A0/P0606T04071A0C2F07621.jpg,606040710,783040711,gallery/P0783T04071A1/P0783T04071A1C0F09121.jpg,0.71727,0.71727,0.71685,ban_giao,sai,1,1617
query/P2210T04060A1/P2210T04060A1C2F24541.jpg,2210040601,692040601,gallery/P0692T04060A1/P0692T04060A1C0F07831.jpg,0.67455,0.67455,0.71685,tu_choi,tu_choi,1,1355
query/P0555T04071A1/P0555T04071A1C2F05311.jpg,555040711,845040710,gallery/P0845T04071A0/P0845T04071A0C0F09871.jpg,0.66105,0.66105,0.71685,tu_choi,tu_choi,1,1617
query/P2043T04071A0/P2043T04071A0C2F17971.jpg,2043040710,2043040710,gallery/P2043T04071A0/P2043T04071A0C0F17761.jpg,0.63736,0.62244,0.71685,tu_choi,tu_choi,1,1617
query/P2527T04070A2/P2527T04070A2C2F15751.jpg,2527040702,616040700,gallery/P0616T04070A0/P0616T04070A0C0F11191.jpg,0.64292,0.64292,0.71685,tu_choi,tu_choi,0,989
query/P0345T04070A0/P0345T04070A0C2F10711.jpg,345040700,345040700,gallery/P0345T04070A0/P0345T04070A0C0F05791.jpg,0.68156,0.68122,0.71685,tu_choi,tu_choi,1,989
query/P0847T04071A0/P0847T04071A0C2F13951.jpg,847040710,847040710,gallery/P0847T04071A0/P0847T04071A0C0F09421.jpg,0.71196,0.69561,0.71685,tu_choi,tu_choi,1,1617
query/P1404T04060A1/P1404T04060A1C2F21301.jpg,1404040601,1179040600,gallery/P1179T04060A0/P1179T04060A0C0F15541.jpg,0.63867,0.63867,0.71685,tu_choi,tu_choi,0,1355
query/P2375T04071A0/P2375T04071A0C2F24721.jpg,2375040710,1622040712,gallery/P1622T04071A2/P1622T04071A2C0F22231.jpg,0.61785,0.61785,0.71685,tu_choi,tu_choi,0,1617
query/P0973T04071A0/P0973T04071A0C2F14611.jpg,973040710,973040710,gallery/P0973T04071A0/P0973T04071A0C0F10261.jpg,0.72613,0.69297,0.71685,ban_giao,dung,1,1617
query/P0259T04071A2/P0259T04071A2C2F02851.jpg,259040712,652040710,gallery/P0652T04071A0/P0652T04071A0C0F07981.jpg,0.62068,0.62068,0.71685,tu_choi,tu_choi,1,1617
query/P0184T04070A1/P0184T04070A1C2F02131.jpg,184040701,184040701,gallery/P0184T04070A1/P0184T04070A1C0F02461.jpg,0.70482,0.67498,0.71685,tu_choi,tu_choi,1,989
query/P0248T04071A1/P0248T04071A1C2F08371.jpg,248040711,248040711,gallery/P0248T04071A1/P0248T04071A1C0F03631.jpg,0.62834,0.61328,0.71685,tu_choi,tu_choi,0,1617
query/P0616T04070A0/P0616T04070A0C2F10651.jpg,616040700,574040701,gallery/P0574T04070A1/P0574T04070A1C0F04951.jpg,0.69433,0.69433,0.71685,tu_choi,tu_choi,1,989
query/P0387T04071A1/P0387T04071A1C2F09121.jpg,387040711,191040710,gallery/P0191T04071A0/P0191T04071A0C0F02371.jpg,0.62461,0.62461,0.71685,tu_choi,tu_choi,1,1617
query/P0710T04060A1/P0710T04060A1C2F06901.jpg,710040601,710040601,gallery/P0710T04060A1/P0710T04060A1C0F08641.jpg,0.63382,0.58376,0.71685,tu_choi,tu_choi,1,1355
query/P1556T04071A1/P1556T04071A1C2F21991.jpg,1556040711,1556040711,gallery/P1556T04071A1/P1556T04071A1C0F18301.jpg,0.7172,0.68498,0.71685,ban_giao,dung,1,1617
query/P1895T04060A1/P1895T04060A1C2F28351.jpg,1895040601,1895040601,gallery/P1895T04060A1/P1895T04060A1C0F22441.jpg,0.73619,0.61329,0.71685,ban_giao,dung,0,1355
query/P2067T04071A1/P2067T04071A1C2F24301.jpg,2067040711,623040710,gallery/P0623T04071A0/P0623T04071A0C0F07471.jpg,0.59491,0.59491,0.71685,tu_choi,tu_choi,0,1617
query/P0977T04060A1/P0977T04060A1C2F10771.jpg,977040601,810040601,gallery/P0810T04060A1/P0810T04060A1C0F08191.jpg,0.68112,0.68112,0.71685,tu_choi,tu_choi,0,1355
query/P0420T04071A2/P0420T04071A2C2F05971.jpg,420040712,420040712,gallery/P0420T04071A2/P0420T04071A2C0F05911.jpg,0.69835,0.67588,0.71685,tu_choi,tu_choi,0,1617
query/P0664T04060A1/P0664T04060A1C2F05551.jpg,664040601,1042040600,gallery/P1042T04060A0/P1042T04060A0C0F13861.jpg,0.69175,0.69175,0.71685,tu_choi,tu_choi,1,1355
query/P0189T04070A1/P0189T04070A1C2F01501.jpg,189040701,189040701,gallery/P0189T04070A1/P0189T04070A1C0F02071.jpg,0.67363,0.65737,0.71685,tu_choi,tu_choi,1,989
query/P1920T04060A1/P1920T04060A1C2F21151.jpg,1920040601,1375040600,gallery/P1375T04060A0/P1375T04060A0C0F19651.jpg,0.63629,0.63629,0.71685,tu_choi,tu_choi,1,1355
query/P1292T04060A1/P1292T04060A1C2F19651.jpg,1292040601,1292040601,gallery/P1292T04060A1/P1292T04060A1C0F14761.jpg,0.67358,0.66989,0.71685,tu_choi,tu_choi,0,1355
query/P0786T04071A1/P0786T04071A1C2F13831.jpg,786040711,786040711,gallery/P0786T04071A1/P0786T04071A1C0F08581.jpg,0.66889,0.63679,0.71685,tu_choi,tu_choi,1,1617
query/P0132T04051A0/P0132T04051A0C2F20971.jpg,132040510,191040511,gallery/P0191T04051A1/P0191T04051A1C0F8881.jpg,0.77572,0.77572,0.71685,ban_giao,sai,1,1168
query/P0419T04071A2/P0419T04071A2C2F05101.jpg,419040712,1785040712,gallery/P1785T04071A2/P1785T04071A2C0F24541.jpg,0.71486,0.71486,0.71685,tu_choi,tu_choi,0,1617
query/P0145T04060A2/P0145T04060A2C2F05941.jpg,145040602,959040601,gallery/P0959T04060A1/P0959T04060A1C0F10621.jpg,0.71257,0.71257,0.71685,tu_choi,tu_choi,1,1355
query/P1031T04070A0/P1031T04070A0C2F23911.jpg,1031040700,944040700,gallery/P0944T04070A0/P0944T04070A0C0F14971.jpg,0.69644,0.69644,0.71685,tu_choi,tu_choi,0,989
query/P0927T04071A2/P0927T04071A2C2F17611.jpg,927040712,685040712,gallery/P0685T04071A2/P0685T04071A2C0F09451.jpg,0.64535,0.64535,0.71685,tu_choi,tu_choi,0,1617
query/P2265T04060A1/P2265T04060A1C2F25261.jpg,2265040601,2265040601,gallery/P2265T04060A1/P2265T04060A1C0F25741.jpg,0.65363,0.65141,0.71685,tu_choi,tu_choi,1,1355
query/P0233T04041A2/P0233T04041A2C2F8371.jpg,233040412,284040412,gallery/P0284T04041A2/P0284T04041A2C0F14761.jpg,0.71782,0.71782,0.71685,ban_giao,sai,0,2334
query/P1851T04060A1/P1851T04060A1C2F05101.jpg,1851040601,1851040601,gallery/P1851T04060A1/P1851T04060A1C0F21901.jpg,0.73102,0.56302,0.71685,ban_giao,dung,1,1355
query/P0623T04071A0/P0623T04071A0C2F05221.jpg,623040710,1652040710,gallery/P1652T04071A0/P1652T04071A0C0F15391.jpg,0.68466,0.68466,0.71685,tu_choi,tu_choi,0,1617
query/P0441T04070A0/P0441T04070A0C2F06751.jpg,441040700,441040700,gallery/P0441T04070A0/P0441T04070A0C0F08461.jpg,0.69536,0.67007,0.71685,tu_choi,tu_choi,0,989
query/P1785T04071A2/P1785T04071A2C2F23101.jpg,1785040712,685040712,gallery/P0685T04071A2/P0685T04071A2C0F09451.jpg,0.67554,0.67554,0.71685,tu_choi,tu_choi,0,1617
query/P1162T04071A1/P1162T04071A1C2F12451.jpg,1162040711,880040712,gallery/P0880T04071A2/P0880T04071A2C0F12721.jpg,0.61972,0.61972,0.71685,tu_choi,tu_choi,0,1617
query/P1292T04060A1/P1292T04060A1C2F19621.jpg,1292040601,2200040601,gallery/P2200T04060A1/P2200T04060A1C0F25351.jpg,0.669,0.669,0.71685,tu_choi,tu_choi,0,1355
query/P0299T04041A2/P0299T04041A2C2F18241.jpg,299040412,299040412,gallery/P0299T04041A2/P0299T04041A2C0F15721.jpg,0.72094,0.66994,0.71685,ban_giao,dung,0,2334
query/P0905T04060A0/P0905T04060A0C2F10981.jpg,905040600,1404040601,gallery/P1404T04060A1/P1404T04060A1C0F16381.jpg,0.67648,0.67648,0.71685,tu_choi,tu_choi,1,1355
query/P1805T04070A0/P1805T04070A0C2F29641.jpg,1805040700,189040701,gallery/P0189T04070A1/P0189T04070A1C0F02011.jpg,0.66665,0.66665,0.71685,tu_choi,tu_choi,0,989
query/P2508T04071A0/P2508T04071A0C2F26671.jpg,2508040710,2508040710,gallery/P2508T04071A0/P2508T04071A0C0F22021.jpg,0.60453,0.5734,0.71685,tu_choi,tu_choi,0,1617
query/P1211T04071A1/P1211T04071A1C2F18751.jpg,1211040711,994040711,gallery/P0994T04071A1/P0994T04071A1C0F10651.jpg,0.71579,0.71579,0.71685,tu_choi,tu_choi,1,1617
query/P0259T04071A2/P0259T04071A2C2F03361.jpg,259040712,652040710,gallery/P0652T04071A0/P0652T04071A0C0F07981.jpg,0.65859,0.65859,0.71685,tu_choi,tu_choi,1,1617
query/P0886T04070A2/P0886T04070A2C2F05041.jpg,886040702,123040700,gallery/P0123T04070A0/P0123T04070A0C0F04831.jpg,0.64185,0.64185,0.71685,tu_choi,tu_choi,1,989
query/P0518T04071A1/P0518T04071A1C2F06001.jpg,518040711,2043040710,gallery/P2043T04071A0/P2043T04071A0C0F17761.jpg,0.6647,0.6647,0.71685,tu_choi,tu_choi,1,1617
query/P0819T04071A1/P0819T04071A1C2F12031.jpg,819040711,594040710,gallery/P0594T04071A0/P0594T04071A0C0F07141.jpg,0.71834,0.71834,0.71685,ban_giao,sai,1,1617
query/P2200T04060A1/P2200T04060A1C2F24721.jpg,2200040601,810040601,gallery/P0810T04060A1/P0810T04060A1C0F08191.jpg,0.62086,0.62086,0.71685,tu_choi,tu_choi,1,1355
query/P0172T04041A1/P0172T04041A1C2F21001.jpg,172040411,317040412,gallery/P0317T04041A2/P0317T04041A2C0F21181.jpg,0.62232,0.62232,0.71685,tu_choi,tu_choi,0,2334
query/P1498T04071A1/P1498T04071A1C2F21961.jpg,1498040711,468040710,gallery/P0468T04071A0/P0468T04071A0C0F06271.jpg,0.67345,0.67345,0.71685,tu_choi,tu_choi,0,1617
query/P0685T04071A2/P0685T04071A2C2F14161.jpg,685040712,685040712,gallery/P0685T04071A2/P0685T04071A2C0F09931.jpg,0.65966,0.65772,0.71685,tu_choi,tu_choi,0,1617
query/P0225T04071A0/P0225T04071A0C2F02191.jpg,225040710,783040711,gallery/P0783T04071A1/P0783T04071A1C0F09931.jpg,0.6267,0.6267,0.71685,tu_choi,tu_choi,1,1617
query/P3433T04060A2/P3433T04060A2C2F20701.jpg,3433040602,1042040600,gallery/P1042T04060A0/P1042T04060A0C0F13711.jpg,0.70032,0.70032,0.71685,tu_choi,tu_choi,0,1355
query/P0761T04070A0/P0761T04070A0C2F10441.jpg,761040700,616040700,gallery/P0616T04070A0/P0616T04070A0C0F11191.jpg,0.68853,0.68853,0.71685,tu_choi,tu_choi,1,989
query/P1031T04070A0/P1031T04070A0C2F23401.jpg,1031040700,1031040700,gallery/P1031T04070A0/P1031T04070A0C0F17851.jpg,0.67288,0.63011,0.71685,tu_choi,tu_choi,0,989
query/P0241T04041A2/P0241T04041A2C2F11371.jpg,241040412,8040410,gallery/P0008T04041A0/P0008T04041A0C0F1381.jpg,0.67094,0.67094,0.71685,tu_choi,tu_choi,1,2334
query/P1147T04060A1/P1147T04060A1C2F14341.jpg,1147040601,1180040600,gallery/P1180T04060A0/P1180T04060A0C0F16081.jpg,0.67348,0.67348,0.71685,tu_choi,tu_choi,1,1355
query/P0944T04070A0/P0944T04070A0C2F19921.jpg,944040700,944040700,gallery/P0944T04070A0/P0944T04070A0C0F15751.jpg,0.70217,0.61579,0.71685,tu_choi,tu_choi,1,989
query/P1360T04060A1/P1360T04060A1C2F07861.jpg,1360040601,588040600,gallery/P0588T04060A0/P0588T04060A0C0F10381.jpg,0.69993,0.69993,0.71685,tu_choi,tu_choi,1,1355
query/P0153T04070A1/P0153T04070A1C2F01201.jpg,153040701,362040702,gallery/P0362T04070A2/P0362T04070A2C0F03211.jpg,0.62137,0.62137,0.71685,tu_choi,tu_choi,1,989
query/P1317T04060A0/P1317T04060A0C2F17671.jpg,1317040600,1317040600,gallery/P1317T04060A0/P1317T04060A0C0F19681.jpg,0.69885,0.67418,0.71685,tu_choi,tu_choi,0,1355
query/P0739T04070A1/P0739T04070A1C2F13411.jpg,739040701,441040700,gallery/P0441T04070A0/P0441T04070A0C0F08641.jpg,0.65506,0.65506,0.71685,tu_choi,tu_choi,0,989
query/P1173T04070A2/P1173T04070A2C2F07471.jpg,1173040702,1173040702,gallery/P1173T04070A2/P1173T04070A2C0F07441.jpg,0.61695,0.60871,0.71685,tu_choi,tu_choi,1,989
query/P0739T04070A1/P0739T04070A1C2F13291.jpg,739040701,441040700,gallery/P0441T04070A0/P0441T04070A0C0F08641.jpg,0.63523,0.63523,0.71685,tu_choi,tu_choi,0,989
query/P0248T04041A2/P0248T04041A2C2F7621.jpg,248040412,248040412,gallery/P0248T04041A2/P0248T04041A2C0F7531.jpg,0.72164,0.6993,0.71685,ban_giao,dung,0,2334
query/P0819T04071A1/P0819T04071A1C2F11911.jpg,819040711,1706040712,gallery/P1706T04071A2/P1706T04071A2C0F23131.jpg,0.7406,0.7406,0.71685,ban_giao,sai,1,1617
query/P0011T04041A0/P0011T04041A0C2F24481.jpg,11040410,11040410,gallery/P0011T04041A0/P0011T04041A0C0F2701.jpg,0.73855,0.67707,0.71685,ban_giao,dung,0,2334
query/P0213T04060A0/P0213T04060A0C2F17791.jpg,213040600,213040600,gallery/P0213T04060A0/P0213T04060A0C0F04081.jpg,0.6368,0.62296,0.71685,tu_choi,tu_choi,0,1355
query/P2265T04060A1/P2265T04060A1C2F25381.jpg,2265040601,1042040600,gallery/P1042T04060A0/P1042T04060A0C0F14491.jpg,0.6368,0.6368,0.71685,tu_choi,tu_choi,1,1355
query/P0248T04071A1/P0248T04071A1C2F08311.jpg,248040711,248040711,gallery/P0248T04071A1/P0248T04071A1C0F03631.jpg,0.67524,0.65074,0.71685,tu_choi,tu_choi,0,1617
query/P0652T04071A0/P0652T04071A0C2F07741.jpg,652040710,1836040710,gallery/P1836T04071A0/P1836T04071A0C0F16111.jpg,0.7286,0.7286,0.71685,ban_giao,sai,1,1617
query/P0685T04071A2/P0685T04071A2C2F13561.jpg,685040712,685040712,gallery/P0685T04071A2/P0685T04071A2C0F09511.jpg,0.66026,0.59409,0.71685,tu_choi,tu_choi,0,1617
query/P0695T04071A1/P0695T04071A1C2F13291.jpg,695040711,695040711,gallery/P0695T04071A1/P0695T04071A1C0F07861.jpg,0.64385,0.63458,0.71685,tu_choi,tu_choi,0,1617
query/P1488T04060A0/P1488T04060A0C2F19801.jpg,1488040600,1375040600,gallery/P1375T04060A0/P1375T04060A0C0F19651.jpg,0.71289,0.71289,0.71685,tu_choi,tu_choi,1,1355
query/P1615T04060A2/P1615T04060A2C2F09661.jpg,1615040602,1895040600,gallery/P1895T04060A0/P1895T04060A0C0F24331.jpg,0.68631,0.68631,0.71685,tu_choi,tu_choi,1,1355
query/P0309T04041A2/P0309T04041A2C2F19231.jpg,309040412,214040412,gallery/P0214T04041A2/P0214T04041A2C0F1051.jpg,0.68674,0.68674,0.71685,tu_choi,tu_choi,1,2334
query/P0123T04070A0/P0123T04070A0C2F09961.jpg,123040700,123040700,gallery/P0123T04070A0/P0123T04070A0C0F03031.jpg,0.70614,0.59762,0.71685,tu_choi,tu_choi,1,989
query/P1796T04071A1/P1796T04071A1C2F24781.jpg,1796040711,1706040712,gallery/P1706T04071A2/P1706T04071A2C0F23251.jpg,0.68546,0.68546,0.71685,tu_choi,tu_choi,1,1617
query/P0666T04071A0/P0666T04071A0C2F07861.jpg,666040710,666040710,gallery/P0666T04071A0/P0666T04071A0C0F08791.jpg,0.70096,0.69973,0.71685,tu_choi,tu_choi,1,1617
query/P0297T04041A2/P0297T04041A2C2F19351.jpg,297040412,297040412,gallery/P0297T04041A2/P0297T04041A2C0F15841.jpg,0.68332,0.63507,0.71685,tu_choi,tu_choi,1,2334
query/P0847T04071A0/P0847T04071A0C2F13891.jpg,847040710,847040710,gallery/P0847T04071A0/P0847T04071A0C0F09901.jpg,0.73172,0.66171,0.71685,ban_giao,dung,1,1617
query/P0847T04071A0/P0847T04071A0C2F14101.jpg,847040710,586040712,gallery/P0586T04071A2/P0586T04071A2C0F08491.jpg,0.71063,0.71063,0.71685,tu_choi,tu_choi,1,1617
query/P0927T04071A2/P0927T04071A2C2F18301.jpg,927040712,1761040711,gallery/P1761T04071A1/P1761T04071A1C0F20011.jpg,0.63173,0.63173,0.71685,tu_choi,tu_choi,0,1617
query/P2290T04060A2/P2290T04060A2C2F19141.jpg,2290040602,588040600,gallery/P0588T04060A0/P0588T04060A0C0F08971.jpg,0.70142,0.70142,0.71685,tu_choi,tu_choi,1,1355
query/P1851T04060A1/P1851T04060A1C2F05161.jpg,1851040601,1851040601,gallery/P1851T04060A1/P1851T04060A1C0F21781.jpg,0.70446,0.57442,0.71685,tu_choi,tu_choi,1,1355
query/P0710T04060A1/P0710T04060A1C2F07111.jpg,710040601,710040601,gallery/P0710T04060A1/P0710T04060A1C0F06751.jpg,0.6989,0.58179,0.71685,tu_choi,tu_choi,1,1355
query/P0042T04041A0/P0042T04041A0C2F15871.jpg,42040410,42040410,gallery/P0042T04041A0/P0042T04041A0C0F10981.jpg,0.74733,0.72117,0.71685,ban_giao,dung,0,2334
query/P0522T04071A2/P0522T04071A2C2F12451.jpg,522040712,2414040710,gallery/P2414T04071A0/P2414T04071A0C0F21391.jpg,0.65852,0.65852,0.71685,tu_choi,tu_choi,1,1617
query/P0578T04071A1/P0578T04071A1C2F05881.jpg,578040711,578040711,gallery/P0578T04071A1/P0578T04071A1C0F06481.jpg,0.70848,0.70353,0.71685,tu_choi,tu_choi,1,1617
query/P1243T04060A2/P1243T04060A2C2F13681.jpg,1243040602,1404040601,gallery/P1404T04060A1/P1404T04060A1C0F16381.jpg,0.62795,0.62795,0.71685,tu_choi,tu_choi,0,1355
query/P1317T04060A0/P1317T04060A0C2F17791.jpg,1317040600,1317040600,gallery/P1317T04060A0/P1317T04060A0C0F19531.jpg,0.69614,0.65228,0.71685,tu_choi,tu_choi,0,1355
query/P0175T04071A0/P0175T04071A0C2F06991.jpg,175040710,175040710,gallery/P0175T04071A0/P0175T04071A0C0F02101.jpg,0.69055,0.68283,0.71685,tu_choi,tu_choi,0,1617
query/P2414T04071A0/P2414T04071A0C2F26491.jpg,2414040710,1836040710,gallery/P1836T04071A0/P1836T04071A0C0F17041.jpg,0.73018,0.73018,0.71685,ban_giao,sai,1,1617
query/P0209T04071A0/P0209T04071A0C2F01081.jpg,209040710,209040710,gallery/P0209T04071A0/P0209T04071A0C0F02401.jpg,0.72792,0.66488,0.71685,ban_giao,dung,1,1617
query/P0623T04071A0/P0623T04071A0C2F12691.jpg,623040710,623040710,gallery/P0623T04071A0/P0623T04071A0C0F07501.jpg,0.72497,0.68138,0.71685,ban_giao,dung,0,1617
query/P0880T04071A2/P0880T04071A2C2F11641.jpg,880040712,880040712,gallery/P0880T04071A2/P0880T04071A2C0F12631.jpg,0.67333,0.66254,0.71685,tu_choi,tu_choi,1,1617
query/P0276T04041A2/P0276T04041A2C2F16831.jpg,276040412,276040412,gallery/P0276T04041A2/P0276T04041A2C0F14281.jpg,0.67961,0.61109,0.71685,tu_choi,tu_choi,0,2334
query/P3434T04070A2/P3434T04070A2C2F20521.jpg,3434040702,721040701,gallery/P0721T04070A1/P0721T04070A1C0F07021.jpg,0.59851,0.59851,0.71685,tu_choi,tu_choi,1,989
query/P0345T04070A2/P0345T04070A2C2F01711.jpg,345040702,441040700,gallery/P0441T04070A0/P0441T04070A0C0F08641.jpg,0.64527,0.64527,0.71685,tu_choi,tu_choi,0,989
query/P0905T04060A0/P0905T04060A0C2F11371.jpg,905040600,905040600,gallery/P0905T04060A0/P0905T04060A0C0F11851.jpg,0.65919,0.63436,0.71685,tu_choi,tu_choi,1,1355
query/P0751T04070A2/P0751T04070A2C2F07951.jpg,751040702,574040701,gallery/P0574T04070A1/P0574T04070A1C0F04951.jpg,0.59669,0.59669,0.71685,tu_choi,tu_choi,1,989
query/P0555T04071A1/P0555T04071A1C2F05581.jpg,555040711,2414040710,gallery/P2414T04071A0/P2414T04071A0C0F21031.jpg,0.70527,0.70527,0.71685,tu_choi,tu_choi,1,1617
query/P1425T04070A0/P1425T04070A0C2F26821.jpg,1425040700,345040700,gallery/P0345T04070A0/P0345T04070A0C0F05731.jpg,0.59309,0.59309,0.71685,tu_choi,tu_choi,1,989
query/P0118T04051A0/P0118T04051A0C2F22051.jpg,118040510,118040510,gallery/P0118T04051A0/P0118T04051A0C0F19051.jpg,0.67648,0.66633,0.71685,tu_choi,tu_choi,1,1168
query/P0271T04051A2/P0271T04051A2C2F4981.jpg,271040512,271040512,gallery/P0271T04051A2/P0271T04051A2C0F331.jpg,0.69199,0.6777,0.71685,tu_choi,tu_choi,0,1168
query/P2601T04071A0/P2601T04071A0C2F26431.jpg,2601040710,175040710,gallery/P0175T04071A0/P0175T04071A0C0F02401.jpg,0.62581,0.62581,0.71685,tu_choi,tu_choi,0,1617
query/P1836T04071A0/P1836T04071A0C2F22351.jpg,1836040710,847040710,gallery/P0847T04071A0/P0847T04071A0C0F09181.jpg,0.71955,0.71955,0.71685,ban_giao,sai,1,1617
query/P1005T04071A0/P1005T04071A0C2F14251.jpg,1005040710,1005040710,gallery/P1005T04071A0/P1005T04071A0C0F10201.jpg,0.61456,0.5556,0.71685,tu_choi,tu_choi,1,1617
query/P1748T04070A1/P1748T04070A1C2F18871.jpg,1748040701,345040702,gallery/P0345T04070A2/P0345T04070A2C0F02671.jpg,0.67244,0.67244,0.71685,tu_choi,tu_choi,0,989
query/P1046T04070A2/P1046T04070A2C2F05401.jpg,1046040702,1173040702,gallery/P1173T04070A2/P1173T04070A2C0F07891.jpg,0.61773,0.61773,0.71685,tu_choi,tu_choi,0,989
query/P0153T04070A1/P0153T04070A1C2F01231.jpg,153040701,702040700,gallery/P0702T04070A0/P0702T04070A0C0F12901.jpg,0.6075,0.6075,0.71685,tu_choi,tu_choi,1,989
query/P1730T04060A0/P1730T04060A0C2F22831.jpg,1730040600,1730040600,gallery/P1730T04060A0/P1730T04060A0C0F23431.jpg,0.74526,0.6438,0.71685,ban_giao,dung,1,1355
query/P0122T04041A1/P0122T04041A1C2F6061.jpg,122040411,8040410,gallery/P0008T04041A0/P0008T04041A0C0F1921.jpg,0.63723,0.63723,0.71685,tu_choi,tu_choi,1,2334
query/P0152T04051A1/P0152T04051A1C2F1471.jpg,152040511,152040511,gallery/P0152T04051A1/P0152T04051A1C0F1861.jpg,0.64819,0.60983,0.71685,tu_choi,tu_choi,0,1168
query/P1066T04071A2/P1066T04071A2C2F14641.jpg,1066040712,1066040712,gallery/P1066T04071A2/P1066T04071A2C0F15781.jpg,0.68048,0.68019,0.71685,tu_choi,tu_choi,1,1617
query/P0819T04071A1/P0819T04071A1C2F12001.jpg,819040711,594040710,gallery/P0594T04071A0/P0594T04071A0C0F07171.jpg,0.72693,0.72693,0.71685,ban_giao,sai,1,1617
query/P0259T04071A2/P0259T04071A2C2F02611.jpg,259040712,191040710,gallery/P0191T04071A0/P0191T04071A0C0F03211.jpg,0.6622,0.6622,0.71685,tu_choi,tu_choi,1,1617
query/P1191T04071A1/P1191T04071A1C2F19531.jpg,1191040711,1652040710,gallery/P1652T04071A0/P1652T04071A0C0F15391.jpg,0.66786,0.66786,0.71685,tu_choi,tu_choi,0,1617
query/P0771T04060A2/P0771T04060A2C2F04051.jpg,771040602,959040601,gallery/P0959T04060A1/P0959T04060A1C0F10621.jpg,0.64665,0.64665,0.71685,tu_choi,tu_choi,0,1355
query/P1498T04071A1/P1498T04071A1C2F22081.jpg,1498040711,1622040712,gallery/P1622T04071A2/P1622T04071A2C0F21451.jpg,0.66036,0.66036,0.71685,tu_choi,tu_choi,0,1617
query/P0303T04070A1/P0303T04070A1C2F01771.jpg,303040701,574040701,gallery/P0574T04070A1/P0574T04070A1C0F05701.jpg,0.65712,0.65712,0.71685,tu_choi,tu_choi,0,989
query/P1015T04071A1/P1015T04071A1C2F16711.jpg,1015040711,248040711,gallery/P0248T04071A1/P0248T04071A1C0F02971.jpg,0.65167,0.65167,0.71685,tu_choi,tu_choi,0,1617
query/P0652T04071A0/P0652T04071A0C2F07771.jpg,652040710,1211040711,gallery/P1211T04071A1/P1211T04071A1C0F13381.jpg,0.73773,0.73773,0.71685,ban_giao,sai,1,1617
query/P1375T04060A0/P1375T04060A0C2F18391.jpg,1375040600,1375040600,gallery/P1375T04060A0/P1375T04060A0C0F20131.jpg,0.68727,0.66192,0.71685,tu_choi,tu_choi,0,1355
query/P0123T04070A0/P0123T04070A0C2F10711.jpg,123040700,123040700,gallery/P0123T04070A0/P0123T04070A0C0F05251.jpg,0.658,0.64008,0.71685,tu_choi,tu_choi,1,989
query/P0959T04060A1/P0959T04060A1C2F11131.jpg,959040601,959040601,gallery/P0959T04060A1/P0959T04060A1C0F11101.jpg,0.64235,0.63752,0.71685,tu_choi,tu_choi,1,1355
query/P1404T04060A1/P1404T04060A1C2F22141.jpg,1404040601,1375040600,gallery/P1375T04060A0/P1375T04060A0C0F19651.jpg,0.67967,0.67967,0.71685,tu_choi,tu_choi,0,1355
query/P1005T04071A0/P1005T04071A0C2F15601.jpg,1005040710,783040711,gallery/P0783T04071A1/P0783T04071A1C0F08431.jpg,0.68097,0.68097,0.71685,tu_choi,tu_choi,1,1617
query/P0225T04071A0/P0225T04071A0C2F01681.jpg,225040710,248040711,gallery/P0248T04071A1/P0248T04071A1C0F02911.jpg,0.69483,0.69483,0.71685,tu_choi,tu_choi,1,1617
query/P0387T04071A1/P0387T04071A1C2F09301.jpg,387040711,191040710,gallery/P0191T04071A0/P0191T04071A0C0F02191.jpg,0.65103,0.65103,0.71685,tu_choi,tu_choi,1,1617
query/P0109T04051A0/P0109T04051A0C2F20641.jpg,109040510,109040510,gallery/P0109T04051A0/P0109T04051A0C0F18451.jpg,0.70426,0.57914,0.71685,tu_choi,tu_choi,1,1168
query/P0522T04071A2/P0522T04071A2C2F12571.jpg,522040712,1785040712,gallery/P1785T04071A2/P1785T04071A2C0F23791.jpg,0.66624,0.66624,0.71685,tu_choi,tu_choi,1,1617
query/P1785T04071A2/P1785T04071A2C2F22681.jpg,1785040712,1785040712,gallery/P1785T04071A2/P1785T04071A2C0F24421.jpg,0.64518,0.64122,0.71685,tu_choi,tu_choi,0,1617
query/P2043T04071A0/P2043T04071A0C2F17701.jpg,2043040710,2043040710,gallery/P2043T04071A0/P2043T04071A0C0F17791.jpg,0.68225,0.64125,0.71685,tu_choi,tu_choi,1,1617
query/P2511T04071A0/P2511T04071A0C2F27091.jpg,2511040710,1556040711,gallery/P1556T04071A1/P1556T04071A1C0F18331.jpg,0.66311,0.66311,0.71685,tu_choi,tu_choi,1,1617
query/P0387T04071A1/P0387T04071A1C2F08641.jpg,387040711,927040712,gallery/P0927T04071A2/P0927T04071A2C0F13381.jpg,0.59195,0.59195,0.71685,tu_choi,tu_choi,1,1617
query/P0721T04070A1/P0721T04070A1C2F06361.jpg,721040701,1774040700,gallery/P1774T04070A0/P1774T04070A0C0F26221.jpg,0.67493,0.67493,0.71685,tu_choi,tu_choi,1,989
query/P0213T04060A0/P0213T04060A0C2F17551.jpg,213040600,335040600,gallery/P0335T04060A0/P0335T04060A0C0F06991.jpg,0.63717,0.63717,0.71685,tu_choi,tu_choi,0,1355
query/P2020T04071A2/P2020T04071A2C2F25801.jpg,2020040712,586040712,gallery/P0586T04071A2/P0586T04071A2C0F09361.jpg,0.68237,0.68237,0.71685,tu_choi,tu_choi,1,1617
query/P0153T04070A1/P0153T04070A1C2F01351.jpg,153040701,362040702,gallery/P0362T04070A2/P0362T04070A2C0F03211.jpg,0.58718,0.58718,0.71685,tu_choi,tu_choi,1,989
query/P0623T04071A0/P0623T04071A0C2F05041.jpg,623040710,623040710,gallery/P0623T04071A0/P0623T04071A0C0F07471.jpg,0.68926,0.68629,0.71685,tu_choi,tu_choi,0,1617
query/P0880T04071A2/P0880T04071A2C2F11581.jpg,880040712,1652040710,gallery/P1652T04071A0/P1652T04071A0C0F15391.jpg,0.69374,0.69374,0.71685,tu_choi,tu_choi,1,1617
query/P0383T04051A2/P0383T04051A2C2F17131.jpg,383040512,215040511,gallery/P0215T04051A1/P0215T04051A1C0F13231.jpg,0.63859,0.63859,0.71685,tu_choi,tu_choi,1,1168
query/P1589T04071A1/P1589T04071A1C2F23941.jpg,1589040711,248040711,gallery/P0248T04071A1/P0248T04071A1C0F02791.jpg,0.75093,0.75093,0.71685,ban_giao,sai,0,1617
query/P2144T04070A2/P2144T04070A2C2F13381.jpg,2144040702,2144040702,gallery/P2144T04070A2/P2144T04070A2C0F13411.jpg,0.67153,0.62203,0.71685,tu_choi,tu_choi,1,989
query/P0594T04060A1/P0594T04060A1C2F11701.jpg,594040601,692040601,gallery/P0692T04060A1/P0692T04060A1C0F07831.jpg,0.62494,0.62494,0.71685,tu_choi,tu_choi,0,1355
query/P0439T04051A2/P0439T04051A2C2F22561.jpg,439040512,439040512,gallery/P0439T04051A2/P0439T04051A2C0F17131.jpg,0.64558,0.61237,0.71685,tu_choi,tu_choi,0,1168
query/P0204T04041A1/P0204T04041A1C2F2281.jpg,204040411,204040411,gallery/P0204T04041A1/P0204T04041A1C0F4651.jpg,0.71237,0.70614,0.71685,tu_choi,tu_choi,0,2334
query/P0977T04060A1/P0977T04060A1C2F11221.jpg,977040601,1851040601,gallery/P1851T04060A1/P1851T04060A1C0F23161.jpg,0.63398,0.63398,0.71685,tu_choi,tu_choi,0,1355
query/P0751T04070A2/P0751T04070A2C2F08911.jpg,751040702,886040702,gallery/P0886T04070A2/P0886T04070A2C0F05251.jpg,0.61001,0.61001,0.71685,tu_choi,tu_choi,1,989
query/P0575T04060A2/P0575T04060A2C2F09271.jpg,575040602,1895040600,gallery/P1895T04060A0/P1895T04060A0C0F24271.jpg,0.70173,0.70173,0.71685,tu_choi,tu_choi,0,1355
query/P0265T04071A1/P0265T04071A1C2F07831.jpg,265040711,265040711,gallery/P0265T04071A1/P0265T04071A1C0F02971.jpg,0.71556,0.66247,0.71685,tu_choi,tu_choi,1,1617
query/P0616T04070A0/P0616T04070A0C2F10711.jpg,616040700,616040700,gallery/P0616T04070A0/P0616T04070A0C0F11191.jpg,0.74774,0.67638,0.71685,ban_giao,dung,1,989
query/P2512T04071A0/P2512T04071A0C2F27001.jpg,2512040710,586040712,gallery/P0586T04071A2/P0586T04071A2C0F09181.jpg,0.61837,0.61837,0.71685,tu_choi,tu_choi,1,1617
query/P0150T04071A1/P0150T04071A1C2F00901.jpg,150040711,150040711,gallery/P0150T04071A1/P0150T04071A1C0F02671.jpg,0.69394,0.69089,0.71685,tu_choi,tu_choi,0,1617
query/P1761T04071A1/P1761T04071A1C2F24601.jpg,1761040711,847040710,gallery/P0847T04071A0/P0847T04071A0C0F09061.jpg,0.65304,0.65304,0.71685,tu_choi,tu_choi,1,1617
query/P1895T04060A1/P1895T04060A1C2F28471.jpg,1895040601,1895040601,gallery/P1895T04060A1/P1895T04060A1C0F22441.jpg,0.66229,0.6141,0.71685,tu_choi,tu_choi,0,1355
query/P0522T04071A2/P0522T04071A2C2F12631.jpg,522040712,1652040710,gallery/P1652T04071A0/P1652T04071A0C0F15391.jpg,0.73307,0.73307,0.71685,ban_giao,sai,1,1617
query/P1191T04071A1/P1191T04071A1C2F19381.jpg,1191040711,1706040712,gallery/P1706T04071A2/P1706T04071A2C0F22891.jpg,0.65619,0.65619,0.71685,tu_choi,tu_choi,0,1617
query/P0189T04070A1/P0189T04070A1C2F01591.jpg,189040701,189040701,gallery/P0189T04070A1/P0189T04070A1C0F02401.jpg,0.74346,0.70932,0.71685,ban_giao,dung,1,989
query/P0810T04060A1/P0810T04060A1C2F13591.jpg,810040601,1895040600,gallery/P1895T04060A0/P1895T04060A0C0F24391.jpg,0.64112,0.64112,0.71685,tu_choi,tu_choi,0,1355
query/P0594T04071A0/P0594T04071A0C2F06151.jpg,594040710,594040710,gallery/P0594T04071A0/P0594T04071A0C0F06901.jpg,0.7516,0.67524,0.71685,ban_giao,dung,1,1617
query/P1147T04060A1/P1147T04060A1C2F14431.jpg,1147040601,905040600,gallery/P0905T04060A0/P0905T04060A0C0F11611.jpg,0.61037,0.61037,0.71685,tu_choi,tu_choi,1,1355
query/P1523T04060A2/P1523T04060A2C2F09601.jpg,1523040602,1371040600,gallery/P1371T04060A0/P1371T04060A0C0F18751.jpg,0.68848,0.68848,0.71685,tu_choi,tu_choi,1,1355
query/P0441T04071A1/P0441T04071A1C2F09721.jpg,441040711,191040710,gallery/P0191T04071A0/P0191T04071A0C0F02191.jpg,0.67232,0.67232,0.71685,tu_choi,tu_choi,0,1617
query/P0150T04071A1/P0150T04071A1C2F01411.jpg,150040711,150040711,gallery/P0150T04071A1/P0150T04071A1C0F03241.jpg,0.70552,0.62933,0.71685,tu_choi,tu_choi,0,1617
query/P1015T04071A1/P1015T04071A1C2F16501.jpg,1015040711,666040710,gallery/P0666T04071A0/P0666T04071A0C0F08251.jpg,0.65871,0.65871,0.71685,tu_choi,tu_choi,0,1617
query/P0586T04071A2/P0586T04071A2C2F13021.jpg,586040712,586040712,gallery/P0586T04071A2/P0586T04071A2C0F08311.jpg,0.73506,0.70081,0.71685,ban_giao,dung,1,1617
query/P0253T04051A1/P0253T04051A1C2F30091.jpg,253040511,439040512,gallery/P0439T04051A2/P0439T04051A2C0F17401.jpg,0.64899,0.64899,0.71685,tu_choi,tu_choi,0,1168
query/P0691T04071A2/P0691T04071A2C2F14431.jpg,691040712,691040712,gallery/P0691T04071A2/P0691T04071A2C0F10351.jpg,0.65393,0.59483,0.71685,tu_choi,tu_choi,0,1617
query/P1774T04070A0/P1774T04070A0C2F26401.jpg,1774040700,1774040700,gallery/P1774T04070A0/P1774T04070A0C0F26221.jpg,0.62115,0.62113,0.71685,tu_choi,tu_choi,1,989
query/P0474T04060A2/P0474T04060A2C2F08011.jpg,474040602,1375040600,gallery/P1375T04060A0/P1375T04060A0C0F20221.jpg,0.62232,0.62232,0.71685,tu_choi,tu_choi,0,1355
query/P0706T04070A2/P0706T04070A2C2F04261.jpg,706040702,616040700,gallery/P0616T04070A0/P0616T04070A0C0F11161.jpg,0.65629,0.65629,0.71685,tu_choi,tu_choi,1,989
query/P2230T04070A1/P2230T04070A1C2F26161.jpg,2230040701,119040700,gallery/P0119T04070A0/P0119T04070A0C0F04801.jpg,0.7037,0.7037,0.71685,tu_choi,tu_choi,1,989
query/P1566T04071A1/P1566T04071A1C2F23581.jpg,1566040711,1566040711,gallery/P1566T04071A1/P1566T04071A1C0F18721.jpg,0.6632,0.64433,0.71685,tu_choi,tu_choi,0,1617
query/P0161T04051A1/P0161T04051A1C2F2461.jpg,161040511,378040512,gallery/P0378T04051A2/P0378T04051A2C0F12181.jpg,0.64486,0.64486,0.71685,tu_choi,tu_choi,0,1168
query/P1425T04070A0/P1425T04070A0C2F26671.jpg,1425040700,574040701,gallery/P0574T04070A1/P0574T04070A1C0F05761.jpg,0.61902,0.61902,0.71685,tu_choi,tu_choi,1,989
query/P0588T04060A0/P0588T04060A0C2F08371.jpg,588040600,588040600,gallery/P0588T04060A0/P0588T04060A0C0F08941.jpg,0.72151,0.70489,0.71685,ban_giao,dung,1,1355
query/P1176T04060A1/P1176T04060A1C2F12721.jpg,1176040601,1176040601,gallery/P1176T04060A1/P1176T04060A1C0F15031.jpg,0.77147,0.64205,0.71685,ban_giao,dung,0,1355
query/P0468T04071A0/P0468T04071A0C2F05071.jpg,468040710,468040710,gallery/P0468T04071A0/P0468T04071A0C0F05311.jpg,0.67219,0.66494,0.71685,tu_choi,tu_choi,0,1617
query/P0335T04060A0/P0335T04060A0C2F06241.jpg,335040600,1404040601,gallery/P1404T04060A1/P1404T04060A1C0F16531.jpg,0.71642,0.71642,0.71685,tu_choi,tu_choi,1,1355
query/P2414T04071A0/P2414T04071A0C2F26821.jpg,2414040710,652040710,gallery/P0652T04071A0/P0652T04071A0C0F07951.jpg,0.71825,0.71825,0.71685,ban_giao,sai,1,1617
query/P1040T04060A0/P1040T04060A0C2F13051.jpg,1040040600,1040040600,gallery/P1040T04060A0/P1040T04060A0C0F13171.jpg,0.75438,0.70841,0.71685,ban_giao,dung,1,1355
query/P0191T04071A0/P0191T04071A0C2F01471.jpg,191040710,594040710,gallery/P0594T04071A0/P0594T04071A0C0F06961.jpg,0.73656,0.73656,0.71685,ban_giao,sai,1,1617
query/P1559T04071A2/P1559T04071A2C2F24601.jpg,1559040712,606040710,gallery/P0606T04071A0/P0606T04071A0C0F07201.jpg,0.64514,0.64514,0.71685,tu_choi,tu_choi,1,1617
query/P0973T04071A0/P0973T04071A0C2F14251.jpg,973040710,1706040712,gallery/P1706T04071A2/P1706T04071A2C0F23251.jpg,0.71108,0.71108,0.71685,tu_choi,tu_choi,1,1617
query/P0936T04060A1/P0936T04060A1C2F09871.jpg,936040601,1404040601,gallery/P1404T04060A1/P1404T04060A1C0F16141.jpg,0.64156,0.64156,0.71685,tu_choi,tu_choi,0,1355
query/P2527T04070A2/P2527T04070A2C2F15931.jpg,2527040702,616040700,gallery/P0616T04070A0/P0616T04070A0C0F11191.jpg,0.67505,0.67505,0.71685,tu_choi,tu_choi,0,989
query/P0666T04071A0/P0666T04071A0C2F07741.jpg,666040710,783040711,gallery/P0783T04071A1/P0783T04071A1C0F08431.jpg,0.70692,0.70692,0.71685,tu_choi,tu_choi,1,1617
query/P0769T04060A2/P0769T04060A2C2F04051.jpg,769040602,959040601,gallery/P0959T04060A1/P0959T04060A1C0F10621.jpg,0.67006,0.67006,0.71685,tu_choi,tu_choi,0,1355
query/P1652T04071A0/P1652T04071A0C2F14701.jpg,1652040710,1652040710,gallery/P1652T04071A0/P1652T04071A0C0F15391.jpg,0.67835,0.65184,0.71685,tu_choi,tu_choi,0,1617
query/P1793T04071A1/P1793T04071A1C2F24811.jpg,1793040711,783040711,gallery/P0783T04071A1/P0783T04071A1C0F09031.jpg,0.64573,0.64573,0.71685,tu_choi,tu_choi,1,1617
query/P0594T04071A0/P0594T04071A0C2F06301.jpg,594040710,594040710,gallery/P0594T04071A0/P0594T04071A0C0F07141.jpg,0.73378,0.70623,0.71685,ban_giao,dung,1,1617
query/P0257T04041A2/P0257T04041A2C2F11731.jpg,257040412,284040412,gallery/P0284T04041A2/P0284T04041A2C0F14851.jpg,0.68187,0.68187,0.71685,tu_choi,tu_choi,1,2334
query/P0555T04071A1/P0555T04071A1C2F05431.jpg,555040711,248040711,gallery/P0248T04071A1/P0248T04071A1C0F03181.jpg,0.68434,0.68434,0.71685,tu_choi,tu_choi,1,1617
query/P1272T04070A2/P1272T04070A2C2F13111.jpg,1272040702,441040700,gallery/P0441T04070A0/P0441T04070A0C0F08641.jpg,0.58923,0.58923,0.71685,tu_choi,tu_choi,0,989
query/P2210T04060A1/P2210T04060A1C2F24241.jpg,2210040601,3935040602,gallery/P3935T04060A2/P3935T04060A2C0F24781.jpg,0.71298,0.71298,0.71685,tu_choi,tu_choi,1,1355
query/P0001T04071A2/P0001T04071A2C2F05551.jpg,1040712,1040712,gallery/P0001T04071A2/P0001T04071A2C0F00991.jpg,0.65686,0.64668,0.71685,tu_choi,tu_choi,1,1617
query/P2197T04070A1/P2197T04070A1C2F30151.jpg,2197040701,441040700,gallery/P0441T04070A0/P0441T04070A0C0F08641.jpg,0.59455,0.59455,0.71685,tu_choi,tu_choi,0,989
query/P0325T04070A2/P0325T04070A2C2F01471.jpg,325040702,325040702,gallery/P0325T04070A2/P0325T04070A2C0F01711.jpg,0.65724,0.60849,0.71685,tu_choi,tu_choi,1,989
query/P2200T04060A1/P2200T04060A1C2F24751.jpg,2200040601,1375040600,gallery/P1375T04060A0/P1375T04060A0C0F20101.jpg,0.69178,0.69178,0.71685,tu_choi,tu_choi,1,1355
query/P0213T04060A0/P0213T04060A0C2F18031.jpg,213040600,594040601,gallery/P0594T04060A1/P0594T04060A1C0F05401.jpg,0.60628,0.60628,0.71685,tu_choi,tu_choi,0,1355
query/P0368T04071A2/P0368T04071A2C2F03871.jpg,368040712,248040711,gallery/P0248T04071A1/P0248T04071A1C0F02881.jpg,0.6351,0.6351,0.71685,tu_choi,tu_choi,1,1617
query/P0692T04060A1/P0692T04060A1C2F06361.jpg,692040601,1042040600,gallery/P1042T04060A0/P1042T04060A0C0F14491.jpg,0.68916,0.68916,0.71685,tu_choi,tu_choi,0,1355
query/P0944T04070A0/P0944T04070A0C2F19471.jpg,944040700,944040700,gallery/P0944T04070A0/P0944T04070A0C0F15751.jpg,0.70483,0.61755,0.71685,tu_choi,tu_choi,1,989
query/P0819T04071A1/P0819T04071A1C2F12241.jpg,819040711,606040710,gallery/P0606T04071A0/P0606T04071A0C0F08161.jpg,0.71397,0.71397,0.71685,tu_choi,tu_choi,1,1617
query/P0185T04041A1/P0185T04041A1C2F18451.jpg,185040411,139040411,gallery/P0139T04041A1/P0139T04041A1C0F8791.jpg,0.75082,0.75082,0.71685,ban_giao,sai,1,2334
query/P0335T04060A0/P0335T04060A0C2F06271.jpg,335040600,1404040601,gallery/P1404T04060A1/P1404T04060A1C0F16531.jpg,0.70771,0.70771,0.71685,tu_choi,tu_choi,1,1355
query/P1622T04071A2/P1622T04071A2C2F27481.jpg,1622040712,1622040712,gallery/P1622T04071A2/P1622T04071A2C0F21061.jpg,0.70634,0.67399,0.71685,tu_choi,tu_choi,1,1617
query/P1556T04071A1/P1556T04071A1C2F22831.jpg,1556040711,191040710,gallery/P0191T04071A0/P0191T04071A0C0F03211.jpg,0.66734,0.66734,0.71685,tu_choi,tu_choi,1,1617
query/P3880T04060A2/P3880T04060A2C2F24151.jpg,3880040602,1243040602,gallery/P1243T04060A2/P1243T04060A2C0F08701.jpg,0.60361,0.60361,0.71685,tu_choi,tu_choi,1,1355
query/P1730T04060A0/P1730T04060A0C2F22231.jpg,1730040600,959040601,gallery/P0959T04060A1/P0959T04060A1C0F10621.jpg,0.68593,0.68593,0.71685,tu_choi,tu_choi,1,1355
query/P0810T04060A1/P0810T04060A1C2F13771.jpg,810040601,810040601,gallery/P0810T04060A1/P0810T04060A1C0F08491.jpg,0.68061,0.66762,0.71685,tu_choi,tu_choi,0,1355
query/P0285T04041A2/P0285T04041A2C2F14041.jpg,285040412,285040412,gallery/P0285T04041A2/P0285T04041A2C0F14701.jpg,0.78438,0.77119,0.71685,ban_giao,dung,1,2334
query/P0761T04070A0/P0761T04070A0C2F10291.jpg,761040700,616040700,gallery/P0616T04070A0/P0616T04070A0C0F11161.jpg,0.66307,0.66307,0.71685,tu_choi,tu_choi,1,989
query/P1333T04060A0/P1333T04060A0C2F17281.jpg,1333040600,1333040600,gallery/P1333T04060A0/P1333T04060A0C0F18091.jpg,0.65475,0.61388,0.71685,tu_choi,tu_choi,1,1355
query/P0590T04070A2/P0590T04070A2C2F03601.jpg,590040702,1425040700,gallery/P1425T04070A0/P1425T04070A0C0F21331.jpg,0.66287,0.66287,0.71685,tu_choi,tu_choi,1,989
query/P0810T04060A1/P0810T04060A1C2F13141.jpg,810040601,810040601,gallery/P0810T04060A1/P0810T04060A1C0F08401.jpg,0.67758,0.62905,0.71685,tu_choi,tu_choi,0,1355
query/P0959T04060A1/P0959T04060A1C2F10831.jpg,959040601,724040601,gallery/P0724T04060A1/P0724T04060A1C0F06691.jpg,0.67517,0.67517,0.71685,tu_choi,tu_choi,1,1355
query/P2414T04071A0/P2414T04071A0C2F26911.jpg,2414040710,652040710,gallery/P0652T04071A0/P0652T04071A0C0F07561.jpg,0.71722,0.71722,0.71685,ban_giao,sai,1,1617
query/P0368T04071A2/P0368T04071A2C2F04441.jpg,368040712,248040711,gallery/P0248T04071A1/P0248T04071A1C0F03481.jpg,0.67916,0.67916,0.71685,tu_choi,tu_choi,1,1617
query/P0927T04071A2/P0927T04071A2C2F18121.jpg,927040712,685040712,gallery/P0685T04071A2/P0685T04071A2C0F09931.jpg,0.62214,0.62214,0.71685,tu_choi,tu_choi,0,1617
query/P0751T04070A2/P0751T04070A2C2F08611.jpg,751040702,574040701,gallery/P0574T04070A1/P0574T04070A1C0F05011.jpg,0.64823,0.64823,0.71685,tu_choi,tu_choi,1,989
query/P0345T04070A2/P0345T04070A2C2F01591.jpg,345040702,1724040701,gallery/P1724T04070A1/P1724T04070A1C0F19531.jpg,0.61052,0.61052,0.71685,tu_choi,tu_choi,0,989
query/P0387T04071A1/P0387T04071A1C2F09511.jpg,387040711,191040710,gallery/P0191T04071A0/P0191T04071A0C0F02191.jpg,0.62955,0.62955,0.71685,tu_choi,tu_choi,1,1617
query/P0575T04060A2/P0575T04060A2C2F09031.jpg,575040602,588040600,gallery/P0588T04060A0/P0588T04060A0C0F10441.jpg,0.6866,0.6866,0.71685,tu_choi,tu_choi,0,1355
query/P0886T04070A2/P0886T04070A2C2F04801.jpg,886040702,1774040700,gallery/P1774T04070A0/P1774T04070A0C0F26221.jpg,0.58249,0.58249,0.71685,tu_choi,tu_choi,1,989
query/P1040T04060A0/P1040T04060A0C2F13171.jpg,1040040600,1042040600,gallery/P1042T04060A0/P1042T04060A0C0F13411.jpg,0.62569,0.62569,0.71685,tu_choi,tu_choi,1,1355
query/P0702T04070A0/P0702T04070A0C2F11611.jpg,702040700,702040700,gallery/P0702T04070A0/P0702T04070A0C0F13201.jpg,0.65266,0.56082,0.71685,tu_choi,tu_choi,0,989
query/P0666T04071A0/P0666T04071A0C2F07801.jpg,666040710,666040710,gallery/P0666T04071A0/P0666T04071A0C0F08671.jpg,0.68446,0.67999,0.71685,tu_choi,tu_choi,1,1617
query/P1176T04060A1/P1176T04060A1C2F11731.jpg,1176040601,1176040601,gallery/P1176T04060A1/P1176T04060A1C0F13411.jpg,0.73475,0.68884,0.71685,ban_giao,dung,0,1355
query/P0167T04041A1/P0167T04041A1C2F15721.jpg,167040411,167040411,gallery/P0167T04041A1/P0167T04041A1C0F17611.jpg,0.74835,0.7228,0.71685,ban_giao,dung,1,2334
query/P1176T04060A1/P1176T04060A1C2F11791.jpg,1176040601,1176040601,gallery/P1176T04060A1/P1176T04060A1C0F15031.jpg,0.75585,0.67214,0.71685,ban_giao,dung,0,1355
query/P4169T04060A2/P4169T04060A2C2F30661.jpg,4169040602,692040601,gallery/P0692T04060A1/P0692T04060A1C0F06961.jpg,0.62217,0.62217,0.71685,tu_choi,tu_choi,1,1355
query/P2003T04060A0/P2003T04060A0C2F26701.jpg,2003040600,2003040600,gallery/P2003T04060A0/P2003T04060A0C0F26251.jpg,0.73627,0.64743,0.71685,ban_giao,dung,0,1355
query/P2200T04060A1/P2200T04060A1C2F24631.jpg,2200040601,588040600,gallery/P0588T04060A0/P0588T04060A0C0F09091.jpg,0.71009,0.71009,0.71685,tu_choi,tu_choi,1,1355
query/P0209T04071A0/P0209T04071A0C2F01171.jpg,209040710,209040710,gallery/P0209T04071A0/P0209T04071A0C0F02401.jpg,0.74296,0.67436,0.71685,ban_giao,dung,1,1617
query/P0783T04071A1/P0783T04071A1C2F13891.jpg,783040711,783040711,gallery/P0783T04071A1/P0783T04071A1C0F08641.jpg,0.66524,0.65358,0.71685,tu_choi,tu_choi,0,1617
query/P1851T04060A1/P1851T04060A1C2F04921.jpg,1851040601,1851040601,gallery/P1851T04060A1/P1851T04060A1C0F21781.jpg,0.67861,0.64034,0.71685,tu_choi,tu_choi,1,1355
query/P0145T04060A2/P0145T04060A2C2F05371.jpg,145040602,1042040600,gallery/P1042T04060A0/P1042T04060A0C0F14491.jpg,0.62812,0.62812,0.71685,tu_choi,tu_choi,1,1355
query/P1488T04060A0/P1488T04060A0C2F19591.jpg,1488040600,1375040600,gallery/P1375T04060A0/P1375T04060A0C0F20221.jpg,0.73513,0.73513,0.71685,ban_giao,sai,1,1355
query/P0522T04071A2/P0522T04071A2C2F12361.jpg,522040712,1785040712,gallery/P1785T04071A2/P1785T04071A2C0F24601.jpg,0.66979,0.66979,0.71685,tu_choi,tu_choi,1,1617
query/P0936T04060A1/P0936T04060A1C2F09601.jpg,936040601,959040601,gallery/P0959T04060A1/P0959T04060A1C0F10621.jpg,0.62585,0.62585,0.71685,tu_choi,tu_choi,0,1355
query/P1317T04060A0/P1317T04060A0C2F17581.jpg,1317040600,1317040600,gallery/P1317T04060A0/P1317T04060A0C0F19681.jpg,0.69758,0.64555,0.71685,tu_choi,tu_choi,0,1355
query/P3434T04070A2/P3434T04070A2C2F21661.jpg,3434040702,123040700,gallery/P0123T04070A0/P0123T04070A0C0F04831.jpg,0.68014,0.68014,0.71685,tu_choi,tu_choi,1,989
query/P1040T04060A0/P1040T04060A0C2F12931.jpg,1040040600,1040040600,gallery/P1040T04060A0/P1040T04060A0C0F13201.jpg,0.74789,0.72402,0.71685,ban_giao,dung,1,1355
query/P1191T04071A1/P1191T04071A1C2F18751.jpg,1191040711,1191040711,gallery/P1191T04071A1/P1191T04071A1C0F13381.jpg,0.64641,0.63088,0.71685,tu_choi,tu_choi,0,1617
query/P0387T04071A1/P0387T04071A1C2F08911.jpg,387040711,1838040712,gallery/P1838T04071A2/P1838T04071A2C0F25321.jpg,0.59748,0.59748,0.71685,tu_choi,tu_choi,1,1617
query/P0702T04070A0/P0702T04070A0C2F11431.jpg,702040700,702040700,gallery/P0702T04070A0/P0702T04070A0C0F13201.jpg,0.62095,0.61515,0.71685,tu_choi,tu_choi,0,989
query/P1556T04071A1/P1556T04071A1C2F22381.jpg,1556040711,594040710,gallery/P0594T04071A0/P0594T04071A0C0F07741.jpg,0.61701,0.61701,0.71685,tu_choi,tu_choi,1,1617
query/P0184T04071A2/P0184T04071A2C2F08221.jpg,184040712,184040712,gallery/P0184T04071A2/P0184T04071A2C0F03061.jpg,0.68871,0.62722,0.71685,tu_choi,tu_choi,1,1617
query/P0400T04051A2/P0400T04051A2C2F18601.jpg,400040512,400040512,gallery/P0400T04051A2/P0400T04051A2C0F13681.jpg,0.71315,0.61131,0.71685,tu_choi,tu_choi,1,1168
query/P0944T04070A0/P0944T04070A0C2F20371.jpg,944040700,944040700,gallery/P0944T04070A0/P0944T04070A0C0F15271.jpg,0.67467,0.65339,0.71685,tu_choi,tu_choi,1,989
query/P1595T04070A2/P1595T04070A2C2F11431.jpg,1595040702,1595040702,gallery/P1595T04070A2/P1595T04070A2C0F11581.jpg,0.64486,0.61307,0.71685,tu_choi,tu_choi,1,989
query/P1793T04071A1/P1793T04071A1C2F24391.jpg,1793040711,2508040710,gallery/P2508T04071A0/P2508T04071A0C0F22051.jpg,0.68826,0.68826,0.71685,tu_choi,tu_choi,1,1617
query/P2375T04071A0/P2375T04071A0C2F25741.jpg,2375040710,1836040710,gallery/P1836T04071A0/P1836T04071A0C0F16531.jpg,0.6566,0.6566,0.71685,tu_choi,tu_choi,0,1617
query/P0518T04071A1/P0518T04071A1C2F05971.jpg,518040711,248040711,gallery/P0248T04071A1/P0248T04071A1C0F03481.jpg,0.65691,0.65691,0.71685,tu_choi,tu_choi,1,1617
query/P1615T04060A2/P1615T04060A2C2F09811.jpg,1615040602,588040600,gallery/P0588T04060A0/P0588T04060A0C0F08971.jpg,0.70338,0.70338,0.71685,tu_choi,tu_choi,1,1355
query/P3935T04060A2/P3935T04060A2C2F29791.jpg,3935040602,1895040600,gallery/P1895T04060A0/P1895T04060A0C0F24331.jpg,0.67104,0.67104,0.71685,tu_choi,tu_choi,1,1355
query/P0555T04071A1/P0555T04071A1C2F05611.jpg,555040711,248040711,gallery/P0248T04071A1/P0248T04071A1C0F03181.jpg,0.67057,0.67057,0.71685,tu_choi,tu_choi,1,1617
query/P1703T04071A2/P1703T04071A2C2F21631.jpg,1703040712,1703040712,gallery/P1703T04071A2/P1703T04071A2C0F23671.jpg,0.70602,0.70538,0.71685,tu_choi,tu_choi,1,1617
query/P1243T04060A2/P1243T04060A2C2F14371.jpg,1243040602,1243040602,gallery/P1243T04060A2/P1243T04060A2C0F08701.jpg,0.66464,0.62819,0.71685,tu_choi,tu_choi,0,1355
query/P0724T04060A1/P0724T04060A1C2F11791.jpg,724040601,1375040600,gallery/P1375T04060A0/P1375T04060A0C0F19651.jpg,0.7242,0.7242,0.71685,ban_giao,sai,1,1355
query/P0594T04071A0/P0594T04071A0C2F06001.jpg,594040710,594040710,gallery/P0594T04071A0/P0594T04071A0C0F06961.jpg,0.7094,0.6885,0.71685,tu_choi,tu_choi,1,1617
query/P1031T04070A0/P1031T04070A0C2F23521.jpg,1031040700,944040700,gallery/P0944T04070A0/P0944T04070A0C0F15751.jpg,0.67302,0.67302,0.71685,tu_choi,tu_choi,0,989
query/P0441T04071A1/P0441T04071A1C2F10021.jpg,441040711,191040710,gallery/P0191T04071A0/P0191T04071A0C0F03211.jpg,0.67593,0.67593,0.71685,tu_choi,tu_choi,0,1617
query/P0345T04070A0/P0345T04070A0C2F10201.jpg,345040700,345040700,gallery/P0345T04070A0/P0345T04070A0C0F05911.jpg,0.70394,0.65625,0.71685,tu_choi,tu_choi,1,989
query/P0706T04070A2/P0706T04070A2C2F04291.jpg,706040702,616040700,gallery/P0616T04070A0/P0616T04070A0C0F11161.jpg,0.67764,0.67764,0.71685,tu_choi,tu_choi,1,989
query/P0739T04070A1/P0739T04070A1C2F12451.jpg,739040701,739040701,gallery/P0739T04070A1/P0739T04070A1C0F08311.jpg,0.67237,0.66009,0.71685,tu_choi,tu_choi,0,989
query/P0139T04041A1/P0139T04041A1C2F9571.jpg,139040411,139040411,gallery/P0139T04041A1/P0139T04041A1C0F8521.jpg,0.68888,0.68001,0.71685,tu_choi,tu_choi,1,2334
query/P1846T04070A0/P1846T04070A0C2F27271.jpg,1846040700,1846040700,gallery/P1846T04070A0/P1846T04070A0C0F27361.jpg,0.68015,0.61052,0.71685,tu_choi,tu_choi,0,989
query/P3727T04060A2/P3727T04060A2C2F21541.jpg,3727040602,3727040602,gallery/P3727T04060A2/P3727T04060A2C0F25081.jpg,0.79532,0.71049,0.71685,ban_giao,dung,0,1355
query/P2230T04070A1/P2230T04070A1C2F26011.jpg,2230040701,119040700,gallery/P0119T04070A0/P0119T04070A0C0F04801.jpg,0.64651,0.64651,0.71685,tu_choi,tu_choi,1,989
query/P1805T04070A0/P1805T04070A0C2F30241.jpg,1805040700,1805040700,gallery/P1805T04070A0/P1805T04070A0C0F26341.jpg,0.64726,0.62122,0.71685,tu_choi,tu_choi,0,989
query/P0368T04071A2/P0368T04071A2C2F04021.jpg,368040712,1589040711,gallery/P1589T04071A1/P1589T04071A1C0F18121.jpg,0.68369,0.68369,0.71685,tu_choi,tu_choi,1,1617
query/P1706T04071A2/P1706T04071A2C2F22501.jpg,1706040712,1706040712,gallery/P1706T04071A2/P1706T04071A2C0F22891.jpg,0.72155,0.69699,0.71685,ban_giao,dung,0,1617
query/P0721T04070A1/P0721T04070A1C2F06811.jpg,721040701,721040701,gallery/P0721T04070A1/P0721T04070A1C0F06931.jpg,0.68569,0.67589,0.71685,tu_choi,tu_choi,1,989
query/P0184T04070A1/P0184T04070A1C2F01891.jpg,184040701,119040700,gallery/P0119T04070A0/P0119T04070A0C0F02431.jpg,0.63356,0.63356,0.71685,tu_choi,tu_choi,1,989
query/P1761T04071A1/P1761T04071A1C2F24541.jpg,1761040711,847040710,gallery/P0847T04071A0/P0847T04071A0C0F09061.jpg,0.67065,0.67065,0.71685,tu_choi,tu_choi,1,1617
query/P0594T04060A1/P0594T04060A1C2F11941.jpg,594040601,1317040600,gallery/P1317T04060A0/P1317T04060A0C0F19531.jpg,0.6871,0.6871,0.71685,tu_choi,tu_choi,0,1355
query/P0495T04051A2/P0495T04051A2C2F28351.jpg,495040512,307040512,gallery/P0307T04051A2/P0307T04051A2C0F4171.jpg,0.6555,0.6555,0.71685,tu_choi,tu_choi,1,1168
query/P1774T04070A0/P1774T04070A0C2F25651.jpg,1774040700,1774040700,gallery/P1774T04070A0/P1774T04070A0C0F26221.jpg,0.7084,0.65813,0.71685,tu_choi,tu_choi,1,989
query/P1046T04070A2/P1046T04070A2C2F05191.jpg,1046040702,430040701,gallery/P0430T04070A1/P0430T04070A1C0F03781.jpg,0.66975,0.66975,0.71685,tu_choi,tu_choi,0,989
query/P1147T04060A1/P1147T04060A1C2F14221.jpg,1147040601,1243040602,gallery/P1243T04060A2/P1243T04060A2C0F08671.jpg,0.65578,0.65578,0.71685,tu_choi,tu_choi,1,1355
query/P0344T04051A2/P0344T04051A2C2F13861.jpg,344040512,400040512,gallery/P0400T04051A2/P0400T04051A2C0F13681.jpg,0.6607,0.6607,0.71685,tu_choi,tu_choi,0,1168
query/P0303T04070A1/P0303T04070A1C2F02071.jpg,303040701,706040702,gallery/P0706T04070A2/P0706T04070A2C0F03931.jpg,0.64271,0.64271,0.71685,tu_choi,tu_choi,0,989
query/P1550T04060A0/P1550T04060A0C2F21361.jpg,1550040600,1550040600,gallery/P1550T04060A0/P1550T04060A0C0F22801.jpg,0.67893,0.65567,0.71685,tu_choi,tu_choi,1,1355
query/P1838T04071A2/P1838T04071A2C2F30991.jpg,1838040712,1652040710,gallery/P1652T04071A0/P1652T04071A0C0F15391.jpg,0.72112,0.72112,0.71685,ban_giao,sai,0,1617
query/P1371T04060A0/P1371T04060A0C2F18421.jpg,1371040600,588040600,gallery/P0588T04060A0/P0588T04060A0C0F09661.jpg,0.70055,0.70055,0.71685,tu_choi,tu_choi,1,1355
query/P0416T04070A1/P0416T04070A1C2F03061.jpg,416040701,706040702,gallery/P0706T04070A2/P0706T04070A2C0F06391.jpg,0.66766,0.66766,0.71685,tu_choi,tu_choi,1,989
query/P0420T04071A2/P0420T04071A2C2F06031.jpg,420040712,420040712,gallery/P0420T04071A2/P0420T04071A2C0F05911.jpg,0.75713,0.67534,0.71685,ban_giao,dung,0,1617
query/P0257T04051A1/P0257T04051A1C2F23011.jpg,257040511,152040511,gallery/P0152T04051A1/P0152T04051A1C0F1831.jpg,0.66269,0.66269,0.71685,tu_choi,tu_choi,0,1168
query/P1191T04071A1/P1191T04071A1C2F19081.jpg,1191040711,175040710,gallery/P0175T04071A0/P0175T04071A0C0F02101.jpg,0.64289,0.64289,0.71685,tu_choi,tu_choi,0,1617
query/P0895T04060A1/P0895T04060A1C2F08041.jpg,895040601,2290040602,gallery/P2290T04060A2/P2290T04060A2C0F14251.jpg,0.72013,0.72013,0.71685,ban_giao,sai,0,1355
query/P0292T04041A2/P0292T04041A2C2F20131.jpg,292040412,292040412,gallery/P0292T04041A2/P0292T04041A2C0F15571.jpg,0.77397,0.66225,0.71685,ban_giao,dung,0,2334
query/P0917T04071A1/P0917T04071A1C2F15391.jpg,917040711,191040710,gallery/P0191T04071A0/P0191T04071A0C0F02281.jpg,0.65556,0.65556,0.71685,tu_choi,tu_choi,0,1617
query/P0666T04071A0/P0666T04071A0C2F07981.jpg,666040710,666040710,gallery/P0666T04071A0/P0666T04071A0C0F08641.jpg,0.65723,0.65414,0.71685,tu_choi,tu_choi,1,1617
query/P2121T04070A1/P2121T04070A1C2F28801.jpg,2121040701,441040700,gallery/P0441T04070A0/P0441T04070A0C0F08641.jpg,0.64334,0.64334,0.71685,tu_choi,tu_choi,1,989
query/P0768T04071A2/P0768T04071A2C2F10381.jpg,768040712,783040711,gallery/P0783T04071A1/P0783T04071A1C0F08431.jpg,0.63651,0.63651,0.71685,tu_choi,tu_choi,0,1617
query/P1566T04071A1/P1566T04071A1C2F23191.jpg,1566040711,209040710,gallery/P0209T04071A0/P0209T04071A0C0F31812.jpg,0.67186,0.67186,0.71685,tu_choi,tu_choi,0,1617
query/P0469T04060A2/P0469T04060A2C2F03151.jpg,469040602,1375040600,gallery/P1375T04060A0/P1375T04060A0C0F20251.jpg,0.64265,0.64265,0.71685,tu_choi,tu_choi,0,1355
query/P0751T04070A2/P0751T04070A2C2F08731.jpg,751040702,1774040700,gallery/P1774T04070A0/P1774T04070A0C0F26911.jpg,0.6984,0.6984,0.71685,tu_choi,tu_choi,1,989
query/P1180T04060A0/P1180T04060A0C2F15601.jpg,1180040600,936040601,gallery/P0936T04060A1/P0936T04060A1C0F10411.jpg,0.62901,0.62901,0.71685,tu_choi,tu_choi,0,1355
query/P0127T04071A2/P0127T04071A2C2F01081.jpg,127040712,248040711,gallery/P0248T04071A1/P0248T04071A1C0F02791.jpg,0.71055,0.71055,0.71685,tu_choi,tu_choi,0,1617
query/P0130T04060A0/P0130T04060A0C2F07321.jpg,130040600,130040600,gallery/P0130T04060A0/P0130T04060A0C0F02341.jpg,0.72853,0.63397,0.71685,ban_giao,dung,1,1355
query/P0184T04070A1/P0184T04070A1C2F01861.jpg,184040701,184040701,gallery/P0184T04070A1/P0184T04070A1C0F02131.jpg,0.68154,0.64351,0.71685,tu_choi,tu_choi,1,989
query/P0390T04051A2/P0390T04051A2C2F17521.jpg,390040512,390040512,gallery/P0390T04051A2/P0390T04051A2C0F11431.jpg,0.69561,0.68065,0.71685,tu_choi,tu_choi,1,1168
query/P3434T04070A2/P3434T04070A2C2F21001.jpg,3434040702,944040700,gallery/P0944T04070A0/P0944T04070A0C0F15271.jpg,0.67121,0.67121,0.71685,tu_choi,tu_choi,1,989
query/P2003T04060A0/P2003T04060A0C2F26221.jpg,2003040600,2003040600,gallery/P2003T04060A0/P2003T04060A0C0F26401.jpg,0.77591,0.67034,0.71685,ban_giao,dung,0,1355
query/P0441T04071A1/P0441T04071A1C2F09961.jpg,441040711,191040710,gallery/P0191T04071A0/P0191T04071A0C0F02341.jpg,0.66127,0.66127,0.71685,tu_choi,tu_choi,0,1617
query/P0588T04060A0/P0588T04060A0C2F08401.jpg,588040600,1895040600,gallery/P1895T04060A0/P1895T04060A0C0F25111.jpg,0.70735,0.70735,0.71685,tu_choi,tu_choi,1,1355
query/P0010T04041A0/P0010T04041A0C2F391.jpg,10040410,214040412,gallery/P0214T04041A2/P0214T04041A2C0F601.jpg,0.66634,0.66634,0.71685,tu_choi,tu_choi,0,2334
query/P0189T04070A1/P0189T04070A1C2F01441.jpg,189040701,189040701,gallery/P0189T04070A1/P0189T04070A1C0F02071.jpg,0.69634,0.66085,0.71685,tu_choi,tu_choi,1,989
query/P0657T04070A2/P0657T04070A2C2F08971.jpg,657040702,657040702,gallery/P0657T04070A2/P0657T04070A2C0F04441.jpg,0.63853,0.59066,0.71685,tu_choi,tu_choi,1,989
query/P0209T04071A0/P0209T04071A0C2F01261.jpg,209040710,209040710,gallery/P0209T04071A0/P0209T04071A0C0F02401.jpg,0.72505,0.6377,0.71685,ban_giao,dung,1,1617
query/P1730T04060A0/P1730T04060A0C2F22111.jpg,1730040600,1895040600,gallery/P1895T04060A0/P1895T04060A0C0F24331.jpg,0.6708,0.6708,0.71685,tu_choi,tu_choi,1,1355
query/P0895T04060A1/P0895T04060A1C2F09271.jpg,895040601,1042040600,gallery/P1042T04060A0/P1042T04060A0C0F13711.jpg,0.70384,0.70384,0.71685,tu_choi,tu_choi,0,1355
query/P2527T04070A2/P2527T04070A2C2F14941.jpg,2527040702,362040702,gallery/P0362T04070A2/P0362T04070A2C0F03211.jpg,0.62305,0.62305,0.71685,tu_choi,tu_choi,0,989
query/P0685T04071A2/P0685T04071A2C2F14131.jpg,685040712,685040712,gallery/P0685T04071A2/P0685T04071A2C0F09931.jpg,0.68703,0.62125,0.71685,tu_choi,tu_choi,0,1617
query/P1595T04070A2/P1595T04070A2C2F10741.jpg,1595040702,1173040702,gallery/P1173T04070A2/P1173T04070A2C0F07891.jpg,0.6595,0.6595,0.71685,tu_choi,tu_choi,1,989
query/P0008T04041A0/P0008T04041A0C2F24811.jpg,8040410,8040410,gallery/P0008T04041A0/P0008T04041A0C0F1021.jpg,0.72862,0.64839,0.71685,ban_giao,dung,1,2334
query/P0761T04070A0/P0761T04070A0C2F10141.jpg,761040700,944040700,gallery/P0944T04070A0/P0944T04070A0C0F14971.jpg,0.63916,0.63916,0.71685,tu_choi,tu_choi,1,989
query/P0927T04071A2/P0927T04071A2C2F17521.jpg,927040712,927040712,gallery/P0927T04071A2/P0927T04071A2C0F13201.jpg,0.66722,0.62314,0.71685,tu_choi,tu_choi,0,1617
query/P1179T04060A0/P1179T04060A0C2F15241.jpg,1179040600,1179040600,gallery/P1179T04060A0/P1179T04060A0C0F15961.jpg,0.78489,0.67252,0.71685,ban_giao,dung,0,1355
query/P0189T04070A1/P0189T04070A1C2F01681.jpg,189040701,189040701,gallery/P0189T04070A1/P0189T04070A1C0F02011.jpg,0.7686,0.69827,0.71685,ban_giao,dung,1,989
query/P1774T04070A0/P1774T04070A0C2F25561.jpg,1774040700,1774040700,gallery/P1774T04070A0/P1774T04070A0C0F26911.jpg,0.70913,0.66592,0.71685,tu_choi,tu_choi,1,989
query/P0810T04060A1/P0810T04060A1C2F13261.jpg,810040601,1243040602,gallery/P1243T04060A2/P1243T04060A2C0F08911.jpg,0.62969,0.62969,0.71685,tu_choi,tu_choi,0,1355
query/P2020T04071A2/P2020T04071A2C2F25591.jpg,2020040712,880040712,gallery/P0880T04071A2/P0880T04071A2C0F12721.jpg,0.68799,0.68799,0.71685,tu_choi,tu_choi,1,1617
query/P1354T04060A2/P1354T04060A2C2F13231.jpg,1354040602,588040600,gallery/P0588T04060A0/P0588T04060A0C0F10411.jpg,0.69776,0.69776,0.71685,tu_choi,tu_choi,0,1355
query/P1031T04070A0/P1031T04070A0C2F23461.jpg,1031040700,1031040700,gallery/P1031T04070A0/P1031T04070A0C0F17851.jpg,0.67394,0.63284,0.71685,tu_choi,tu_choi,0,989
query/P1796T04071A1/P1796T04071A1C2F24811.jpg,1796040711,1796040711,gallery/P1796T04071A1/P1796T04071A1C0F19681.jpg,0.67064,0.65011,0.71685,tu_choi,tu_choi,1,1617
query/P1015T04071A1/P1015T04071A1C2F16591.jpg,1015040711,248040711,gallery/P0248T04071A1/P0248T04071A1C0F02971.jpg,0.65116,0.65116,0.71685,tu_choi,tu_choi,0,1617
query/P0298T04041A2/P0298T04041A2C2F18931.jpg,298040412,139040411,gallery/P0139T04041A1/P0139T04041A1C0F8521.jpg,0.6745,0.6745,0.71685,tu_choi,tu_choi,1,2334
query/P0191T04051A1/P0191T04051A1C2F9631.jpg,191040511,508040512,gallery/P0508T04051A2/P0508T04051A2C0F23731.jpg,0.71675,0.71675,0.71685,tu_choi,tu_choi,0,1168
query/P0130T04060A0/P0130T04060A0C2F07711.jpg,130040600,692040601,gallery/P0692T04060A1/P0692T04060A1C0F07831.jpg,0.70669,0.70669,0.71685,tu_choi,tu_choi,1,1355
query/P1836T04071A0/P1836T04071A0C2F23221.jpg,1836040710,652040710,gallery/P0652T04071A0/P0652T04071A0C0F08761.jpg,0.72095,0.72095,0.71685,ban_giao,sai,1,1617
query/P0387T04071A1/P0387T04071A1C2F09661.jpg,387040711,623040710,gallery/P0623T04071A0/P0623T04071A0C0F08041.jpg,0.66381,0.66381,0.71685,tu_choi,tu_choi,1,1617
query/P0419T04071A2/P0419T04071A2C2F05311.jpg,419040712,1785040712,gallery/P1785T04071A2/P1785T04071A2C0F24541.jpg,0.65704,0.65704,0.71685,tu_choi,tu_choi,0,1617
query/P0936T04060A1/P0936T04060A1C2F09901.jpg,936040601,335040600,gallery/P0335T04060A0/P0335T04060A0C0F06931.jpg,0.64113,0.64113,0.71685,tu_choi,tu_choi,0,1355
query/P0702T04070A0/P0702T04070A0C2F11191.jpg,702040700,702040700,gallery/P0702T04070A0/P0702T04070A0C0F12841.jpg,0.5966,0.53759,0.71685,tu_choi,tu_choi,0,989
query/P0345T04070A2/P0345T04070A2C2F02041.jpg,345040702,1724040701,gallery/P1724T04070A1/P1724T04070A1C0F19531.jpg,0.60723,0.60723,0.71685,tu_choi,tu_choi,0,989
query/P1793T04071A1/P1793T04071A1C2F24421.jpg,1793040711,2508040710,gallery/P2508T04071A0/P2508T04071A0C0F22051.jpg,0.63734,0.63734,0.71685,tu_choi,tu_choi,1,1617
query/P0191T04071A0/P0191T04071A0C2F01501.jpg,191040710,594040710,gallery/P0594T04071A0/P0594T04071A0C0F06961.jpg,0.67675,0.67675,0.71685,tu_choi,tu_choi,1,1617
query/P0474T04060A2/P0474T04060A2C2F07981.jpg,474040602,810040601,gallery/P0810T04060A1/P0810T04060A1C0F08491.jpg,0.59774,0.59774,0.71685,tu_choi,tu_choi,0,1355
query/P0905T04060A0/P0905T04060A0C2F11191.jpg,905040600,335040600,gallery/P0335T04060A0/P0335T04060A0C0F06991.jpg,0.68231,0.68231,0.71685,tu_choi,tu_choi,1,1355
query/P0623T04071A0/P0623T04071A0C2F05551.jpg,623040710,623040710,gallery/P0623T04071A0/P0623T04071A0C0F07471.jpg,0.67449,0.6646,0.71685,tu_choi,tu_choi,0,1617
query/P0783T04071A1/P0783T04071A1C2F14041.jpg,783040711,783040711,gallery/P0783T04071A1/P0783T04071A1C0F09961.jpg,0.72328,0.66387,0.71685,ban_giao,dung,0,1617
query/P1796T04071A1/P1796T04071A1C2F25021.jpg,1796040711,1706040712,gallery/P1706T04071A2/P1706T04071A2C0F23131.jpg,0.67207,0.67207,0.71685,tu_choi,tu_choi,1,1617
query/P0175T04071A0/P0175T04071A0C2F07141.jpg,175040710,175040710,gallery/P0175T04071A0/P0175T04071A0C0F02401.jpg,0.68954,0.66593,0.71685,tu_choi,tu_choi,0,1617
query/P2020T04071A2/P2020T04071A2C2F25111.jpg,2020040712,594040710,gallery/P0594T04071A0/P0594T04071A0C0F07891.jpg,0.73175,0.73175,0.71685,ban_giao,sai,1,1617
query/P3880T04060A2/P3880T04060A2C2F23941.jpg,3880040602,1375040600,gallery/P1375T04060A0/P1375T04060A0C0F20191.jpg,0.6684,0.6684,0.71685,tu_choi,tu_choi,1,1355
query/P2290T04060A2/P2290T04060A2C2F19051.jpg,2290040602,588040600,gallery/P0588T04060A0/P0588T04060A0C0F08971.jpg,0.68536,0.68536,0.71685,tu_choi,tu_choi,1,1355
query/P1272T04070A2/P1272T04070A2C2F13231.jpg,1272040702,441040700,gallery/P0441T04070A0/P0441T04070A0C0F08641.jpg,0.59277,0.59277,0.71685,tu_choi,tu_choi,0,989
query/P1211T04071A1/P1211T04071A1C2F18031.jpg,1211040711,847040710,gallery/P0847T04071A0/P0847T04071A0C0F09181.jpg,0.6455,0.6455,0.71685,tu_choi,tu_choi,1,1617
query/P0025T04041A0/P0025T04041A0C2F6631.jpg,25040410,25040410,gallery/P0025T04041A0/P0025T04041A0C0F5161.jpg,0.68459,0.68038,0.71685,tu_choi,tu_choi,0,2334
query/P1211T04071A1/P1211T04071A1C2F18091.jpg,1211040711,847040710,gallery/P0847T04071A0/P0847T04071A0C0F10021.jpg,0.71724,0.71724,0.71685,ban_giao,sai,1,1617
query/P1354T04060A2/P1354T04060A2C2F12811.jpg,1354040602,1042040600,gallery/P1042T04060A0/P1042T04060A0C0F13741.jpg,0.69221,0.69221,0.71685,tu_choi,tu_choi,0,1355
query/P1748T04070A1/P1748T04070A1C2F18421.jpg,1748040701,441040700,gallery/P0441T04070A0/P0441T04070A0C0F08521.jpg,0.68972,0.68972,0.71685,tu_choi,tu_choi,0,989
query/P2210T04060A1/P2210T04060A1C2F24451.jpg,2210040601,588040600,gallery/P0588T04060A0/P0588T04060A0C0F10441.jpg,0.67396,0.67396,0.71685,tu_choi,tu_choi,1,1355
query/P1272T04070A2/P1272T04070A2C2F12991.jpg,1272040702,325040702,gallery/P0325T04070A2/P0325T04070A2C0F02401.jpg,0.62121,0.62121,0.71685,tu_choi,tu_choi,0,989
query/P0664T04060A1/P0664T04060A1C2F05491.jpg,664040601,1040040600,gallery/P1040T04060A0/P1040T04060A0C0F13201.jpg,0.66397,0.66397,0.71685,tu_choi,tu_choi,1,1355
query/P1589T04071A1/P1589T04071A1C2F23161.jpg,1589040711,1589040711,gallery/P1589T04071A1/P1589T04071A1C0F18481.jpg,0.58705,0.58211,0.71685,tu_choi,tu_choi,0,1617
query/P1785T04071A2/P1785T04071A2C2F23491.jpg,1785040712,1785040712,gallery/P1785T04071A2/P1785T04071A2C0F24241.jpg,0.72032,0.61993,0.71685,ban_giao,dung,0,1617
query/P0211T04041A2/P0211T04041A2C2F91.jpg,211040412,211040412,gallery/P0211T04041A2/P0211T04041A2C0F931.jpg,0.7162,0.69717,0.71685,tu_choi,tu_choi,1,2334
query/P1559T04071A2/P1559T04071A2C2F25051.jpg,1559040712,594040710,gallery/P0594T04071A0/P0594T04071A0C0F07081.jpg,0.67491,0.67491,0.71685,tu_choi,tu_choi,1,1617
query/P1566T04071A1/P1566T04071A1C2F23761.jpg,1566040711,1566040711,gallery/P1566T04071A1/P1566T04071A1C0F18331.jpg,0.69146,0.68068,0.71685,tu_choi,tu_choi,0,1617
query/P0594T04060A1/P0594T04060A1C2F11221.jpg,594040601,594040601,gallery/P0594T04060A1/P0594T04060A1C0F05611.jpg,0.67637,0.61951,0.71685,tu_choi,tu_choi,0,1355
query/P1724T04070A1/P1724T04070A1C2F27481.jpg,1724040701,1425040700,gallery/P1425T04070A0/P1425T04070A0C0F21361.jpg,0.59964,0.59964,0.71685,tu_choi,tu_choi,1,989
query/P0769T04060A2/P0769T04060A2C2F03811.jpg,769040602,959040601,gallery/P0959T04060A1/P0959T04060A1C0F10621.jpg,0.68399,0.68399,0.71685,tu_choi,tu_choi,0,1355
query/P3433T04060A2/P3433T04060A2C2F20581.jpg,3433040602,1042040600,gallery/P1042T04060A0/P1042T04060A0C0F14491.jpg,0.69968,0.69968,0.71685,tu_choi,tu_choi,0,1355
query/P0378T04051A2/P0378T04051A2C2F16141.jpg,378040512,239040511,gallery/P0239T04051A1/P0239T04051A1C0F21421.jpg,0.65623,0.65623,0.71685,tu_choi,tu_choi,0,1168
query/P2508T04071A0/P2508T04071A0C2F27241.jpg,2508040710,783040711,gallery/P0783T04071A1/P0783T04071A1C0F08491.jpg,0.68183,0.68183,0.71685,tu_choi,tu_choi,0,1617
query/P0238T04041A2/P0238T04041A2C2F10531.jpg,238040412,276040412,gallery/P0276T04041A2/P0276T04041A2C0F14431.jpg,0.69328,0.69328,0.71685,tu_choi,tu_choi,1,2334
query/P1354T04060A2/P1354T04060A2C2F12781.jpg,1354040602,724040601,gallery/P0724T04060A1/P0724T04060A1C0F06661.jpg,0.66147,0.66147,0.71685,tu_choi,tu_choi,0,1355
query/P1920T04060A1/P1920T04060A1C2F21421.jpg,1920040601,692040601,gallery/P0692T04060A1/P0692T04060A1C0F07831.jpg,0.63783,0.63783,0.71685,tu_choi,tu_choi,1,1355
query/P1595T04070A2/P1595T04070A2C2F10951.jpg,1595040702,1595040702,gallery/P1595T04070A2/P1595T04070A2C0F11521.jpg,0.70427,0.60735,0.71685,tu_choi,tu_choi,1,989
query/P0124T04041A1/P0124T04041A1C2F2221.jpg,124040411,167040411,gallery/P0167T04041A1/P0167T04041A1C0F17311.jpg,0.62856,0.62856,0.71685,tu_choi,tu_choi,0,2334
query/P1761T04071A1/P1761T04071A1C2F24631.jpg,1761040711,586040712,gallery/P0586T04071A2/P0586T04071A2C0F08161.jpg,0.68214,0.68214,0.71685,tu_choi,tu_choi,1,1617
query/P1796T04071A1/P1796T04071A1C2F24391.jpg,1796040711,1785040712,gallery/P1785T04071A2/P1785T04071A2C0F24661.jpg,0.51876,0.51876,0.71685,tu_choi,tu_choi,1,1617
query/P0167T04051A1/P0167T04051A1C2F8911.jpg,167040511,200040511,gallery/P0200T04051A1/P0200T04051A1C0F11581.jpg,0.60812,0.60812,0.71685,tu_choi,tu_choi,1,1168
query/P0685T04071A2/P0685T04071A2C2F13891.jpg,685040712,1785040712,gallery/P1785T04071A2/P1785T04071A2C0F23881.jpg,0.69382,0.69382,0.71685,tu_choi,tu_choi,0,1617
query/P0131T04041A1/P0131T04041A1C2F7471.jpg,131040411,225040412,gallery/P0225T04041A2/P0225T04041A2C0F3811.jpg,0.6571,0.6571,0.71685,tu_choi,tu_choi,0,2334
query/P0724T04060A1/P0724T04060A1C2F11821.jpg,724040601,724040601,gallery/P0724T04060A1/P0724T04060A1C0F06661.jpg,0.70777,0.69883,0.71685,tu_choi,tu_choi,1,1355
query/P1425T04070A0/P1425T04070A0C2F26551.jpg,1425040700,574040701,gallery/P0574T04070A1/P0574T04070A1C0F05251.jpg,0.60804,0.60804,0.71685,tu_choi,tu_choi,1,989
query/P1523T04060A2/P1523T04060A2C2F08881.jpg,1523040602,1042040600,gallery/P1042T04060A0/P1042T04060A0C0F14431.jpg,0.73434,0.73434,0.71685,ban_giao,sai,1,1355
query/P0225T04041A2/P0225T04041A2C2F2971.jpg,225040412,225040412,gallery/P0225T04041A2/P0225T04041A2C0F4171.jpg,0.7661,0.68499,0.71685,ban_giao,dung,0,2334
query/P1761T04071A1/P1761T04071A1C2F24661.jpg,1761040711,1211040711,gallery/P1211T04071A1/P1211T04071A1C0F13381.jpg,0.66203,0.66203,0.71685,tu_choi,tu_choi,1,1617
query/P1774T04070A0/P1774T04070A0C2F25771.jpg,1774040700,616040700,gallery/P0616T04070A0/P0616T04070A0C0F11161.jpg,0.70754,0.70754,0.71685,tu_choi,tu_choi,1,989
query/P0420T04071A2/P0420T04071A2C2F05791.jpg,420040712,420040712,gallery/P0420T04071A2/P0420T04071A2C0F05911.jpg,0.70717,0.65262,0.71685,tu_choi,tu_choi,0,1617
query/P0574T04070A1/P0574T04070A1C2F09661.jpg,574040701,574040701,gallery/P0574T04070A1/P0574T04070A1C0F05341.jpg,0.67638,0.64605,0.71685,tu_choi,tu_choi,1,989
query/P3434T04070A2/P3434T04070A2C2F21631.jpg,3434040702,119040700,gallery/P0119T04070A0/P0119T04070A0C0F04801.jpg,0.6604,0.6604,0.71685,tu_choi,tu_choi,1,989
query/P1173T04070A2/P1173T04070A2C2F05791.jpg,1173040702,1173040702,gallery/P1173T04070A2/P1173T04070A2C0F07891.jpg,0.64364,0.63465,0.71685,tu_choi,tu_choi,1,989
query/P1333T04060A0/P1333T04060A0C2F16981.jpg,1333040600,335040600,gallery/P0335T04060A0/P0335T04060A0C0F06871.jpg,0.6283,0.6283,0.71685,tu_choi,tu_choi,1,1355
query/P0239T04051A1/P0239T04051A1C2F28321.jpg,239040511,389040512,gallery/P0389T04051A2/P0389T04051A2C0F11521.jpg,0.6421,0.6421,0.71685,tu_choi,tu_choi,0,1168
query/P1895T04060A1/P1895T04060A1C2F28651.jpg,1895040601,1895040601,gallery/P1895T04060A1/P1895T04060A1C0F22291.jpg,0.63803,0.62433,0.71685,tu_choi,tu_choi,0,1355
query/P1796T04071A1/P1796T04071A1C2F24751.jpg,1796040711,1706040712,gallery/P1706T04071A2/P1706T04071A2C0F23251.jpg,0.66913,0.66913,0.71685,tu_choi,tu_choi,1,1617
query/P1488T04060A0/P1488T04060A0C2F20431.jpg,1488040600,1375040600,gallery/P1375T04060A0/P1375T04060A0C0F20221.jpg,0.69888,0.69888,0.71685,tu_choi,tu_choi,1,1355
query/P0973T04071A0/P0973T04071A0C2F14461.jpg,973040710,973040710,gallery/P0973T04071A0/P0973T04071A0C0F10171.jpg,0.71357,0.69466,0.71685,tu_choi,tu_choi,1,1617
query/P0771T04060A2/P0771T04060A2C2F04111.jpg,771040602,335040600,gallery/P0335T04060A0/P0335T04060A0C0F06661.jpg,0.65614,0.65614,0.71685,tu_choi,tu_choi,0,1355
query/P1615T04060A2/P1615T04060A2C2F09571.jpg,1615040602,1375040600,gallery/P1375T04060A0/P1375T04060A0C0F19711.jpg,0.69605,0.69605,0.71685,tu_choi,tu_choi,1,1355
query/P0578T04071A1/P0578T04071A1C2F05581.jpg,578040711,594040710,gallery/P0594T04071A0/P0594T04071A0C0F07741.jpg,0.69201,0.69201,0.71685,tu_choi,tu_choi,1,1617
query/P0656T04071A0/P0656T04071A0C2F12211.jpg,656040710,847040710,gallery/P0847T04071A0/P0847T04071A0C0F09421.jpg,0.73411,0.73411,0.71685,ban_giao,sai,1,1617
query/P0710T04060A1/P0710T04060A1C2F05791.jpg,710040601,710040601,gallery/P0710T04060A1/P0710T04060A1C0F08011.jpg,0.61684,0.60365,0.71685,tu_choi,tu_choi,1,1355
query/P2508T04071A0/P2508T04071A0C2F27001.jpg,2508040710,845040710,gallery/P0845T04071A0/P0845T04071A0C0F09781.jpg,0.64895,0.64895,0.71685,tu_choi,tu_choi,0,1617
query/P0810T04060A1/P0810T04060A1C2F13531.jpg,810040601,810040601,gallery/P0810T04060A1/P0810T04060A1C0F08731.jpg,0.65976,0.61111,0.71685,tu_choi,tu_choi,0,1355
query/P0134T04041A1/P0134T04041A1C2F4621.jpg,134040411,134040411,gallery/P0134T04041A1/P0134T04041A1C0F6901.jpg,0.62902,0.62527,0.71685,tu_choi,tu_choi,1,2334
query/P1622T04071A2/P1622T04071A2C2F27211.jpg,1622040712,1622040712,gallery/P1622T04071A2/P1622T04071A2C0F21181.jpg,0.69695,0.66951,0.71685,tu_choi,tu_choi,1,1617
query/P0710T04060A1/P0710T04060A1C2F06631.jpg,710040601,710040601,gallery/P0710T04060A1/P0710T04060A1C0F07471.jpg,0.71101,0.65009,0.71685,tu_choi,tu_choi,1,1355
query/P1179T04060A0/P1179T04060A0C2F15001.jpg,1179040600,1179040600,gallery/P1179T04060A0/P1179T04060A0C0F15961.jpg,0.7302,0.70215,0.71685,ban_giao,dung,0,1355
query/P0917T04071A1/P0917T04071A1C2F15331.jpg,917040711,468040710,gallery/P0468T04071A0/P0468T04071A0C0F06271.jpg,0.66287,0.66287,0.71685,tu_choi,tu_choi,0,1617
query/P0322T04051A2/P0322T04051A2C2F11581.jpg,322040512,132040510,gallery/P0132T04051A0/P0132T04051A0C0F22771.jpg,0.69736,0.69736,0.71685,tu_choi,tu_choi,0,1168
query/P0325T04070A2/P0325T04070A2C2F01411.jpg,325040702,325040702,gallery/P0325T04070A2/P0325T04070A2C0F02131.jpg,0.70698,0.67842,0.71685,tu_choi,tu_choi,1,989
query/P0936T04060A1/P0936T04060A1C2F09421.jpg,936040601,959040601,gallery/P0959T04060A1/P0959T04060A1C0F10621.jpg,0.63798,0.63798,0.71685,tu_choi,tu_choi,0,1355
query/P2121T04070A1/P2121T04070A1C2F30031.jpg,2121040701,441040700,gallery/P0441T04070A0/P0441T04070A0C0F08581.jpg,0.66751,0.66751,0.71685,tu_choi,tu_choi,1,989
query/P0769T04060A2/P0769T04060A2C2F04531.jpg,769040602,2290040602,gallery/P2290T04060A2/P2290T04060A2C0F14581.jpg,0.61534,0.61534,0.71685,tu_choi,tu_choi,0,1355
query/P1173T04070A2/P1173T04070A2C2F05521.jpg,1173040702,1774040700,gallery/P1774T04070A0/P1774T04070A0C0F26971.jpg,0.61219,0.61219,0.71685,tu_choi,tu_choi,1,989
query/P0895T04060A1/P0895T04060A1C2F08851.jpg,895040601,1042040600,gallery/P1042T04060A0/P1042T04060A0C0F13711.jpg,0.6895,0.6895,0.71685,tu_choi,tu_choi,0,1355
query/P0328T04041A2/P0328T04041A2C2F28771.jpg,328040412,284040412,gallery/P0284T04041A2/P0284T04041A2C0F14761.jpg,0.65748,0.65748,0.71685,tu_choi,tu_choi,0,2334
query/P0225T04071A0/P0225T04071A0C2F01651.jpg,225040710,594040710,gallery/P0594T04071A0/P0594T04071A0C0F07891.jpg,0.6757,0.6757,0.71685,tu_choi,tu_choi,1,1617
query/P1005T04071A0/P1005T04071A0C2F14401.jpg,1005040710,1005040710,gallery/P1005T04071A0/P1005T04071A0C0F10201.jpg,0.66124,0.61641,0.71685,tu_choi,tu_choi,1,1617
query/P0199T04041A1/P0199T04041A1C2F22081.jpg,199040411,199040411,gallery/P0199T04041A1/P0199T04041A1C0F25321.jpg,0.66273,0.65075,0.71685,tu_choi,tu_choi,1,2334
query/P2121T04070A1/P2121T04070A1C2F29641.jpg,2121040701,441040700,gallery/P0441T04070A0/P0441T04070A0C0F08641.jpg,0.68239,0.68239,0.71685,tu_choi,tu_choi,1,989
query/P0345T04070A2/P0345T04070A2C2F01981.jpg,345040702,1724040701,gallery/P1724T04070A1/P1724T04070A1C0F19531.jpg,0.6312,0.6312,0.71685,tu_choi,tu_choi,0,989
query/P0138T04041A1/P0138T04041A1C2F4711.jpg,138040411,138040411,gallery/P0138T04041A1/P0138T04041A1C0F7021.jpg,0.76417,0.66606,0.71685,ban_giao,dung,1,2334
query/P1173T04070A2/P1173T04070A2C2F07171.jpg,1173040702,303040701,gallery/P0303T04070A1/P0303T04070A1C0F02581.jpg,0.63365,0.63365,0.71685,tu_choi,tu_choi,1,989
query/P1838T04071A2/P1838T04071A2C2F30661.jpg,1838040712,191040710,gallery/P0191T04071A0/P0191T04071A0C0F02371.jpg,0.68113,0.68113,0.71685,tu_choi,tu_choi,0,1617
query/P0468T04071A0/P0468T04071A0C2F05011.jpg,468040710,586040712,gallery/P0586T04071A2/P0586T04071A2C0F08431.jpg,0.64592,0.64592,0.71685,tu_choi,tu_choi,0,1617
query/P0574T04070A1/P0574T04070A1C2F09481.jpg,574040701,574040701,gallery/P0574T04070A1/P0574T04070A1C0F05341.jpg,0.64171,0.62857,0.71685,tu_choi,tu_choi,1,989
query/P0123T04070A0/P0123T04070A0C2F10831.jpg,123040700,123040700,gallery/P0123T04070A0/P0123T04070A0C0F02971.jpg,0.69401,0.63421,0.71685,tu_choi,tu_choi,1,989
query/P0710T04060A1/P0710T04060A1C2F05971.jpg,710040601,710040601,gallery/P0710T04060A1/P0710T04060A1C0F08641.jpg,0.66433,0.62946,0.71685,tu_choi,tu_choi,1,1355
query/P1005T04071A0/P1005T04071A0C2F15271.jpg,1005040710,1211040711,gallery/P1211T04071A1/P1211T04071A1C0F13411.jpg,0.66599,0.66599,0.71685,tu_choi,tu_choi,1,1617
query/P1179T04060A0/P1179T04060A0C2F15451.jpg,1179040600,1179040600,gallery/P1179T04060A0/P1179T04060A0C0F22171.jpg,0.77216,0.64435,0.71685,ban_giao,dung,0,1355
query/P0259T04071A2/P0259T04071A2C2F03301.jpg,259040712,973040710,gallery/P0973T04071A0/P0973T04071A0C0F10111.jpg,0.65269,0.65269,0.71685,tu_choi,tu_choi,1,1617
query/P1652T04071A0/P1652T04071A0C2F14491.jpg,1652040710,1652040710,gallery/P1652T04071A0/P1652T04071A0C0F15391.jpg,0.66601,0.61947,0.71685,tu_choi,tu_choi,0,1617
query/P1176T04060A1/P1176T04060A1C2F12211.jpg,1176040601,1176040601,gallery/P1176T04060A1/P1176T04060A1C0F15031.jpg,0.74463,0.63867,0.71685,ban_giao,dung,0,1355
query/P0936T04060A1/P0936T04060A1C2F09481.jpg,936040601,1243040602,gallery/P1243T04060A2/P1243T04060A2C0F08701.jpg,0.66924,0.66924,0.71685,tu_choi,tu_choi,0,1355
query/P1046T04070A2/P1046T04070A2C2F05551.jpg,1046040702,345040702,gallery/P0345T04070A2/P0345T04070A2C0F02161.jpg,0.62341,0.62341,0.71685,tu_choi,tu_choi,0,989
query/P0054T04051A0/P0054T04051A0C2F12001.jpg,54040510,54040510,gallery/P0054T04051A0/P0054T04051A0C0F9571.jpg,0.72428,0.6264,0.71685,ban_giao,dung,0,1168
query/P0126T04041A1/P0126T04041A1C2F3031.jpg,126040411,292040412,gallery/P0292T04041A2/P0292T04041A2C0F16471.jpg,0.68054,0.68054,0.71685,tu_choi,tu_choi,0,2334
query/P0248T04071A1/P0248T04071A1C2F08581.jpg,248040711,248040711,gallery/P0248T04071A1/P0248T04071A1C0F02881.jpg,0.65561,0.65303,0.71685,tu_choi,tu_choi,0,1617
query/P0845T04071A0/P0845T04071A0C2F09301.jpg,845040710,845040710,gallery/P0845T04071A0/P0845T04071A0C0F09871.jpg,0.58042,0.57545,0.71685,tu_choi,tu_choi,1,1617
query/P1838T04071A2/P1838T04071A2C2F30631.jpg,1838040712,191040710,gallery/P0191T04071A0/P0191T04071A0C0F02371.jpg,0.69064,0.69064,0.71685,tu_choi,tu_choi,0,1617
query/P1354T04060A2/P1354T04060A2C2F13141.jpg,1354040602,1895040600,gallery/P1895T04060A0/P1895T04060A0C0F24331.jpg,0.69814,0.69814,0.71685,tu_choi,tu_choi,0,1355
query/P2144T04070A2/P2144T04070A2C2F13591.jpg,2144040702,119040700,gallery/P0119T04070A0/P0119T04070A0C0F04381.jpg,0.63017,0.63017,0.71685,tu_choi,tu_choi,1,989
query/P0616T04070A0/P0616T04070A0C2F10591.jpg,616040700,616040700,gallery/P0616T04070A0/P0616T04070A0C0F11191.jpg,0.73366,0.7136,0.71685,ban_giao,dung,1,989
query/P2527T04070A2/P2527T04070A2C2F15901.jpg,2527040702,616040700,gallery/P0616T04070A0/P0616T04070A0C0F11191.jpg,0.71659,0.71659,0.71685,tu_choi,tu_choi,0,989
query/P0345T04070A2/P0345T04070A2C2F01891.jpg,345040702,1724040701,gallery/P1724T04070A1/P1724T04070A1C0F19531.jpg,0.67279,0.67279,0.71685,tu_choi,tu_choi,0,989
query/P0685T04071A2/P0685T04071A2C2F14041.jpg,685040712,685040712,gallery/P0685T04071A2/P0685T04071A2C0F09931.jpg,0.65389,0.63876,0.71685,tu_choi,tu_choi,0,1617
query/P0847T04071A0/P0847T04071A0C2F14161.jpg,847040710,586040712,gallery/P0586T04071A2/P0586T04071A2C0F08491.jpg,0.72783,0.72783,0.71685,ban_giao,sai,1,1617
query/P0316T04041A2/P0316T04041A2C2F25591.jpg,316040412,140040411,gallery/P0140T04041A1/P0140T04041A1C0F9031.jpg,0.64139,0.64139,0.71685,tu_choi,tu_choi,0,2334
query/P0265T04071A1/P0265T04071A1C2F07891.jpg,265040711,265040711,gallery/P0265T04071A1/P0265T04071A1C0F03241.jpg,0.74022,0.64596,0.71685,ban_giao,dung,1,1617
query/P1589T04071A1/P1589T04071A1C2F23851.jpg,1589040711,768040712,gallery/P0768T04071A2/P0768T04071A2C0F11041.jpg,0.65357,0.65357,0.71685,tu_choi,tu_choi,0,1617
query/P0578T04071A1/P0578T04071A1C2F06091.jpg,578040711,847040710,gallery/P0847T04071A0/P0847T04071A0C0F09421.jpg,0.73091,0.73091,0.71685,ban_giao,sai,1,1617
query/P1066T04071A2/P1066T04071A2C2F14731.jpg,1066040712,1066040712,gallery/P1066T04071A2/P1066T04071A2C0F15781.jpg,0.65387,0.63928,0.71685,tu_choi,tu_choi,1,1617
query/P0845T04071A0/P0845T04071A0C2F09061.jpg,845040710,845040710,gallery/P0845T04071A0/P0845T04071A0C0F09721.jpg,0.6908,0.65858,0.71685,tu_choi,tu_choi,1,1617
query/P0468T04071A0/P0468T04071A0C2F05041.jpg,468040710,468040710,gallery/P0468T04071A0/P0468T04071A0C0F06181.jpg,0.67056,0.6582,0.71685,tu_choi,tu_choi,0,1617
query/P0231T04041A2/P0231T04041A2C2F5521.jpg,231040412,231040412,gallery/P0231T04041A2/P0231T04041A2C0F6061.jpg,0.66379,0.60773,0.71685,tu_choi,tu_choi,1,2334
query/P0761T04070A0/P0761T04070A0C2F10321.jpg,761040700,2527040702,gallery/P2527T04070A2/P2527T04070A2C0F16171.jpg,0.65318,0.65318,0.71685,tu_choi,tu_choi,1,989
query/P0259T04071A2/P0259T04071A2C2F03151.jpg,259040712,973040710,gallery/P0973T04071A0/P0973T04071A0C0F10111.jpg,0.67789,0.67789,0.71685,tu_choi,tu_choi,1,1617
query/P2003T04060A0/P2003T04060A0C2F26311.jpg,2003040600,2003040600,gallery/P2003T04060A0/P2003T04060A0C0F26461.jpg,0.76437,0.64989,0.71685,ban_giao,dung,0,1355
query/P2121T04070A1/P2121T04070A1C2F28651.jpg,2121040701,119040700,gallery/P0119T04070A0/P0119T04070A0C0F04981.jpg,0.61889,0.61889,0.71685,tu_choi,tu_choi,1,989
query/P0184T04071A2/P0184T04071A2C2F08551.jpg,184040712,652040710,gallery/P0652T04071A0/P0652T04071A0C0F07891.jpg,0.63848,0.63848,0.71685,tu_choi,tu_choi,1,1617
query/P1425T04070A0/P1425T04070A0C2F26791.jpg,1425040700,721040701,gallery/P0721T04070A1/P0721T04070A1C0F07531.jpg,0.62389,0.62389,0.71685,tu_choi,tu_choi,1,989
query/P1622T04071A2/P1622T04071A2C2F27271.jpg,1622040712,1211040711,gallery/P1211T04071A1/P1211T04071A1C0F13321.jpg,0.67648,0.67648,0.71685,tu_choi,tu_choi,1,1617
query/P0977T04060A1/P0977T04060A1C2F10651.jpg,977040601,810040601,gallery/P0810T04060A1/P0810T04060A1C0F08191.jpg,0.67317,0.67317,0.71685,tu_choi,tu_choi,0,1355
query/P1292T04060A1/P1292T04060A1C2F19051.jpg,1292040601,1292040601,gallery/P1292T04060A1/P1292T04060A1C0F15121.jpg,0.73563,0.61839,0.71685,ban_giao,dung,0,1355
query/P1292T04060A1/P1292T04060A1C2F19381.jpg,1292040601,1179040600,gallery/P1179T04060A0/P1179T04060A0C0F15961.jpg,0.71852,0.71852,0.71685,ban_giao,sai,0,1355
query/P0886T04070A2/P0886T04070A2C2F04891.jpg,886040702,886040702,gallery/P0886T04070A2/P0886T04070A2C0F05191.jpg,0.59769,0.59427,0.71685,tu_choi,tu_choi,1,989
query/P0001T04071A2/P0001T04071A2C2F05401.jpg,1040712,586040712,gallery/P0586T04071A2/P0586T04071A2C0F08401.jpg,0.62296,0.62296,0.71685,tu_choi,tu_choi,1,1617
query/P2210T04060A1/P2210T04060A1C2F24421.jpg,2210040601,588040600,gallery/P0588T04060A0/P0588T04060A0C0F09661.jpg,0.7186,0.7186,0.71685,ban_giao,sai,1,1355
query/P0657T04070A2/P0657T04070A2C2F08371.jpg,657040702,657040702,gallery/P0657T04070A2/P0657T04070A2C0F04951.jpg,0.64087,0.60699,0.71685,tu_choi,tu_choi,1,989
query/P0153T04070A1/P0153T04070A1C2F01081.jpg,153040701,153040701,gallery/P0153T04070A1/P0153T04070A1C0F01681.jpg,0.58911,0.58412,0.71685,tu_choi,tu_choi,1,989
query/P0152T04041A1/P0152T04041A1C2F15931.jpg,152040411,199040411,gallery/P0199T04041A1/P0199T04041A1C0F26251.jpg,0.66642,0.66642,0.71685,tu_choi,tu_choi,1,2334
query/P0325T04070A2/P0325T04070A2C2F01681.jpg,325040702,325040702,gallery/P0325T04070A2/P0325T04070A2C0F02131.jpg,0.64352,0.57119,0.71685,tu_choi,tu_choi,1,989
query/P0125T04041A1/P0125T04041A1C2F2371.jpg,125040411,139040411,gallery/P0139T04041A1/P0139T04041A1C0F8521.jpg,0.6999,0.6999,0.71685,tu_choi,tu_choi,1,2334
query/P0419T04071A2/P0419T04071A2C2F05791.jpg,419040712,1785040712,gallery/P1785T04071A2/P1785T04071A2C0F24541.jpg,0.67349,0.67349,0.71685,tu_choi,tu_choi,0,1617
query/P0140T04041A1/P0140T04041A1C2F11311.jpg,140040411,140040411,gallery/P0140T04041A1/P0140T04041A1C0F7951.jpg,0.63267,0.61367,0.71685,tu_choi,tu_choi,1,2334
query/P0325T04070A2/P0325T04070A2C2F01351.jpg,325040702,325040702,gallery/P0325T04070A2/P0325T04070A2C0F02131.jpg,0.71877,0.60972,0.71685,ban_giao,dung,1,989
query/P1292T04060A1/P1292T04060A1C2F19411.jpg,1292040601,1179040600,gallery/P1179T04060A0/P1179T04060A0C0F15961.jpg,0.7067,0.7067,0.71685,tu_choi,tu_choi,0,1355
query/P1836T04071A0/P1836T04071A0C2F22141.jpg,1836040710,847040710,gallery/P0847T04071A0/P0847T04071A0C0F09061.jpg,0.64962,0.64962,0.71685,tu_choi,tu_choi,1,1617
query/P1774T04070A0/P1774T04070A0C2F26101.jpg,1774040700,1774040700,gallery/P1774T04070A0/P1774T04070A0C0F26911.jpg,0.67225,0.65091,0.71685,tu_choi,tu_choi,1,989
query/P1488T04060A0/P1488T04060A0C2F19891.jpg,1488040600,1375040600,gallery/P1375T04060A0/P1375T04060A0C0F19651.jpg,0.70832,0.70832,0.71685,tu_choi,tu_choi,1,1355
query/P1724T04070A1/P1724T04070A1C2F27211.jpg,1724040701,1724040701,gallery/P1724T04070A1/P1724T04070A1C0F19801.jpg,0.58353,0.56087,0.71685,tu_choi,tu_choi,1,989
query/P0416T04070A1/P0416T04070A1C2F03181.jpg,416040701,416040701,gallery/P0416T04070A1/P0416T04070A1C0F04621.jpg,0.64233,0.6035,0.71685,tu_choi,tu_choi,1,989
query/P0270T04041A2/P0270T04041A2C2F16261.jpg,270040412,270040412,gallery/P0270T04041A2/P0270T04041A2C0F12841.jpg,0.73953,0.71656,0.71685,ban_giao,dung,1,2334
query/P0189T04070A1/P0189T04070A1C2F01741.jpg,189040701,189040701,gallery/P0189T04070A1/P0189T04070A1C0F02011.jpg,0.72413,0.66551,0.71685,ban_giao,dung,1,989
query/P0771T04060A2/P0771T04060A2C2F04411.jpg,771040602,335040600,gallery/P0335T04060A0/P0335T04060A0C0F06661.jpg,0.65728,0.65728,0.71685,tu_choi,tu_choi,0,1355
query/P0362T04070A2/P0362T04070A2C2F02281.jpg,362040702,325040702,gallery/P0325T04070A2/P0325T04070A2C0F01951.jpg,0.59575,0.59575,0.71685,tu_choi,tu_choi,0,989
query/P2375T04071A0/P2375T04071A0C2F25081.jpg,2375040710,2511040710,gallery/P2511T04071A0/P2511T04071A0C0F21931.jpg,0.69022,0.69022,0.71685,tu_choi,tu_choi,0,1617
query/P2375T04071A0/P2375T04071A0C2F25651.jpg,2375040710,1836040710,gallery/P1836T04071A0/P1836T04071A0C0F16531.jpg,0.64661,0.64661,0.71685,tu_choi,tu_choi,0,1617
query/P0917T04071A1/P0917T04071A1C2F15601.jpg,917040711,191040710,gallery/P0191T04071A0/P0191T04071A0C0F02311.jpg,0.65463,0.65463,0.71685,tu_choi,tu_choi,0,1617
query/P0578T04071A1/P0578T04071A1C2F06481.jpg,578040711,847040710,gallery/P0847T04071A0/P0847T04071A0C0F09241.jpg,0.72759,0.72759,0.71685,ban_giao,sai,1,1617
query/P0166T04041A1/P0166T04041A1C2F16261.jpg,166040411,166040411,gallery/P0166T04041A1/P0166T04041A1C0F17281.jpg,0.6673,0.64768,0.71685,tu_choi,tu_choi,1,2334
query/P1333T04060A0/P1333T04060A0C2F16831.jpg,1333040600,1333040600,gallery/P1333T04060A0/P1333T04060A0C0F18001.jpg,0.67465,0.64279,0.71685,tu_choi,tu_choi,1,1355
query/P0657T04070A2/P0657T04070A2C2F09691.jpg,657040702,1173040702,gallery/P1173T04070A2/P1173T04070A2C0F07861.jpg,0.70307,0.70307,0.71685,tu_choi,tu_choi,1,989
query/P3935T04060A2/P3935T04060A2C2F29851.jpg,3935040602,1042040600,gallery/P1042T04060A0/P1042T04060A0C0F14431.jpg,0.69147,0.69147,0.71685,tu_choi,tu_choi,1,1355
query/P1895T04060A0/P1895T04060A0C2F24241.jpg,1895040600,588040600,gallery/P0588T04060A0/P0588T04060A0C0F10411.jpg,0.76072,0.76072,0.71685,ban_giao,sai,1,1355
query/P0430T04070A1/P0430T04070A1C2F10021.jpg,430040701,345040702,gallery/P0345T04070A2/P0345T04070A2C0F02821.jpg,0.58834,0.58834,0.71685,tu_choi,tu_choi,1,989
query/P1851T04060A1/P1851T04060A1C2F05221.jpg,1851040601,1851040601,gallery/P1851T04060A1/P1851T04060A1C0F21781.jpg,0.70488,0.56296,0.71685,tu_choi,tu_choi,1,1355
query/P0695T04071A1/P0695T04071A1C2F13171.jpg,695040711,695040711,gallery/P0695T04071A1/P0695T04071A1C0F08491.jpg,0.66427,0.64811,0.71685,tu_choi,tu_choi,0,1617
query/P2043T04071A0/P2043T04071A0C2F18151.jpg,2043040710,1622040712,gallery/P1622T04071A2/P1622T04071A2C0F21421.jpg,0.60101,0.60101,0.71685,tu_choi,tu_choi,1,1617
query/P1173T04070A2/P1173T04070A2C2F05431.jpg,1173040702,574040701,gallery/P0574T04070A1/P0574T04070A1C0F05011.jpg,0.69499,0.69499,0.71685,tu_choi,tu_choi,1,989
query/P3727T04060A2/P3727T04060A2C2F22051.jpg,3727040602,3727040602,gallery/P3727T04060A2/P3727T04060A2C0F25081.jpg,0.82244,0.69801,0.71685,ban_giao,dung,0,1355
query/P1375T04060A0/P1375T04060A0C2F18451.jpg,1375040600,1375040600,gallery/P1375T04060A0/P1375T04060A0C0F20131.jpg,0.66132,0.63585,0.71685,tu_choi,tu_choi,0,1355
query/P0119T04070A0/P0119T04070A0C2F09481.jpg,119040700,119040700,gallery/P0119T04070A0/P0119T04070A0C0F04111.jpg,0.68077,0.62055,0.71685,tu_choi,tu_choi,1,989
query/P0656T04071A0/P0656T04071A0C2F12151.jpg,656040710,1211040711,gallery/P1211T04071A1/P1211T04071A1C0F13501.jpg,0.7199,0.7199,0.71685,ban_giao,sai,1,1617
query/P0616T04070A0/P0616T04070A0C2F10861.jpg,616040700,616040700,gallery/P0616T04070A0/P0616T04070A0C0F11191.jpg,0.68804,0.64572,0.71685,tu_choi,tu_choi,1,989
query/P0261T04041A2/P0261T04041A2C2F9961.jpg,261040412,261040412,gallery/P0261T04041A2/P0261T04041A2C0F11281.jpg,0.64764,0.63554,0.71685,tu_choi,tu_choi,0,2334
query/P1404T04060A1/P1404T04060A1C2F22051.jpg,1404040601,1375040600,gallery/P1375T04060A0/P1375T04060A0C0F20131.jpg,0.6564,0.6564,0.71685,tu_choi,tu_choi,0,1355
query/P0395T04060A0/P0395T04060A0C2F00451.jpg,395040600,1895040600,gallery/P1895T04060A0/P1895T04060A0C0F24331.jpg,0.71644,0.71644,0.71685,tu_choi,tu_choi,1,1355
query/P0368T04071A2/P0368T04071A2C2F04291.jpg,368040712,248040711,gallery/P0248T04071A1/P0248T04071A1C0F02911.jpg,0.63577,0.63577,0.71685,tu_choi,tu_choi,1,1617
query/P3727T04060A2/P3727T04060A2C2F22351.jpg,3727040602,3727040602,gallery/P3727T04060A2/P3727T04060A2C0F24031.jpg,0.77249,0.66315,0.71685,ban_giao,dung,0,1355
query/P0209T04071A0/P0209T04071A0C2F01051.jpg,209040710,1040712,gallery/P0001T04071A2/P0001T04071A2C0F00841.jpg,0.63297,0.63297,0.71685,tu_choi,tu_choi,1,1617
query/P3433T04060A2/P3433T04060A2C2F20791.jpg,3433040602,1042040600,gallery/P1042T04060A0/P1042T04060A0C0F14491.jpg,0.69974,0.69974,0.71685,tu_choi,tu_choi,0,1355
query/P0657T04060A1/P0657T04060A1C2F05281.jpg,657040601,1375040600,gallery/P1375T04060A0/P1375T04060A0C0F20221.jpg,0.65014,0.65014,0.71685,tu_choi,tu_choi,0,1355
query/P0190T04041A1/P0190T04041A1C2F26341.jpg,190040411,190040411,gallery/P0190T04041A1/P0190T04041A1C0F24601.jpg,0.69803,0.66419,0.71685,tu_choi,tu_choi,1,2334
query/P2003T04060A0/P2003T04060A0C2F26341.jpg,2003040600,2003040600,gallery/P2003T04060A0/P2003T04060A0C0F26461.jpg,0.74833,0.64361,0.71685,ban_giao,dung,0,1355
query/P0317T04041A2/P0317T04041A2C2F21121.jpg,317040412,167040411,gallery/P0167T04041A1/P0167T04041A1C0F17551.jpg,0.65331,0.65331,0.71685,tu_choi,tu_choi,1,2334
query/P0200T04051A1/P0200T04051A1C2F16951.jpg,200040511,465040512,gallery/P0465T04051A2/P0465T04051A2C0F18331.jpg,0.66258,0.66258,0.71685,tu_choi,tu_choi,0,1168
query/P0692T04060A1/P0692T04060A1C2F06421.jpg,692040601,1042040600,gallery/P1042T04060A0/P1042T04060A0C0F13861.jpg,0.70966,0.70966,0.71685,tu_choi,tu_choi,0,1355
query/P1805T04070A0/P1805T04070A0C2F30481.jpg,1805040700,1805040700,gallery/P1805T04070A0/P1805T04070A0C0F26491.jpg,0.63502,0.63429,0.71685,tu_choi,tu_choi,0,989
query/P0123T04070A0/P0123T04070A0C2F10411.jpg,123040700,123040700,gallery/P0123T04070A0/P0123T04070A0C0F05251.jpg,0.77163,0.60795,0.71685,ban_giao,dung,1,989
query/P0268T04041A2/P0268T04041A2C2F12361.jpg,268040412,284040412,gallery/P0284T04041A2/P0284T04041A2C0F14761.jpg,0.73043,0.73043,0.71685,ban_giao,sai,1,2334
query/P1836T04071A0/P1836T04071A0C2F21811.jpg,1836040710,847040710,gallery/P0847T04071A0/P0847T04071A0C0F09811.jpg,0.70622,0.70622,0.71685,tu_choi,tu_choi,1,1617
query/P0325T04070A2/P0325T04070A2C2F01831.jpg,325040702,325040702,gallery/P0325T04070A2/P0325T04070A2C0F02131.jpg,0.65246,0.56381,0.71685,tu_choi,tu_choi,1,989
query/P0335T04060A0/P0335T04060A0C2F06001.jpg,335040600,1404040601,gallery/P1404T04060A1/P1404T04060A1C0F16471.jpg,0.7029,0.7029,0.71685,tu_choi,tu_choi,1,1355
query/P0959T04060A1/P0959T04060A1C2F11071.jpg,959040601,724040601,gallery/P0724T04060A1/P0724T04060A1C0F07021.jpg,0.63025,0.63025,0.71685,tu_choi,tu_choi,1,1355
query/P0130T04060A0/P0130T04060A0C2F07501.jpg,130040600,692040601,gallery/P0692T04060A1/P0692T04060A1C0F07831.jpg,0.66332,0.66332,0.71685,tu_choi,tu_choi,1,1355
query/P0258T04041A2/P0258T04041A2C2F9691.jpg,258040412,258040412,gallery/P0258T04041A2/P0258T04041A2C0F10111.jpg,0.7209,0.65163,0.71685,ban_giao,dung,0,2334
query/P0033T04051A0/P0033T04051A0C2F3001.jpg,33040510,191040511,gallery/P0191T04051A1/P0191T04051A1C0F9991.jpg,0.71881,0.71881,0.71685,ban_giao,sai,0,1168
query/P1774T04070A0/P1774T04070A0C2F25981.jpg,1774040700,574040701,gallery/P0574T04070A1/P0574T04070A1C0F04951.jpg,0.70034,0.70034,0.71685,tu_choi,tu_choi,1,989
query/P1615T04060A2/P1615T04060A2C2F10171.jpg,1615040602,588040600,gallery/P0588T04060A0/P0588T04060A0C0F09091.jpg,0.68695,0.68695,0.71685,tu_choi,tu_choi,1,1355
query/P1375T04060A0/P1375T04060A0C2F18511.jpg,1375040600,1550040600,gallery/P1550T04060A0/P1550T04060A0C0F21751.jpg,0.68921,0.68921,0.71685,tu_choi,tu_choi,0,1355
query/P2290T04060A2/P2290T04060A2C2F18841.jpg,2290040602,588040600,gallery/P0588T04060A0/P0588T04060A0C0F08971.jpg,0.72944,0.72944,0.71685,ban_giao,sai,1,1355
query/P1550T04060A0/P1550T04060A0C2F21301.jpg,1550040600,1550040600,gallery/P1550T04060A0/P1550T04060A0C0F22081.jpg,0.70214,0.6521,0.71685,tu_choi,tu_choi,1,1355
query/P0265T04071A1/P0265T04071A1C2F07561.jpg,265040711,265040711,gallery/P0265T04071A1/P0265T04071A1C0F02971.jpg,0.69462,0.65488,0.71685,tu_choi,tu_choi,1,1617
query/P1846T04070A0/P1846T04070A0C2F26611.jpg,1846040700,616040700,gallery/P0616T04070A0/P0616T04070A0C0F11191.jpg,0.66726,0.66726,0.71685,tu_choi,tu_choi,0,989
query/P0594T04060A1/P0594T04060A1C2F11341.jpg,594040601,1042040600,gallery/P1042T04060A0/P1042T04060A0C0F14491.jpg,0.69555,0.69555,0.71685,tu_choi,tu_choi,0,1355
query/P0430T04070A1/P0430T04070A1C2F10561.jpg,430040701,574040701,gallery/P0574T04070A1/P0574T04070A1C0F04951.jpg,0.64829,0.64829,0.71685,tu_choi,tu_choi,1,989
query/P3434T04070A2/P3434T04070A2C2F21181.jpg,3434040702,944040700,gallery/P0944T04070A0/P0944T04070A0C0F15271.jpg,0.63295,0.63295,0.71685,tu_choi,tu_choi,1,989
query/P0335T04060A0/P0335T04060A0C2F06361.jpg,335040600,905040600,gallery/P0905T04060A0/P0905T04060A0C0F11641.jpg,0.65419,0.65419,0.71685,tu_choi,tu_choi,1,1355
query/P1559T04071A2/P1559T04071A2C2F24751.jpg,1559040712,1559040712,gallery/P1559T04071A2/P1559T04071A2C0F20611.jpg,0.70223,0.66251,0.71685,tu_choi,tu_choi,1,1617
query/P0325T04070A2/P0325T04070A2C2F01501.jpg,325040702,325040702,gallery/P0325T04070A2/P0325T04070A2C0F02131.jpg,0.64008,0.58896,0.71685,tu_choi,tu_choi,1,989
query/P0127T04071A2/P0127T04071A2C2F01021.jpg,127040712,248040711,gallery/P0248T04071A1/P0248T04071A1C0F02791.jpg,0.72764,0.72764,0.71685,ban_giao,sai,0,1617
query/P0303T04070A1/P0303T04070A1C2F02431.jpg,303040701,574040701,gallery/P0574T04070A1/P0574T04070A1C0F05251.jpg,0.6714,0.6714,0.71685,tu_choi,tu_choi,0,989
query/P1180T04060A0/P1180T04060A0C2F15091.jpg,1180040600,2290040602,gallery/P2290T04060A2/P2290T04060A2C0F14311.jpg,0.63174,0.63174,0.71685,tu_choi,tu_choi,0,1355
query/P0248T04071A1/P0248T04071A1C2F08971.jpg,248040711,1589040711,gallery/P1589T04071A1/P1589T04071A1C0F18151.jpg,0.70805,0.70805,0.71685,tu_choi,tu_choi,0,1617
query/P1498T04071A1/P1498T04071A1C2F22021.jpg,1498040711,1652040710,gallery/P1652T04071A0/P1652T04071A0C0F15391.jpg,0.69724,0.69724,0.71685,tu_choi,tu_choi,0,1617
query/P1179T04060A0/P1179T04060A0C2F15691.jpg,1179040600,1179040600,gallery/P1179T04060A0/P1179T04060A0C0F22141.jpg,0.85704,0.64777,0.71685,ban_giao,dung,0,1355
query/P0001T04071A2/P0001T04071A2C2F05101.jpg,1040712,1040712,gallery/P0001T04071A2/P0001T04071A2C0F01081.jpg,0.6786,0.67605,0.71685,tu_choi,tu_choi,1,1617
query/P1066T04071A2/P1066T04071A2C2F14761.jpg,1066040712,1066040712,gallery/P1066T04071A2/P1066T04071A2C0F15781.jpg,0.69921,0.65777,0.71685,tu_choi,tu_choi,1,1617
query/P0768T04071A2/P0768T04071A2C2F10021.jpg,768040712,845040710,gallery/P0845T04071A0/P0845T04071A0C0F09781.jpg,0.64008,0.64008,0.71685,tu_choi,tu_choi,0,1617
query/P2107T04060A2/P2107T04060A2C2F12631.jpg,2107040602,1375040600,gallery/P1375T04060A0/P1375T04060A0C0F19531.jpg,0.73407,0.73407,0.71685,ban_giao,sai,1,1355
query/P0706T04070A2/P0706T04070A2C2F04381.jpg,706040702,616040700,gallery/P0616T04070A0/P0616T04070A0C0F11161.jpg,0.66058,0.66058,0.71685,tu_choi,tu_choi,1,989
query/P0586T04071A2/P0586T04071A2C2F13621.jpg,586040712,586040712,gallery/P0586T04071A2/P0586T04071A2C0F08161.jpg,0.69702,0.66725,0.71685,tu_choi,tu_choi,1,1617
query/P2265T04060A1/P2265T04060A1C2F25291.jpg,2265040601,2265040601,gallery/P2265T04060A1/P2265T04060A1C0F25741.jpg,0.63837,0.63791,0.71685,tu_choi,tu_choi,1,1355
query/P1566T04071A1/P1566T04071A1C2F23491.jpg,1566040711,1040712,gallery/P0001T04071A2/P0001T04071A2C0F00781.jpg,0.65319,0.65319,0.71685,tu_choi,tu_choi,0,1617
query/P0225T04071A0/P0225T04071A0C2F02011.jpg,225040710,845040710,gallery/P0845T04071A0/P0845T04071A0C0F09751.jpg,0.6759,0.6759,0.71685,tu_choi,tu_choi,1,1617
query/P0175T04071A0/P0175T04071A0C2F07171.jpg,175040710,175040710,gallery/P0175T04071A0/P0175T04071A0C0F02401.jpg,0.72472,0.6697,0.71685,ban_giao,dung,0,1617
query/P1354T04060A2/P1354T04060A2C2F13081.jpg,1354040602,1895040600,gallery/P1895T04060A0/P1895T04060A0C0F25051.jpg,0.66481,0.66481,0.71685,tu_choi,tu_choi,0,1355
query/P0783T04071A1/P0783T04071A1C2F13981.jpg,783040711,783040711,gallery/P0783T04071A1/P0783T04071A1C0F09961.jpg,0.76511,0.64768,0.71685,ban_giao,dung,0,1617
query/P0657T04070A2/P0657T04070A2C2F09571.jpg,657040702,1173040702,gallery/P1173T04070A2/P1173T04070A2C0F07861.jpg,0.64692,0.64692,0.71685,tu_choi,tu_choi,1,989
query/P2508T04071A0/P2508T04071A0C2F26581.jpg,2508040710,2508040710,gallery/P2508T04071A0/P2508T04071A0C0F22021.jpg,0.60329,0.57472,0.71685,tu_choi,tu_choi,0,1617
query/P0657T04060A1/P0657T04060A1C2F05671.jpg,657040601,692040601,gallery/P0692T04060A1/P0692T04060A1C0F07441.jpg,0.65332,0.65332,0.71685,tu_choi,tu_choi,0,1355
query/P0623T04071A0/P0623T04071A0C2F12571.jpg,623040710,1566040711,gallery/P1566T04071A1/P1566T04071A1C0F18841.jpg,0.64182,0.64182,0.71685,tu_choi,tu_choi,0,1617
query/P2527T04070A2/P2527T04070A2C2F15121.jpg,2527040702,1774040700,gallery/P1774T04070A0/P1774T04070A0C0F26221.jpg,0.66834,0.66834,0.71685,tu_choi,tu_choi,0,989
query/P0474T04060A2/P0474T04060A2C2F07921.jpg,474040602,1375040600,gallery/P1375T04060A0/P1375T04060A0C0F20221.jpg,0.63791,0.63791,0.71685,tu_choi,tu_choi,0,1355
query/P1333T04060A0/P1333T04060A0C2F17431.jpg,1333040600,1333040600,gallery/P1333T04060A0/P1333T04060A0C0F18001.jpg,0.65896,0.58508,0.71685,tu_choi,tu_choi,1,1355
query/P0905T04060A0/P0905T04060A0C2F11461.jpg,905040600,905040600,gallery/P0905T04060A0/P0905T04060A0C0F11641.jpg,0.68959,0.59418,0.71685,tu_choi,tu_choi,1,1355
query/P1425T04070A0/P1425T04070A0C2F27061.jpg,1425040700,616040700,gallery/P0616T04070A0/P0616T04070A0C0F11191.jpg,0.66233,0.66233,0.71685,tu_choi,tu_choi,1,989
query/P0150T04071A1/P0150T04071A1C2F01021.jpg,150040711,150040711,gallery/P0150T04071A1/P0150T04071A1C0F02611.jpg,0.70784,0.66059,0.71685,tu_choi,tu_choi,0,1617
query/P1162T04071A1/P1162T04071A1C2F12781.jpg,1162040711,847040710,gallery/P0847T04071A0/P0847T04071A0C0F10051.jpg,0.64183,0.64183,0.71685,tu_choi,tu_choi,0,1617
query/P1615T04060A2/P1615T04060A2C2F10261.jpg,1615040602,588040600,gallery/P0588T04060A0/P0588T04060A0C0F09091.jpg,0.69953,0.69953,0.71685,tu_choi,tu_choi,1,1355
query/P1243T04060A2/P1243T04060A2C2F13381.jpg,1243040602,692040601,gallery/P0692T04060A1/P0692T04060A1C0F07171.jpg,0.62511,0.62511,0.71685,tu_choi,tu_choi,0,1355
query/P0518T04071A1/P0518T04071A1C2F05701.jpg,518040711,1589040711,gallery/P1589T04071A1/P1589T04071A1C0F18121.jpg,0.67845,0.67845,0.71685,tu_choi,tu_choi,1,1617
query/P0771T04060A2/P0771T04060A2C2F04771.jpg,771040602,213040600,gallery/P0213T04060A0/P0213T04060A0C0F04021.jpg,0.60283,0.60283,0.71685,tu_choi,tu_choi,0,1355
query/P1589T04071A1/P1589T04071A1C2F24301.jpg,1589040711,248040711,gallery/P0248T04071A1/P0248T04071A1C0F02881.jpg,0.67882,0.67882,0.71685,tu_choi,tu_choi,0,1617
query/P1559T04071A2/P1559T04071A2C2F25441.jpg,1559040712,594040710,gallery/P0594T04071A0/P0594T04071A0C0F07741.jpg,0.69198,0.69198,0.71685,tu_choi,tu_choi,1,1617
query/P1595T04070A2/P1595T04070A2C2F10831.jpg,1595040702,1774040700,gallery/P1774T04070A0/P1774T04070A0C0F26911.jpg,0.62059,0.62059,0.71685,tu_choi,tu_choi,1,989
query/P0191T04071A0/P0191T04071A0C2F01831.jpg,191040710,191040710,gallery/P0191T04071A0/P0191T04071A0C0F02191.jpg,0.62279,0.62028,0.71685,tu_choi,tu_choi,1,1617
query/P0944T04070A0/P0944T04070A0C2F19111.jpg,944040700,944040700,gallery/P0944T04070A0/P0944T04070A0C0F15751.jpg,0.64502,0.62646,0.71685,tu_choi,tu_choi,1,989
query/P2144T04070A2/P2144T04070A2C2F13051.jpg,2144040702,441040700,gallery/P0441T04070A0/P0441T04070A0C0F08641.jpg,0.68439,0.68439,0.71685,tu_choi,tu_choi,1,989
query/P0345T04070A0/P0345T04070A0C2F10861.jpg,345040700,345040700,gallery/P0345T04070A0/P0345T04070A0C0F06031.jpg,0.70651,0.63521,0.71685,tu_choi,tu_choi,1,989
query/P0213T04060A0/P0213T04060A0C2F17851.jpg,213040600,213040600,gallery/P0213T04060A0/P0213T04060A0C0F04081.jpg,0.64092,0.62005,0.71685,tu_choi,tu_choi,0,1355
query/P1360T04060A1/P1360T04060A1C2F08161.jpg,1360040601,692040601,gallery/P0692T04060A1/P0692T04060A1C0F07171.jpg,0.71331,0.71331,0.71685,tu_choi,tu_choi,1,1355
query/P3433T04060A2/P3433T04060A2C2F20131.jpg,3433040602,588040600,gallery/P0588T04060A0/P0588T04060A0C0F10381.jpg,0.6938,0.6938,0.71685,tu_choi,tu_choi,0,1355
query/P1015T04071A1/P1015T04071A1C2F16201.jpg,1015040711,518040711,gallery/P0518T04071A1/P0518T04071A1C0F06091.jpg,0.67085,0.67085,0.71685,tu_choi,tu_choi,0,1617
query/P0606T04071A0/P0606T04071A0C2F07531.jpg,606040710,586040712,gallery/P0586T04071A2/P0586T04071A2C0F08161.jpg,0.72095,0.72095,0.71685,ban_giao,sai,1,1617
query/P2144T04070A2/P2144T04070A2C2F13111.jpg,2144040702,2230040701,gallery/P2230T04070A1/P2230T04070A1C0F26851.jpg,0.65166,0.65166,0.71685,tu_choi,tu_choi,1,989
query/P0184T04071A2/P0184T04071A2C2F08041.jpg,184040712,1556040711,gallery/P1556T04071A1/P1556T04071A1C0F18301.jpg,0.57277,0.57277,0.71685,tu_choi,tu_choi,1,1617
query/P0768T04071A2/P0768T04071A2C2F10561.jpg,768040712,1040712,gallery/P0001T04071A2/P0001T04071A2C0F00541.jpg,0.62456,0.62456,0.71685,tu_choi,tu_choi,0,1617
query/P0001T04071A2/P0001T04071A2C2F05371.jpg,1040712,586040712,gallery/P0586T04071A2/P0586T04071A2C0F08491.jpg,0.6493,0.6493,0.71685,tu_choi,tu_choi,1,1617
query/P0389T04051A2/P0389T04051A2C2F17251.jpg,389040512,389040512,gallery/P0389T04051A2/P0389T04051A2C0F13201.jpg,0.68033,0.6643,0.71685,tu_choi,tu_choi,0,1168
query/P0994T04071A1/P0994T04071A1C2F17431.jpg,994040711,175040710,gallery/P0175T04071A0/P0175T04071A0C0F02401.jpg,0.71099,0.71099,0.71685,tu_choi,tu_choi,0,1617
query/P2067T04071A1/P2067T04071A1C2F23941.jpg,2067040711,191040710,gallery/P0191T04071A0/P0191T04071A0C0F02371.jpg,0.67851,0.67851,0.71685,tu_choi,tu_choi,0,1617
query/P4169T04060A2/P4169T04060A2C2F30721.jpg,4169040602,1895040600,gallery/P1895T04060A0/P1895T04060A0C0F24331.jpg,0.62954,0.62954,0.71685,tu_choi,tu_choi,1,1355
query/P1724T04070A1/P1724T04070A1C2F26731.jpg,1724040701,1724040701,gallery/P1724T04070A1/P1724T04070A1C0F20191.jpg,0.66125,0.6177,0.71685,tu_choi,tu_choi,1,989
query/P1015T04071A1/P1015T04071A1C2F16441.jpg,1015040711,666040710,gallery/P0666T04071A0/P0666T04071A0C0F08251.jpg,0.64522,0.64522,0.71685,tu_choi,tu_choi,0,1617
query/P1488T04060A0/P1488T04060A0C2F20701.jpg,1488040600,1375040600,gallery/P1375T04060A0/P1375T04060A0C0F20191.jpg,0.72768,0.72768,0.71685,ban_giao,sai,1,1355
query/P1556T04071A1/P1556T04071A1C2F22051.jpg,1556040711,1556040711,gallery/P1556T04071A1/P1556T04071A1C0F18301.jpg,0.68787,0.67512,0.71685,tu_choi,tu_choi,1,1617
query/P0685T04071A2/P0685T04071A2C2F14251.jpg,685040712,685040712,gallery/P0685T04071A2/P0685T04071A2C0F09931.jpg,0.6696,0.61458,0.71685,tu_choi,tu_choi,0,1617
query/P2512T04071A0/P2512T04071A0C2F26641.jpg,2512040710,2512040710,gallery/P2512T04071A0/P2512T04071A0C0F21871.jpg,0.66544,0.64306,0.71685,tu_choi,tu_choi,1,1617
query/P0173T04041A1/P0173T04041A1C2F20761.jpg,173040411,173040411,gallery/P0173T04041A1/P0173T04041A1C0F19081.jpg,0.67553,0.64225,0.71685,tu_choi,tu_choi,0,2334
query/P1652T04071A0/P1652T04071A0C2F14791.jpg,1652040710,594040710,gallery/P0594T04071A0/P0594T04071A0C0F06991.jpg,0.69935,0.69935,0.71685,tu_choi,tu_choi,0,1617
query/P0127T04071A2/P0127T04071A2C2F01201.jpg,127040712,248040711,gallery/P0248T04071A1/P0248T04071A1C0F02971.jpg,0.74611,0.74611,0.71685,ban_giao,sai,0,1617
query/P0181T04041A1/P0181T04041A1C2F18961.jpg,181040411,140040411,gallery/P0140T04041A1/P0140T04041A1C0F8521.jpg,0.6678,0.6678,0.71685,tu_choi,tu_choi,0,2334
query/P1042T04060A0/P1042T04060A0C2F19411.jpg,1042040600,1042040600,gallery/P1042T04060A0/P1042T04060A0C0F13621.jpg,0.816,0.68363,0.71685,ban_giao,dung,0,1355
query/P1176T04060A1/P1176T04060A1C2F12181.jpg,1176040601,1176040601,gallery/P1176T04060A1/P1176T04060A1C0F15031.jpg,0.74603,0.6689,0.71685,ban_giao,dung,0,1355
query/P1748T04070A1/P1748T04070A1C2F19291.jpg,1748040701,1774040700,gallery/P1774T04070A0/P1774T04070A0C0F26221.jpg,0.63108,0.63108,0.71685,tu_choi,tu_choi,0,989
query/P0977T04060A1/P0977T04060A1C2F10681.jpg,977040601,2290040602,gallery/P2290T04060A2/P2290T04060A2C0F14581.jpg,0.68195,0.68195,0.71685,tu_choi,tu_choi,0,1355
query/P1031T04070A0/P1031T04070A0C2F23821.jpg,1031040700,1031040700,gallery/P1031T04070A0/P1031T04070A0C0F17401.jpg,0.65329,0.64845,0.71685,tu_choi,tu_choi,0,989
query/P1523T04060A2/P1523T04060A2C2F09001.jpg,1523040602,588040600,gallery/P0588T04060A0/P0588T04060A0C0F10381.jpg,0.67399,0.67399,0.71685,tu_choi,tu_choi,1,1355
query/P0652T04071A0/P0652T04071A0C2F07711.jpg,652040710,1836040710,gallery/P1836T04071A0/P1836T04071A0C0F16111.jpg,0.7321,0.7321,0.71685,ban_giao,sai,1,1617
query/P0973T04071A0/P0973T04071A0C2F14581.jpg,973040710,973040710,gallery/P0973T04071A0/P0973T04071A0C0F10261.jpg,0.69664,0.69071,0.71685,tu_choi,tu_choi,1,1617
query/P1173T04070A2/P1173T04070A2C2F06481.jpg,1173040702,441040700,gallery/P0441T04070A0/P0441T04070A0C0F08521.jpg,0.61099,0.61099,0.71685,tu_choi,tu_choi,1,989
query/P0303T04070A1/P0303T04070A1C2F02371.jpg,303040701,886040702,gallery/P0886T04070A2/P0886T04070A2C0F05071.jpg,0.62626,0.62626,0.71685,tu_choi,tu_choi,0,989
query/P0761T04070A0/P0761T04070A0C2F10171.jpg,761040700,761040700,gallery/P0761T04070A0/P0761T04070A0C0F12931.jpg,0.63596,0.62929,0.71685,tu_choi,tu_choi,1,989
query/P0574T04070A1/P0574T04070A1C2F09421.jpg,574040701,616040700,gallery/P0616T04070A0/P0616T04070A0C0F11191.jpg,0.64859,0.64859,0.71685,tu_choi,tu_choi,1,989
query/P1180T04060A0/P1180T04060A0C2F14941.jpg,1180040600,2290040602,gallery/P2290T04060A2/P2290T04060A2C0F14341.jpg,0.65773,0.65773,0.71685,tu_choi,tu_choi,0,1355
query/P1162T04071A1/P1162T04071A1C2F12721.jpg,1162040711,847040710,gallery/P0847T04071A0/P0847T04071A0C0F10051.jpg,0.59095,0.59095,0.71685,tu_choi,tu_choi,0,1617
query/P1550T04060A0/P1550T04060A0C2F21151.jpg,1550040600,1550040600,gallery/P1550T04060A0/P1550T04060A0C0F21781.jpg,0.68361,0.63664,0.71685,tu_choi,tu_choi,1,1355
query/P0265T04071A1/P0265T04071A1C2F07441.jpg,265040711,2414040710,gallery/P2414T04071A0/P2414T04071A0C0F21781.jpg,0.63939,0.63939,0.71685,tu_choi,tu_choi,1,1617
query/P0248T04071A1/P0248T04071A1C2F08611.jpg,248040711,518040711,gallery/P0518T04071A1/P0518T04071A1C0F06511.jpg,0.67148,0.67148,0.71685,tu_choi,tu_choi,0,1617
query/P1243T04060A2/P1243T04060A2C2F13591.jpg,1243040602,1243040602,gallery/P1243T04060A2/P1243T04060A2C0F10081.jpg,0.6708,0.62641,0.71685,tu_choi,tu_choi,0,1355
query/P0123T04070A0/P0123T04070A0C2F10291.jpg,123040700,123040700,gallery/P0123T04070A0/P0123T04070A0C0F03031.jpg,0.7528,0.63,0.71685,ban_giao,dung,1,989
query/P2601T04071A0/P2601T04071A0C2F26701.jpg,2601040710,594040710,gallery/P0594T04071A0/P0594T04071A0C0F07891.jpg,0.61596,0.61596,0.71685,tu_choi,tu_choi,0,1617
query/P0588T04060A0/P0588T04060A0C2F08521.jpg,588040600,588040600,gallery/P0588T04060A0/P0588T04060A0C0F08941.jpg,0.75846,0.70269,0.71685,ban_giao,dung,1,1355
query/P2020T04071A2/P2020T04071A2C2F25471.jpg,2020040712,594040710,gallery/P0594T04071A0/P0594T04071A0C0F07891.jpg,0.72709,0.72709,0.71685,ban_giao,sai,1,1617
query/P1589T04071A1/P1589T04071A1C2F24331.jpg,1589040711,248040711,gallery/P0248T04071A1/P0248T04071A1C0F02881.jpg,0.72513,0.72513,0.71685,ban_giao,sai,0,1617
query/P0362T04070A2/P0362T04070A2C2F02311.jpg,362040702,184040701,gallery/P0184T04070A1/P0184T04070A1C0F02011.jpg,0.61034,0.61034,0.71685,tu_choi,tu_choi,0,989
query/P0335T04060A0/P0335T04060A0C2F06121.jpg,335040600,1404040601,gallery/P1404T04060A1/P1404T04060A1C0F16531.jpg,0.68495,0.68495,0.71685,tu_choi,tu_choi,1,1355
query/P0771T04060A2/P0771T04060A2C2F04081.jpg,771040602,959040601,gallery/P0959T04060A1/P0959T04060A1C0F10621.jpg,0.6383,0.6383,0.71685,tu_choi,tu_choi,0,1355
query/P0994T04071A1/P0994T04071A1C2F16681.jpg,994040711,175040710,gallery/P0175T04071A0/P0175T04071A0C0F02401.jpg,0.74435,0.74435,0.71685,ban_giao,sai,0,1617
query/P2107T04060A2/P2107T04060A2C2F12571.jpg,2107040602,1040040600,gallery/P1040T04060A0/P1040T04060A0C0F13201.jpg,0.73095,0.73095,0.71685,ban_giao,sai,1,1355
query/P1796T04071A1/P1796T04071A1C2F24931.jpg,1796040711,1796040711,gallery/P1796T04071A1/P1796T04071A1C0F19681.jpg,0.67295,0.66207,0.71685,tu_choi,tu_choi,1,1617
query/P1556T04071A1/P1556T04071A1C2F22651.jpg,1556040711,1556040711,gallery/P1556T04071A1/P1556T04071A1C0F18241.jpg,0.64175,0.62319,0.71685,tu_choi,tu_choi,1,1617
query/P1793T04071A1/P1793T04071A1C2F24571.jpg,1793040711,691040712,gallery/P0691T04071A2/P0691T04071A2C0F10321.jpg,0.65165,0.65165,0.71685,tu_choi,tu_choi,1,1617
query/P1211T04071A1/P1211T04071A1C2F18721.jpg,1211040711,1556040711,gallery/P1556T04071A1/P1556T04071A1C0F18211.jpg,0.68374,0.68374,0.71685,tu_choi,tu_choi,1,1617
query/P0724T04060A1/P0724T04060A1C2F12001.jpg,724040601,724040601,gallery/P0724T04060A1/P0724T04060A1C0F07021.jpg,0.66686,0.65198,0.71685,tu_choi,tu_choi,1,1355
query/P1191T04071A1/P1191T04071A1C2F18781.jpg,1191040711,1191040711,gallery/P1191T04071A1/P1191T04071A1C0F13411.jpg,0.65182,0.61589,0.71685,tu_choi,tu_choi,0,1617
query/P0880T04071A2/P0880T04071A2C2F12001.jpg,880040712,1040712,gallery/P0001T04071A2/P0001T04071A2C0F00841.jpg,0.67142,0.67142,0.71685,tu_choi,tu_choi,1,1617
query/P0691T04071A2/P0691T04071A2C2F14101.jpg,691040712,691040712,gallery/P0691T04071A2/P0691T04071A2C0F10351.jpg,0.69088,0.61292,0.71685,tu_choi,tu_choi,0,1617
query/P2043T04071A0/P2043T04071A0C2F18091.jpg,2043040710,2043040710,gallery/P2043T04071A0/P2043T04071A0C0F17761.jpg,0.60513,0.5763,0.71685,tu_choi,tu_choi,1,1617
query/P0575T04060A2/P0575T04060A2C2F08791.jpg,575040602,1488040600,gallery/P1488T04060A0/P1488T04060A0C0F20851.jpg,0.62141,0.62141,0.71685,tu_choi,tu_choi,0,1355
query/P0214T04041A2/P0214T04041A2C2F3481.jpg,214040412,214040412,gallery/P0214T04041A2/P0214T04041A2C0F1051.jpg,0.664,0.60265,0.71685,tu_choi,tu_choi,0,2334
query/P0847T04071A0/P0847T04071A0C2F13921.jpg,847040710,847040710,gallery/P0847T04071A0/P0847T04071A0C0F09901.jpg,0.70246,0.66657,0.71685,tu_choi,tu_choi,1,1617
query/P2043T04071A0/P2043T04071A0C2F18211.jpg,2043040710,847040710,gallery/P0847T04071A0/P0847T04071A0C0F10051.jpg,0.64771,0.64771,0.71685,tu_choi,tu_choi,1,1617
query/P1425T04070A0/P1425T04070A0C2F26581.jpg,1425040700,616040700,gallery/P0616T04070A0/P0616T04070A0C0F11071.jpg,0.6287,0.6287,0.71685,tu_choi,tu_choi,1,989
query/P3434T04070A2/P3434T04070A2C2F21301.jpg,3434040702,944040700,gallery/P0944T04070A0/P0944T04070A0C0F15271.jpg,0.68625,0.68625,0.71685,tu_choi,tu_choi,1,989
query/P0845T04071A0/P0845T04071A0C2F09151.jpg,845040710,845040710,gallery/P0845T04071A0/P0845T04071A0C0F09751.jpg,0.72703,0.6518,0.71685,ban_giao,dung,1,1617
query/P1042T04060A0/P1042T04060A0C2F19501.jpg,1042040600,1042040600,gallery/P1042T04060A0/P1042T04060A0C0F13621.jpg,0.74329,0.63804,0.71685,ban_giao,dung,0,1355
query/P0664T04060A1/P0664T04060A1C2F05311.jpg,664040601,1042040600,gallery/P1042T04060A0/P1042T04060A0C0F14491.jpg,0.72506,0.72506,0.71685,ban_giao,sai,1,1355
query/P0555T04071A1/P0555T04071A1C2F05641.jpg,555040711,248040711,gallery/P0248T04071A1/P0248T04071A1C0F03181.jpg,0.68066,0.68066,0.71685,tu_choi,tu_choi,1,1617
query/P1147T04060A1/P1147T04060A1C2F14401.jpg,1147040601,959040601,gallery/P0959T04060A1/P0959T04060A1C0F10651.jpg,0.58287,0.58287,0.71685,tu_choi,tu_choi,1,1355
query/P0666T04071A0/P0666T04071A0C2F07711.jpg,666040710,783040711,gallery/P0783T04071A1/P0783T04071A1C0F08431.jpg,0.69675,0.69675,0.71685,tu_choi,tu_choi,1,1617
query/P0664T04060A1/P0664T04060A1C2F05371.jpg,664040601,1040040600,gallery/P1040T04060A0/P1040T04060A0C0F13261.jpg,0.68807,0.68807,0.71685,tu_choi,tu_choi,1,1355
query/P0259T04041A2/P0259T04041A2C2F11641.jpg,259040412,258040412,gallery/P0258T04041A2/P0258T04041A2C0F9511.jpg,0.58966,0.58966,0.71685,tu_choi,tu_choi,0,2334
query/P0768T04071A2/P0768T04071A2C2F10321.jpg,768040712,783040711,gallery/P0783T04071A1/P0783T04071A1C0F08431.jpg,0.68524,0.68524,0.71685,tu_choi,tu_choi,0,1617
query/P0441T04070A0/P0441T04070A0C2F07111.jpg,441040700,441040700,gallery/P0441T04070A0/P0441T04070A0C0F08461.jpg,0.61357,0.59694,0.71685,tu_choi,tu_choi,0,989
query/P1895T04060A0/P1895T04060A0C2F24151.jpg,1895040600,588040600,gallery/P0588T04060A0/P0588T04060A0C0F10381.jpg,0.71776,0.71776,0.71685,ban_giao,sai,1,1355
query/P1046T04070A2/P1046T04070A2C2F05761.jpg,1046040702,1173040702,gallery/P1173T04070A2/P1173T04070A2C0F07891.jpg,0.68257,0.68257,0.71685,tu_choi,tu_choi,0,989
query/P0120T04041A1/P0120T04041A1C2F5581.jpg,120040411,120040411,gallery/P0120T04041A1/P0120T04041A1C0F4081.jpg,0.7146,0.71377,0.71685,tu_choi,tu_choi,1,2334
query/P1706T04071A2/P1706T04071A2C2F22711.jpg,1706040712,2020040712,gallery/P2020T04071A2/P2020T04071A2C0F25651.jpg,0.69011,0.69011,0.71685,tu_choi,tu_choi,0,1617
query/P0786T04071A1/P0786T04071A1C2F14161.jpg,786040711,1040712,gallery/P0001T04071A2/P0001T04071A2C0F00541.jpg,0.66116,0.66116,0.71685,tu_choi,tu_choi,1,1617
query/P3880T04060A2/P3880T04060A2C2F23881.jpg,3880040602,1375040600,gallery/P1375T04060A0/P1375T04060A0C0F19321.jpg,0.66564,0.66564,0.71685,tu_choi,tu_choi,1,1355
query/P0706T04070A2/P0706T04070A2C2F04201.jpg,706040702,574040701,gallery/P0574T04070A1/P0574T04070A1C0F05251.jpg,0.65589,0.65589,0.71685,tu_choi,tu_choi,1,989
query/P0191T04071A0/P0191T04071A0C2F01861.jpg,191040710,1622040712,gallery/P1622T04071A2/P1622T04071A2C0F22231.jpg,0.61097,0.61097,0.71685,tu_choi,tu_choi,1,1617
query/P1589T04071A1/P1589T04071A1C2F24061.jpg,1589040711,248040711,gallery/P0248T04071A1/P0248T04071A1C0F02791.jpg,0.70089,0.70089,0.71685,tu_choi,tu_choi,0,1617
query/P0320T04041A2/P0320T04041A2C2F24301.jpg,320040412,320040412,gallery/P0320T04041A2/P0320T04041A2C0F25921.jpg,0.71308,0.6637,0.71685,tu_choi,tu_choi,1,2334
query/P0578T04071A1/P0578T04071A1C2F06271.jpg,578040711,2511040710,gallery/P2511T04071A0/P2511T04071A0C0F22831.jpg,0.76961,0.76961,0.71685,ban_giao,sai,1,1617
query/P1211T04071A1/P1211T04071A1C2F18451.jpg,1211040711,1556040711,gallery/P1556T04071A1/P1556T04071A1C0F18211.jpg,0.70424,0.70424,0.71685,tu_choi,tu_choi,1,1617
query/P1360T04060A1/P1360T04060A1C2F07501.jpg,1360040601,692040601,gallery/P0692T04060A1/P0692T04060A1C0F07831.jpg,0.71768,0.71768,0.71685,ban_giao,sai,1,1355
query/P2511T04071A0/P2511T04071A0C2F27121.jpg,2511040710,656040710,gallery/P0656T04071A0/P0656T04071A0C0F07981.jpg,0.63635,0.63635,0.71685,tu_choi,tu_choi,1,1617
query/P1895T04060A1/P1895T04060A1C2F27781.jpg,1895040601,1895040601,gallery/P1895T04060A1/P1895T04060A1C0F22441.jpg,0.60465,0.59221,0.71685,tu_choi,tu_choi,0,1355
query/P0977T04060A1/P0977T04060A1C2F10471.jpg,977040601,2290040602,gallery/P2290T04060A2/P2290T04060A2C0F14341.jpg,0.61637,0.61637,0.71685,tu_choi,tu_choi,0,1355
query/P0127T04071A2/P0127T04071A2C2F01351.jpg,127040712,248040711,gallery/P0248T04071A1/P0248T04071A1C0F03181.jpg,0.70252,0.70252,0.71685,tu_choi,tu_choi,0,1617
query/P0213T04060A0/P0213T04060A0C2F17431.jpg,213040600,335040600,gallery/P0335T04060A0/P0335T04060A0C0F06991.jpg,0.62541,0.62541,0.71685,tu_choi,tu_choi,0,1355
query/P0721T04070A1/P0721T04070A1C2F06961.jpg,721040701,616040700,gallery/P0616T04070A0/P0616T04070A0C0F11191.jpg,0.68016,0.68016,0.71685,tu_choi,tu_choi,1,989
query/P0973T04071A0/P0973T04071A0C2F14761.jpg,973040710,783040711,gallery/P0783T04071A1/P0783T04071A1C0F08881.jpg,0.67477,0.67477,0.71685,tu_choi,tu_choi,1,1617
query/P2121T04070A1/P2121T04070A1C2F29101.jpg,2121040701,616040700,gallery/P0616T04070A0/P0616T04070A0C0F11161.jpg,0.62824,0.62824,0.71685,tu_choi,tu_choi,1,989
query/P0692T04060A1/P0692T04060A1C2F05881.jpg,692040601,692040601,gallery/P0692T04060A1/P0692T04060A1C0F07171.jpg,0.69192,0.665,0.71685,tu_choi,tu_choi,0,1355
query/P0130T04060A0/P0130T04060A0C2F07651.jpg,130040600,2265040601,gallery/P2265T04060A1/P2265T04060A1C0F26011.jpg,0.67788,0.67788,0.71685,tu_choi,tu_choi,1,1355
query/P2290T04060A2/P2290T04060A2C2F18451.jpg,2290040602,588040600,gallery/P0588T04060A0/P0588T04060A0C0F08971.jpg,0.72242,0.72242,0.71685,ban_giao,sai,1,1355
query/P0469T04060A2/P0469T04060A2C2F02581.jpg,469040602,469040602,gallery/P0469T04060A2/P0469T04060A2C0F04081.jpg,0.68908,0.64187,0.71685,tu_choi,tu_choi,0,1355
query/P0702T04070A0/P0702T04070A0C2F11521.jpg,702040700,702040700,gallery/P0702T04070A0/P0702T04070A0C0F13831.jpg,0.67209,0.59432,0.71685,tu_choi,tu_choi,0,989
query/P0192T04041A1/P0192T04041A1C2F20761.jpg,192040411,192040411,gallery/P0192T04041A1/P0192T04041A1C0F25891.jpg,0.66373,0.62717,0.71685,tu_choi,tu_choi,0,2334
query/P1375T04060A0/P1375T04060A0C2F18751.jpg,1375040600,1375040600,gallery/P1375T04060A0/P1375T04060A0C0F18811.jpg,0.74375,0.67422,0.71685,ban_giao,dung,0,1355
query/P0590T04070A2/P0590T04070A2C2F03691.jpg,590040702,1724040701,gallery/P1724T04070A1/P1724T04070A1C0F20011.jpg,0.65366,0.65366,0.71685,tu_choi,tu_choi,1,989
query/P0001T04071A2/P0001T04071A2C2F05191.jpg,1040712,586040712,gallery/P0586T04071A2/P0586T04071A2C0F08491.jpg,0.65206,0.65206,0.71685,tu_choi,tu_choi,1,1617
query/P0184T04071A2/P0184T04071A2C2F08341.jpg,184040712,184040712,gallery/P0184T04071A2/P0184T04071A2C0F03061.jpg,0.67959,0.64077,0.71685,tu_choi,tu_choi,1,1617
query/P0419T04071A2/P0419T04071A2C2F05641.jpg,419040712,1040712,gallery/P0001T04071A2/P0001T04071A2C0F01051.jpg,0.64656,0.64656,0.71685,tu_choi,tu_choi,0,1617
query/P1523T04060A2/P1523T04060A2C2F09391.jpg,1523040602,1371040600,gallery/P1371T04060A0/P1371T04060A0C0F18721.jpg,0.6729,0.6729,0.71685,tu_choi,tu_choi,1,1355
query/P1046T04070A2/P1046T04070A2C2F05851.jpg,1046040702,616040700,gallery/P0616T04070A0/P0616T04070A0C0F11161.jpg,0.65225,0.65225,0.71685,tu_choi,tu_choi,0,989
query/P2067T04071A1/P2067T04071A1C2F24061.jpg,2067040711,623040710,gallery/P0623T04071A0/P0623T04071A0C0F07471.jpg,0.69488,0.69488,0.71685,tu_choi,tu_choi,0,1617
query/P1042T04060A0/P1042T04060A0C2F19351.jpg,1042040600,1042040600,gallery/P1042T04060A0/P1042T04060A0C0F13711.jpg,0.80973,0.69774,0.71685,ban_giao,dung,0,1355
query/P0175T04071A0/P0175T04071A0C2F07201.jpg,175040710,1652040710,gallery/P1652T04071A0/P1652T04071A0C0F15391.jpg,0.67676,0.67676,0.71685,tu_choi,tu_choi,0,1617
query/P0395T04060A0/P0395T04060A0C2F00601.jpg,395040600,395040600,gallery/P0395T04060A0/P0395T04060A0C0F06781.jpg,0.73133,0.67295,0.71685,ban_giao,dung,1,1355
query/P0616T04070A0/P0616T04070A0C2F10801.jpg,616040700,574040701,gallery/P0574T04070A1/P0574T04070A1C0F05761.jpg,0.65001,0.65001,0.71685,tu_choi,tu_choi,1,989
query/P1317T04060A0/P1317T04060A0C2F17551.jpg,1317040600,1317040600,gallery/P1317T04060A0/P1317T04060A0C0F19531.jpg,0.71163,0.64683,0.71685,tu_choi,tu_choi,0,1355
query/P0283T04041A2/P0283T04041A2C2F11371.jpg,283040412,283040412,gallery/P0283T04041A2/P0283T04041A2C0F14581.jpg,0.64524,0.64387,0.71685,tu_choi,tu_choi,1,2334
query/P4169T04060A2/P4169T04060A2C2F30811.jpg,4169040602,588040600,gallery/P0588T04060A0/P0588T04060A0C0F10411.jpg,0.63671,0.63671,0.71685,tu_choi,tu_choi,1,1355
query/P2200T04060A1/P2200T04060A1C2F24421.jpg,2200040601,588040600,gallery/P0588T04060A0/P0588T04060A0C0F09091.jpg,0.6664,0.6664,0.71685,tu_choi,tu_choi,1,1355
query/P0114T04041A1/P0114T04041A1C2F721.jpg,114040411,204040411,gallery/P0204T04041A1/P0204T04041A1C0F4981.jpg,0.64235,0.64235,0.71685,tu_choi,tu_choi,1,2334
query/P0724T04060A1/P0724T04060A1C2F11641.jpg,724040601,905040600,gallery/P0905T04060A0/P0905T04060A0C0F11581.jpg,0.60868,0.60868,0.71685,tu_choi,tu_choi,1,1355
query/P0886T04070A2/P0886T04070A2C2F04501.jpg,886040702,886040702,gallery/P0886T04070A2/P0886T04070A2C0F05071.jpg,0.60011,0.59988,0.71685,tu_choi,tu_choi,1,989
query/P1805T04070A0/P1805T04070A0C2F30151.jpg,1805040700,1805040700,gallery/P1805T04070A0/P1805T04070A0C0F26491.jpg,0.67914,0.62265,0.71685,tu_choi,tu_choi,0,989
query/P0250T04051A1/P0250T04051A1C2F30331.jpg,250040511,109040510,gallery/P0109T04051A0/P0109T04051A0C0F18421.jpg,0.68528,0.68528,0.71685,tu_choi,tu_choi,0,1168
query/P0345T04070A0/P0345T04070A0C2F11011.jpg,345040700,345040700,gallery/P0345T04070A0/P0345T04070A0C0F05701.jpg,0.65375,0.64618,0.71685,tu_choi,tu_choi,1,989
query/P0786T04071A1/P0786T04071A1C2F14071.jpg,786040711,1040712,gallery/P0001T04071A2/P0001T04071A2C0F00541.jpg,0.67166,0.67166,0.71685,tu_choi,tu_choi,1,1617
query/P0886T04070A2/P0886T04070A2C2F04531.jpg,886040702,303040701,gallery/P0303T04070A1/P0303T04070A1C0F03601.jpg,0.6176,0.6176,0.71685,tu_choi,tu_choi,1,989
query/P0522T04071A2/P0522T04071A2C2F11941.jpg,522040712,1785040712,gallery/P1785T04071A2/P1785T04071A2C0F24271.jpg,0.6355,0.6355,0.71685,tu_choi,tu_choi,1,1617
query/P0606T04071A0/P0606T04071A0C2F07831.jpg,606040710,175040710,gallery/P0175T04071A0/P0175T04071A0C0F02401.jpg,0.73426,0.73426,0.71685,ban_giao,sai,1,1617
query/P0395T04060A0/P0395T04060A0C2F01261.jpg,395040600,395040600,gallery/P0395T04060A0/P0395T04060A0C0F06811.jpg,0.73642,0.60869,0.71685,ban_giao,dung,1,1355
query/P0265T04071A1/P0265T04071A1C2F07951.jpg,265040711,265040711,gallery/P0265T04071A1/P0265T04071A1C0F03241.jpg,0.7496,0.67779,0.71685,ban_giao,dung,1,1617
query/P2512T04071A0/P2512T04071A0C2F26971.jpg,2512040710,594040710,gallery/P0594T04071A0/P0594T04071A0C0F07891.jpg,0.62105,0.62105,0.71685,tu_choi,tu_choi,1,1617
query/P0153T04070A1/P0153T04070A1C2F01381.jpg,153040701,1805040700,gallery/P1805T04070A0/P1805T04070A0C0F26491.jpg,0.62054,0.62054,0.71685,tu_choi,tu_choi,1,989
query/P2121T04070A1/P2121T04070A1C2F29761.jpg,2121040701,1774040700,gallery/P1774T04070A0/P1774T04070A0C0F26221.jpg,0.63971,0.63971,0.71685,tu_choi,tu_choi,1,989
query/P1920T04060A1/P1920T04060A1C2F21871.jpg,1920040601,1317040600,gallery/P1317T04060A0/P1317T04060A0C0F18781.jpg,0.64518,0.64518,0.71685,tu_choi,tu_choi,1,1355
query/P0248T04071A1/P0248T04071A1C2F09151.jpg,248040711,845040710,gallery/P0845T04071A0/P0845T04071A0C0F09781.jpg,0.67319,0.67319,0.71685,tu_choi,tu_choi,0,1617
query/P1333T04060A0/P1333T04060A0C2F16531.jpg,1333040600,1333040600,gallery/P1333T04060A0/P1333T04060A0C0F18031.jpg,0.64299,0.63294,0.71685,tu_choi,tu_choi,1,1355
query/P0416T04070A1/P0416T04070A1C2F03541.jpg,416040701,706040702,gallery/P0706T04070A2/P0706T04070A2C0F03931.jpg,0.63959,0.63959,0.71685,tu_choi,tu_choi,1,989
query/P2265T04060A1/P2265T04060A1C2F25741.jpg,2265040601,2265040601,gallery/P2265T04060A1/P2265T04060A1C0F25261.jpg,0.6795,0.62379,0.71685,tu_choi,tu_choi,1,1355
query/P1162T04071A1/P1162T04071A1C2F12541.jpg,1162040711,1162040711,gallery/P1162T04071A1/P1162T04071A1C0F12901.jpg,0.60348,0.59722,0.71685,tu_choi,tu_choi,0,1617
query/P0244T04041A2/P0244T04041A2C2F10831.jpg,244040412,120040411,gallery/P0120T04041A1/P0120T04041A1C0F4141.jpg,0.63118,0.63118,0.71685,tu_choi,tu_choi,0,2334
query/P1180T04060A0/P1180T04060A0C2F15451.jpg,1180040600,2107040602,gallery/P2107T04060A2/P2107T04060A2C0F13891.jpg,0.64142,0.64142,0.71685,tu_choi,tu_choi,0,1355
query/P1703T04071A2/P1703T04071A2C2F22591.jpg,1703040712,1703040712,gallery/P1703T04071A2/P1703T04071A2C0F22771.jpg,0.76847,0.68046,0.71685,ban_giao,dung,1,1617
query/P0123T04070A0/P0123T04070A0C2F09601.jpg,123040700,123040700,gallery/P0123T04070A0/P0123T04070A0C0F03031.jpg,0.72731,0.61554,0.71685,ban_giao,dung,1,989
query/P0430T04070A1/P0430T04070A1C2F10261.jpg,430040701,616040700,gallery/P0616T04070A0/P0616T04070A0C0F11191.jpg,0.66972,0.66972,0.71685,tu_choi,tu_choi,1,989
query/P0574T04070A1/P0574T04070A1C2F09751.jpg,574040701,574040701,gallery/P0574T04070A1/P0574T04070A1C0F05341.jpg,0.6629,0.61922,0.71685,tu_choi,tu_choi,1,989
query/P0606T04071A0/P0606T04071A0C2F07801.jpg,606040710,586040712,gallery/P0586T04071A2/P0586T04071A2C0F08491.jpg,0.68857,0.68857,0.71685,tu_choi,tu_choi,1,1617
query/P1622T04071A2/P1622T04071A2C2F27691.jpg,1622040712,1622040712,gallery/P1622T04071A2/P1622T04071A2C0F21121.jpg,0.66939,0.66142,0.71685,tu_choi,tu_choi,1,1617
query/P0184T04070A1/P0184T04070A1C2F02101.jpg,184040701,184040701,gallery/P0184T04070A1/P0184T04070A1C0F02491.jpg,0.70557,0.65379,0.71685,tu_choi,tu_choi,1,989
query/P0334T04051A2/P0334T04051A2C2F12331.jpg,334040512,334040512,gallery/P0334T04051A2/P0334T04051A2C0F7921.jpg,0.67209,0.66533,0.71685,tu_choi,tu_choi,0,1168
query/P0130T04060A0/P0130T04060A0C2F07351.jpg,130040600,130040600,gallery/P0130T04060A0/P0130T04060A0C0F02341.jpg,0.60144,0.59355,0.71685,tu_choi,tu_choi,1,1355
query/P2197T04070A1/P2197T04070A1C2F29941.jpg,2197040701,616040700,gallery/P0616T04070A0/P0616T04070A0C0F11161.jpg,0.58772,0.58772,0.71685,tu_choi,tu_choi,0,989
query/P1805T04070A0/P1805T04070A0C2F30361.jpg,1805040700,1805040700,gallery/P1805T04070A0/P1805T04070A0C0F26491.jpg,0.66573,0.63415,0.71685,tu_choi,tu_choi,0,989
query/P0441T04071A1/P0441T04071A1C2F09751.jpg,441040711,191040710,gallery/P0191T04071A0/P0191T04071A0C0F02191.jpg,0.70041,0.70041,0.71685,tu_choi,tu_choi,0,1617
query/P0880T04071A2/P0880T04071A2C2F11911.jpg,880040712,880040712,gallery/P0880T04071A2/P0880T04071A2C0F12631.jpg,0.67466,0.65963,0.71685,tu_choi,tu_choi,1,1617
query/P1793T04071A1/P1793T04071A1C2F24511.jpg,1793040711,2508040710,gallery/P2508T04071A0/P2508T04071A0C0F22051.jpg,0.65642,0.65642,0.71685,tu_choi,tu_choi,1,1617
query/P0590T04070A2/P0590T04070A2C2F03751.jpg,590040702,1724040701,gallery/P1724T04070A1/P1724T04070A1C0F20071.jpg,0.66479,0.66479,0.71685,tu_choi,tu_choi,1,989
query/P0706T04070A2/P0706T04070A2C2F04171.jpg,706040702,944040700,gallery/P0944T04070A0/P0944T04070A0C0F15721.jpg,0.63343,0.63343,0.71685,tu_choi,tu_choi,1,989
query/P0088T04041A0/P0088T04041A0C2F29551.jpg,88040410,88040410,gallery/P0088T04041A0/P0088T04041A0C0F24121.jpg,0.69804,0.63136,0.71685,tu_choi,tu_choi,0,2334
query/P1046T04070A2/P1046T04070A2C2F05251.jpg,1046040702,1173040702,gallery/P1173T04070A2/P1173T04070A2C0F07891.jpg,0.56947,0.56947,0.71685,tu_choi,tu_choi,0,989
query/P1162T04071A1/P1162T04071A1C2F12751.jpg,1162040711,847040710,gallery/P0847T04071A0/P0847T04071A0C0F10051.jpg,0.60586,0.60586,0.71685,tu_choi,tu_choi,0,1617
query/P0586T04071A2/P0586T04071A2C2F13411.jpg,586040712,586040712,gallery/P0586T04071A2/P0586T04071A2C0F08311.jpg,0.59686,0.59011,0.71685,tu_choi,tu_choi,1,1617
query/P1838T04071A2/P1838T04071A2C2F30541.jpg,1838040712,191040710,gallery/P0191T04071A0/P0191T04071A0C0F02371.jpg,0.68224,0.68224,0.71685,tu_choi,tu_choi,0,1617
query/P1404T04060A1/P1404T04060A1C2F21541.jpg,1404040601,2290040602,gallery/P2290T04060A2/P2290T04060A2C0F14311.jpg,0.60521,0.60521,0.71685,tu_choi,tu_choi,0,1355
query/P0265T04071A1/P0265T04071A1C2F07651.jpg,265040711,265040711,gallery/P0265T04071A1/P0265T04071A1C0F03241.jpg,0.76485,0.69008,0.71685,ban_giao,dung,1,1617
query/P0431T04051A2/P0431T04051A2C2F25921Z.jpg,431040512,132040510,gallery/P0132T04051A0/P0132T04051A0C0F23611.jpg,0.68475,0.68475,0.71685,tu_choi,tu_choi,1,1168
query/P1243T04060A2/P1243T04060A2C2F14581.jpg,1243040602,474040602,gallery/P0474T04060A2/P0474T04060A2C0F03871.jpg,0.65312,0.65312,0.71685,tu_choi,tu_choi,0,1355
query/P1488T04060A0/P1488T04060A0C2F20881.jpg,1488040600,594040601,gallery/P0594T04060A1/P0594T04060A1C0F05611.jpg,0.63276,0.63276,0.71685,tu_choi,tu_choi,1,1355
query/P2375T04071A0/P2375T04071A0C2F25861.jpg,2375040710,1836040710,gallery/P1836T04071A0/P1836T04071A0C0F16531.jpg,0.65843,0.65843,0.71685,tu_choi,tu_choi,0,1617
query/P1360T04060A1/P1360T04060A1C2F08071.jpg,1360040601,692040601,gallery/P0692T04060A1/P0692T04060A1C0F07171.jpg,0.71862,0.71862,0.71685,ban_giao,sai,1,1355
query/P0441T04070A0/P0441T04070A0C2F07051.jpg,441040700,1724040701,gallery/P1724T04070A1/P1724T04070A1C0F19501.jpg,0.60976,0.60976,0.71685,tu_choi,tu_choi,0,989
query/P0771T04060A2/P0771T04060A2C2F04141.jpg,771040602,959040601,gallery/P0959T04060A1/P0959T04060A1C0F10621.jpg,0.63507,0.63507,0.71685,tu_choi,tu_choi,0,1355
query/P0652T04071A0/P0652T04071A0C2F07831.jpg,652040710,973040710,gallery/P0973T04071A0/P0973T04071A0C0F10111.jpg,0.77718,0.77718,0.71685,ban_giao,sai,1,1617
query/P0222T04041A2/P0222T04041A2C2F5521.jpg,222040412,222040412,gallery/P0222T04041A2/P0222T04041A2C0F3361.jpg,0.69999,0.65015,0.71685,tu_choi,tu_choi,1,2334
query/P0441T04071A1/P0441T04071A1C2F10351.jpg,441040711,191040710,gallery/P0191T04071A0/P0191T04071A0C0F02371.jpg,0.64679,0.64679,0.71685,tu_choi,tu_choi,0,1617
query/P0150T04071A1/P0150T04071A1C2F00871.jpg,150040711,1785040712,gallery/P1785T04071A2/P1785T04071A2C0F24661.jpg,0.65805,0.65805,0.71685,tu_choi,tu_choi,0,1617
query/P0691T04071A2/P0691T04071A2C2F14161.jpg,691040712,691040712,gallery/P0691T04071A2/P0691T04071A2C0F09991.jpg,0.71234,0.62482,0.71685,tu_choi,tu_choi,0,1617
query/P0395T04060A0/P0395T04060A0C2F01051.jpg,395040600,395040600,gallery/P0395T04060A0/P0395T04060A0C0F07801.jpg,0.67495,0.59341,0.71685,tu_choi,tu_choi,1,1355
query/P0555T04071A1/P0555T04071A1C2F06061.jpg,555040711,1589040711,gallery/P1589T04071A1/P1589T04071A1C0F18811.jpg,0.67671,0.67671,0.71685,tu_choi,tu_choi,1,1617
query/P2601T04071A0/P2601T04071A0C2F26581.jpg,2601040710,175040710,gallery/P0175T04071A0/P0175T04071A0C0F02401.jpg,0.63862,0.63862,0.71685,tu_choi,tu_choi,0,1617
query/P2508T04071A0/P2508T04071A0C2F27151.jpg,2508040710,1211040711,gallery/P1211T04071A1/P1211T04071A1C0F13291.jpg,0.63335,0.63335,0.71685,tu_choi,tu_choi,0,1617
query/P0994T04071A1/P0994T04071A1C2F16711.jpg,994040711,175040710,gallery/P0175T04071A0/P0175T04071A0C0F02401.jpg,0.66871,0.66871,0.71685,tu_choi,tu_choi,0,1617
query/P2107T04060A2/P2107T04060A2C2F12871.jpg,2107040602,2107040602,gallery/P2107T04060A2/P2107T04060A2C0F14251.jpg,0.68053,0.6772,0.71685,tu_choi,tu_choi,1,1355
query/P3935T04060A2/P3935T04060A2C2F30151.jpg,3935040602,1895040600,gallery/P1895T04060A0/P1895T04060A0C0F25051.jpg,0.69749,0.69749,0.71685,tu_choi,tu_choi,1,1355
query/P1652T04071A0/P1652T04071A0C2F14521.jpg,1652040710,1652040710,gallery/P1652T04071A0/P1652T04071A0C0F15391.jpg,0.73209,0.67838,0.71685,ban_giao,dung,0,1617
query/P0594T04071A0/P0594T04071A0C2F05761.jpg,594040710,1652040710,gallery/P1652T04071A0/P1652T04071A0C0F15391.jpg,0.77783,0.77783,0.71685,ban_giao,sai,1,1617
query/P0155T04041A1/P0155T04041A1C2F11251.jpg,155040411,155040411,gallery/P0155T04041A1/P0155T04041A1C0F13171.jpg,0.76351,0.74631,0.71685,ban_giao,dung,0,2334
query/P1523T04060A2/P1523T04060A2C2F09721.jpg,1523040602,1371040600,gallery/P1371T04060A0/P1371T04060A0C0F18721.jpg,0.65631,0.65631,0.71685,tu_choi,tu_choi,1,1355
query/P0209T04071A0/P0209T04071A0C2F01621.jpg,209040710,1040712,gallery/P0001T04071A2/P0001T04071A2C0F01081.jpg,0.67666,0.67666,0.71685,tu_choi,tu_choi,1,1617
query/P2200T04060A1/P2200T04060A1C2F24301.jpg,2200040601,1375040600,gallery/P1375T04060A0/P1375T04060A0C0F19741.jpg,0.7088,0.7088,0.71685,tu_choi,tu_choi,1,1355
query/P1292T04060A1/P1292T04060A1C2F19321.jpg,1292040601,1179040600,gallery/P1179T04060A0/P1179T04060A0C0F15961.jpg,0.6922,0.6922,0.71685,tu_choi,tu_choi,0,1355
query/P2512T04071A0/P2512T04071A0C2F27181.jpg,2512040710,880040712,gallery/P0880T04071A2/P0880T04071A2C0F12211.jpg,0.6206,0.6206,0.71685,tu_choi,tu_choi,1,1617
query/P1730T04060A0/P1730T04060A0C2F22651.jpg,1730040600,1730040600,gallery/P1730T04060A0/P1730T04060A0C0F23431.jpg,0.7819,0.62036,0.71685,ban_giao,dung,1,1355
query/P2512T04071A0/P2512T04071A0C2F27151.jpg,2512040710,1211040711,gallery/P1211T04071A1/P1211T04071A1C0F13381.jpg,0.63758,0.63758,0.71685,tu_choi,tu_choi,1,1617
query/P2200T04060A1/P2200T04060A1C2F24841.jpg,2200040601,810040601,gallery/P0810T04060A1/P0810T04060A1C0F08251.jpg,0.64539,0.64539,0.71685,tu_choi,tu_choi,1,1355
query/P0277T04041A2/P0277T04041A2C2F17401.jpg,277040412,277040412,gallery/P0277T04041A2/P0277T04041A2C0F14041.jpg,0.56253,0.55179,0.71685,tu_choi,tu_choi,1,2334
query/P1595T04070A2/P1595T04070A2C2F10921.jpg,1595040702,1595040702,gallery/P1595T04070A2/P1595T04070A2C0F11551.jpg,0.64855,0.63209,0.71685,tu_choi,tu_choi,1,989
query/P0751T04070A2/P0751T04070A2C2F08311.jpg,751040702,574040701,gallery/P0574T04070A1/P0574T04070A1C0F04951.jpg,0.65056,0.65056,0.71685,tu_choi,tu_choi,1,989
query/P2230T04070A1/P2230T04070A1C2F25861.jpg,2230040701,119040700,gallery/P0119T04070A0/P0119T04070A0C0F04801.jpg,0.62868,0.62868,0.71685,tu_choi,tu_choi,1,989
query/P3727T04060A2/P3727T04060A2C2F22531.jpg,3727040602,3727040602,gallery/P3727T04060A2/P3727T04060A2C0F25081.jpg,0.73208,0.65155,0.71685,ban_giao,dung,0,1355
query/P3433T04060A2/P3433T04060A2C2F20161.jpg,3433040602,588040600,gallery/P0588T04060A0/P0588T04060A0C0F10381.jpg,0.70296,0.70296,0.71685,tu_choi,tu_choi,0,1355
query/P0917T04071A1/P0917T04071A1C2F15211.jpg,917040711,468040710,gallery/P0468T04071A0/P0468T04071A0C0F06271.jpg,0.67459,0.67459,0.71685,tu_choi,tu_choi,0,1617
query/P0657T04060A1/P0657T04060A1C2F05551.jpg,657040601,692040601,gallery/P0692T04060A1/P0692T04060A1C0F07441.jpg,0.65281,0.65281,0.71685,tu_choi,tu_choi,0,1355
query/P0474T04060A2/P0474T04060A2C2F08431.jpg,474040602,657040601,gallery/P0657T04060A1/P0657T04060A1C0F07561.jpg,0.63157,0.63157,0.71685,tu_choi,tu_choi,0,1355
query/P2107T04060A2/P2107T04060A2C2F12301.jpg,2107040602,1375040600,gallery/P1375T04060A0/P1375T04060A0C0F19531.jpg,0.71672,0.71672,0.71685,tu_choi,tu_choi,1,1355
query/P0586T04071A2/P0586T04071A2C2F13081.jpg,586040712,586040712,gallery/P0586T04071A2/P0586T04071A2C0F08311.jpg,0.74121,0.71607,0.71685,ban_giao,dung,1,1617
query/P1595T04070A2/P1595T04070A2C2F10711.jpg,1595040702,1774040700,gallery/P1774T04070A0/P1774T04070A0C0F26971.jpg,0.62901,0.62901,0.71685,tu_choi,tu_choi,1,989
query/P0474T04060A2/P0474T04060A2C2F08791.jpg,474040602,657040601,gallery/P0657T04060A1/P0657T04060A1C0F06661.jpg,0.69278,0.69278,0.71685,tu_choi,tu_choi,0,1355
query/P1836T04071A0/P1836T04071A0C2F22651.jpg,1836040710,2511040710,gallery/P2511T04071A0/P2511T04071A0C0F21811.jpg,0.65123,0.65123,0.71685,tu_choi,tu_choi,1,1617
query/P1846T04070A0/P1846T04070A0C2F27241.jpg,1846040700,1846040700,gallery/P1846T04070A0/P1846T04070A0C0F27391.jpg,0.71758,0.63815,0.71685,ban_giao,dung,0,989
query/P1652T04071A0/P1652T04071A0C2F14821.jpg,1652040710,594040710,gallery/P0594T04071A0/P0594T04071A0C0F06991.jpg,0.67648,0.67648,0.71685,tu_choi,tu_choi,0,1617
query/P0886T04070A2/P0886T04070A2C2F04441.jpg,886040702,886040702,gallery/P0886T04070A2/P0886T04070A2C0F05341.jpg,0.65473,0.61902,0.71685,tu_choi,tu_choi,1,989
query/P1706T04071A2/P1706T04071A2C2F22561.jpg,1706040712,1706040712,gallery/P1706T04071A2/P1706T04071A2C0F22891.jpg,0.72599,0.70863,0.71685,ban_giao,dung,0,1617
query/P0927T04071A2/P0927T04071A2C2F18031.jpg,927040712,685040712,gallery/P0685T04071A2/P0685T04071A2C0F09931.jpg,0.6657,0.6657,0.71685,tu_choi,tu_choi,0,1617
query/P2107T04060A2/P2107T04060A2C2F12181.jpg,2107040602,692040601,gallery/P0692T04060A1/P0692T04060A1C0F07831.jpg,0.71846,0.71846,0.71685,ban_giao,sai,1,1355
query/P2067T04071A1/P2067T04071A1C2F24031.jpg,2067040711,623040710,gallery/P0623T04071A0/P0623T04071A0C0F07471.jpg,0.69734,0.69734,0.71685,tu_choi,tu_choi,0,1617
query/P1371T04060A0/P1371T04060A0C2F18661.jpg,1371040600,1371040600,gallery/P1371T04060A0/P1371T04060A0C0F18691.jpg,0.75878,0.71206,0.71685,ban_giao,dung,1,1355
query/P0189T04070A1/P0189T04070A1C2F01951.jpg,189040701,189040701,gallery/P0189T04070A1/P0189T04070A1C0F02581.jpg,0.75699,0.74228,0.71685,ban_giao,dung,1,989
query/P0145T04060A2/P0145T04060A2C2F05611.jpg,145040602,2200040601,gallery/P2200T04060A1/P2200T04060A1C0F25141.jpg,0.65957,0.65957,0.71685,tu_choi,tu_choi,1,1355
query/P0395T04060A0/P0395T04060A0C2F00661.jpg,395040600,395040600,gallery/P0395T04060A0/P0395T04060A0C0F06781.jpg,0.70498,0.64678,0.71685,tu_choi,tu_choi,1,1355
query/P1371T04060A0/P1371T04060A0C2F18211.jpg,1371040600,1371040600,gallery/P1371T04060A0/P1371T04060A0C0F18721.jpg,0.72142,0.6925,0.71685,ban_giao,dung,1,1355
query/P0594T04060A1/P0594T04060A1C2F11911.jpg,594040601,1404040601,gallery/P1404T04060A1/P1404T04060A1C0F16171.jpg,0.69394,0.69394,0.71685,tu_choi,tu_choi,0,1355
query/P0695T04071A1/P0695T04071A1C2F12481.jpg,695040711,695040711,gallery/P0695T04071A1/P0695T04071A1C0F08611.jpg,0.70497,0.64715,0.71685,tu_choi,tu_choi,0,1617
query/P0345T04070A0/P0345T04070A0C2F09841.jpg,345040700,345040700,gallery/P0345T04070A0/P0345T04070A0C0F06031.jpg,0.69522,0.65562,0.71685,tu_choi,tu_choi,1,989
query/P0656T04071A0/P0656T04071A0C2F11911.jpg,656040710,656040710,gallery/P0656T04071A0/P0656T04071A0C0F07921.jpg,0.71798,0.6825,0.71685,ban_giao,dung,1,1617
query/P0702T04070A0/P0702T04070A0C2F11761.jpg,702040700,702040700,gallery/P0702T04070A0/P0702T04070A0C0F13831.jpg,0.63844,0.55896,0.71685,tu_choi,tu_choi,0,989
query/P1179T04060A0/P1179T04060A0C2F15061.jpg,1179040600,1179040600,gallery/P1179T04060A0/P1179T04060A0C0F15811.jpg,0.72168,0.68312,0.71685,ban_giao,dung,0,1355
query/P0145T04060A2/P0145T04060A2C2F05641.jpg,145040602,692040601,gallery/P0692T04060A1/P0692T04060A1C0F07801.jpg,0.61586,0.61586,0.71685,tu_choi,tu_choi,1,1355
query/P1317T04060A0/P1317T04060A0C2F17881.jpg,1317040600,1317040600,gallery/P1317T04060A0/P1317T04060A0C0F19531.jpg,0.64211,0.60405,0.71685,tu_choi,tu_choi,0,1355
query/P0724T04060A1/P0724T04060A1C2F11701.jpg,724040601,1375040600,gallery/P1375T04060A0/P1375T04060A0C0F19531.jpg,0.67637,0.67637,0.71685,tu_choi,tu_choi,1,1355
query/P1566T04071A1/P1566T04071A1C2F23401.jpg,1566040711,1566040711,gallery/P1566T04071A1/P1566T04071A1C0F18361.jpg,0.68866,0.64055,0.71685,tu_choi,tu_choi,0,1617
query/P2107T04060A2/P2107T04060A2C2F12961.jpg,2107040602,2107040602,gallery/P2107T04060A2/P2107T04060A2C0F14191.jpg,0.64695,0.63085,0.71685,tu_choi,tu_choi,1,1355
query/P1371T04060A0/P1371T04060A0C2F18481.jpg,1371040600,1371040600,gallery/P1371T04060A0/P1371T04060A0C0F18691.jpg,0.77154,0.6892,0.71685,ban_giao,dung,1,1355
query/P0657T04060A1/P0657T04060A1C2F05791.jpg,657040601,692040601,gallery/P0692T04060A1/P0692T04060A1C0F07441.jpg,0.67186,0.67186,0.71685,tu_choi,tu_choi,0,1355
query/P0430T04070A1/P0430T04070A1C2F10411.jpg,430040701,574040701,gallery/P0574T04070A1/P0574T04070A1C0F04951.jpg,0.63622,0.63622,0.71685,tu_choi,tu_choi,1,989
query/P2144T04070A2/P2144T04070A2C2F13441.jpg,2144040702,2144040702,gallery/P2144T04070A2/P2144T04070A2C0F13411.jpg,0.61117,0.60215,0.71685,tu_choi,tu_choi,1,989
query/P2067T04071A1/P2067T04071A1C2F24151.jpg,2067040711,623040710,gallery/P0623T04071A0/P0623T04071A0C0F07471.jpg,0.68459,0.68459,0.71685,tu_choi,tu_choi,0,1617
query/P1040T04060A0/P1040T04060A0C2F12811.jpg,1040040600,1040040600,gallery/P1040T04060A0/P1040T04060A0C0F13171.jpg,0.7662,0.70818,0.71685,ban_giao,dung,1,1355
query/P3880T04060A2/P3880T04060A2C2F24301.jpg,3880040602,1404040601,gallery/P1404T04060A1/P1404T04060A1C0F16231.jpg,0.6058,0.6058,0.71685,tu_choi,tu_choi,1,1355
query/P0153T04070A1/P0153T04070A1C2F01411.jpg,153040701,1425040700,gallery/P1425T04070A0/P1425T04070A0C0F21811.jpg,0.62162,0.62162,0.71685,tu_choi,tu_choi,1,989
query/P1404T04060A1/P1404T04060A1C2F21361.jpg,1404040601,1375040600,gallery/P1375T04060A0/P1375T04060A0C0F19741.jpg,0.65189,0.65189,0.71685,tu_choi,tu_choi,0,1355
query/P1005T04071A0/P1005T04071A0C2F14851.jpg,1005040710,586040712,gallery/P0586T04071A2/P0586T04071A2C0F08551.jpg,0.64939,0.64939,0.71685,tu_choi,tu_choi,1,1617
query/P1895T04060A0/P1895T04060A0C2F24301.jpg,1895040600,588040600,gallery/P0588T04060A0/P0588T04060A0C0F10381.jpg,0.73335,0.73335,0.71685,ban_giao,sai,1,1355
query/P1703T04071A2/P1703T04071A2C2F21841.jpg,1703040712,783040711,gallery/P0783T04071A1/P0783T04071A1C0F09571.jpg,0.66576,0.66576,0.71685,tu_choi,tu_choi,1,1617
query/P3433T04060A2/P3433T04060A2C2F21061.jpg,3433040602,1042040600,gallery/P1042T04060A0/P1042T04060A0C0F13681.jpg,0.61114,0.61114,0.71685,tu_choi,tu_choi,0,1355
query/P0469T04060A2/P0469T04060A2C2F02791.jpg,469040602,469040602,gallery/P0469T04060A2/P0469T04060A2C0F04081.jpg,0.71496,0.65383,0.71685,tu_choi,tu_choi,0,1355
query/P0927T04071A2/P0927T04071A2C2F17581.jpg,927040712,685040712,gallery/P0685T04071A2/P0685T04071A2C0F09991.jpg,0.63459,0.63459,0.71685,tu_choi,tu_choi,0,1617
query/P0345T04070A2/P0345T04070A2C2F01681.jpg,345040702,441040700,gallery/P0441T04070A0/P0441T04070A0C0F08461.jpg,0.60868,0.60868,0.71685,tu_choi,tu_choi,0,989
query/P0786T04071A1/P0786T04071A1C2F14041.jpg,786040711,1785040712,gallery/P1785T04071A2/P1785T04071A2C0F24271.jpg,0.63286,0.63286,0.71685,tu_choi,tu_choi,1,1617
query/P0416T04070A1/P0416T04070A1C2F03391.jpg,416040701,2527040702,gallery/P2527T04070A2/P2527T04070A2C0F16291.jpg,0.58588,0.58588,0.71685,tu_choi,tu_choi,1,989
query/P1523T04060A2/P1523T04060A2C2F09331.jpg,1523040602,588040600,gallery/P0588T04060A0/P0588T04060A0C0F08941.jpg,0.7381,0.7381,0.71685,ban_giao,sai,1,1355
query/P1272T04070A2/P1272T04070A2C2F13141.jpg,1272040702,441040700,gallery/P0441T04070A0/P0441T04070A0C0F08641.jpg,0.5858,0.5858,0.71685,tu_choi,tu_choi,0,989
query/P1703T04071A2/P1703T04071A2C2F22531.jpg,1703040712,1703040712,gallery/P1703T04071A2/P1703T04071A2C0F22771.jpg,0.77809,0.70323,0.71685,ban_giao,dung,1,1617
query/P1706T04071A2/P1706T04071A2C2F22651.jpg,1706040712,175040710,gallery/P0175T04071A0/P0175T04071A0C0F02401.jpg,0.72827,0.72827,0.71685,ban_giao,sai,0,1617
query/P0695T04071A1/P0695T04071A1C2F12991.jpg,695040711,1785040712,gallery/P1785T04071A2/P1785T04071A2C0F24661.jpg,0.68602,0.68602,0.71685,tu_choi,tu_choi,0,1617
query/P1272T04070A2/P1272T04070A2C2F13081.jpg,1272040702,2121040701,gallery/P2121T04070A1/P2121T04070A1C0F25261.jpg,0.61442,0.61442,0.71685,tu_choi,tu_choi,0,989
query/P2020T04071A2/P2020T04071A2C2F25351.jpg,2020040712,594040710,gallery/P0594T04071A0/P0594T04071A0C0F07891.jpg,0.6976,0.6976,0.71685,tu_choi,tu_choi,1,1617
query/P0385T04051A2/P0385T04051A2C2F17941.jpg,385040512,200040511,gallery/P0200T04051A1/P0200T04051A1C0F11371.jpg,0.63813,0.63813,0.71685,tu_choi,tu_choi,1,1168
query/P0895T04060A1/P0895T04060A1C2F07981.jpg,895040601,664040601,gallery/P0664T04060A1/P0664T04060A1C0F06571.jpg,0.66977,0.66977,0.71685,tu_choi,tu_choi,0,1355
query/P2197T04070A1/P2197T04070A1C2F30001.jpg,2197040701,184040701,gallery/P0184T04070A1/P0184T04070A1C0F02011.jpg,0.59024,0.59024,0.71685,tu_choi,tu_choi,0,989
query/P0145T04060A2/P0145T04060A2C2F05791.jpg,145040602,2200040601,gallery/P2200T04060A1/P2200T04060A1C0F24991.jpg,0.6248,0.6248,0.71685,tu_choi,tu_choi,1,1355
query/P1895T04060A0/P1895T04060A0C2F24421.jpg,1895040600,1895040600,gallery/P1895T04060A0/P1895T04060A0C0F24721.jpg,0.66924,0.64593,0.71685,tu_choi,tu_choi,1,1355
query/P2020T04071A2/P2020T04071A2C2F25711.jpg,2020040712,586040712,gallery/P0586T04071A2/P0586T04071A2C0F09361.jpg,0.70938,0.70938,0.71685,tu_choi,tu_choi,1,1617
query/P0691T04071A2/P0691T04071A2C2F14341.jpg,691040712,691040712,gallery/P0691T04071A2/P0691T04071A2C0F10351.jpg,0.66108,0.65142,0.71685,tu_choi,tu_choi,0,1617
query/P0259T04071A2/P0259T04071A2C2F02821.jpg,259040712,594040710,gallery/P0594T04071A0/P0594T04071A0C0F07891.jpg,0.63142,0.63142,0.71685,tu_choi,tu_choi,1,1617
query/P0119T04070A0/P0119T04070A0C2F10141.jpg,119040700,119040700,gallery/P0119T04070A0/P0119T04070A0C0F04951.jpg,0.66253,0.6285,0.71685,tu_choi,tu_choi,1,989
query/P0194T04041A1/P0194T04041A1C2F22891.jpg,194040411,194040411,gallery/P0194T04041A1/P0194T04041A1C0F25081.jpg,0.72074,0.64885,0.71685,ban_giao,dung,1,2334
query/P1191T04071A1/P1191T04071A1C2F18691.jpg,1191040711,1191040711,gallery/P1191T04071A1/P1191T04071A1C0F13381.jpg,0.65074,0.605,0.71685,tu_choi,tu_choi,0,1617
query/P0944T04070A0/P0944T04070A0C2F20041.jpg,944040700,944040700,gallery/P0944T04070A0/P0944T04070A0C0F15271.jpg,0.71317,0.6751,0.71685,tu_choi,tu_choi,1,989
query/P1354T04060A2/P1354T04060A2C2F13291.jpg,1354040602,588040600,gallery/P0588T04060A0/P0588T04060A0C0F10381.jpg,0.70976,0.70976,0.71685,tu_choi,tu_choi,0,1355
query/P0225T04071A0/P0225T04071A0C2F02131.jpg,225040710,1589040711,gallery/P1589T04071A1/P1589T04071A1C0F18541.jpg,0.63221,0.63221,0.71685,tu_choi,tu_choi,1,1617
query/P1375T04060A0/P1375T04060A0C2F18541.jpg,1375040600,1375040600,gallery/P1375T04060A0/P1375T04060A0C0F18811.jpg,0.73778,0.64539,0.71685,ban_giao,dung,0,1355
query/P0586T04071A2/P0586T04071A2C2F13321.jpg,586040712,586040712,gallery/P0586T04071A2/P0586T04071A2C0F08311.jpg,0.65834,0.65227,0.71685,tu_choi,tu_choi,1,1617
query/P0769T04060A2/P0769T04060A2C2F04621.jpg,769040602,959040601,gallery/P0959T04060A1/P0959T04060A1C0F10621.jpg,0.66592,0.66592,0.71685,tu_choi,tu_choi,0,1355
query/P0695T04071A1/P0695T04071A1C2F13531.jpg,695040711,695040711,gallery/P0695T04071A1/P0695T04071A1C0F08371.jpg,0.69485,0.68997,0.71685,tu_choi,tu_choi,0,1617
query/P0574T04070A1/P0574T04070A1C2F09631.jpg,574040701,616040700,gallery/P0616T04070A0/P0616T04070A0C0F11191.jpg,0.66272,0.66272,0.71685,tu_choi,tu_choi,1,989
query/P0959T04060A1/P0959T04060A1C2F11011.jpg,959040601,724040601,gallery/P0724T04060A1/P0724T04060A1C0F06691.jpg,0.64696,0.64696,0.71685,tu_choi,tu_choi,1,1355
query/P1785T04071A2/P1785T04071A2C2F22621.jpg,1785040712,1785040712,gallery/P1785T04071A2/P1785T04071A2C0F24391.jpg,0.6914,0.67224,0.71685,tu_choi,tu_choi,0,1617
query/P2067T04071A1/P2067T04071A1C2F23791.jpg,2067040711,1652040710,gallery/P1652T04071A0/P1652T04071A0C0F15391.jpg,0.65027,0.65027,0.71685,tu_choi,tu_choi,0,1617
query/P0721T04070A1/P0721T04070A1C2F06661.jpg,721040701,574040701,gallery/P0574T04070A1/P0574T04070A1C0F04951.jpg,0.72373,0.72373,0.71685,ban_giao,sai,1,989
query/P0215T04051A1/P0215T04051A1C2F19771.jpg,215040511,390040512,gallery/P0390T04051A2/P0390T04051A2C0F11431.jpg,0.66076,0.66076,0.71685,tu_choi,tu_choi,0,1168
query/P1042T04060A0/P1042T04060A0C2F19381.jpg,1042040600,1042040600,gallery/P1042T04060A0/P1042T04060A0C0F13711.jpg,0.77215,0.70303,0.71685,ban_giao,dung,0,1355
query/P1920T04060A1/P1920T04060A1C2F21481.jpg,1920040601,1375040600,gallery/P1375T04060A0/P1375T04060A0C0F20191.jpg,0.68822,0.68822,0.71685,tu_choi,tu_choi,1,1355
query/P0119T04070A0/P0119T04070A0C2F10651.jpg,119040700,119040700,gallery/P0119T04070A0/P0119T04070A0C0F04891.jpg,0.65697,0.63464,0.71685,tu_choi,tu_choi,1,989
query/P1272T04070A2/P1272T04070A2C2F13321.jpg,1272040702,441040700,gallery/P0441T04070A0/P0441T04070A0C0F08641.jpg,0.62546,0.62546,0.71685,tu_choi,tu_choi,0,989
query/P0695T04071A1/P0695T04071A1C2F12361.jpg,695040711,150040711,gallery/P0150T04071A1/P0150T04071A1C0F03001.jpg,0.64699,0.64699,0.71685,tu_choi,tu_choi,0,1617
query/P1550T04060A0/P1550T04060A0C2F21451.jpg,1550040600,1550040600,gallery/P1550T04060A0/P1550T04060A0C0F21271.jpg,0.69831,0.67498,0.71685,tu_choi,tu_choi,1,1355
query/P0783T04071A1/P0783T04071A1C2F14101.jpg,783040711,783040711,gallery/P0783T04071A1/P0783T04071A1C0F09061.jpg,0.75641,0.65755,0.71685,ban_giao,dung,0,1617
query/P1042T04060A0/P1042T04060A0C2F19441.jpg,1042040600,1042040600,gallery/P1042T04060A0/P1042T04060A0C0F13711.jpg,0.81692,0.71713,0.71685,ban_giao,dung,0,1355
query/P0652T04071A0/P0652T04071A0C2F07561.jpg,652040710,652040710,gallery/P0652T04071A0/P0652T04071A0C0F08731.jpg,0.67872,0.67429,0.71685,tu_choi,tu_choi,1,1617
query/P4169T04060A2/P4169T04060A2C2F31111.jpg,4169040602,1375040600,gallery/P1375T04060A0/P1375T04060A0C0F20131.jpg,0.62486,0.62486,0.71685,tu_choi,tu_choi,1,1355
query/P0213T04060A0/P0213T04060A0C2F18091.jpg,213040600,213040600,gallery/P0213T04060A0/P0213T04060A0C0F03811.jpg,0.58896,0.56562,0.71685,tu_choi,tu_choi,0,1355
query/P0119T04070A0/P0119T04070A0C2F10711.jpg,119040700,119040700,gallery/P0119T04070A0/P0119T04070A0C0F02431.jpg,0.63152,0.6245,0.71685,tu_choi,tu_choi,1,989
query/P1243T04060A2/P1243T04060A2C2F14401.jpg,1243040602,1243040602,gallery/P1243T04060A2/P1243T04060A2C0F08701.jpg,0.69984,0.64813,0.71685,tu_choi,tu_choi,0,1355
query/P1015T04071A1/P1015T04071A1C2F16891.jpg,1015040711,594040710,gallery/P0594T04071A0/P0594T04071A0C0F07891.jpg,0.67919,0.67919,0.71685,tu_choi,tu_choi,0,1617
query/P1703T04071A2/P1703T04071A2C2F22471.jpg,1703040712,1703040712,gallery/P1703T04071A2/P1703T04071A2C0F22801.jpg,0.74246,0.67584,0.71685,ban_giao,dung,1,1617
query/P0616T04070A0/P0616T04070A0C2F10321.jpg,616040700,574040701,gallery/P0574T04070A1/P0574T04070A1C0F04951.jpg,0.68445,0.68445,0.71685,tu_choi,tu_choi,1,989
query/P1550T04060A0/P1550T04060A0C2F20971.jpg,1550040600,395040600,gallery/P0395T04060A0/P0395T04060A0C0F06781.jpg,0.67791,0.67791,0.71685,tu_choi,tu_choi,1,1355
query/P0657T04070A2/P0657T04070A2C2F08251.jpg,657040702,119040700,gallery/P0119T04070A0/P0119T04070A0C0F04981.jpg,0.63416,0.63416,0.71685,tu_choi,tu_choi,1,989
query/P2414T04071A0/P2414T04071A0C2F26131.jpg,2414040710,652040710,gallery/P0652T04071A0/P0652T04071A0C0F07561.jpg,0.69019,0.69019,0.71685,tu_choi,tu_choi,1,1617
query/P0280T04041A2/P0280T04041A2C2F18151.jpg,280040412,280040412,gallery/P0280T04041A2/P0280T04041A2C0F14731.jpg,0.71418,0.70902,0.71685,tu_choi,tu_choi,1,2334
query/P1706T04071A2/P1706T04071A2C2F22681.jpg,1706040712,606040710,gallery/P0606T04071A0/P0606T04071A0C0F07171.jpg,0.73481,0.73481,0.71685,ban_giao,sai,0,1617
query/P0420T04071A2/P0420T04071A2C2F05881.jpg,420040712,522040712,gallery/P0522T04071A2/P0522T04071A2C0F08281.jpg,0.65562,0.65562,0.71685,tu_choi,tu_choi,0,1617
query/P0594T04060A1/P0594T04060A1C2F11251.jpg,594040601,594040601,gallery/P0594T04060A1/P0594T04060A1C0F06061.jpg,0.6588,0.62474,0.71685,tu_choi,tu_choi,0,1355
query/P0119T04070A0/P0119T04070A0C2F09811.jpg,119040700,119040700,gallery/P0119T04070A0/P0119T04070A0C0F04951.jpg,0.65345,0.62435,0.71685,tu_choi,tu_choi,1,989
query/P3935T04060A2/P3935T04060A2C2F29821.jpg,3935040602,1895040600,gallery/P1895T04060A0/P1895T04060A0C0F24391.jpg,0.70362,0.70362,0.71685,tu_choi,tu_choi,1,1355
query/P0368T04071A2/P0368T04071A2C2F04381.jpg,368040712,1589040711,gallery/P1589T04071A1/P1589T04071A1C0F18121.jpg,0.67915,0.67915,0.71685,tu_choi,tu_choi,1,1617
query/P0819T04071A1/P0819T04071A1C2F12061.jpg,819040711,1706040712,gallery/P1706T04071A2/P1706T04071A2C0F23131.jpg,0.72017,0.72017,0.71685,ban_giao,sai,1,1617
query/P0001T04071A2/P0001T04071A2C2F05161.jpg,1040712,1040712,gallery/P0001T04071A2/P0001T04071A2C0F00601.jpg,0.65505,0.60337,0.71685,tu_choi,tu_choi,1,1617
query/P0419T04071A2/P0419T04071A2C2F05281.jpg,419040712,1785040712,gallery/P1785T04071A2/P1785T04071A2C0F24541.jpg,0.69207,0.69207,0.71685,tu_choi,tu_choi,0,1617
query/P0977T04060A1/P0977T04060A1C2F10711.jpg,977040601,810040601,gallery/P0810T04060A1/P0810T04060A1C0F08191.jpg,0.65911,0.65911,0.71685,tu_choi,tu_choi,0,1355
query/P0783T04071A1/P0783T04071A1C2F13861.jpg,783040711,1566040711,gallery/P1566T04071A1/P1566T04071A1C0F18751.jpg,0.67641,0.67641,0.71685,tu_choi,tu_choi,0,1617
query/P0191T04071A0/P0191T04071A0C2F01171.jpg,191040710,594040710,gallery/P0594T04071A0/P0594T04071A0C0F07741.jpg,0.7576,0.7576,0.71685,ban_giao,sai,1,1617
query/P0209T04071A0/P0209T04071A0C2F01861.jpg,209040710,209040710,gallery/P0209T04071A0/P0209T04071A0C0F02341.jpg,0.70182,0.63442,0.71685,tu_choi,tu_choi,1,1617
query/P0702T04070A0/P0702T04070A0C2F11641.jpg,702040700,702040700,gallery/P0702T04070A0/P0702T04070A0C0F13831.jpg,0.659,0.57206,0.71685,tu_choi,tu_choi,0,989
query/P0810T04060A1/P0810T04060A1C2F13441.jpg,810040601,905040600,gallery/P0905T04060A0/P0905T04060A0C0F11701.jpg,0.64291,0.64291,0.71685,tu_choi,tu_choi,0,1355
query/P0368T04071A2/P0368T04071A2C2F04081.jpg,368040712,248040711,gallery/P0248T04071A1/P0248T04071A1C0F02881.jpg,0.64238,0.64238,0.71685,tu_choi,tu_choi,1,1617
query/P0768T04071A2/P0768T04071A2C2F10441.jpg,768040712,768040712,gallery/P0768T04071A2/P0768T04071A2C0F11191.jpg,0.59758,0.59256,0.71685,tu_choi,tu_choi,0,1617
query/P0119T04051A0/P0119T04051A0C2F22681.jpg,119040510,119040510,gallery/P0119T04051A0/P0119T04051A0C0F19021.jpg,0.62454,0.61336,0.71685,tu_choi,tu_choi,0,1168
query/P2003T04060A0/P2003T04060A0C2F26641.jpg,2003040600,2003040600,gallery/P2003T04060A0/P2003T04060A0C0F26401.jpg,0.81441,0.62961,0.71685,ban_giao,dung,0,1355
query/P1566T04071A1/P1566T04071A1C2F23281.jpg,1566040711,1566040711,gallery/P1566T04071A1/P1566T04071A1C0F18751.jpg,0.7105,0.65011,0.71685,tu_choi,tu_choi,0,1617
query/P1550T04060A0/P1550T04060A0C2F21091.jpg,1550040600,1550040600,gallery/P1550T04060A0/P1550T04060A0C0F21751.jpg,0.66488,0.64959,0.71685,tu_choi,tu_choi,1,1355
query/P0751T04070A2/P0751T04070A2C2F08131.jpg,751040702,1425040700,gallery/P1425T04070A0/P1425T04070A0C0F21361.jpg,0.59165,0.59165,0.71685,tu_choi,tu_choi,1,989
query/P0657T04060A1/P0657T04060A1C2F05731.jpg,657040601,395040600,gallery/P0395T04060A0/P0395T04060A0C0F07861.jpg,0.61509,0.61509,0.71685,tu_choi,tu_choi,0,1355
query/P2144T04070A2/P2144T04070A2C2F13291.jpg,2144040702,2230040701,gallery/P2230T04070A1/P2230T04070A1C0F26881.jpg,0.64195,0.64195,0.71685,tu_choi,tu_choi,1,989
query/P1846T04070A0/P1846T04070A0C2F26341.jpg,1846040700,1846040700,gallery/P1846T04070A0/P1846T04070A0C0F27391.jpg,0.65464,0.64823,0.71685,tu_choi,tu_choi,0,989
query/P1730T04060A0/P1730T04060A0C2F22291.jpg,1730040600,692040601,gallery/P0692T04060A1/P0692T04060A1C0F07351.jpg,0.68274,0.68274,0.71685,tu_choi,tu_choi,1,1355
query/P0895T04060A1/P0895T04060A1C2F08551.jpg,895040601,588040600,gallery/P0588T04060A0/P0588T04060A0C0F10381.jpg,0.70944,0.70944,0.71685,tu_choi,tu_choi,0,1355
query/P0335T04051A2/P0335T04051A2C2F12271.jpg,335040512,335040512,gallery/P0335T04051A2/P0335T04051A2C0F8251.jpg,0.69566,0.68602,0.71685,tu_choi,tu_choi,0,1168
query/P1703T04071A2/P1703T04071A2C2F22711.jpg,1703040712,1703040712,gallery/P1703T04071A2/P1703T04071A2C0F22741.jpg,0.65369,0.62631,0.71685,tu_choi,tu_choi,1,1617
query/P1838T04071A2/P1838T04071A2C2F30241.jpg,1838040712,1652040710,gallery/P1652T04071A0/P1652T04071A0C0F15391.jpg,0.66522,0.66522,0.71685,tu_choi,tu_choi,0,1617
query/P0240T04041A2/P0240T04041A2C2F6991.jpg,240040412,240040412,gallery/P0240T04041A2/P0240T04041A2C0F7171.jpg,0.67198,0.64973,0.71685,tu_choi,tu_choi,0,2334
query/P0588T04060A0/P0588T04060A0C2F08431.jpg,588040600,1895040600,gallery/P1895T04060A0/P1895T04060A0C0F25111.jpg,0.6955,0.6955,0.71685,tu_choi,tu_choi,1,1355
query/P0786T04071A1/P0786T04071A1C2F13681.jpg,786040711,786040711,gallery/P0786T04071A1/P0786T04071A1C0F08791.jpg,0.67694,0.64954,0.71685,tu_choi,tu_choi,1,1617
query/P4169T04060A2/P4169T04060A2C2F30841.jpg,4169040602,1851040601,gallery/P1851T04060A1/P1851T04060A1C0F22531.jpg,0.62426,0.62426,0.71685,tu_choi,tu_choi,1,1355
query/P1622T04071A2/P1622T04071A2C2F26641.jpg,1622040712,1622040712,gallery/P1622T04071A2/P1622T04071A2C0F22051.jpg,0.68373,0.67267,0.71685,tu_choi,tu_choi,1,1617
query/P0018T04041A0/P0018T04041A0C2F25411.jpg,18040410,192040411,gallery/P0192T04041A1/P0192T04041A1C0F24601.jpg,0.74249,0.74249,0.71685,ban_giao,sai,1,2334
query/P0469T04060A2/P0469T04060A2C2F03511.jpg,469040602,469040602,gallery/P0469T04060A2/P0469T04060A2C0F04501.jpg,0.64366,0.58266,0.71685,tu_choi,tu_choi,0,1355
query/P1895T04060A0/P1895T04060A0C2F23971.jpg,1895040600,1895040600,gallery/P1895T04060A0/P1895T04060A0C0F25321.jpg,0.74823,0.67796,0.71685,ban_giao,dung,1,1355
query/P2043T04071A0/P2043T04071A0C2F18061.jpg,2043040710,2043040710,gallery/P2043T04071A0/P2043T04071A0C0F17731.jpg,0.61472,0.60129,0.71685,tu_choi,tu_choi,1,1617
query/P0175T04071A0/P0175T04071A0C2F07081.jpg,175040710,175040710,gallery/P0175T04071A0/P0175T04071A0C0F02401.jpg,0.70158,0.6624,0.71685,tu_choi,tu_choi,0,1617
query/P2210T04060A1/P2210T04060A1C2F24901.jpg,2210040601,1042040600,gallery/P1042T04060A0/P1042T04060A0C0F14491.jpg,0.72745,0.72745,0.71685,ban_giao,sai,1,1355
query/P0652T04071A0/P0652T04071A0C2F07861.jpg,652040710,973040710,gallery/P0973T04071A0/P0973T04071A0C0F10171.jpg,0.71635,0.71635,0.71685,tu_choi,tu_choi,1,1617
query/P0575T04060A2/P0575T04060A2C2F08851.jpg,575040602,575040602,gallery/P0575T04060A2/P0575T04060A2C0F05251.jpg,0.65394,0.64136,0.71685,tu_choi,tu_choi,0,1355
query/P2601T04071A0/P2601T04071A0C2F26551.jpg,2601040710,586040712,gallery/P0586T04071A2/P0586T04071A2C0F08161.jpg,0.63779,0.63779,0.71685,tu_choi,tu_choi,0,1617
query/P0395T04060A0/P0395T04060A0C2F01321.jpg,395040600,395040600,gallery/P0395T04060A0/P0395T04060A0C0F06931.jpg,0.67148,0.61569,0.71685,tu_choi,tu_choi,1,1355
query/P3935T04060A2/P3935T04060A2C2F30211.jpg,3935040602,1895040600,gallery/P1895T04060A0/P1895T04060A0C0F25111.jpg,0.70039,0.70039,0.71685,tu_choi,tu_choi,1,1355
query/P1180T04060A0/P1180T04060A0C2F15001.jpg,1180040600,2290040602,gallery/P2290T04060A2/P2290T04060A2C0F14341.jpg,0.62257,0.62257,0.71685,tu_choi,tu_choi,0,1355
query/P0917T04071A1/P0917T04071A1C2F16081.jpg,917040711,917040711,gallery/P0917T04071A1/P0917T04071A1C0F10111.jpg,0.642,0.62669,0.71685,tu_choi,tu_choi,0,1617
query/P1836T04071A0/P1836T04071A0C2F23521.jpg,1836040710,2511040710,gallery/P2511T04071A0/P2511T04071A0C0F21811.jpg,0.67137,0.67137,0.71685,tu_choi,tu_choi,1,1617
query/P0416T04070A1/P0416T04070A1C2F03571.jpg,416040701,706040702,gallery/P0706T04070A2/P0706T04070A2C0F03931.jpg,0.65131,0.65131,0.71685,tu_choi,tu_choi,1,989
query/P0666T04071A0/P0666T04071A0C2F07921.jpg,666040710,2043040710,gallery/P2043T04071A0/P2043T04071A0C0F18271.jpg,0.68919,0.68919,0.71685,tu_choi,tu_choi,1,1617
query/P1724T04070A1/P1724T04070A1C2F26521.jpg,1724040701,1724040701,gallery/P1724T04070A1/P1724T04070A1C0F19651.jpg,0.636,0.61828,0.71685,tu_choi,tu_choi,1,989
query/P1622T04071A2/P1622T04071A2C2F27601.jpg,1622040712,1622040712,gallery/P1622T04071A2/P1622T04071A2C0F21091.jpg,0.67491,0.6593,0.71685,tu_choi,tu_choi,1,1617
query/P0588T04060A0/P0588T04060A0C2F08611.jpg,588040600,588040600,gallery/P0588T04060A0/P0588T04060A0C0F08941.jpg,0.73069,0.6816,0.71685,ban_giao,dung,1,1355
query/P2197T04070A1/P2197T04070A1C2F30211.jpg,2197040701,119040700,gallery/P0119T04070A0/P0119T04070A0C0F04111.jpg,0.63621,0.63621,0.71685,tu_choi,tu_choi,0,989
query/P1162T04071A1/P1162T04071A1C2F12601.jpg,1162040711,1162040711,gallery/P1162T04071A1/P1162T04071A1C0F12541.jpg,0.57301,0.56471,0.71685,tu_choi,tu_choi,0,1617
query/P0284T04041A2/P0284T04041A2C2F10561.jpg,284040412,139040411,gallery/P0139T04041A1/P0139T04041A1C0F8491.jpg,0.68638,0.68638,0.71685,tu_choi,tu_choi,0,2334
query/P0441T04070A0/P0441T04070A0C2F06871.jpg,441040700,441040700,gallery/P0441T04070A0/P0441T04070A0C0F08461.jpg,0.75755,0.67739,0.71685,ban_giao,dung,0,989
query/P1652T04071A0/P1652T04071A0C2F14551.jpg,1652040710,1652040710,gallery/P1652T04071A0/P1652T04071A0C0F15391.jpg,0.67918,0.62635,0.71685,tu_choi,tu_choi,0,1617
query/P0721T04070A1/P0721T04070A1C2F06541.jpg,721040701,574040701,gallery/P0574T04070A1/P0574T04070A1C0F04951.jpg,0.72255,0.72255,0.71685,ban_giao,sai,1,989
query/P1005T04071A0/P1005T04071A0C2F15151.jpg,1005040710,594040710,gallery/P0594T04071A0/P0594T04071A0C0F06991.jpg,0.64079,0.64079,0.71685,tu_choi,tu_choi,1,1617
query/P2265T04060A1/P2265T04060A1C2F25711.jpg,2265040601,2265040601,gallery/P2265T04060A1/P2265T04060A1C0F25411.jpg,0.65339,0.57494,0.71685,tu_choi,tu_choi,1,1355
query/P0211T04051A1/P0211T04051A1C2F14491.jpg,211040511,59040510,gallery/P0059T04051A0/P0059T04051A0C0F9571.jpg,0.65702,0.65702,0.71685,tu_choi,tu_choi,1,1168
query/P3727T04060A2/P3727T04060A2C2F22441.jpg,3727040602,3727040602,gallery/P3727T04060A2/P3727T04060A2C0F25081.jpg,0.73367,0.65982,0.71685,ban_giao,dung,0,1355
query/P0594T04071A0/P0594T04071A0C2F06421.jpg,594040710,594040710,gallery/P0594T04071A0/P0594T04071A0C0F07141.jpg,0.70162,0.6812,0.71685,tu_choi,tu_choi,1,1617
query/P1805T04070A0/P1805T04070A0C2F30271.jpg,1805040700,1805040700,gallery/P1805T04070A0/P1805T04070A0C0F26491.jpg,0.67729,0.61468,0.71685,tu_choi,tu_choi,0,989
query/P0416T04070A1/P0416T04070A1C2F03211.jpg,416040701,416040701,gallery/P0416T04070A1/P0416T04070A1C0F04621.jpg,0.66609,0.59643,0.71685,tu_choi,tu_choi,1,989
query/P2511T04071A0/P2511T04071A0C2F27181.jpg,2511040710,2511040710,gallery/P2511T04071A0/P2511T04071A0C0F23221.jpg,0.70071,0.63858,0.71685,tu_choi,tu_choi,1,1617
query/P0130T04060A0/P0130T04060A0C2F07621.jpg,130040600,692040601,gallery/P0692T04060A1/P0692T04060A1C0F07831.jpg,0.68915,0.68915,0.71685,tu_choi,tu_choi,1,1355
query/P1785T04071A2/P1785T04071A2C2F23191.jpg,1785040712,1785040712,gallery/P1785T04071A2/P1785T04071A2C0F24301.jpg,0.74552,0.59013,0.71685,ban_giao,dung,0,1617
query/P4169T04060A2/P4169T04060A2C2F30931.jpg,4169040602,692040601,gallery/P0692T04060A1/P0692T04060A1C0F07831.jpg,0.63726,0.63726,0.71685,tu_choi,tu_choi,1,1355
query/P0769T04060A2/P0769T04060A2C2F04171.jpg,769040602,1895040600,gallery/P1895T04060A0/P1895T04060A0C0F25051.jpg,0.64832,0.64832,0.71685,tu_choi,tu_choi,0,1355
query/P0575T04060A2/P0575T04060A2C2F09121.jpg,575040602,692040601,gallery/P0692T04060A1/P0692T04060A1C0F07171.jpg,0.69818,0.69818,0.71685,tu_choi,tu_choi,0,1355
query/P1895T04060A0/P1895T04060A0C2F24061.jpg,1895040600,588040600,gallery/P0588T04060A0/P0588T04060A0C0F10381.jpg,0.70908,0.70908,0.71685,tu_choi,tu_choi,1,1355
