run_id,date,commit,task_id,dataset,split,model,checkpoint_sha256,precision,metric,value,ci95_low,ci95_high,n,chance_level,hardware,notes
LG03-model-language-input-20261006,2026-10-06,c9cdd20feb6d9be6a8c87868dd553604df1f69a0,LG-03,SecondPaper-M1-edata,dev,M-CLIP,0ad09a3a1ccf35d93c95c08686506fc59c966d77ac1f5833413366c4d327cb2d,text FP32; supplied image FP32 vectors,Recall@1,0.02857142857142857,0.0,0.07352941176470588,70,0.00023408239700374532,NVIDIA GeForce RTX 3050 Laptop GPU,"variant=typed_vi;language=vi;mode=typed;same 76 dev queries;source=edata;max cosine per track;single labeled relevant;mAP=MRR;CI cluster bootstrap by target track;test not evaluated;ASR transcripts from M1, ASR inference latency excluded;English semantically reviewed by Codex; 3 target crops spot-checked; not human sign-off;OpenCLIP image inference FP16, text FP32; M-CLIP image provenance per M1;GPU schedule isolation unverified;uncommitted worktree;CI overlaps chance; inconclusive under chosen CI"
LG03-model-language-input-20261006,2026-10-06,c9cdd20feb6d9be6a8c87868dd553604df1f69a0,LG-03,SecondPaper-M1-edata,dev,M-CLIP,0ad09a3a1ccf35d93c95c08686506fc59c966d77ac1f5833413366c4d327cb2d,text FP32; supplied image FP32 vectors,Recall@5,0.14285714285714285,0.04411764705882353,0.24324324324324326,70,0.0011704119850187266,NVIDIA GeForce RTX 3050 Laptop GPU,"variant=typed_vi;language=vi;mode=typed;same 76 dev queries;source=edata;max cosine per track;single labeled relevant;mAP=MRR;CI cluster bootstrap by target track;test not evaluated;ASR transcripts from M1, ASR inference latency excluded;English semantically reviewed by Codex; 3 target crops spot-checked; not human sign-off;OpenCLIP image inference FP16, text FP32; M-CLIP image provenance per M1;GPU schedule isolation unverified;uncommitted worktree;CI above chance"
LG03-model-language-input-20261006,2026-10-06,c9cdd20feb6d9be6a8c87868dd553604df1f69a0,LG-03,SecondPaper-M1-edata,dev,M-CLIP,0ad09a3a1ccf35d93c95c08686506fc59c966d77ac1f5833413366c4d327cb2d,text FP32; supplied image FP32 vectors,Recall@10,0.18571428571428572,0.08823529411764706,0.2916666666666667,70,0.0023408239700374533,NVIDIA GeForce RTX 3050 Laptop GPU,"variant=typed_vi;language=vi;mode=typed;same 76 dev queries;source=edata;max cosine per track;single labeled relevant;mAP=MRR;CI cluster bootstrap by target track;test not evaluated;ASR transcripts from M1, ASR inference latency excluded;English semantically reviewed by Codex; 3 target crops spot-checked; not human sign-off;OpenCLIP image inference FP16, text FP32; M-CLIP image provenance per M1;GPU schedule isolation unverified;uncommitted worktree;CI above chance"
LG03-model-language-input-20261006,2026-10-06,c9cdd20feb6d9be6a8c87868dd553604df1f69a0,LG-03,SecondPaper-M1-edata,dev,M-CLIP,0ad09a3a1ccf35d93c95c08686506fc59c966d77ac1f5833413366c4d327cb2d,text FP32; supplied image FP32 vectors,mAP,0.08753001398578014,0.045499339856815084,0.13936452869750726,70,0.0020920341952654084,NVIDIA GeForce RTX 3050 Laptop GPU,"variant=typed_vi;language=vi;mode=typed;same 76 dev queries;source=edata;max cosine per track;single labeled relevant;mAP=MRR;CI cluster bootstrap by target track;test not evaluated;ASR transcripts from M1, ASR inference latency excluded;English semantically reviewed by Codex; 3 target crops spot-checked; not human sign-off;OpenCLIP image inference FP16, text FP32; M-CLIP image provenance per M1;GPU schedule isolation unverified;uncommitted worktree;CI above chance"
LG03-model-language-input-20261006,2026-10-06,c9cdd20feb6d9be6a8c87868dd553604df1f69a0,LG-03,SecondPaper-M1-edata,dev,M-CLIP,0ad09a3a1ccf35d93c95c08686506fc59c966d77ac1f5833413366c4d327cb2d,text FP32; supplied image FP32 vectors,text_latency_p50_ms,29.75464999963151,,,210,,NVIDIA GeForce RTX 3050 Laptop GPU,"variant=typed_vi;language=vi;mode=typed;same 76 dev queries;source=edata;max cosine per track;single labeled relevant;mAP=MRR;CI cluster bootstrap by target track;test not evaluated;ASR transcripts from M1, ASR inference latency excluded;English semantically reviewed by Codex; 3 target crops spot-checked; not human sign-off;OpenCLIP image inference FP16, text FP32; M-CLIP image provenance per M1;GPU schedule isolation unverified;uncommitted worktree"
LG03-model-language-input-20261006,2026-10-06,c9cdd20feb6d9be6a8c87868dd553604df1f69a0,LG-03,SecondPaper-M1-edata,dev,M-CLIP,0ad09a3a1ccf35d93c95c08686506fc59c966d77ac1f5833413366c4d327cb2d,text FP32; supplied image FP32 vectors,text_latency_p95_ms,51.799719999507936,,,210,,NVIDIA GeForce RTX 3050 Laptop GPU,"variant=typed_vi;language=vi;mode=typed;same 76 dev queries;source=edata;max cosine per track;single labeled relevant;mAP=MRR;CI cluster bootstrap by target track;test not evaluated;ASR transcripts from M1, ASR inference latency excluded;English semantically reviewed by Codex; 3 target crops spot-checked; not human sign-off;OpenCLIP image inference FP16, text FP32; M-CLIP image provenance per M1;GPU schedule isolation unverified;uncommitted worktree"
LG03-model-language-input-20261006,2026-10-06,c9cdd20feb6d9be6a8c87868dd553604df1f69a0,LG-03,SecondPaper-M1-edata,dev,M-CLIP,0ad09a3a1ccf35d93c95c08686506fc59c966d77ac1f5833413366c4d327cb2d,text FP32; supplied image FP32 vectors,pipeline_latency_p50_ms,34.606950000124925,,,210,,NVIDIA GeForce RTX 3050 Laptop GPU,"variant=typed_vi;language=vi;mode=typed;same 76 dev queries;source=edata;max cosine per track;single labeled relevant;mAP=MRR;CI cluster bootstrap by target track;test not evaluated;ASR transcripts from M1, ASR inference latency excluded;English semantically reviewed by Codex; 3 target crops spot-checked; not human sign-off;OpenCLIP image inference FP16, text FP32; M-CLIP image provenance per M1;GPU schedule isolation unverified;uncommitted worktree"
LG03-model-language-input-20261006,2026-10-06,c9cdd20feb6d9be6a8c87868dd553604df1f69a0,LG-03,SecondPaper-M1-edata,dev,M-CLIP,0ad09a3a1ccf35d93c95c08686506fc59c966d77ac1f5833413366c4d327cb2d,text FP32; supplied image FP32 vectors,pipeline_latency_p95_ms,58.211355000184994,,,210,,NVIDIA GeForce RTX 3050 Laptop GPU,"variant=typed_vi;language=vi;mode=typed;same 76 dev queries;source=edata;max cosine per track;single labeled relevant;mAP=MRR;CI cluster bootstrap by target track;test not evaluated;ASR transcripts from M1, ASR inference latency excluded;English semantically reviewed by Codex; 3 target crops spot-checked; not human sign-off;OpenCLIP image inference FP16, text FP32; M-CLIP image provenance per M1;GPU schedule isolation unverified;uncommitted worktree"
LG03-model-language-input-20261006,2026-10-06,c9cdd20feb6d9be6a8c87868dd553604df1f69a0,LG-03,SecondPaper-M1-video,dev,M-CLIP,0ad09a3a1ccf35d93c95c08686506fc59c966d77ac1f5833413366c4d327cb2d,text FP32; supplied image FP32 vectors,Recall@1,0.0,0.0,0.0,6,3.086038760646834e-05,NVIDIA GeForce RTX 3050 Laptop GPU,"variant=typed_vi;language=vi;mode=typed;same 76 dev queries;source=video;max cosine per track;single labeled relevant;mAP=MRR;CI cluster bootstrap by target track;test not evaluated;ASR transcripts from M1, ASR inference latency excluded;English semantically reviewed by Codex; 3 target crops spot-checked; not human sign-off;OpenCLIP image inference FP16, text FP32; M-CLIP image provenance per M1;GPU schedule isolation unverified;uncommitted worktree;CI below chance"
LG03-model-language-input-20261006,2026-10-06,c9cdd20feb6d9be6a8c87868dd553604df1f69a0,LG-03,SecondPaper-M1-video,dev,M-CLIP,0ad09a3a1ccf35d93c95c08686506fc59c966d77ac1f5833413366c4d327cb2d,text FP32; supplied image FP32 vectors,Recall@5,0.16666666666666666,0.0,0.5,6,0.0001543019380323417,NVIDIA GeForce RTX 3050 Laptop GPU,"variant=typed_vi;language=vi;mode=typed;same 76 dev queries;source=video;max cosine per track;single labeled relevant;mAP=MRR;CI cluster bootstrap by target track;test not evaluated;ASR transcripts from M1, ASR inference latency excluded;English semantically reviewed by Codex; 3 target crops spot-checked; not human sign-off;OpenCLIP image inference FP16, text FP32; M-CLIP image provenance per M1;GPU schedule isolation unverified;uncommitted worktree;CI overlaps chance; inconclusive under chosen CI"
LG03-model-language-input-20261006,2026-10-06,c9cdd20feb6d9be6a8c87868dd553604df1f69a0,LG-03,SecondPaper-M1-video,dev,M-CLIP,0ad09a3a1ccf35d93c95c08686506fc59c966d77ac1f5833413366c4d327cb2d,text FP32; supplied image FP32 vectors,Recall@10,0.16666666666666666,0.0,0.5,6,0.0003086038760646834,NVIDIA GeForce RTX 3050 Laptop GPU,"variant=typed_vi;language=vi;mode=typed;same 76 dev queries;source=video;max cosine per track;single labeled relevant;mAP=MRR;CI cluster bootstrap by target track;test not evaluated;ASR transcripts from M1, ASR inference latency excluded;English semantically reviewed by Codex; 3 target crops spot-checked; not human sign-off;OpenCLIP image inference FP16, text FP32; M-CLIP image provenance per M1;GPU schedule isolation unverified;uncommitted worktree;CI overlaps chance; inconclusive under chosen CI"
LG03-model-language-input-20261006,2026-10-06,c9cdd20feb6d9be6a8c87868dd553604df1f69a0,LG-03,SecondPaper-M1-video,dev,M-CLIP,0ad09a3a1ccf35d93c95c08686506fc59c966d77ac1f5833413366c4d327cb2d,text FP32; supplied image FP32 vectors,mAP,0.10610636460758799,0.007815692686353879,0.26700394033211367,6,0.0003383307075042084,NVIDIA GeForce RTX 3050 Laptop GPU,"variant=typed_vi;language=vi;mode=typed;same 76 dev queries;source=video;max cosine per track;single labeled relevant;mAP=MRR;CI cluster bootstrap by target track;test not evaluated;ASR transcripts from M1, ASR inference latency excluded;English semantically reviewed by Codex; 3 target crops spot-checked; not human sign-off;OpenCLIP image inference FP16, text FP32; M-CLIP image provenance per M1;GPU schedule isolation unverified;uncommitted worktree;CI above chance"
LG03-model-language-input-20261006,2026-10-06,c9cdd20feb6d9be6a8c87868dd553604df1f69a0,LG-03,SecondPaper-M1-video,dev,M-CLIP,0ad09a3a1ccf35d93c95c08686506fc59c966d77ac1f5833413366c4d327cb2d,text FP32; supplied image FP32 vectors,text_latency_p50_ms,28.636300001380732,,,18,,NVIDIA GeForce RTX 3050 Laptop GPU,"variant=typed_vi;language=vi;mode=typed;same 76 dev queries;source=video;max cosine per track;single labeled relevant;mAP=MRR;CI cluster bootstrap by target track;test not evaluated;ASR transcripts from M1, ASR inference latency excluded;English semantically reviewed by Codex; 3 target crops spot-checked; not human sign-off;OpenCLIP image inference FP16, text FP32; M-CLIP image provenance per M1;GPU schedule isolation unverified;uncommitted worktree"
LG03-model-language-input-20261006,2026-10-06,c9cdd20feb6d9be6a8c87868dd553604df1f69a0,LG-03,SecondPaper-M1-video,dev,M-CLIP,0ad09a3a1ccf35d93c95c08686506fc59c966d77ac1f5833413366c4d327cb2d,text FP32; supplied image FP32 vectors,text_latency_p95_ms,41.05641499982082,,,18,,NVIDIA GeForce RTX 3050 Laptop GPU,"variant=typed_vi;language=vi;mode=typed;same 76 dev queries;source=video;max cosine per track;single labeled relevant;mAP=MRR;CI cluster bootstrap by target track;test not evaluated;ASR transcripts from M1, ASR inference latency excluded;English semantically reviewed by Codex; 3 target crops spot-checked; not human sign-off;OpenCLIP image inference FP16, text FP32; M-CLIP image provenance per M1;GPU schedule isolation unverified;uncommitted worktree"
LG03-model-language-input-20261006,2026-10-06,c9cdd20feb6d9be6a8c87868dd553604df1f69a0,LG-03,SecondPaper-M1-video,dev,M-CLIP,0ad09a3a1ccf35d93c95c08686506fc59c966d77ac1f5833413366c4d327cb2d,text FP32; supplied image FP32 vectors,pipeline_latency_p50_ms,45.025299999906565,,,18,,NVIDIA GeForce RTX 3050 Laptop GPU,"variant=typed_vi;language=vi;mode=typed;same 76 dev queries;source=video;max cosine per track;single labeled relevant;mAP=MRR;CI cluster bootstrap by target track;test not evaluated;ASR transcripts from M1, ASR inference latency excluded;English semantically reviewed by Codex; 3 target crops spot-checked; not human sign-off;OpenCLIP image inference FP16, text FP32; M-CLIP image provenance per M1;GPU schedule isolation unverified;uncommitted worktree"
LG03-model-language-input-20261006,2026-10-06,c9cdd20feb6d9be6a8c87868dd553604df1f69a0,LG-03,SecondPaper-M1-video,dev,M-CLIP,0ad09a3a1ccf35d93c95c08686506fc59c966d77ac1f5833413366c4d327cb2d,text FP32; supplied image FP32 vectors,pipeline_latency_p95_ms,63.64345000101816,,,18,,NVIDIA GeForce RTX 3050 Laptop GPU,"variant=typed_vi;language=vi;mode=typed;same 76 dev queries;source=video;max cosine per track;single labeled relevant;mAP=MRR;CI cluster bootstrap by target track;test not evaluated;ASR transcripts from M1, ASR inference latency excluded;English semantically reviewed by Codex; 3 target crops spot-checked; not human sign-off;OpenCLIP image inference FP16, text FP32; M-CLIP image provenance per M1;GPU schedule isolation unverified;uncommitted worktree"
LG03-model-language-input-20261006,2026-10-06,c9cdd20feb6d9be6a8c87868dd553604df1f69a0,LG-03,SecondPaper-M1-edata,dev,M-CLIP,0ad09a3a1ccf35d93c95c08686506fc59c966d77ac1f5833413366c4d327cb2d,text FP32; supplied image FP32 vectors,Recall@1,0.05714285714285714,0.013513513513513514,0.11764705882352941,70,0.00023408239700374532,NVIDIA GeForce RTX 3050 Laptop GPU,"variant=typed_en_reviewed;language=en;mode=typed;same 76 dev queries;source=edata;max cosine per track;single labeled relevant;mAP=MRR;CI cluster bootstrap by target track;test not evaluated;ASR transcripts from M1, ASR inference latency excluded;English semantically reviewed by Codex; 3 target crops spot-checked; not human sign-off;OpenCLIP image inference FP16, text FP32; M-CLIP image provenance per M1;GPU schedule isolation unverified;uncommitted worktree;CI above chance"
LG03-model-language-input-20261006,2026-10-06,c9cdd20feb6d9be6a8c87868dd553604df1f69a0,LG-03,SecondPaper-M1-edata,dev,M-CLIP,0ad09a3a1ccf35d93c95c08686506fc59c966d77ac1f5833413366c4d327cb2d,text FP32; supplied image FP32 vectors,Recall@5,0.14285714285714285,0.04411764705882353,0.25,70,0.0011704119850187266,NVIDIA GeForce RTX 3050 Laptop GPU,"variant=typed_en_reviewed;language=en;mode=typed;same 76 dev queries;source=edata;max cosine per track;single labeled relevant;mAP=MRR;CI cluster bootstrap by target track;test not evaluated;ASR transcripts from M1, ASR inference latency excluded;English semantically reviewed by Codex; 3 target crops spot-checked; not human sign-off;OpenCLIP image inference FP16, text FP32; M-CLIP image provenance per M1;GPU schedule isolation unverified;uncommitted worktree;CI above chance"
LG03-model-language-input-20261006,2026-10-06,c9cdd20feb6d9be6a8c87868dd553604df1f69a0,LG-03,SecondPaper-M1-edata,dev,M-CLIP,0ad09a3a1ccf35d93c95c08686506fc59c966d77ac1f5833413366c4d327cb2d,text FP32; supplied image FP32 vectors,Recall@10,0.21428571428571427,0.10294117647058823,0.3333333333333333,70,0.0023408239700374533,NVIDIA GeForce RTX 3050 Laptop GPU,"variant=typed_en_reviewed;language=en;mode=typed;same 76 dev queries;source=edata;max cosine per track;single labeled relevant;mAP=MRR;CI cluster bootstrap by target track;test not evaluated;ASR transcripts from M1, ASR inference latency excluded;English semantically reviewed by Codex; 3 target crops spot-checked; not human sign-off;OpenCLIP image inference FP16, text FP32; M-CLIP image provenance per M1;GPU schedule isolation unverified;uncommitted worktree;CI above chance"
LG03-model-language-input-20261006,2026-10-06,c9cdd20feb6d9be6a8c87868dd553604df1f69a0,LG-03,SecondPaper-M1-edata,dev,M-CLIP,0ad09a3a1ccf35d93c95c08686506fc59c966d77ac1f5833413366c4d327cb2d,text FP32; supplied image FP32 vectors,mAP,0.10132776210451477,0.05076596393816862,0.16127166593901468,70,0.0020920341952654084,NVIDIA GeForce RTX 3050 Laptop GPU,"variant=typed_en_reviewed;language=en;mode=typed;same 76 dev queries;source=edata;max cosine per track;single labeled relevant;mAP=MRR;CI cluster bootstrap by target track;test not evaluated;ASR transcripts from M1, ASR inference latency excluded;English semantically reviewed by Codex; 3 target crops spot-checked; not human sign-off;OpenCLIP image inference FP16, text FP32; M-CLIP image provenance per M1;GPU schedule isolation unverified;uncommitted worktree;CI above chance"
LG03-model-language-input-20261006,2026-10-06,c9cdd20feb6d9be6a8c87868dd553604df1f69a0,LG-03,SecondPaper-M1-edata,dev,M-CLIP,0ad09a3a1ccf35d93c95c08686506fc59c966d77ac1f5833413366c4d327cb2d,text FP32; supplied image FP32 vectors,text_latency_p50_ms,27.622799999335257,,,210,,NVIDIA GeForce RTX 3050 Laptop GPU,"variant=typed_en_reviewed;language=en;mode=typed;same 76 dev queries;source=edata;max cosine per track;single labeled relevant;mAP=MRR;CI cluster bootstrap by target track;test not evaluated;ASR transcripts from M1, ASR inference latency excluded;English semantically reviewed by Codex; 3 target crops spot-checked; not human sign-off;OpenCLIP image inference FP16, text FP32; M-CLIP image provenance per M1;GPU schedule isolation unverified;uncommitted worktree"
LG03-model-language-input-20261006,2026-10-06,c9cdd20feb6d9be6a8c87868dd553604df1f69a0,LG-03,SecondPaper-M1-edata,dev,M-CLIP,0ad09a3a1ccf35d93c95c08686506fc59c966d77ac1f5833413366c4d327cb2d,text FP32; supplied image FP32 vectors,text_latency_p95_ms,40.31918999971822,,,210,,NVIDIA GeForce RTX 3050 Laptop GPU,"variant=typed_en_reviewed;language=en;mode=typed;same 76 dev queries;source=edata;max cosine per track;single labeled relevant;mAP=MRR;CI cluster bootstrap by target track;test not evaluated;ASR transcripts from M1, ASR inference latency excluded;English semantically reviewed by Codex; 3 target crops spot-checked; not human sign-off;OpenCLIP image inference FP16, text FP32; M-CLIP image provenance per M1;GPU schedule isolation unverified;uncommitted worktree"
LG03-model-language-input-20261006,2026-10-06,c9cdd20feb6d9be6a8c87868dd553604df1f69a0,LG-03,SecondPaper-M1-edata,dev,M-CLIP,0ad09a3a1ccf35d93c95c08686506fc59c966d77ac1f5833413366c4d327cb2d,text FP32; supplied image FP32 vectors,pipeline_latency_p50_ms,32.60024999963207,,,210,,NVIDIA GeForce RTX 3050 Laptop GPU,"variant=typed_en_reviewed;language=en;mode=typed;same 76 dev queries;source=edata;max cosine per track;single labeled relevant;mAP=MRR;CI cluster bootstrap by target track;test not evaluated;ASR transcripts from M1, ASR inference latency excluded;English semantically reviewed by Codex; 3 target crops spot-checked; not human sign-off;OpenCLIP image inference FP16, text FP32; M-CLIP image provenance per M1;GPU schedule isolation unverified;uncommitted worktree"
LG03-model-language-input-20261006,2026-10-06,c9cdd20feb6d9be6a8c87868dd553604df1f69a0,LG-03,SecondPaper-M1-edata,dev,M-CLIP,0ad09a3a1ccf35d93c95c08686506fc59c966d77ac1f5833413366c4d327cb2d,text FP32; supplied image FP32 vectors,pipeline_latency_p95_ms,45.76232499885008,,,210,,NVIDIA GeForce RTX 3050 Laptop GPU,"variant=typed_en_reviewed;language=en;mode=typed;same 76 dev queries;source=edata;max cosine per track;single labeled relevant;mAP=MRR;CI cluster bootstrap by target track;test not evaluated;ASR transcripts from M1, ASR inference latency excluded;English semantically reviewed by Codex; 3 target crops spot-checked; not human sign-off;OpenCLIP image inference FP16, text FP32; M-CLIP image provenance per M1;GPU schedule isolation unverified;uncommitted worktree"
LG03-model-language-input-20261006,2026-10-06,c9cdd20feb6d9be6a8c87868dd553604df1f69a0,LG-03,SecondPaper-M1-video,dev,M-CLIP,0ad09a3a1ccf35d93c95c08686506fc59c966d77ac1f5833413366c4d327cb2d,text FP32; supplied image FP32 vectors,Recall@1,0.16666666666666666,0.0,0.5,6,3.086038760646834e-05,NVIDIA GeForce RTX 3050 Laptop GPU,"variant=typed_en_reviewed;language=en;mode=typed;same 76 dev queries;source=video;max cosine per track;single labeled relevant;mAP=MRR;CI cluster bootstrap by target track;test not evaluated;ASR transcripts from M1, ASR inference latency excluded;English semantically reviewed by Codex; 3 target crops spot-checked; not human sign-off;OpenCLIP image inference FP16, text FP32; M-CLIP image provenance per M1;GPU schedule isolation unverified;uncommitted worktree;CI overlaps chance; inconclusive under chosen CI"
LG03-model-language-input-20261006,2026-10-06,c9cdd20feb6d9be6a8c87868dd553604df1f69a0,LG-03,SecondPaper-M1-video,dev,M-CLIP,0ad09a3a1ccf35d93c95c08686506fc59c966d77ac1f5833413366c4d327cb2d,text FP32; supplied image FP32 vectors,Recall@5,0.3333333333333333,0.0,0.6666666666666666,6,0.0001543019380323417,NVIDIA GeForce RTX 3050 Laptop GPU,"variant=typed_en_reviewed;language=en;mode=typed;same 76 dev queries;source=video;max cosine per track;single labeled relevant;mAP=MRR;CI cluster bootstrap by target track;test not evaluated;ASR transcripts from M1, ASR inference latency excluded;English semantically reviewed by Codex; 3 target crops spot-checked; not human sign-off;OpenCLIP image inference FP16, text FP32; M-CLIP image provenance per M1;GPU schedule isolation unverified;uncommitted worktree;CI overlaps chance; inconclusive under chosen CI"
LG03-model-language-input-20261006,2026-10-06,c9cdd20feb6d9be6a8c87868dd553604df1f69a0,LG-03,SecondPaper-M1-video,dev,M-CLIP,0ad09a3a1ccf35d93c95c08686506fc59c966d77ac1f5833413366c4d327cb2d,text FP32; supplied image FP32 vectors,Recall@10,0.5,0.16666666666666666,0.8333333333333334,6,0.0003086038760646834,NVIDIA GeForce RTX 3050 Laptop GPU,"variant=typed_en_reviewed;language=en;mode=typed;same 76 dev queries;source=video;max cosine per track;single labeled relevant;mAP=MRR;CI cluster bootstrap by target track;test not evaluated;ASR transcripts from M1, ASR inference latency excluded;English semantically reviewed by Codex; 3 target crops spot-checked; not human sign-off;OpenCLIP image inference FP16, text FP32; M-CLIP image provenance per M1;GPU schedule isolation unverified;uncommitted worktree;CI above chance"
LG03-model-language-input-20261006,2026-10-06,c9cdd20feb6d9be6a8c87868dd553604df1f69a0,LG-03,SecondPaper-M1-video,dev,M-CLIP,0ad09a3a1ccf35d93c95c08686506fc59c966d77ac1f5833413366c4d327cb2d,text FP32; supplied image FP32 vectors,mAP,0.28020823728023286,0.030257744401735603,0.5857434079695132,6,0.0003383307075042084,NVIDIA GeForce RTX 3050 Laptop GPU,"variant=typed_en_reviewed;language=en;mode=typed;same 76 dev queries;source=video;max cosine per track;single labeled relevant;mAP=MRR;CI cluster bootstrap by target track;test not evaluated;ASR transcripts from M1, ASR inference latency excluded;English semantically reviewed by Codex; 3 target crops spot-checked; not human sign-off;OpenCLIP image inference FP16, text FP32; M-CLIP image provenance per M1;GPU schedule isolation unverified;uncommitted worktree;CI above chance"
LG03-model-language-input-20261006,2026-10-06,c9cdd20feb6d9be6a8c87868dd553604df1f69a0,LG-03,SecondPaper-M1-video,dev,M-CLIP,0ad09a3a1ccf35d93c95c08686506fc59c966d77ac1f5833413366c4d327cb2d,text FP32; supplied image FP32 vectors,text_latency_p50_ms,28.832150000198453,,,18,,NVIDIA GeForce RTX 3050 Laptop GPU,"variant=typed_en_reviewed;language=en;mode=typed;same 76 dev queries;source=video;max cosine per track;single labeled relevant;mAP=MRR;CI cluster bootstrap by target track;test not evaluated;ASR transcripts from M1, ASR inference latency excluded;English semantically reviewed by Codex; 3 target crops spot-checked; not human sign-off;OpenCLIP image inference FP16, text FP32; M-CLIP image provenance per M1;GPU schedule isolation unverified;uncommitted worktree"
LG03-model-language-input-20261006,2026-10-06,c9cdd20feb6d9be6a8c87868dd553604df1f69a0,LG-03,SecondPaper-M1-video,dev,M-CLIP,0ad09a3a1ccf35d93c95c08686506fc59c966d77ac1f5833413366c4d327cb2d,text FP32; supplied image FP32 vectors,text_latency_p95_ms,47.26644500024122,,,18,,NVIDIA GeForce RTX 3050 Laptop GPU,"variant=typed_en_reviewed;language=en;mode=typed;same 76 dev queries;source=video;max cosine per track;single labeled relevant;mAP=MRR;CI cluster bootstrap by target track;test not evaluated;ASR transcripts from M1, ASR inference latency excluded;English semantically reviewed by Codex; 3 target crops spot-checked; not human sign-off;OpenCLIP image inference FP16, text FP32; M-CLIP image provenance per M1;GPU schedule isolation unverified;uncommitted worktree"
LG03-model-language-input-20261006,2026-10-06,c9cdd20feb6d9be6a8c87868dd553604df1f69a0,LG-03,SecondPaper-M1-video,dev,M-CLIP,0ad09a3a1ccf35d93c95c08686506fc59c966d77ac1f5833413366c4d327cb2d,text FP32; supplied image FP32 vectors,pipeline_latency_p50_ms,45.71925000072952,,,18,,NVIDIA GeForce RTX 3050 Laptop GPU,"variant=typed_en_reviewed;language=en;mode=typed;same 76 dev queries;source=video;max cosine per track;single labeled relevant;mAP=MRR;CI cluster bootstrap by target track;test not evaluated;ASR transcripts from M1, ASR inference latency excluded;English semantically reviewed by Codex; 3 target crops spot-checked; not human sign-off;OpenCLIP image inference FP16, text FP32; M-CLIP image provenance per M1;GPU schedule isolation unverified;uncommitted worktree"
LG03-model-language-input-20261006,2026-10-06,c9cdd20feb6d9be6a8c87868dd553604df1f69a0,LG-03,SecondPaper-M1-video,dev,M-CLIP,0ad09a3a1ccf35d93c95c08686506fc59c966d77ac1f5833413366c4d327cb2d,text FP32; supplied image FP32 vectors,pipeline_latency_p95_ms,70.21000499971706,,,18,,NVIDIA GeForce RTX 3050 Laptop GPU,"variant=typed_en_reviewed;language=en;mode=typed;same 76 dev queries;source=video;max cosine per track;single labeled relevant;mAP=MRR;CI cluster bootstrap by target track;test not evaluated;ASR transcripts from M1, ASR inference latency excluded;English semantically reviewed by Codex; 3 target crops spot-checked; not human sign-off;OpenCLIP image inference FP16, text FP32; M-CLIP image provenance per M1;GPU schedule isolation unverified;uncommitted worktree"
LG03-model-language-input-20261006,2026-10-06,c9cdd20feb6d9be6a8c87868dd553604df1f69a0,LG-03,SecondPaper-M1-edata,dev,M-CLIP,0ad09a3a1ccf35d93c95c08686506fc59c966d77ac1f5833413366c4d327cb2d,text FP32; supplied image FP32 vectors,Recall@1,0.0,0.0,0.0,70,0.00023408239700374532,NVIDIA GeForce RTX 3050 Laptop GPU,"variant=spoken_whisper_vi;language=vi;mode=spoken_ASR;same 76 dev queries;source=edata;max cosine per track;single labeled relevant;mAP=MRR;CI cluster bootstrap by target track;test not evaluated;ASR transcripts from M1, ASR inference latency excluded;English semantically reviewed by Codex; 3 target crops spot-checked; not human sign-off;OpenCLIP image inference FP16, text FP32; M-CLIP image provenance per M1;GPU schedule isolation unverified;uncommitted worktree;CI below chance"
LG03-model-language-input-20261006,2026-10-06,c9cdd20feb6d9be6a8c87868dd553604df1f69a0,LG-03,SecondPaper-M1-edata,dev,M-CLIP,0ad09a3a1ccf35d93c95c08686506fc59c966d77ac1f5833413366c4d327cb2d,text FP32; supplied image FP32 vectors,Recall@5,0.07142857142857142,0.014705882352941176,0.13157894736842105,70,0.0011704119850187266,NVIDIA GeForce RTX 3050 Laptop GPU,"variant=spoken_whisper_vi;language=vi;mode=spoken_ASR;same 76 dev queries;source=edata;max cosine per track;single labeled relevant;mAP=MRR;CI cluster bootstrap by target track;test not evaluated;ASR transcripts from M1, ASR inference latency excluded;English semantically reviewed by Codex; 3 target crops spot-checked; not human sign-off;OpenCLIP image inference FP16, text FP32; M-CLIP image provenance per M1;GPU schedule isolation unverified;uncommitted worktree;CI above chance"
LG03-model-language-input-20261006,2026-10-06,c9cdd20feb6d9be6a8c87868dd553604df1f69a0,LG-03,SecondPaper-M1-edata,dev,M-CLIP,0ad09a3a1ccf35d93c95c08686506fc59c966d77ac1f5833413366c4d327cb2d,text FP32; supplied image FP32 vectors,Recall@10,0.11428571428571428,0.04411764705882353,0.18585084033613433,70,0.0023408239700374533,NVIDIA GeForce RTX 3050 Laptop GPU,"variant=spoken_whisper_vi;language=vi;mode=spoken_ASR;same 76 dev queries;source=edata;max cosine per track;single labeled relevant;mAP=MRR;CI cluster bootstrap by target track;test not evaluated;ASR transcripts from M1, ASR inference latency excluded;English semantically reviewed by Codex; 3 target crops spot-checked; not human sign-off;OpenCLIP image inference FP16, text FP32; M-CLIP image provenance per M1;GPU schedule isolation unverified;uncommitted worktree;CI above chance"
LG03-model-language-input-20261006,2026-10-06,c9cdd20feb6d9be6a8c87868dd553604df1f69a0,LG-03,SecondPaper-M1-edata,dev,M-CLIP,0ad09a3a1ccf35d93c95c08686506fc59c966d77ac1f5833413366c4d327cb2d,text FP32; supplied image FP32 vectors,mAP,0.04547052146238137,0.022610208674539247,0.06962106165201334,70,0.0020920341952654084,NVIDIA GeForce RTX 3050 Laptop GPU,"variant=spoken_whisper_vi;language=vi;mode=spoken_ASR;same 76 dev queries;source=edata;max cosine per track;single labeled relevant;mAP=MRR;CI cluster bootstrap by target track;test not evaluated;ASR transcripts from M1, ASR inference latency excluded;English semantically reviewed by Codex; 3 target crops spot-checked; not human sign-off;OpenCLIP image inference FP16, text FP32; M-CLIP image provenance per M1;GPU schedule isolation unverified;uncommitted worktree;CI above chance"
LG03-model-language-input-20261006,2026-10-06,c9cdd20feb6d9be6a8c87868dd553604df1f69a0,LG-03,SecondPaper-M1-edata,dev,M-CLIP,0ad09a3a1ccf35d93c95c08686506fc59c966d77ac1f5833413366c4d327cb2d,text FP32; supplied image FP32 vectors,text_latency_p50_ms,24.67785000044387,,,210,,NVIDIA GeForce RTX 3050 Laptop GPU,"variant=spoken_whisper_vi;language=vi;mode=spoken_ASR;same 76 dev queries;source=edata;max cosine per track;single labeled relevant;mAP=MRR;CI cluster bootstrap by target track;test not evaluated;ASR transcripts from M1, ASR inference latency excluded;English semantically reviewed by Codex; 3 target crops spot-checked; not human sign-off;OpenCLIP image inference FP16, text FP32; M-CLIP image provenance per M1;GPU schedule isolation unverified;uncommitted worktree"
LG03-model-language-input-20261006,2026-10-06,c9cdd20feb6d9be6a8c87868dd553604df1f69a0,LG-03,SecondPaper-M1-edata,dev,M-CLIP,0ad09a3a1ccf35d93c95c08686506fc59c966d77ac1f5833413366c4d327cb2d,text FP32; supplied image FP32 vectors,text_latency_p95_ms,34.78799499962406,,,210,,NVIDIA GeForce RTX 3050 Laptop GPU,"variant=spoken_whisper_vi;language=vi;mode=spoken_ASR;same 76 dev queries;source=edata;max cosine per track;single labeled relevant;mAP=MRR;CI cluster bootstrap by target track;test not evaluated;ASR transcripts from M1, ASR inference latency excluded;English semantically reviewed by Codex; 3 target crops spot-checked; not human sign-off;OpenCLIP image inference FP16, text FP32; M-CLIP image provenance per M1;GPU schedule isolation unverified;uncommitted worktree"
LG03-model-language-input-20261006,2026-10-06,c9cdd20feb6d9be6a8c87868dd553604df1f69a0,LG-03,SecondPaper-M1-edata,dev,M-CLIP,0ad09a3a1ccf35d93c95c08686506fc59c966d77ac1f5833413366c4d327cb2d,text FP32; supplied image FP32 vectors,pipeline_latency_p50_ms,29.08279999974184,,,210,,NVIDIA GeForce RTX 3050 Laptop GPU,"variant=spoken_whisper_vi;language=vi;mode=spoken_ASR;same 76 dev queries;source=edata;max cosine per track;single labeled relevant;mAP=MRR;CI cluster bootstrap by target track;test not evaluated;ASR transcripts from M1, ASR inference latency excluded;English semantically reviewed by Codex; 3 target crops spot-checked; not human sign-off;OpenCLIP image inference FP16, text FP32; M-CLIP image provenance per M1;GPU schedule isolation unverified;uncommitted worktree"
LG03-model-language-input-20261006,2026-10-06,c9cdd20feb6d9be6a8c87868dd553604df1f69a0,LG-03,SecondPaper-M1-edata,dev,M-CLIP,0ad09a3a1ccf35d93c95c08686506fc59c966d77ac1f5833413366c4d327cb2d,text FP32; supplied image FP32 vectors,pipeline_latency_p95_ms,41.228255000260106,,,210,,NVIDIA GeForce RTX 3050 Laptop GPU,"variant=spoken_whisper_vi;language=vi;mode=spoken_ASR;same 76 dev queries;source=edata;max cosine per track;single labeled relevant;mAP=MRR;CI cluster bootstrap by target track;test not evaluated;ASR transcripts from M1, ASR inference latency excluded;English semantically reviewed by Codex; 3 target crops spot-checked; not human sign-off;OpenCLIP image inference FP16, text FP32; M-CLIP image provenance per M1;GPU schedule isolation unverified;uncommitted worktree"
LG03-model-language-input-20261006,2026-10-06,c9cdd20feb6d9be6a8c87868dd553604df1f69a0,LG-03,SecondPaper-M1-video,dev,M-CLIP,0ad09a3a1ccf35d93c95c08686506fc59c966d77ac1f5833413366c4d327cb2d,text FP32; supplied image FP32 vectors,Recall@1,0.0,0.0,0.0,6,3.086038760646834e-05,NVIDIA GeForce RTX 3050 Laptop GPU,"variant=spoken_whisper_vi;language=vi;mode=spoken_ASR;same 76 dev queries;source=video;max cosine per track;single labeled relevant;mAP=MRR;CI cluster bootstrap by target track;test not evaluated;ASR transcripts from M1, ASR inference latency excluded;English semantically reviewed by Codex; 3 target crops spot-checked; not human sign-off;OpenCLIP image inference FP16, text FP32; M-CLIP image provenance per M1;GPU schedule isolation unverified;uncommitted worktree;CI below chance"
LG03-model-language-input-20261006,2026-10-06,c9cdd20feb6d9be6a8c87868dd553604df1f69a0,LG-03,SecondPaper-M1-video,dev,M-CLIP,0ad09a3a1ccf35d93c95c08686506fc59c966d77ac1f5833413366c4d327cb2d,text FP32; supplied image FP32 vectors,Recall@5,0.16666666666666666,0.0,0.5,6,0.0001543019380323417,NVIDIA GeForce RTX 3050 Laptop GPU,"variant=spoken_whisper_vi;language=vi;mode=spoken_ASR;same 76 dev queries;source=video;max cosine per track;single labeled relevant;mAP=MRR;CI cluster bootstrap by target track;test not evaluated;ASR transcripts from M1, ASR inference latency excluded;English semantically reviewed by Codex; 3 target crops spot-checked; not human sign-off;OpenCLIP image inference FP16, text FP32; M-CLIP image provenance per M1;GPU schedule isolation unverified;uncommitted worktree;CI overlaps chance; inconclusive under chosen CI"
LG03-model-language-input-20261006,2026-10-06,c9cdd20feb6d9be6a8c87868dd553604df1f69a0,LG-03,SecondPaper-M1-video,dev,M-CLIP,0ad09a3a1ccf35d93c95c08686506fc59c966d77ac1f5833413366c4d327cb2d,text FP32; supplied image FP32 vectors,Recall@10,0.16666666666666666,0.0,0.5,6,0.0003086038760646834,NVIDIA GeForce RTX 3050 Laptop GPU,"variant=spoken_whisper_vi;language=vi;mode=spoken_ASR;same 76 dev queries;source=video;max cosine per track;single labeled relevant;mAP=MRR;CI cluster bootstrap by target track;test not evaluated;ASR transcripts from M1, ASR inference latency excluded;English semantically reviewed by Codex; 3 target crops spot-checked; not human sign-off;OpenCLIP image inference FP16, text FP32; M-CLIP image provenance per M1;GPU schedule isolation unverified;uncommitted worktree;CI overlaps chance; inconclusive under chosen CI"
LG03-model-language-input-20261006,2026-10-06,c9cdd20feb6d9be6a8c87868dd553604df1f69a0,LG-03,SecondPaper-M1-video,dev,M-CLIP,0ad09a3a1ccf35d93c95c08686506fc59c966d77ac1f5833413366c4d327cb2d,text FP32; supplied image FP32 vectors,mAP,0.08731578518658935,0.0021363323250696807,0.2529283673776587,6,0.0003383307075042084,NVIDIA GeForce RTX 3050 Laptop GPU,"variant=spoken_whisper_vi;language=vi;mode=spoken_ASR;same 76 dev queries;source=video;max cosine per track;single labeled relevant;mAP=MRR;CI cluster bootstrap by target track;test not evaluated;ASR transcripts from M1, ASR inference latency excluded;English semantically reviewed by Codex; 3 target crops spot-checked; not human sign-off;OpenCLIP image inference FP16, text FP32; M-CLIP image provenance per M1;GPU schedule isolation unverified;uncommitted worktree;CI above chance"
LG03-model-language-input-20261006,2026-10-06,c9cdd20feb6d9be6a8c87868dd553604df1f69a0,LG-03,SecondPaper-M1-video,dev,M-CLIP,0ad09a3a1ccf35d93c95c08686506fc59c966d77ac1f5833413366c4d327cb2d,text FP32; supplied image FP32 vectors,text_latency_p50_ms,26.601399998980924,,,18,,NVIDIA GeForce RTX 3050 Laptop GPU,"variant=spoken_whisper_vi;language=vi;mode=spoken_ASR;same 76 dev queries;source=video;max cosine per track;single labeled relevant;mAP=MRR;CI cluster bootstrap by target track;test not evaluated;ASR transcripts from M1, ASR inference latency excluded;English semantically reviewed by Codex; 3 target crops spot-checked; not human sign-off;OpenCLIP image inference FP16, text FP32; M-CLIP image provenance per M1;GPU schedule isolation unverified;uncommitted worktree"
LG03-model-language-input-20261006,2026-10-06,c9cdd20feb6d9be6a8c87868dd553604df1f69a0,LG-03,SecondPaper-M1-video,dev,M-CLIP,0ad09a3a1ccf35d93c95c08686506fc59c966d77ac1f5833413366c4d327cb2d,text FP32; supplied image FP32 vectors,text_latency_p95_ms,35.90387000103873,,,18,,NVIDIA GeForce RTX 3050 Laptop GPU,"variant=spoken_whisper_vi;language=vi;mode=spoken_ASR;same 76 dev queries;source=video;max cosine per track;single labeled relevant;mAP=MRR;CI cluster bootstrap by target track;test not evaluated;ASR transcripts from M1, ASR inference latency excluded;English semantically reviewed by Codex; 3 target crops spot-checked; not human sign-off;OpenCLIP image inference FP16, text FP32; M-CLIP image provenance per M1;GPU schedule isolation unverified;uncommitted worktree"
LG03-model-language-input-20261006,2026-10-06,c9cdd20feb6d9be6a8c87868dd553604df1f69a0,LG-03,SecondPaper-M1-video,dev,M-CLIP,0ad09a3a1ccf35d93c95c08686506fc59c966d77ac1f5833413366c4d327cb2d,text FP32; supplied image FP32 vectors,pipeline_latency_p50_ms,42.97444999974687,,,18,,NVIDIA GeForce RTX 3050 Laptop GPU,"variant=spoken_whisper_vi;language=vi;mode=spoken_ASR;same 76 dev queries;source=video;max cosine per track;single labeled relevant;mAP=MRR;CI cluster bootstrap by target track;test not evaluated;ASR transcripts from M1, ASR inference latency excluded;English semantically reviewed by Codex; 3 target crops spot-checked; not human sign-off;OpenCLIP image inference FP16, text FP32; M-CLIP image provenance per M1;GPU schedule isolation unverified;uncommitted worktree"
LG03-model-language-input-20261006,2026-10-06,c9cdd20feb6d9be6a8c87868dd553604df1f69a0,LG-03,SecondPaper-M1-video,dev,M-CLIP,0ad09a3a1ccf35d93c95c08686506fc59c966d77ac1f5833413366c4d327cb2d,text FP32; supplied image FP32 vectors,pipeline_latency_p95_ms,56.30629500074063,,,18,,NVIDIA GeForce RTX 3050 Laptop GPU,"variant=spoken_whisper_vi;language=vi;mode=spoken_ASR;same 76 dev queries;source=video;max cosine per track;single labeled relevant;mAP=MRR;CI cluster bootstrap by target track;test not evaluated;ASR transcripts from M1, ASR inference latency excluded;English semantically reviewed by Codex; 3 target crops spot-checked; not human sign-off;OpenCLIP image inference FP16, text FP32; M-CLIP image provenance per M1;GPU schedule isolation unverified;uncommitted worktree"
LG03-model-language-input-20261006,2026-10-06,c9cdd20feb6d9be6a8c87868dd553604df1f69a0,LG-03,SecondPaper-M1-edata,dev,M-CLIP,0ad09a3a1ccf35d93c95c08686506fc59c966d77ac1f5833413366c4d327cb2d,text FP32; supplied image FP32 vectors,Recall@1,0.02857142857142857,0.0,0.07352941176470588,70,0.00023408239700374532,NVIDIA GeForce RTX 3050 Laptop GPU,"variant=spoken_phowhisper_vi;language=vi;mode=spoken_ASR;same 76 dev queries;source=edata;max cosine per track;single labeled relevant;mAP=MRR;CI cluster bootstrap by target track;test not evaluated;ASR transcripts from M1, ASR inference latency excluded;English semantically reviewed by Codex; 3 target crops spot-checked; not human sign-off;OpenCLIP image inference FP16, text FP32; M-CLIP image provenance per M1;GPU schedule isolation unverified;uncommitted worktree;CI overlaps chance; inconclusive under chosen CI"
LG03-model-language-input-20261006,2026-10-06,c9cdd20feb6d9be6a8c87868dd553604df1f69a0,LG-03,SecondPaper-M1-edata,dev,M-CLIP,0ad09a3a1ccf35d93c95c08686506fc59c966d77ac1f5833413366c4d327cb2d,text FP32; supplied image FP32 vectors,Recall@5,0.17142857142857143,0.08823529411764706,0.2571428571428571,70,0.0011704119850187266,NVIDIA GeForce RTX 3050 Laptop GPU,"variant=spoken_phowhisper_vi;language=vi;mode=spoken_ASR;same 76 dev queries;source=edata;max cosine per track;single labeled relevant;mAP=MRR;CI cluster bootstrap by target track;test not evaluated;ASR transcripts from M1, ASR inference latency excluded;English semantically reviewed by Codex; 3 target crops spot-checked; not human sign-off;OpenCLIP image inference FP16, text FP32; M-CLIP image provenance per M1;GPU schedule isolation unverified;uncommitted worktree;CI above chance"
LG03-model-language-input-20261006,2026-10-06,c9cdd20feb6d9be6a8c87868dd553604df1f69a0,LG-03,SecondPaper-M1-edata,dev,M-CLIP,0ad09a3a1ccf35d93c95c08686506fc59c966d77ac1f5833413366c4d327cb2d,text FP32; supplied image FP32 vectors,Recall@10,0.2571428571428571,0.16176470588235295,0.3572420634920634,70,0.0023408239700374533,NVIDIA GeForce RTX 3050 Laptop GPU,"variant=spoken_phowhisper_vi;language=vi;mode=spoken_ASR;same 76 dev queries;source=edata;max cosine per track;single labeled relevant;mAP=MRR;CI cluster bootstrap by target track;test not evaluated;ASR transcripts from M1, ASR inference latency excluded;English semantically reviewed by Codex; 3 target crops spot-checked; not human sign-off;OpenCLIP image inference FP16, text FP32; M-CLIP image provenance per M1;GPU schedule isolation unverified;uncommitted worktree;CI above chance"
LG03-model-language-input-20261006,2026-10-06,c9cdd20feb6d9be6a8c87868dd553604df1f69a0,LG-03,SecondPaper-M1-edata,dev,M-CLIP,0ad09a3a1ccf35d93c95c08686506fc59c966d77ac1f5833413366c4d327cb2d,text FP32; supplied image FP32 vectors,mAP,0.10456549435101521,0.06327308145164062,0.15782118890341745,70,0.0020920341952654084,NVIDIA GeForce RTX 3050 Laptop GPU,"variant=spoken_phowhisper_vi;language=vi;mode=spoken_ASR;same 76 dev queries;source=edata;max cosine per track;single labeled relevant;mAP=MRR;CI cluster bootstrap by target track;test not evaluated;ASR transcripts from M1, ASR inference latency excluded;English semantically reviewed by Codex; 3 target crops spot-checked; not human sign-off;OpenCLIP image inference FP16, text FP32; M-CLIP image provenance per M1;GPU schedule isolation unverified;uncommitted worktree;CI above chance"
LG03-model-language-input-20261006,2026-10-06,c9cdd20feb6d9be6a8c87868dd553604df1f69a0,LG-03,SecondPaper-M1-edata,dev,M-CLIP,0ad09a3a1ccf35d93c95c08686506fc59c966d77ac1f5833413366c4d327cb2d,text FP32; supplied image FP32 vectors,text_latency_p50_ms,20.871149999948102,,,210,,NVIDIA GeForce RTX 3050 Laptop GPU,"variant=spoken_phowhisper_vi;language=vi;mode=spoken_ASR;same 76 dev queries;source=edata;max cosine per track;single labeled relevant;mAP=MRR;CI cluster bootstrap by target track;test not evaluated;ASR transcripts from M1, ASR inference latency excluded;English semantically reviewed by Codex; 3 target crops spot-checked; not human sign-off;OpenCLIP image inference FP16, text FP32; M-CLIP image provenance per M1;GPU schedule isolation unverified;uncommitted worktree"
LG03-model-language-input-20261006,2026-10-06,c9cdd20feb6d9be6a8c87868dd553604df1f69a0,LG-03,SecondPaper-M1-edata,dev,M-CLIP,0ad09a3a1ccf35d93c95c08686506fc59c966d77ac1f5833413366c4d327cb2d,text FP32; supplied image FP32 vectors,text_latency_p95_ms,28.631870001299827,,,210,,NVIDIA GeForce RTX 3050 Laptop GPU,"variant=spoken_phowhisper_vi;language=vi;mode=spoken_ASR;same 76 dev queries;source=edata;max cosine per track;single labeled relevant;mAP=MRR;CI cluster bootstrap by target track;test not evaluated;ASR transcripts from M1, ASR inference latency excluded;English semantically reviewed by Codex; 3 target crops spot-checked; not human sign-off;OpenCLIP image inference FP16, text FP32; M-CLIP image provenance per M1;GPU schedule isolation unverified;uncommitted worktree"
LG03-model-language-input-20261006,2026-10-06,c9cdd20feb6d9be6a8c87868dd553604df1f69a0,LG-03,SecondPaper-M1-edata,dev,M-CLIP,0ad09a3a1ccf35d93c95c08686506fc59c966d77ac1f5833413366c4d327cb2d,text FP32; supplied image FP32 vectors,pipeline_latency_p50_ms,24.838500000441854,,,210,,NVIDIA GeForce RTX 3050 Laptop GPU,"variant=spoken_phowhisper_vi;language=vi;mode=spoken_ASR;same 76 dev queries;source=edata;max cosine per track;single labeled relevant;mAP=MRR;CI cluster bootstrap by target track;test not evaluated;ASR transcripts from M1, ASR inference latency excluded;English semantically reviewed by Codex; 3 target crops spot-checked; not human sign-off;OpenCLIP image inference FP16, text FP32; M-CLIP image provenance per M1;GPU schedule isolation unverified;uncommitted worktree"
LG03-model-language-input-20261006,2026-10-06,c9cdd20feb6d9be6a8c87868dd553604df1f69a0,LG-03,SecondPaper-M1-edata,dev,M-CLIP,0ad09a3a1ccf35d93c95c08686506fc59c966d77ac1f5833413366c4d327cb2d,text FP32; supplied image FP32 vectors,pipeline_latency_p95_ms,32.915944999967905,,,210,,NVIDIA GeForce RTX 3050 Laptop GPU,"variant=spoken_phowhisper_vi;language=vi;mode=spoken_ASR;same 76 dev queries;source=edata;max cosine per track;single labeled relevant;mAP=MRR;CI cluster bootstrap by target track;test not evaluated;ASR transcripts from M1, ASR inference latency excluded;English semantically reviewed by Codex; 3 target crops spot-checked; not human sign-off;OpenCLIP image inference FP16, text FP32; M-CLIP image provenance per M1;GPU schedule isolation unverified;uncommitted worktree"
LG03-model-language-input-20261006,2026-10-06,c9cdd20feb6d9be6a8c87868dd553604df1f69a0,LG-03,SecondPaper-M1-video,dev,M-CLIP,0ad09a3a1ccf35d93c95c08686506fc59c966d77ac1f5833413366c4d327cb2d,text FP32; supplied image FP32 vectors,Recall@1,0.0,0.0,0.0,6,3.086038760646834e-05,NVIDIA GeForce RTX 3050 Laptop GPU,"variant=spoken_phowhisper_vi;language=vi;mode=spoken_ASR;same 76 dev queries;source=video;max cosine per track;single labeled relevant;mAP=MRR;CI cluster bootstrap by target track;test not evaluated;ASR transcripts from M1, ASR inference latency excluded;English semantically reviewed by Codex; 3 target crops spot-checked; not human sign-off;OpenCLIP image inference FP16, text FP32; M-CLIP image provenance per M1;GPU schedule isolation unverified;uncommitted worktree;CI below chance"
LG03-model-language-input-20261006,2026-10-06,c9cdd20feb6d9be6a8c87868dd553604df1f69a0,LG-03,SecondPaper-M1-video,dev,M-CLIP,0ad09a3a1ccf35d93c95c08686506fc59c966d77ac1f5833413366c4d327cb2d,text FP32; supplied image FP32 vectors,Recall@5,0.16666666666666666,0.0,0.5,6,0.0001543019380323417,NVIDIA GeForce RTX 3050 Laptop GPU,"variant=spoken_phowhisper_vi;language=vi;mode=spoken_ASR;same 76 dev queries;source=video;max cosine per track;single labeled relevant;mAP=MRR;CI cluster bootstrap by target track;test not evaluated;ASR transcripts from M1, ASR inference latency excluded;English semantically reviewed by Codex; 3 target crops spot-checked; not human sign-off;OpenCLIP image inference FP16, text FP32; M-CLIP image provenance per M1;GPU schedule isolation unverified;uncommitted worktree;CI overlaps chance; inconclusive under chosen CI"
LG03-model-language-input-20261006,2026-10-06,c9cdd20feb6d9be6a8c87868dd553604df1f69a0,LG-03,SecondPaper-M1-video,dev,M-CLIP,0ad09a3a1ccf35d93c95c08686506fc59c966d77ac1f5833413366c4d327cb2d,text FP32; supplied image FP32 vectors,Recall@10,0.16666666666666666,0.0,0.5,6,0.0003086038760646834,NVIDIA GeForce RTX 3050 Laptop GPU,"variant=spoken_phowhisper_vi;language=vi;mode=spoken_ASR;same 76 dev queries;source=video;max cosine per track;single labeled relevant;mAP=MRR;CI cluster bootstrap by target track;test not evaluated;ASR transcripts from M1, ASR inference latency excluded;English semantically reviewed by Codex; 3 target crops spot-checked; not human sign-off;OpenCLIP image inference FP16, text FP32; M-CLIP image provenance per M1;GPU schedule isolation unverified;uncommitted worktree;CI overlaps chance; inconclusive under chosen CI"
LG03-model-language-input-20261006,2026-10-06,c9cdd20feb6d9be6a8c87868dd553604df1f69a0,LG-03,SecondPaper-M1-video,dev,M-CLIP,0ad09a3a1ccf35d93c95c08686506fc59c966d77ac1f5833413366c4d327cb2d,text FP32; supplied image FP32 vectors,mAP,0.08992815915649018,0.0015097901162618521,0.25546250403866116,6,0.0003383307075042084,NVIDIA GeForce RTX 3050 Laptop GPU,"variant=spoken_phowhisper_vi;language=vi;mode=spoken_ASR;same 76 dev queries;source=video;max cosine per track;single labeled relevant;mAP=MRR;CI cluster bootstrap by target track;test not evaluated;ASR transcripts from M1, ASR inference latency excluded;English semantically reviewed by Codex; 3 target crops spot-checked; not human sign-off;OpenCLIP image inference FP16, text FP32; M-CLIP image provenance per M1;GPU schedule isolation unverified;uncommitted worktree;CI above chance"
LG03-model-language-input-20261006,2026-10-06,c9cdd20feb6d9be6a8c87868dd553604df1f69a0,LG-03,SecondPaper-M1-video,dev,M-CLIP,0ad09a3a1ccf35d93c95c08686506fc59c966d77ac1f5833413366c4d327cb2d,text FP32; supplied image FP32 vectors,text_latency_p50_ms,20.891900000606256,,,18,,NVIDIA GeForce RTX 3050 Laptop GPU,"variant=spoken_phowhisper_vi;language=vi;mode=spoken_ASR;same 76 dev queries;source=video;max cosine per track;single labeled relevant;mAP=MRR;CI cluster bootstrap by target track;test not evaluated;ASR transcripts from M1, ASR inference latency excluded;English semantically reviewed by Codex; 3 target crops spot-checked; not human sign-off;OpenCLIP image inference FP16, text FP32; M-CLIP image provenance per M1;GPU schedule isolation unverified;uncommitted worktree"
LG03-model-language-input-20261006,2026-10-06,c9cdd20feb6d9be6a8c87868dd553604df1f69a0,LG-03,SecondPaper-M1-video,dev,M-CLIP,0ad09a3a1ccf35d93c95c08686506fc59c966d77ac1f5833413366c4d327cb2d,text FP32; supplied image FP32 vectors,text_latency_p95_ms,25.355355000010608,,,18,,NVIDIA GeForce RTX 3050 Laptop GPU,"variant=spoken_phowhisper_vi;language=vi;mode=spoken_ASR;same 76 dev queries;source=video;max cosine per track;single labeled relevant;mAP=MRR;CI cluster bootstrap by target track;test not evaluated;ASR transcripts from M1, ASR inference latency excluded;English semantically reviewed by Codex; 3 target crops spot-checked; not human sign-off;OpenCLIP image inference FP16, text FP32; M-CLIP image provenance per M1;GPU schedule isolation unverified;uncommitted worktree"
LG03-model-language-input-20261006,2026-10-06,c9cdd20feb6d9be6a8c87868dd553604df1f69a0,LG-03,SecondPaper-M1-video,dev,M-CLIP,0ad09a3a1ccf35d93c95c08686506fc59c966d77ac1f5833413366c4d327cb2d,text FP32; supplied image FP32 vectors,pipeline_latency_p50_ms,34.127949999856355,,,18,,NVIDIA GeForce RTX 3050 Laptop GPU,"variant=spoken_phowhisper_vi;language=vi;mode=spoken_ASR;same 76 dev queries;source=video;max cosine per track;single labeled relevant;mAP=MRR;CI cluster bootstrap by target track;test not evaluated;ASR transcripts from M1, ASR inference latency excluded;English semantically reviewed by Codex; 3 target crops spot-checked; not human sign-off;OpenCLIP image inference FP16, text FP32; M-CLIP image provenance per M1;GPU schedule isolation unverified;uncommitted worktree"
LG03-model-language-input-20261006,2026-10-06,c9cdd20feb6d9be6a8c87868dd553604df1f69a0,LG-03,SecondPaper-M1-video,dev,M-CLIP,0ad09a3a1ccf35d93c95c08686506fc59c966d77ac1f5833413366c4d327cb2d,text FP32; supplied image FP32 vectors,pipeline_latency_p95_ms,38.31030999972427,,,18,,NVIDIA GeForce RTX 3050 Laptop GPU,"variant=spoken_phowhisper_vi;language=vi;mode=spoken_ASR;same 76 dev queries;source=video;max cosine per track;single labeled relevant;mAP=MRR;CI cluster bootstrap by target track;test not evaluated;ASR transcripts from M1, ASR inference latency excluded;English semantically reviewed by Codex; 3 target crops spot-checked; not human sign-off;OpenCLIP image inference FP16, text FP32; M-CLIP image provenance per M1;GPU schedule isolation unverified;uncommitted worktree"
LG03-model-language-input-20261006,2026-10-06,c9cdd20feb6d9be6a8c87868dd553604df1f69a0,LG-03,SecondPaper-M1-edata,dev,OpenCLIP,a5412f19cca70db8d434f68361f7254bd322a553455a63dbb709bd6a650cf378,text FP32; image FP16,Recall@1,0.07142857142857142,0.0,0.17105263157894737,70,0.00023408239700374532,NVIDIA GeForce RTX 3050 Laptop GPU,"variant=typed_vi;language=vi;mode=typed;same 76 dev queries;source=edata;max cosine per track;single labeled relevant;mAP=MRR;CI cluster bootstrap by target track;test not evaluated;ASR transcripts from M1, ASR inference latency excluded;English semantically reviewed by Codex; 3 target crops spot-checked; not human sign-off;OpenCLIP image inference FP16, text FP32; M-CLIP image provenance per M1;GPU schedule isolation unverified;uncommitted worktree;CI overlaps chance; inconclusive under chosen CI"
LG03-model-language-input-20261006,2026-10-06,c9cdd20feb6d9be6a8c87868dd553604df1f69a0,LG-03,SecondPaper-M1-edata,dev,OpenCLIP,a5412f19cca70db8d434f68361f7254bd322a553455a63dbb709bd6a650cf378,text FP32; image FP16,Recall@5,0.24285714285714285,0.1323529411764706,0.3611111111111111,70,0.0011704119850187266,NVIDIA GeForce RTX 3050 Laptop GPU,"variant=typed_vi;language=vi;mode=typed;same 76 dev queries;source=edata;max cosine per track;single labeled relevant;mAP=MRR;CI cluster bootstrap by target track;test not evaluated;ASR transcripts from M1, ASR inference latency excluded;English semantically reviewed by Codex; 3 target crops spot-checked; not human sign-off;OpenCLIP image inference FP16, text FP32; M-CLIP image provenance per M1;GPU schedule isolation unverified;uncommitted worktree;CI above chance"
LG03-model-language-input-20261006,2026-10-06,c9cdd20feb6d9be6a8c87868dd553604df1f69a0,LG-03,SecondPaper-M1-edata,dev,OpenCLIP,a5412f19cca70db8d434f68361f7254bd322a553455a63dbb709bd6a650cf378,text FP32; image FP16,Recall@10,0.2857142857142857,0.17647058823529413,0.40300245098039195,70,0.0023408239700374533,NVIDIA GeForce RTX 3050 Laptop GPU,"variant=typed_vi;language=vi;mode=typed;same 76 dev queries;source=edata;max cosine per track;single labeled relevant;mAP=MRR;CI cluster bootstrap by target track;test not evaluated;ASR transcripts from M1, ASR inference latency excluded;English semantically reviewed by Codex; 3 target crops spot-checked; not human sign-off;OpenCLIP image inference FP16, text FP32; M-CLIP image provenance per M1;GPU schedule isolation unverified;uncommitted worktree;CI above chance"
LG03-model-language-input-20261006,2026-10-06,c9cdd20feb6d9be6a8c87868dd553604df1f69a0,LG-03,SecondPaper-M1-edata,dev,OpenCLIP,a5412f19cca70db8d434f68361f7254bd322a553455a63dbb709bd6a650cf378,text FP32; image FP16,mAP,0.14041339155966845,0.0675347152679212,0.23128981243037497,70,0.0020920341952654084,NVIDIA GeForce RTX 3050 Laptop GPU,"variant=typed_vi;language=vi;mode=typed;same 76 dev queries;source=edata;max cosine per track;single labeled relevant;mAP=MRR;CI cluster bootstrap by target track;test not evaluated;ASR transcripts from M1, ASR inference latency excluded;English semantically reviewed by Codex; 3 target crops spot-checked; not human sign-off;OpenCLIP image inference FP16, text FP32; M-CLIP image provenance per M1;GPU schedule isolation unverified;uncommitted worktree;CI above chance"
LG03-model-language-input-20261006,2026-10-06,c9cdd20feb6d9be6a8c87868dd553604df1f69a0,LG-03,SecondPaper-M1-edata,dev,OpenCLIP,a5412f19cca70db8d434f68361f7254bd322a553455a63dbb709bd6a650cf378,text FP32; image FP16,text_latency_p50_ms,11.903999999958614,,,210,,NVIDIA GeForce RTX 3050 Laptop GPU,"variant=typed_vi;language=vi;mode=typed;same 76 dev queries;source=edata;max cosine per track;single labeled relevant;mAP=MRR;CI cluster bootstrap by target track;test not evaluated;ASR transcripts from M1, ASR inference latency excluded;English semantically reviewed by Codex; 3 target crops spot-checked; not human sign-off;OpenCLIP image inference FP16, text FP32; M-CLIP image provenance per M1;GPU schedule isolation unverified;uncommitted worktree"
LG03-model-language-input-20261006,2026-10-06,c9cdd20feb6d9be6a8c87868dd553604df1f69a0,LG-03,SecondPaper-M1-edata,dev,OpenCLIP,a5412f19cca70db8d434f68361f7254bd322a553455a63dbb709bd6a650cf378,text FP32; image FP16,text_latency_p95_ms,18.746575000295703,,,210,,NVIDIA GeForce RTX 3050 Laptop GPU,"variant=typed_vi;language=vi;mode=typed;same 76 dev queries;source=edata;max cosine per track;single labeled relevant;mAP=MRR;CI cluster bootstrap by target track;test not evaluated;ASR transcripts from M1, ASR inference latency excluded;English semantically reviewed by Codex; 3 target crops spot-checked; not human sign-off;OpenCLIP image inference FP16, text FP32; M-CLIP image provenance per M1;GPU schedule isolation unverified;uncommitted worktree"
LG03-model-language-input-20261006,2026-10-06,c9cdd20feb6d9be6a8c87868dd553604df1f69a0,LG-03,SecondPaper-M1-edata,dev,OpenCLIP,a5412f19cca70db8d434f68361f7254bd322a553455a63dbb709bd6a650cf378,text FP32; image FP16,pipeline_latency_p50_ms,14.718250000441913,,,210,,NVIDIA GeForce RTX 3050 Laptop GPU,"variant=typed_vi;language=vi;mode=typed;same 76 dev queries;source=edata;max cosine per track;single labeled relevant;mAP=MRR;CI cluster bootstrap by target track;test not evaluated;ASR transcripts from M1, ASR inference latency excluded;English semantically reviewed by Codex; 3 target crops spot-checked; not human sign-off;OpenCLIP image inference FP16, text FP32; M-CLIP image provenance per M1;GPU schedule isolation unverified;uncommitted worktree"
LG03-model-language-input-20261006,2026-10-06,c9cdd20feb6d9be6a8c87868dd553604df1f69a0,LG-03,SecondPaper-M1-edata,dev,OpenCLIP,a5412f19cca70db8d434f68361f7254bd322a553455a63dbb709bd6a650cf378,text FP32; image FP16,pipeline_latency_p95_ms,21.559615001024213,,,210,,NVIDIA GeForce RTX 3050 Laptop GPU,"variant=typed_vi;language=vi;mode=typed;same 76 dev queries;source=edata;max cosine per track;single labeled relevant;mAP=MRR;CI cluster bootstrap by target track;test not evaluated;ASR transcripts from M1, ASR inference latency excluded;English semantically reviewed by Codex; 3 target crops spot-checked; not human sign-off;OpenCLIP image inference FP16, text FP32; M-CLIP image provenance per M1;GPU schedule isolation unverified;uncommitted worktree"
LG03-model-language-input-20261006,2026-10-06,c9cdd20feb6d9be6a8c87868dd553604df1f69a0,LG-03,SecondPaper-M1-video,dev,OpenCLIP,a5412f19cca70db8d434f68361f7254bd322a553455a63dbb709bd6a650cf378,text FP32; image FP16,Recall@1,0.0,0.0,0.0,6,3.086038760646834e-05,NVIDIA GeForce RTX 3050 Laptop GPU,"variant=typed_vi;language=vi;mode=typed;same 76 dev queries;source=video;max cosine per track;single labeled relevant;mAP=MRR;CI cluster bootstrap by target track;test not evaluated;ASR transcripts from M1, ASR inference latency excluded;English semantically reviewed by Codex; 3 target crops spot-checked; not human sign-off;OpenCLIP image inference FP16, text FP32; M-CLIP image provenance per M1;GPU schedule isolation unverified;uncommitted worktree;CI below chance"
LG03-model-language-input-20261006,2026-10-06,c9cdd20feb6d9be6a8c87868dd553604df1f69a0,LG-03,SecondPaper-M1-video,dev,OpenCLIP,a5412f19cca70db8d434f68361f7254bd322a553455a63dbb709bd6a650cf378,text FP32; image FP16,Recall@5,0.16666666666666666,0.0,0.5,6,0.0001543019380323417,NVIDIA GeForce RTX 3050 Laptop GPU,"variant=typed_vi;language=vi;mode=typed;same 76 dev queries;source=video;max cosine per track;single labeled relevant;mAP=MRR;CI cluster bootstrap by target track;test not evaluated;ASR transcripts from M1, ASR inference latency excluded;English semantically reviewed by Codex; 3 target crops spot-checked; not human sign-off;OpenCLIP image inference FP16, text FP32; M-CLIP image provenance per M1;GPU schedule isolation unverified;uncommitted worktree;CI overlaps chance; inconclusive under chosen CI"
LG03-model-language-input-20261006,2026-10-06,c9cdd20feb6d9be6a8c87868dd553604df1f69a0,LG-03,SecondPaper-M1-video,dev,OpenCLIP,a5412f19cca70db8d434f68361f7254bd322a553455a63dbb709bd6a650cf378,text FP32; image FP16,Recall@10,0.3333333333333333,0.0,0.6666666666666666,6,0.0003086038760646834,NVIDIA GeForce RTX 3050 Laptop GPU,"variant=typed_vi;language=vi;mode=typed;same 76 dev queries;source=video;max cosine per track;single labeled relevant;mAP=MRR;CI cluster bootstrap by target track;test not evaluated;ASR transcripts from M1, ASR inference latency excluded;English semantically reviewed by Codex; 3 target crops spot-checked; not human sign-off;OpenCLIP image inference FP16, text FP32; M-CLIP image provenance per M1;GPU schedule isolation unverified;uncommitted worktree;CI overlaps chance; inconclusive under chosen CI"
LG03-model-language-input-20261006,2026-10-06,c9cdd20feb6d9be6a8c87868dd553604df1f69a0,LG-03,SecondPaper-M1-video,dev,OpenCLIP,a5412f19cca70db8d434f68361f7254bd322a553455a63dbb709bd6a650cf378,text FP32; image FP16,mAP,0.06815480981403403,0.005678988997437451,0.14697628937631968,6,0.0003383307075042084,NVIDIA GeForce RTX 3050 Laptop GPU,"variant=typed_vi;language=vi;mode=typed;same 76 dev queries;source=video;max cosine per track;single labeled relevant;mAP=MRR;CI cluster bootstrap by target track;test not evaluated;ASR transcripts from M1, ASR inference latency excluded;English semantically reviewed by Codex; 3 target crops spot-checked; not human sign-off;OpenCLIP image inference FP16, text FP32; M-CLIP image provenance per M1;GPU schedule isolation unverified;uncommitted worktree;CI above chance"
LG03-model-language-input-20261006,2026-10-06,c9cdd20feb6d9be6a8c87868dd553604df1f69a0,LG-03,SecondPaper-M1-video,dev,OpenCLIP,a5412f19cca70db8d434f68361f7254bd322a553455a63dbb709bd6a650cf378,text FP32; image FP16,text_latency_p50_ms,13.154999999642314,,,18,,NVIDIA GeForce RTX 3050 Laptop GPU,"variant=typed_vi;language=vi;mode=typed;same 76 dev queries;source=video;max cosine per track;single labeled relevant;mAP=MRR;CI cluster bootstrap by target track;test not evaluated;ASR transcripts from M1, ASR inference latency excluded;English semantically reviewed by Codex; 3 target crops spot-checked; not human sign-off;OpenCLIP image inference FP16, text FP32; M-CLIP image provenance per M1;GPU schedule isolation unverified;uncommitted worktree"
LG03-model-language-input-20261006,2026-10-06,c9cdd20feb6d9be6a8c87868dd553604df1f69a0,LG-03,SecondPaper-M1-video,dev,OpenCLIP,a5412f19cca70db8d434f68361f7254bd322a553455a63dbb709bd6a650cf378,text FP32; image FP16,text_latency_p95_ms,18.08435000029931,,,18,,NVIDIA GeForce RTX 3050 Laptop GPU,"variant=typed_vi;language=vi;mode=typed;same 76 dev queries;source=video;max cosine per track;single labeled relevant;mAP=MRR;CI cluster bootstrap by target track;test not evaluated;ASR transcripts from M1, ASR inference latency excluded;English semantically reviewed by Codex; 3 target crops spot-checked; not human sign-off;OpenCLIP image inference FP16, text FP32; M-CLIP image provenance per M1;GPU schedule isolation unverified;uncommitted worktree"
LG03-model-language-input-20261006,2026-10-06,c9cdd20feb6d9be6a8c87868dd553604df1f69a0,LG-03,SecondPaper-M1-video,dev,OpenCLIP,a5412f19cca70db8d434f68361f7254bd322a553455a63dbb709bd6a650cf378,text FP32; image FP16,pipeline_latency_p50_ms,23.162499999671127,,,18,,NVIDIA GeForce RTX 3050 Laptop GPU,"variant=typed_vi;language=vi;mode=typed;same 76 dev queries;source=video;max cosine per track;single labeled relevant;mAP=MRR;CI cluster bootstrap by target track;test not evaluated;ASR transcripts from M1, ASR inference latency excluded;English semantically reviewed by Codex; 3 target crops spot-checked; not human sign-off;OpenCLIP image inference FP16, text FP32; M-CLIP image provenance per M1;GPU schedule isolation unverified;uncommitted worktree"
LG03-model-language-input-20261006,2026-10-06,c9cdd20feb6d9be6a8c87868dd553604df1f69a0,LG-03,SecondPaper-M1-video,dev,OpenCLIP,a5412f19cca70db8d434f68361f7254bd322a553455a63dbb709bd6a650cf378,text FP32; image FP16,pipeline_latency_p95_ms,29.069139999137406,,,18,,NVIDIA GeForce RTX 3050 Laptop GPU,"variant=typed_vi;language=vi;mode=typed;same 76 dev queries;source=video;max cosine per track;single labeled relevant;mAP=MRR;CI cluster bootstrap by target track;test not evaluated;ASR transcripts from M1, ASR inference latency excluded;English semantically reviewed by Codex; 3 target crops spot-checked; not human sign-off;OpenCLIP image inference FP16, text FP32; M-CLIP image provenance per M1;GPU schedule isolation unverified;uncommitted worktree"
LG03-model-language-input-20261006,2026-10-06,c9cdd20feb6d9be6a8c87868dd553604df1f69a0,LG-03,SecondPaper-M1-edata,dev,OpenCLIP,a5412f19cca70db8d434f68361f7254bd322a553455a63dbb709bd6a650cf378,text FP32; image FP16,Recall@1,0.04285714285714286,0.0,0.1,70,0.00023408239700374532,NVIDIA GeForce RTX 3050 Laptop GPU,"variant=typed_en_reviewed;language=en;mode=typed;same 76 dev queries;source=edata;max cosine per track;single labeled relevant;mAP=MRR;CI cluster bootstrap by target track;test not evaluated;ASR transcripts from M1, ASR inference latency excluded;English semantically reviewed by Codex; 3 target crops spot-checked; not human sign-off;OpenCLIP image inference FP16, text FP32; M-CLIP image provenance per M1;GPU schedule isolation unverified;uncommitted worktree;CI overlaps chance; inconclusive under chosen CI"
LG03-model-language-input-20261006,2026-10-06,c9cdd20feb6d9be6a8c87868dd553604df1f69a0,LG-03,SecondPaper-M1-edata,dev,OpenCLIP,a5412f19cca70db8d434f68361f7254bd322a553455a63dbb709bd6a650cf378,text FP32; image FP16,Recall@5,0.18571428571428572,0.07352941176470588,0.2972972972972973,70,0.0011704119850187266,NVIDIA GeForce RTX 3050 Laptop GPU,"variant=typed_en_reviewed;language=en;mode=typed;same 76 dev queries;source=edata;max cosine per track;single labeled relevant;mAP=MRR;CI cluster bootstrap by target track;test not evaluated;ASR transcripts from M1, ASR inference latency excluded;English semantically reviewed by Codex; 3 target crops spot-checked; not human sign-off;OpenCLIP image inference FP16, text FP32; M-CLIP image provenance per M1;GPU schedule isolation unverified;uncommitted worktree;CI above chance"
LG03-model-language-input-20261006,2026-10-06,c9cdd20feb6d9be6a8c87868dd553604df1f69a0,LG-03,SecondPaper-M1-edata,dev,OpenCLIP,a5412f19cca70db8d434f68361f7254bd322a553455a63dbb709bd6a650cf378,text FP32; image FP16,Recall@10,0.3,0.18045343137254902,0.41434523809523804,70,0.0023408239700374533,NVIDIA GeForce RTX 3050 Laptop GPU,"variant=typed_en_reviewed;language=en;mode=typed;same 76 dev queries;source=edata;max cosine per track;single labeled relevant;mAP=MRR;CI cluster bootstrap by target track;test not evaluated;ASR transcripts from M1, ASR inference latency excluded;English semantically reviewed by Codex; 3 target crops spot-checked; not human sign-off;OpenCLIP image inference FP16, text FP32; M-CLIP image provenance per M1;GPU schedule isolation unverified;uncommitted worktree;CI above chance"
LG03-model-language-input-20261006,2026-10-06,c9cdd20feb6d9be6a8c87868dd553604df1f69a0,LG-03,SecondPaper-M1-edata,dev,OpenCLIP,a5412f19cca70db8d434f68361f7254bd322a553455a63dbb709bd6a650cf378,text FP32; image FP16,mAP,0.1218688823886046,0.06843591113822556,0.18362515535431395,70,0.0020920341952654084,NVIDIA GeForce RTX 3050 Laptop GPU,"variant=typed_en_reviewed;language=en;mode=typed;same 76 dev queries;source=edata;max cosine per track;single labeled relevant;mAP=MRR;CI cluster bootstrap by target track;test not evaluated;ASR transcripts from M1, ASR inference latency excluded;English semantically reviewed by Codex; 3 target crops spot-checked; not human sign-off;OpenCLIP image inference FP16, text FP32; M-CLIP image provenance per M1;GPU schedule isolation unverified;uncommitted worktree;CI above chance"
LG03-model-language-input-20261006,2026-10-06,c9cdd20feb6d9be6a8c87868dd553604df1f69a0,LG-03,SecondPaper-M1-edata,dev,OpenCLIP,a5412f19cca70db8d434f68361f7254bd322a553455a63dbb709bd6a650cf378,text FP32; image FP16,text_latency_p50_ms,12.829749999582418,,,210,,NVIDIA GeForce RTX 3050 Laptop GPU,"variant=typed_en_reviewed;language=en;mode=typed;same 76 dev queries;source=edata;max cosine per track;single labeled relevant;mAP=MRR;CI cluster bootstrap by target track;test not evaluated;ASR transcripts from M1, ASR inference latency excluded;English semantically reviewed by Codex; 3 target crops spot-checked; not human sign-off;OpenCLIP image inference FP16, text FP32; M-CLIP image provenance per M1;GPU schedule isolation unverified;uncommitted worktree"
LG03-model-language-input-20261006,2026-10-06,c9cdd20feb6d9be6a8c87868dd553604df1f69a0,LG-03,SecondPaper-M1-edata,dev,OpenCLIP,a5412f19cca70db8d434f68361f7254bd322a553455a63dbb709bd6a650cf378,text FP32; image FP16,text_latency_p95_ms,19.303329999729613,,,210,,NVIDIA GeForce RTX 3050 Laptop GPU,"variant=typed_en_reviewed;language=en;mode=typed;same 76 dev queries;source=edata;max cosine per track;single labeled relevant;mAP=MRR;CI cluster bootstrap by target track;test not evaluated;ASR transcripts from M1, ASR inference latency excluded;English semantically reviewed by Codex; 3 target crops spot-checked; not human sign-off;OpenCLIP image inference FP16, text FP32; M-CLIP image provenance per M1;GPU schedule isolation unverified;uncommitted worktree"
LG03-model-language-input-20261006,2026-10-06,c9cdd20feb6d9be6a8c87868dd553604df1f69a0,LG-03,SecondPaper-M1-edata,dev,OpenCLIP,a5412f19cca70db8d434f68361f7254bd322a553455a63dbb709bd6a650cf378,text FP32; image FP16,pipeline_latency_p50_ms,15.947549999509645,,,210,,NVIDIA GeForce RTX 3050 Laptop GPU,"variant=typed_en_reviewed;language=en;mode=typed;same 76 dev queries;source=edata;max cosine per track;single labeled relevant;mAP=MRR;CI cluster bootstrap by target track;test not evaluated;ASR transcripts from M1, ASR inference latency excluded;English semantically reviewed by Codex; 3 target crops spot-checked; not human sign-off;OpenCLIP image inference FP16, text FP32; M-CLIP image provenance per M1;GPU schedule isolation unverified;uncommitted worktree"
LG03-model-language-input-20261006,2026-10-06,c9cdd20feb6d9be6a8c87868dd553604df1f69a0,LG-03,SecondPaper-M1-edata,dev,OpenCLIP,a5412f19cca70db8d434f68361f7254bd322a553455a63dbb709bd6a650cf378,text FP32; image FP16,pipeline_latency_p95_ms,22.855870000057617,,,210,,NVIDIA GeForce RTX 3050 Laptop GPU,"variant=typed_en_reviewed;language=en;mode=typed;same 76 dev queries;source=edata;max cosine per track;single labeled relevant;mAP=MRR;CI cluster bootstrap by target track;test not evaluated;ASR transcripts from M1, ASR inference latency excluded;English semantically reviewed by Codex; 3 target crops spot-checked; not human sign-off;OpenCLIP image inference FP16, text FP32; M-CLIP image provenance per M1;GPU schedule isolation unverified;uncommitted worktree"
LG03-model-language-input-20261006,2026-10-06,c9cdd20feb6d9be6a8c87868dd553604df1f69a0,LG-03,SecondPaper-M1-video,dev,OpenCLIP,a5412f19cca70db8d434f68361f7254bd322a553455a63dbb709bd6a650cf378,text FP32; image FP16,Recall@1,0.0,0.0,0.0,6,3.086038760646834e-05,NVIDIA GeForce RTX 3050 Laptop GPU,"variant=typed_en_reviewed;language=en;mode=typed;same 76 dev queries;source=video;max cosine per track;single labeled relevant;mAP=MRR;CI cluster bootstrap by target track;test not evaluated;ASR transcripts from M1, ASR inference latency excluded;English semantically reviewed by Codex; 3 target crops spot-checked; not human sign-off;OpenCLIP image inference FP16, text FP32; M-CLIP image provenance per M1;GPU schedule isolation unverified;uncommitted worktree;CI below chance"
LG03-model-language-input-20261006,2026-10-06,c9cdd20feb6d9be6a8c87868dd553604df1f69a0,LG-03,SecondPaper-M1-video,dev,OpenCLIP,a5412f19cca70db8d434f68361f7254bd322a553455a63dbb709bd6a650cf378,text FP32; image FP16,Recall@5,0.0,0.0,0.0,6,0.0001543019380323417,NVIDIA GeForce RTX 3050 Laptop GPU,"variant=typed_en_reviewed;language=en;mode=typed;same 76 dev queries;source=video;max cosine per track;single labeled relevant;mAP=MRR;CI cluster bootstrap by target track;test not evaluated;ASR transcripts from M1, ASR inference latency excluded;English semantically reviewed by Codex; 3 target crops spot-checked; not human sign-off;OpenCLIP image inference FP16, text FP32; M-CLIP image provenance per M1;GPU schedule isolation unverified;uncommitted worktree;CI below chance"
LG03-model-language-input-20261006,2026-10-06,c9cdd20feb6d9be6a8c87868dd553604df1f69a0,LG-03,SecondPaper-M1-video,dev,OpenCLIP,a5412f19cca70db8d434f68361f7254bd322a553455a63dbb709bd6a650cf378,text FP32; image FP16,Recall@10,0.16666666666666666,0.0,0.5,6,0.0003086038760646834,NVIDIA GeForce RTX 3050 Laptop GPU,"variant=typed_en_reviewed;language=en;mode=typed;same 76 dev queries;source=video;max cosine per track;single labeled relevant;mAP=MRR;CI cluster bootstrap by target track;test not evaluated;ASR transcripts from M1, ASR inference latency excluded;English semantically reviewed by Codex; 3 target crops spot-checked; not human sign-off;OpenCLIP image inference FP16, text FP32; M-CLIP image provenance per M1;GPU schedule isolation unverified;uncommitted worktree;CI overlaps chance; inconclusive under chosen CI"
LG03-model-language-input-20261006,2026-10-06,c9cdd20feb6d9be6a8c87868dd553604df1f69a0,LG-03,SecondPaper-M1-video,dev,OpenCLIP,a5412f19cca70db8d434f68361f7254bd322a553455a63dbb709bd6a650cf378,text FP32; image FP16,mAP,0.04393069826593963,0.00691839041897023,0.09281277525853282,6,0.0003383307075042084,NVIDIA GeForce RTX 3050 Laptop GPU,"variant=typed_en_reviewed;language=en;mode=typed;same 76 dev queries;source=video;max cosine per track;single labeled relevant;mAP=MRR;CI cluster bootstrap by target track;test not evaluated;ASR transcripts from M1, ASR inference latency excluded;English semantically reviewed by Codex; 3 target crops spot-checked; not human sign-off;OpenCLIP image inference FP16, text FP32; M-CLIP image provenance per M1;GPU schedule isolation unverified;uncommitted worktree;CI above chance"
LG03-model-language-input-20261006,2026-10-06,c9cdd20feb6d9be6a8c87868dd553604df1f69a0,LG-03,SecondPaper-M1-video,dev,OpenCLIP,a5412f19cca70db8d434f68361f7254bd322a553455a63dbb709bd6a650cf378,text FP32; image FP16,text_latency_p50_ms,12.182899999970687,,,18,,NVIDIA GeForce RTX 3050 Laptop GPU,"variant=typed_en_reviewed;language=en;mode=typed;same 76 dev queries;source=video;max cosine per track;single labeled relevant;mAP=MRR;CI cluster bootstrap by target track;test not evaluated;ASR transcripts from M1, ASR inference latency excluded;English semantically reviewed by Codex; 3 target crops spot-checked; not human sign-off;OpenCLIP image inference FP16, text FP32; M-CLIP image provenance per M1;GPU schedule isolation unverified;uncommitted worktree"
LG03-model-language-input-20261006,2026-10-06,c9cdd20feb6d9be6a8c87868dd553604df1f69a0,LG-03,SecondPaper-M1-video,dev,OpenCLIP,a5412f19cca70db8d434f68361f7254bd322a553455a63dbb709bd6a650cf378,text FP32; image FP16,text_latency_p95_ms,17.324830000598013,,,18,,NVIDIA GeForce RTX 3050 Laptop GPU,"variant=typed_en_reviewed;language=en;mode=typed;same 76 dev queries;source=video;max cosine per track;single labeled relevant;mAP=MRR;CI cluster bootstrap by target track;test not evaluated;ASR transcripts from M1, ASR inference latency excluded;English semantically reviewed by Codex; 3 target crops spot-checked; not human sign-off;OpenCLIP image inference FP16, text FP32; M-CLIP image provenance per M1;GPU schedule isolation unverified;uncommitted worktree"
LG03-model-language-input-20261006,2026-10-06,c9cdd20feb6d9be6a8c87868dd553604df1f69a0,LG-03,SecondPaper-M1-video,dev,OpenCLIP,a5412f19cca70db8d434f68361f7254bd322a553455a63dbb709bd6a650cf378,text FP32; image FP16,pipeline_latency_p50_ms,22.719699999470322,,,18,,NVIDIA GeForce RTX 3050 Laptop GPU,"variant=typed_en_reviewed;language=en;mode=typed;same 76 dev queries;source=video;max cosine per track;single labeled relevant;mAP=MRR;CI cluster bootstrap by target track;test not evaluated;ASR transcripts from M1, ASR inference latency excluded;English semantically reviewed by Codex; 3 target crops spot-checked; not human sign-off;OpenCLIP image inference FP16, text FP32; M-CLIP image provenance per M1;GPU schedule isolation unverified;uncommitted worktree"
LG03-model-language-input-20261006,2026-10-06,c9cdd20feb6d9be6a8c87868dd553604df1f69a0,LG-03,SecondPaper-M1-video,dev,OpenCLIP,a5412f19cca70db8d434f68361f7254bd322a553455a63dbb709bd6a650cf378,text FP32; image FP16,pipeline_latency_p95_ms,30.319549999876468,,,18,,NVIDIA GeForce RTX 3050 Laptop GPU,"variant=typed_en_reviewed;language=en;mode=typed;same 76 dev queries;source=video;max cosine per track;single labeled relevant;mAP=MRR;CI cluster bootstrap by target track;test not evaluated;ASR transcripts from M1, ASR inference latency excluded;English semantically reviewed by Codex; 3 target crops spot-checked; not human sign-off;OpenCLIP image inference FP16, text FP32; M-CLIP image provenance per M1;GPU schedule isolation unverified;uncommitted worktree"
LG03-model-language-input-20261006,2026-10-06,c9cdd20feb6d9be6a8c87868dd553604df1f69a0,LG-03,SecondPaper-M1-edata,dev,OpenCLIP,a5412f19cca70db8d434f68361f7254bd322a553455a63dbb709bd6a650cf378,text FP32; image FP16,Recall@1,0.02857142857142857,0.0,0.08108108108108109,70,0.00023408239700374532,NVIDIA GeForce RTX 3050 Laptop GPU,"variant=spoken_whisper_vi;language=vi;mode=spoken_ASR;same 76 dev queries;source=edata;max cosine per track;single labeled relevant;mAP=MRR;CI cluster bootstrap by target track;test not evaluated;ASR transcripts from M1, ASR inference latency excluded;English semantically reviewed by Codex; 3 target crops spot-checked; not human sign-off;OpenCLIP image inference FP16, text FP32; M-CLIP image provenance per M1;GPU schedule isolation unverified;uncommitted worktree;CI overlaps chance; inconclusive under chosen CI"
LG03-model-language-input-20261006,2026-10-06,c9cdd20feb6d9be6a8c87868dd553604df1f69a0,LG-03,SecondPaper-M1-edata,dev,OpenCLIP,a5412f19cca70db8d434f68361f7254bd322a553455a63dbb709bd6a650cf378,text FP32; image FP16,Recall@5,0.07142857142857142,0.014705882352941176,0.14473684210526316,70,0.0011704119850187266,NVIDIA GeForce RTX 3050 Laptop GPU,"variant=spoken_whisper_vi;language=vi;mode=spoken_ASR;same 76 dev queries;source=edata;max cosine per track;single labeled relevant;mAP=MRR;CI cluster bootstrap by target track;test not evaluated;ASR transcripts from M1, ASR inference latency excluded;English semantically reviewed by Codex; 3 target crops spot-checked; not human sign-off;OpenCLIP image inference FP16, text FP32; M-CLIP image provenance per M1;GPU schedule isolation unverified;uncommitted worktree;CI above chance"
LG03-model-language-input-20261006,2026-10-06,c9cdd20feb6d9be6a8c87868dd553604df1f69a0,LG-03,SecondPaper-M1-edata,dev,OpenCLIP,a5412f19cca70db8d434f68361f7254bd322a553455a63dbb709bd6a650cf378,text FP32; image FP16,Recall@10,0.18571428571428572,0.07352941176470588,0.2916666666666667,70,0.0023408239700374533,NVIDIA GeForce RTX 3050 Laptop GPU,"variant=spoken_whisper_vi;language=vi;mode=spoken_ASR;same 76 dev queries;source=edata;max cosine per track;single labeled relevant;mAP=MRR;CI cluster bootstrap by target track;test not evaluated;ASR transcripts from M1, ASR inference latency excluded;English semantically reviewed by Codex; 3 target crops spot-checked; not human sign-off;OpenCLIP image inference FP16, text FP32; M-CLIP image provenance per M1;GPU schedule isolation unverified;uncommitted worktree;CI above chance"
LG03-model-language-input-20261006,2026-10-06,c9cdd20feb6d9be6a8c87868dd553604df1f69a0,LG-03,SecondPaper-M1-edata,dev,OpenCLIP,a5412f19cca70db8d434f68361f7254bd322a553455a63dbb709bd6a650cf378,text FP32; image FP16,mAP,0.06522171186767114,0.02463577575604907,0.13047435967353546,70,0.0020920341952654084,NVIDIA GeForce RTX 3050 Laptop GPU,"variant=spoken_whisper_vi;language=vi;mode=spoken_ASR;same 76 dev queries;source=edata;max cosine per track;single labeled relevant;mAP=MRR;CI cluster bootstrap by target track;test not evaluated;ASR transcripts from M1, ASR inference latency excluded;English semantically reviewed by Codex; 3 target crops spot-checked; not human sign-off;OpenCLIP image inference FP16, text FP32; M-CLIP image provenance per M1;GPU schedule isolation unverified;uncommitted worktree;CI above chance"
LG03-model-language-input-20261006,2026-10-06,c9cdd20feb6d9be6a8c87868dd553604df1f69a0,LG-03,SecondPaper-M1-edata,dev,OpenCLIP,a5412f19cca70db8d434f68361f7254bd322a553455a63dbb709bd6a650cf378,text FP32; image FP16,text_latency_p50_ms,11.26485000077082,,,210,,NVIDIA GeForce RTX 3050 Laptop GPU,"variant=spoken_whisper_vi;language=vi;mode=spoken_ASR;same 76 dev queries;source=edata;max cosine per track;single labeled relevant;mAP=MRR;CI cluster bootstrap by target track;test not evaluated;ASR transcripts from M1, ASR inference latency excluded;English semantically reviewed by Codex; 3 target crops spot-checked; not human sign-off;OpenCLIP image inference FP16, text FP32; M-CLIP image provenance per M1;GPU schedule isolation unverified;uncommitted worktree"
LG03-model-language-input-20261006,2026-10-06,c9cdd20feb6d9be6a8c87868dd553604df1f69a0,LG-03,SecondPaper-M1-edata,dev,OpenCLIP,a5412f19cca70db8d434f68361f7254bd322a553455a63dbb709bd6a650cf378,text FP32; image FP16,text_latency_p95_ms,18.46079999932044,,,210,,NVIDIA GeForce RTX 3050 Laptop GPU,"variant=spoken_whisper_vi;language=vi;mode=spoken_ASR;same 76 dev queries;source=edata;max cosine per track;single labeled relevant;mAP=MRR;CI cluster bootstrap by target track;test not evaluated;ASR transcripts from M1, ASR inference latency excluded;English semantically reviewed by Codex; 3 target crops spot-checked; not human sign-off;OpenCLIP image inference FP16, text FP32; M-CLIP image provenance per M1;GPU schedule isolation unverified;uncommitted worktree"
LG03-model-language-input-20261006,2026-10-06,c9cdd20feb6d9be6a8c87868dd553604df1f69a0,LG-03,SecondPaper-M1-edata,dev,OpenCLIP,a5412f19cca70db8d434f68361f7254bd322a553455a63dbb709bd6a650cf378,text FP32; image FP16,pipeline_latency_p50_ms,14.00374999957421,,,210,,NVIDIA GeForce RTX 3050 Laptop GPU,"variant=spoken_whisper_vi;language=vi;mode=spoken_ASR;same 76 dev queries;source=edata;max cosine per track;single labeled relevant;mAP=MRR;CI cluster bootstrap by target track;test not evaluated;ASR transcripts from M1, ASR inference latency excluded;English semantically reviewed by Codex; 3 target crops spot-checked; not human sign-off;OpenCLIP image inference FP16, text FP32; M-CLIP image provenance per M1;GPU schedule isolation unverified;uncommitted worktree"
LG03-model-language-input-20261006,2026-10-06,c9cdd20feb6d9be6a8c87868dd553604df1f69a0,LG-03,SecondPaper-M1-edata,dev,OpenCLIP,a5412f19cca70db8d434f68361f7254bd322a553455a63dbb709bd6a650cf378,text FP32; image FP16,pipeline_latency_p95_ms,21.23725499941429,,,210,,NVIDIA GeForce RTX 3050 Laptop GPU,"variant=spoken_whisper_vi;language=vi;mode=spoken_ASR;same 76 dev queries;source=edata;max cosine per track;single labeled relevant;mAP=MRR;CI cluster bootstrap by target track;test not evaluated;ASR transcripts from M1, ASR inference latency excluded;English semantically reviewed by Codex; 3 target crops spot-checked; not human sign-off;OpenCLIP image inference FP16, text FP32; M-CLIP image provenance per M1;GPU schedule isolation unverified;uncommitted worktree"
LG03-model-language-input-20261006,2026-10-06,c9cdd20feb6d9be6a8c87868dd553604df1f69a0,LG-03,SecondPaper-M1-video,dev,OpenCLIP,a5412f19cca70db8d434f68361f7254bd322a553455a63dbb709bd6a650cf378,text FP32; image FP16,Recall@1,0.0,0.0,0.0,6,3.086038760646834e-05,NVIDIA GeForce RTX 3050 Laptop GPU,"variant=spoken_whisper_vi;language=vi;mode=spoken_ASR;same 76 dev queries;source=video;max cosine per track;single labeled relevant;mAP=MRR;CI cluster bootstrap by target track;test not evaluated;ASR transcripts from M1, ASR inference latency excluded;English semantically reviewed by Codex; 3 target crops spot-checked; not human sign-off;OpenCLIP image inference FP16, text FP32; M-CLIP image provenance per M1;GPU schedule isolation unverified;uncommitted worktree;CI below chance"
LG03-model-language-input-20261006,2026-10-06,c9cdd20feb6d9be6a8c87868dd553604df1f69a0,LG-03,SecondPaper-M1-video,dev,OpenCLIP,a5412f19cca70db8d434f68361f7254bd322a553455a63dbb709bd6a650cf378,text FP32; image FP16,Recall@5,0.16666666666666666,0.0,0.5,6,0.0001543019380323417,NVIDIA GeForce RTX 3050 Laptop GPU,"variant=spoken_whisper_vi;language=vi;mode=spoken_ASR;same 76 dev queries;source=video;max cosine per track;single labeled relevant;mAP=MRR;CI cluster bootstrap by target track;test not evaluated;ASR transcripts from M1, ASR inference latency excluded;English semantically reviewed by Codex; 3 target crops spot-checked; not human sign-off;OpenCLIP image inference FP16, text FP32; M-CLIP image provenance per M1;GPU schedule isolation unverified;uncommitted worktree;CI overlaps chance; inconclusive under chosen CI"
LG03-model-language-input-20261006,2026-10-06,c9cdd20feb6d9be6a8c87868dd553604df1f69a0,LG-03,SecondPaper-M1-video,dev,OpenCLIP,a5412f19cca70db8d434f68361f7254bd322a553455a63dbb709bd6a650cf378,text FP32; image FP16,Recall@10,0.16666666666666666,0.0,0.5,6,0.0003086038760646834,NVIDIA GeForce RTX 3050 Laptop GPU,"variant=spoken_whisper_vi;language=vi;mode=spoken_ASR;same 76 dev queries;source=video;max cosine per track;single labeled relevant;mAP=MRR;CI cluster bootstrap by target track;test not evaluated;ASR transcripts from M1, ASR inference latency excluded;English semantically reviewed by Codex; 3 target crops spot-checked; not human sign-off;OpenCLIP image inference FP16, text FP32; M-CLIP image provenance per M1;GPU schedule isolation unverified;uncommitted worktree;CI overlaps chance; inconclusive under chosen CI"
LG03-model-language-input-20261006,2026-10-06,c9cdd20feb6d9be6a8c87868dd553604df1f69a0,LG-03,SecondPaper-M1-video,dev,OpenCLIP,a5412f19cca70db8d434f68361f7254bd322a553455a63dbb709bd6a650cf378,text FP32; image FP16,mAP,0.04163743496758974,0.004530234440638852,0.10648308644516902,6,0.0003383307075042084,NVIDIA GeForce RTX 3050 Laptop GPU,"variant=spoken_whisper_vi;language=vi;mode=spoken_ASR;same 76 dev queries;source=video;max cosine per track;single labeled relevant;mAP=MRR;CI cluster bootstrap by target track;test not evaluated;ASR transcripts from M1, ASR inference latency excluded;English semantically reviewed by Codex; 3 target crops spot-checked; not human sign-off;OpenCLIP image inference FP16, text FP32; M-CLIP image provenance per M1;GPU schedule isolation unverified;uncommitted worktree;CI above chance"
LG03-model-language-input-20261006,2026-10-06,c9cdd20feb6d9be6a8c87868dd553604df1f69a0,LG-03,SecondPaper-M1-video,dev,OpenCLIP,a5412f19cca70db8d434f68361f7254bd322a553455a63dbb709bd6a650cf378,text FP32; image FP16,text_latency_p50_ms,11.368800000127521,,,18,,NVIDIA GeForce RTX 3050 Laptop GPU,"variant=spoken_whisper_vi;language=vi;mode=spoken_ASR;same 76 dev queries;source=video;max cosine per track;single labeled relevant;mAP=MRR;CI cluster bootstrap by target track;test not evaluated;ASR transcripts from M1, ASR inference latency excluded;English semantically reviewed by Codex; 3 target crops spot-checked; not human sign-off;OpenCLIP image inference FP16, text FP32; M-CLIP image provenance per M1;GPU schedule isolation unverified;uncommitted worktree"
LG03-model-language-input-20261006,2026-10-06,c9cdd20feb6d9be6a8c87868dd553604df1f69a0,LG-03,SecondPaper-M1-video,dev,OpenCLIP,a5412f19cca70db8d434f68361f7254bd322a553455a63dbb709bd6a650cf378,text FP32; image FP16,text_latency_p95_ms,16.08380499983468,,,18,,NVIDIA GeForce RTX 3050 Laptop GPU,"variant=spoken_whisper_vi;language=vi;mode=spoken_ASR;same 76 dev queries;source=video;max cosine per track;single labeled relevant;mAP=MRR;CI cluster bootstrap by target track;test not evaluated;ASR transcripts from M1, ASR inference latency excluded;English semantically reviewed by Codex; 3 target crops spot-checked; not human sign-off;OpenCLIP image inference FP16, text FP32; M-CLIP image provenance per M1;GPU schedule isolation unverified;uncommitted worktree"
LG03-model-language-input-20261006,2026-10-06,c9cdd20feb6d9be6a8c87868dd553604df1f69a0,LG-03,SecondPaper-M1-video,dev,OpenCLIP,a5412f19cca70db8d434f68361f7254bd322a553455a63dbb709bd6a650cf378,text FP32; image FP16,pipeline_latency_p50_ms,21.637699999701,,,18,,NVIDIA GeForce RTX 3050 Laptop GPU,"variant=spoken_whisper_vi;language=vi;mode=spoken_ASR;same 76 dev queries;source=video;max cosine per track;single labeled relevant;mAP=MRR;CI cluster bootstrap by target track;test not evaluated;ASR transcripts from M1, ASR inference latency excluded;English semantically reviewed by Codex; 3 target crops spot-checked; not human sign-off;OpenCLIP image inference FP16, text FP32; M-CLIP image provenance per M1;GPU schedule isolation unverified;uncommitted worktree"
LG03-model-language-input-20261006,2026-10-06,c9cdd20feb6d9be6a8c87868dd553604df1f69a0,LG-03,SecondPaper-M1-video,dev,OpenCLIP,a5412f19cca70db8d434f68361f7254bd322a553455a63dbb709bd6a650cf378,text FP32; image FP16,pipeline_latency_p95_ms,25.63698499925522,,,18,,NVIDIA GeForce RTX 3050 Laptop GPU,"variant=spoken_whisper_vi;language=vi;mode=spoken_ASR;same 76 dev queries;source=video;max cosine per track;single labeled relevant;mAP=MRR;CI cluster bootstrap by target track;test not evaluated;ASR transcripts from M1, ASR inference latency excluded;English semantically reviewed by Codex; 3 target crops spot-checked; not human sign-off;OpenCLIP image inference FP16, text FP32; M-CLIP image provenance per M1;GPU schedule isolation unverified;uncommitted worktree"
LG03-model-language-input-20261006,2026-10-06,c9cdd20feb6d9be6a8c87868dd553604df1f69a0,LG-03,SecondPaper-M1-edata,dev,OpenCLIP,a5412f19cca70db8d434f68361f7254bd322a553455a63dbb709bd6a650cf378,text FP32; image FP16,Recall@1,0.05714285714285714,0.0,0.12170608108108101,70,0.00023408239700374532,NVIDIA GeForce RTX 3050 Laptop GPU,"variant=spoken_phowhisper_vi;language=vi;mode=spoken_ASR;same 76 dev queries;source=edata;max cosine per track;single labeled relevant;mAP=MRR;CI cluster bootstrap by target track;test not evaluated;ASR transcripts from M1, ASR inference latency excluded;English semantically reviewed by Codex; 3 target crops spot-checked; not human sign-off;OpenCLIP image inference FP16, text FP32; M-CLIP image provenance per M1;GPU schedule isolation unverified;uncommitted worktree;CI overlaps chance; inconclusive under chosen CI"
LG03-model-language-input-20261006,2026-10-06,c9cdd20feb6d9be6a8c87868dd553604df1f69a0,LG-03,SecondPaper-M1-edata,dev,OpenCLIP,a5412f19cca70db8d434f68361f7254bd322a553455a63dbb709bd6a650cf378,text FP32; image FP16,Recall@5,0.17142857142857143,0.08571428571428572,0.2647058823529412,70,0.0011704119850187266,NVIDIA GeForce RTX 3050 Laptop GPU,"variant=spoken_phowhisper_vi;language=vi;mode=spoken_ASR;same 76 dev queries;source=edata;max cosine per track;single labeled relevant;mAP=MRR;CI cluster bootstrap by target track;test not evaluated;ASR transcripts from M1, ASR inference latency excluded;English semantically reviewed by Codex; 3 target crops spot-checked; not human sign-off;OpenCLIP image inference FP16, text FP32; M-CLIP image provenance per M1;GPU schedule isolation unverified;uncommitted worktree;CI above chance"
LG03-model-language-input-20261006,2026-10-06,c9cdd20feb6d9be6a8c87868dd553604df1f69a0,LG-03,SecondPaper-M1-edata,dev,OpenCLIP,a5412f19cca70db8d434f68361f7254bd322a553455a63dbb709bd6a650cf378,text FP32; image FP16,Recall@10,0.22857142857142856,0.11764705882352941,0.34285714285714286,70,0.0023408239700374533,NVIDIA GeForce RTX 3050 Laptop GPU,"variant=spoken_phowhisper_vi;language=vi;mode=spoken_ASR;same 76 dev queries;source=edata;max cosine per track;single labeled relevant;mAP=MRR;CI cluster bootstrap by target track;test not evaluated;ASR transcripts from M1, ASR inference latency excluded;English semantically reviewed by Codex; 3 target crops spot-checked; not human sign-off;OpenCLIP image inference FP16, text FP32; M-CLIP image provenance per M1;GPU schedule isolation unverified;uncommitted worktree;CI above chance"
LG03-model-language-input-20261006,2026-10-06,c9cdd20feb6d9be6a8c87868dd553604df1f69a0,LG-03,SecondPaper-M1-edata,dev,OpenCLIP,a5412f19cca70db8d434f68361f7254bd322a553455a63dbb709bd6a650cf378,text FP32; image FP16,mAP,0.11996435548871189,0.05797363580026023,0.19119847462558223,70,0.0020920341952654084,NVIDIA GeForce RTX 3050 Laptop GPU,"variant=spoken_phowhisper_vi;language=vi;mode=spoken_ASR;same 76 dev queries;source=edata;max cosine per track;single labeled relevant;mAP=MRR;CI cluster bootstrap by target track;test not evaluated;ASR transcripts from M1, ASR inference latency excluded;English semantically reviewed by Codex; 3 target crops spot-checked; not human sign-off;OpenCLIP image inference FP16, text FP32; M-CLIP image provenance per M1;GPU schedule isolation unverified;uncommitted worktree;CI above chance"
LG03-model-language-input-20261006,2026-10-06,c9cdd20feb6d9be6a8c87868dd553604df1f69a0,LG-03,SecondPaper-M1-edata,dev,OpenCLIP,a5412f19cca70db8d434f68361f7254bd322a553455a63dbb709bd6a650cf378,text FP32; image FP16,text_latency_p50_ms,11.152350000884326,,,210,,NVIDIA GeForce RTX 3050 Laptop GPU,"variant=spoken_phowhisper_vi;language=vi;mode=spoken_ASR;same 76 dev queries;source=edata;max cosine per track;single labeled relevant;mAP=MRR;CI cluster bootstrap by target track;test not evaluated;ASR transcripts from M1, ASR inference latency excluded;English semantically reviewed by Codex; 3 target crops spot-checked; not human sign-off;OpenCLIP image inference FP16, text FP32; M-CLIP image provenance per M1;GPU schedule isolation unverified;uncommitted worktree"
LG03-model-language-input-20261006,2026-10-06,c9cdd20feb6d9be6a8c87868dd553604df1f69a0,LG-03,SecondPaper-M1-edata,dev,OpenCLIP,a5412f19cca70db8d434f68361f7254bd322a553455a63dbb709bd6a650cf378,text FP32; image FP16,text_latency_p95_ms,19.176084999617157,,,210,,NVIDIA GeForce RTX 3050 Laptop GPU,"variant=spoken_phowhisper_vi;language=vi;mode=spoken_ASR;same 76 dev queries;source=edata;max cosine per track;single labeled relevant;mAP=MRR;CI cluster bootstrap by target track;test not evaluated;ASR transcripts from M1, ASR inference latency excluded;English semantically reviewed by Codex; 3 target crops spot-checked; not human sign-off;OpenCLIP image inference FP16, text FP32; M-CLIP image provenance per M1;GPU schedule isolation unverified;uncommitted worktree"
LG03-model-language-input-20261006,2026-10-06,c9cdd20feb6d9be6a8c87868dd553604df1f69a0,LG-03,SecondPaper-M1-edata,dev,OpenCLIP,a5412f19cca70db8d434f68361f7254bd322a553455a63dbb709bd6a650cf378,text FP32; image FP16,pipeline_latency_p50_ms,13.82499999999709,,,210,,NVIDIA GeForce RTX 3050 Laptop GPU,"variant=spoken_phowhisper_vi;language=vi;mode=spoken_ASR;same 76 dev queries;source=edata;max cosine per track;single labeled relevant;mAP=MRR;CI cluster bootstrap by target track;test not evaluated;ASR transcripts from M1, ASR inference latency excluded;English semantically reviewed by Codex; 3 target crops spot-checked; not human sign-off;OpenCLIP image inference FP16, text FP32; M-CLIP image provenance per M1;GPU schedule isolation unverified;uncommitted worktree"
LG03-model-language-input-20261006,2026-10-06,c9cdd20feb6d9be6a8c87868dd553604df1f69a0,LG-03,SecondPaper-M1-edata,dev,OpenCLIP,a5412f19cca70db8d434f68361f7254bd322a553455a63dbb709bd6a650cf378,text FP32; image FP16,pipeline_latency_p95_ms,21.83975499965527,,,210,,NVIDIA GeForce RTX 3050 Laptop GPU,"variant=spoken_phowhisper_vi;language=vi;mode=spoken_ASR;same 76 dev queries;source=edata;max cosine per track;single labeled relevant;mAP=MRR;CI cluster bootstrap by target track;test not evaluated;ASR transcripts from M1, ASR inference latency excluded;English semantically reviewed by Codex; 3 target crops spot-checked; not human sign-off;OpenCLIP image inference FP16, text FP32; M-CLIP image provenance per M1;GPU schedule isolation unverified;uncommitted worktree"
LG03-model-language-input-20261006,2026-10-06,c9cdd20feb6d9be6a8c87868dd553604df1f69a0,LG-03,SecondPaper-M1-video,dev,OpenCLIP,a5412f19cca70db8d434f68361f7254bd322a553455a63dbb709bd6a650cf378,text FP32; image FP16,Recall@1,0.0,0.0,0.0,6,3.086038760646834e-05,NVIDIA GeForce RTX 3050 Laptop GPU,"variant=spoken_phowhisper_vi;language=vi;mode=spoken_ASR;same 76 dev queries;source=video;max cosine per track;single labeled relevant;mAP=MRR;CI cluster bootstrap by target track;test not evaluated;ASR transcripts from M1, ASR inference latency excluded;English semantically reviewed by Codex; 3 target crops spot-checked; not human sign-off;OpenCLIP image inference FP16, text FP32; M-CLIP image provenance per M1;GPU schedule isolation unverified;uncommitted worktree;CI below chance"
LG03-model-language-input-20261006,2026-10-06,c9cdd20feb6d9be6a8c87868dd553604df1f69a0,LG-03,SecondPaper-M1-video,dev,OpenCLIP,a5412f19cca70db8d434f68361f7254bd322a553455a63dbb709bd6a650cf378,text FP32; image FP16,Recall@5,0.3333333333333333,0.0,0.6666666666666666,6,0.0001543019380323417,NVIDIA GeForce RTX 3050 Laptop GPU,"variant=spoken_phowhisper_vi;language=vi;mode=spoken_ASR;same 76 dev queries;source=video;max cosine per track;single labeled relevant;mAP=MRR;CI cluster bootstrap by target track;test not evaluated;ASR transcripts from M1, ASR inference latency excluded;English semantically reviewed by Codex; 3 target crops spot-checked; not human sign-off;OpenCLIP image inference FP16, text FP32; M-CLIP image provenance per M1;GPU schedule isolation unverified;uncommitted worktree;CI overlaps chance; inconclusive under chosen CI"
LG03-model-language-input-20261006,2026-10-06,c9cdd20feb6d9be6a8c87868dd553604df1f69a0,LG-03,SecondPaper-M1-video,dev,OpenCLIP,a5412f19cca70db8d434f68361f7254bd322a553455a63dbb709bd6a650cf378,text FP32; image FP16,Recall@10,0.3333333333333333,0.0,0.6666666666666666,6,0.0003086038760646834,NVIDIA GeForce RTX 3050 Laptop GPU,"variant=spoken_phowhisper_vi;language=vi;mode=spoken_ASR;same 76 dev queries;source=video;max cosine per track;single labeled relevant;mAP=MRR;CI cluster bootstrap by target track;test not evaluated;ASR transcripts from M1, ASR inference latency excluded;English semantically reviewed by Codex; 3 target crops spot-checked; not human sign-off;OpenCLIP image inference FP16, text FP32; M-CLIP image provenance per M1;GPU schedule isolation unverified;uncommitted worktree;CI overlaps chance; inconclusive under chosen CI"
LG03-model-language-input-20261006,2026-10-06,c9cdd20feb6d9be6a8c87868dd553604df1f69a0,LG-03,SecondPaper-M1-video,dev,OpenCLIP,a5412f19cca70db8d434f68361f7254bd322a553455a63dbb709bd6a650cf378,text FP32; image FP16,mAP,0.13313108140541866,0.008158714534975261,0.2931217291431064,6,0.0003383307075042084,NVIDIA GeForce RTX 3050 Laptop GPU,"variant=spoken_phowhisper_vi;language=vi;mode=spoken_ASR;same 76 dev queries;source=video;max cosine per track;single labeled relevant;mAP=MRR;CI cluster bootstrap by target track;test not evaluated;ASR transcripts from M1, ASR inference latency excluded;English semantically reviewed by Codex; 3 target crops spot-checked; not human sign-off;OpenCLIP image inference FP16, text FP32; M-CLIP image provenance per M1;GPU schedule isolation unverified;uncommitted worktree;CI above chance"
LG03-model-language-input-20261006,2026-10-06,c9cdd20feb6d9be6a8c87868dd553604df1f69a0,LG-03,SecondPaper-M1-video,dev,OpenCLIP,a5412f19cca70db8d434f68361f7254bd322a553455a63dbb709bd6a650cf378,text FP32; image FP16,text_latency_p50_ms,12.328150000030291,,,18,,NVIDIA GeForce RTX 3050 Laptop GPU,"variant=spoken_phowhisper_vi;language=vi;mode=spoken_ASR;same 76 dev queries;source=video;max cosine per track;single labeled relevant;mAP=MRR;CI cluster bootstrap by target track;test not evaluated;ASR transcripts from M1, ASR inference latency excluded;English semantically reviewed by Codex; 3 target crops spot-checked; not human sign-off;OpenCLIP image inference FP16, text FP32; M-CLIP image provenance per M1;GPU schedule isolation unverified;uncommitted worktree"
LG03-model-language-input-20261006,2026-10-06,c9cdd20feb6d9be6a8c87868dd553604df1f69a0,LG-03,SecondPaper-M1-video,dev,OpenCLIP,a5412f19cca70db8d434f68361f7254bd322a553455a63dbb709bd6a650cf378,text FP32; image FP16,text_latency_p95_ms,17.84561500080599,,,18,,NVIDIA GeForce RTX 3050 Laptop GPU,"variant=spoken_phowhisper_vi;language=vi;mode=spoken_ASR;same 76 dev queries;source=video;max cosine per track;single labeled relevant;mAP=MRR;CI cluster bootstrap by target track;test not evaluated;ASR transcripts from M1, ASR inference latency excluded;English semantically reviewed by Codex; 3 target crops spot-checked; not human sign-off;OpenCLIP image inference FP16, text FP32; M-CLIP image provenance per M1;GPU schedule isolation unverified;uncommitted worktree"
LG03-model-language-input-20261006,2026-10-06,c9cdd20feb6d9be6a8c87868dd553604df1f69a0,LG-03,SecondPaper-M1-video,dev,OpenCLIP,a5412f19cca70db8d434f68361f7254bd322a553455a63dbb709bd6a650cf378,text FP32; image FP16,pipeline_latency_p50_ms,22.815100001025712,,,18,,NVIDIA GeForce RTX 3050 Laptop GPU,"variant=spoken_phowhisper_vi;language=vi;mode=spoken_ASR;same 76 dev queries;source=video;max cosine per track;single labeled relevant;mAP=MRR;CI cluster bootstrap by target track;test not evaluated;ASR transcripts from M1, ASR inference latency excluded;English semantically reviewed by Codex; 3 target crops spot-checked; not human sign-off;OpenCLIP image inference FP16, text FP32; M-CLIP image provenance per M1;GPU schedule isolation unverified;uncommitted worktree"
LG03-model-language-input-20261006,2026-10-06,c9cdd20feb6d9be6a8c87868dd553604df1f69a0,LG-03,SecondPaper-M1-video,dev,OpenCLIP,a5412f19cca70db8d434f68361f7254bd322a553455a63dbb709bd6a650cf378,text FP32; image FP16,pipeline_latency_p95_ms,27.0514450000519,,,18,,NVIDIA GeForce RTX 3050 Laptop GPU,"variant=spoken_phowhisper_vi;language=vi;mode=spoken_ASR;same 76 dev queries;source=video;max cosine per track;single labeled relevant;mAP=MRR;CI cluster bootstrap by target track;test not evaluated;ASR transcripts from M1, ASR inference latency excluded;English semantically reviewed by Codex; 3 target crops spot-checked; not human sign-off;OpenCLIP image inference FP16, text FP32; M-CLIP image provenance per M1;GPU schedule isolation unverified;uncommitted worktree"
